alert_id,transaction_id,customer_id,reason,risk_score,created_at
1,17,4000,high_amount;night_transaction;foreign_country,75,2026-03-05 00:55:58
2,31,1813,foreign_country,45,2026-03-15 18:09:12
3,46,1920,risk_score_threshold,40,2026-01-10 10:09:09
4,54,1708,high_amount;night_transaction;foreign_country,60,2026-05-29 01:35:07
5,66,2793,foreign_country,45,2026-01-12 07:12:49
6,70,1629,risk_score_threshold,50,2026-03-07 08:14:00
7,78,3197,high_amount;foreign_country,65,2026-05-23 22:17:54
8,82,210,high_amount;night_transaction;foreign_country,60,2026-06-29 04:55:12
9,87,2585,risk_score_threshold,50,2026-02-05 09:59:31
10,124,3739,risk_score_threshold,65,2026-02-28 12:29:57
11,170,1510,high_amount;night_transaction;foreign_country,60,2026-05-21 02:31:15
12,178,4118,risk_score_threshold,40,2026-03-03 12:03:09
13,181,3126,risk_score_threshold,40,2026-05-10 09:00:01
14,190,2773,risk_score_threshold,50,2026-02-04 13:31:03
15,204,2051,foreign_country,45,2026-05-26 11:42:09
16,208,1718,risk_score_threshold,50,2026-01-23 22:42:30
17,217,4031,foreign_country,55,2026-03-21 16:35:36
18,230,4592,foreign_country,45,2026-03-27 11:25:39
19,265,1301,risk_score_threshold,40,2026-01-27 08:21:08
20,279,1373,high_amount;night_transaction;foreign_country,75,2026-02-04 02:53:29
21,292,2773,risk_score_threshold,40,2026-06-18 19:17:42
22,360,1920,risk_score_threshold,40,2026-04-01 10:16:23
23,380,4897,night_transaction;foreign_country,45,2026-01-14 03:10:21
24,399,4246,risk_score_threshold,65,2026-02-04 18:07:59
25,407,931,risk_score_threshold,40,2026-01-31 10:33:31
26,427,1660,risk_score_threshold,40,2026-06-09 22:13:50
27,431,1345,foreign_country,45,2026-01-31 15:37:36
28,441,459,risk_score_threshold,50,2026-04-29 09:56:33
29,448,4028,high_amount;night_transaction;foreign_country,85,2026-01-01 02:35:13
30,455,4303,foreign_country,45,2026-01-25 23:02:26
31,499,2046,foreign_country,45,2026-03-30 23:51:58
32,509,3197,high_amount;night_transaction;foreign_country,100,2026-06-23 05:11:38
33,512,2459,risk_score_threshold,40,2026-01-09 17:00:42
34,526,676,high_amount;foreign_country,65,2026-04-30 22:00:32
35,527,4190,foreign_country,60,2026-05-07 18:31:49
36,528,3392,foreign_country,85,2026-02-09 11:52:56
37,547,3371,risk_score_threshold,50,2026-03-27 21:49:49
38,551,1122,high_amount;night_transaction;foreign_country,75,2026-01-08 04:33:03
39,555,4751,high_amount;foreign_country,75,2026-05-15 22:23:20
40,561,1128,risk_score_threshold,40,2026-01-27 17:38:35
41,566,1787,foreign_country,45,2026-04-22 19:34:22
42,575,4119,risk_score_threshold,40,2026-02-24 11:07:22
43,621,4217,risk_score_threshold,50,2026-05-15 20:12:08
44,640,3543,foreign_country,45,2026-01-14 22:27:16
45,645,2031,foreign_country,60,2026-02-21 12:47:33
46,659,718,night_transaction;foreign_country,55,2026-03-02 03:47:29
47,685,463,high_amount;night_transaction;foreign_country,75,2026-05-09 05:23:42
48,697,2563,risk_score_threshold,40,2026-01-12 13:09:35
49,700,665,risk_score_threshold,40,2026-05-11 15:04:24
50,713,4449,risk_score_threshold,65,2026-05-04 13:19:39
51,739,2894,risk_score_threshold,40,2026-04-25 06:43:16
52,753,430,risk_score_threshold,40,2026-05-14 11:01:39
53,785,4213,high_amount;night_transaction;foreign_country,100,2026-05-09 03:12:49
54,788,1012,risk_score_threshold,50,2026-03-27 10:24:31
55,811,86,risk_score_threshold,40,2026-01-03 11:19:59
56,822,466,foreign_country,45,2026-04-29 10:49:14
57,848,3450,foreign_country,45,2026-02-08 18:15:12
58,850,1128,risk_score_threshold,50,2026-05-25 06:14:45
59,853,2139,risk_score_threshold,50,2026-02-11 22:23:52
60,855,4299,risk_score_threshold,65,2026-05-22 09:48:59
61,867,688,high_amount;night_transaction;foreign_country,60,2026-02-25 02:57:05
62,878,881,high_amount;night_transaction;foreign_country,70,2026-03-26 05:03:02
63,898,3192,high_amount;night_transaction;foreign_country,75,2026-06-23 04:22:51
64,904,2515,foreign_country,45,2026-02-27 17:23:36
65,933,1629,risk_score_threshold,40,2026-03-11 23:21:42
66,957,3739,risk_score_threshold,40,2026-06-15 11:07:58
67,961,2153,foreign_country,45,2026-04-10 15:03:39
68,969,1315,high_amount;night_transaction;foreign_country,75,2026-03-17 02:40:05
69,980,2674,high_amount;night_transaction;foreign_country,75,2026-03-15 03:17:22
70,992,4522,high_amount;foreign_country,90,2026-03-18 22:52:12
71,1021,3905,risk_score_threshold,50,2026-05-08 23:18:39
72,1027,3043,risk_score_threshold,50,2026-04-03 14:01:13
73,1036,2381,risk_score_threshold,50,2026-02-27 06:47:51
74,1043,3668,risk_score_threshold,40,2026-04-21 08:03:43
75,1053,2894,risk_score_threshold,40,2026-06-11 10:11:14
76,1061,3743,foreign_country,45,2026-05-13 07:00:45
77,1065,1112,foreign_country,45,2026-04-26 19:39:33
78,1077,2398,foreign_country,45,2026-04-22 15:58:09
79,1081,3739,risk_score_threshold,40,2026-01-24 11:35:17
80,1105,3270,high_amount;night_transaction;foreign_country,60,2026-01-14 05:53:32
81,1117,895,high_amount;night_transaction;foreign_country,75,2026-02-21 03:12:25
82,1157,2671,risk_score_threshold,60,2026-06-22 09:57:19
83,1172,418,high_amount;foreign_country,65,2026-02-02 22:40:32
84,1198,4557,risk_score_threshold,40,2026-01-09 19:04:50
85,1209,385,risk_score_threshold,40,2026-06-18 17:43:43
86,1210,3795,foreign_country,45,2026-05-03 19:15:08
87,1214,2381,high_amount;night_transaction;foreign_country,100,2026-06-05 05:09:04
88,1219,1794,high_amount;night_transaction;foreign_country,60,2026-02-03 04:58:02
89,1255,1522,foreign_country,60,2026-06-13 14:35:37
90,1261,786,high_amount;night_transaction;foreign_country,85,2026-04-17 05:24:58
91,1275,611,foreign_country,45,2026-06-01 09:33:10
92,1282,1309,risk_score_threshold,65,2026-03-06 06:21:58
93,1290,4371,high_amount;night_transaction;foreign_country,60,2026-03-04 03:04:56
94,1294,2695,risk_score_threshold,50,2026-01-03 15:36:21
95,1300,391,high_amount;night_transaction;foreign_country,100,2026-03-01 04:41:58
96,1336,3709,foreign_country,45,2026-02-06 11:40:36
97,1351,2585,risk_score_threshold,40,2026-04-25 16:05:03
98,1365,3731,risk_score_threshold,40,2026-05-29 22:57:58
99,1375,4219,foreign_country,85,2026-04-03 22:45:16
100,1377,1884,risk_score_threshold,65,2026-06-08 16:21:55
101,1404,251,risk_score_threshold,65,2026-05-12 23:30:40
102,1423,3465,foreign_country,45,2026-03-28 21:21:30
103,1497,3791,risk_score_threshold,50,2026-05-16 12:08:14
104,1501,1629,risk_score_threshold,50,2026-03-11 07:11:58
105,1529,4764,foreign_country,45,2026-02-18 09:36:40
106,1538,2840,high_amount;night_transaction;foreign_country,60,2026-02-20 01:14:21
107,1543,4276,foreign_country,85,2026-01-28 07:20:53
108,1545,3096,risk_score_threshold,40,2026-05-14 22:10:03
109,1550,958,risk_score_threshold,40,2026-01-09 19:11:40
110,1567,1373,foreign_country,45,2026-01-13 21:28:14
111,1600,3385,foreign_country,45,2026-04-20 22:06:36
112,1629,4396,risk_score_threshold,40,2026-05-13 19:49:09
113,1666,4663,risk_score_threshold,50,2026-06-26 20:26:42
114,1678,1380,risk_score_threshold,50,2026-01-08 15:32:04
115,1709,2079,risk_score_threshold,40,2026-03-19 18:15:20
116,1716,3642,foreign_country,60,2026-06-23 17:22:12
117,1722,1309,risk_score_threshold,65,2026-02-18 10:33:47
118,1767,3516,foreign_country,45,2026-02-07 18:10:14
119,1773,2590,high_amount;night_transaction;foreign_country,100,2026-06-10 04:55:49
120,1780,582,foreign_country,45,2026-01-14 07:58:26
121,1786,2747,foreign_country,45,2026-06-15 20:04:57
122,1845,3926,high_amount;night_transaction;foreign_country,85,2026-05-23 00:03:34
123,1858,321,foreign_country,60,2026-04-05 14:05:11
124,1870,931,risk_score_threshold,40,2026-02-02 12:52:22
125,1871,4299,foreign_country,45,2026-06-25 18:33:33
126,1875,2830,foreign_country,40,2026-04-25 14:49:00
127,1925,385,risk_score_threshold,40,2026-03-11 07:20:58
128,1930,3855,night_transaction;foreign_country,55,2026-02-04 03:43:22
129,1949,4293,foreign_country,40,2026-01-28 23:09:39
130,1972,2591,risk_score_threshold,65,2026-01-14 23:33:20
131,1976,4269,high_amount;foreign_country,90,2026-06-07 23:16:35
132,1979,3750,risk_score_threshold,65,2026-01-07 23:13:36
133,1989,3668,risk_score_threshold,40,2026-03-06 19:12:50
134,1993,4304,risk_score_threshold,40,2026-01-30 17:48:53
135,1995,2354,high_amount;foreign_country,90,2026-03-28 23:57:08
136,2027,1178,risk_score_threshold,40,2026-02-20 21:15:37
137,2046,2643,risk_score_threshold,40,2026-02-02 13:17:07
138,2060,3862,foreign_country,45,2026-06-05 23:58:27
139,2061,493,risk_score_threshold,40,2026-03-03 12:44:21
140,2064,931,risk_score_threshold,40,2026-02-02 13:28:15
141,2067,3518,foreign_country,45,2026-01-05 18:17:08
142,2090,166,night_transaction;foreign_country,45,2026-05-23 00:30:10
143,2091,3239,foreign_country,45,2026-04-03 17:15:59
144,2095,4190,risk_score_threshold,65,2026-02-02 15:48:14
145,2099,2862,high_amount;night_transaction;foreign_country,75,2026-04-17 00:44:35
146,2106,3164,risk_score_threshold,65,2026-02-08 12:53:43
147,2126,2065,risk_score_threshold,40,2026-04-29 13:37:44
148,2148,4756,risk_score_threshold,40,2026-03-22 11:28:53
149,2152,3398,risk_score_threshold,40,2026-06-15 14:58:46
150,2164,3146,risk_score_threshold,50,2026-03-18 22:51:42
151,2205,2111,foreign_country,45,2026-02-06 15:32:42
152,2206,1662,high_amount;night_transaction;foreign_country,85,2026-04-19 03:37:00
153,2246,2430,foreign_country,45,2026-04-07 14:28:14
154,2255,1299,risk_score_threshold,50,2026-06-18 22:26:30
155,2273,4613,high_amount;night_transaction;foreign_country,75,2026-03-31 04:07:05
156,2278,551,foreign_country,70,2026-02-18 19:14:15
157,2299,3640,risk_score_threshold,65,2026-05-20 21:30:07
158,2302,150,foreign_country,45,2026-01-20 06:56:19
159,2303,459,risk_score_threshold,40,2026-01-03 12:44:34
160,2311,4774,risk_score_threshold,50,2026-04-08 07:50:22
161,2329,4144,high_amount;night_transaction;foreign_country,85,2026-05-18 04:36:51
162,2333,94,risk_score_threshold,40,2026-06-06 20:29:43
163,2338,1301,risk_score_threshold,40,2026-06-24 06:43:16
164,2349,4026,high_amount;night_transaction;foreign_country,85,2026-03-26 02:31:57
165,2353,4111,risk_score_threshold,65,2026-04-23 20:39:49
166,2369,791,foreign_country,45,2026-03-12 12:25:13
167,2414,1718,risk_score_threshold,40,2026-01-26 18:40:16
168,2415,86,risk_score_threshold,50,2026-04-30 09:51:10
169,2443,4478,risk_score_threshold,65,2026-01-18 14:46:31
170,2454,883,high_amount;night_transaction;foreign_country,75,2026-01-01 02:40:38
171,2468,2466,foreign_country,45,2026-05-07 21:35:22
172,2480,53,high_amount;foreign_country,65,2026-03-10 22:14:39
173,2502,339,risk_score_threshold,40,2026-02-20 10:31:37
174,2503,2244,foreign_country,60,2026-05-04 16:38:03
175,2516,3964,risk_score_threshold,65,2026-03-16 12:18:30
176,2524,2659,high_amount;night_transaction;foreign_country,75,2026-02-06 02:36:31
177,2536,4362,foreign_country,45,2026-04-25 09:29:50
178,2539,1579,foreign_country,45,2026-03-11 11:09:47
179,2543,4563,high_amount;night_transaction;foreign_country,75,2026-01-13 03:45:11
180,2551,1422,high_amount;night_transaction;foreign_country,100,2026-05-08 04:36:12
181,2583,1833,high_amount;night_transaction;foreign_country,100,2026-01-12 00:54:30
182,2588,117,high_amount;night_transaction;foreign_country,85,2026-03-29 05:48:06
183,2595,2412,risk_score_threshold,75,2026-04-20 23:50:20
184,2612,1388,risk_score_threshold,50,2026-03-16 12:09:20
185,2634,2459,risk_score_threshold,40,2026-02-12 20:36:35
186,2658,4111,risk_score_threshold,65,2026-02-10 15:48:50
187,2666,719,foreign_country,45,2026-03-27 14:08:18
188,2673,736,foreign_country,85,2026-06-09 09:23:11
189,2710,3141,high_amount;night_transaction;foreign_country,60,2026-03-04 00:26:47
190,2713,3387,risk_score_threshold,50,2026-06-14 17:50:54
191,2726,3491,foreign_country,45,2026-01-30 10:58:32
192,2727,1875,risk_score_threshold,50,2026-04-10 08:38:34
193,2747,1045,foreign_country,45,2026-02-05 13:51:21
194,2750,3702,high_amount;night_transaction;foreign_country,75,2026-06-15 02:27:04
195,2751,3865,foreign_country,45,2026-06-25 10:28:02
196,2755,4377,high_amount;night_transaction;foreign_country,75,2026-02-02 04:58:29
197,2758,1149,foreign_country,45,2026-05-07 14:24:45
198,2785,143,foreign_country,55,2026-03-03 11:55:17
199,2799,1460,high_amount;foreign_country,65,2026-02-12 23:31:57
200,2809,3920,foreign_country,45,2026-04-17 19:10:41
201,2821,1338,foreign_country,60,2026-06-12 07:04:25
202,2841,1402,foreign_country,45,2026-01-30 13:10:11
203,2847,2485,high_amount;night_transaction;foreign_country,85,2026-04-22 02:01:40
204,2853,1857,foreign_country,45,2026-01-13 11:40:20
205,2868,1302,risk_score_threshold,40,2026-05-14 12:30:04
206,2878,3170,risk_score_threshold,40,2026-02-20 23:09:16
207,2925,1920,risk_score_threshold,40,2026-06-27 14:30:05
208,2933,2894,risk_score_threshold,50,2026-04-05 15:57:01
209,2952,4299,risk_score_threshold,50,2026-06-11 17:40:42
210,2956,4422,risk_score_threshold,40,2026-06-20 16:06:37
211,2966,1351,risk_score_threshold,40,2026-03-30 15:23:13
212,2978,2204,risk_score_threshold,50,2026-03-04 12:32:39
213,2996,321,risk_score_threshold,40,2026-06-23 23:49:51
214,3009,2830,foreign_country,40,2026-04-23 11:25:59
215,3019,511,foreign_country,45,2026-06-23 09:23:29
216,3026,4195,night_transaction;foreign_country,45,2026-02-26 00:07:00
217,3029,4196,foreign_country,45,2026-06-03 08:16:12
218,3104,1446,high_amount;night_transaction;foreign_country,70,2026-02-03 05:20:35
219,3115,2894,foreign_country,60,2026-03-15 19:12:11
220,3117,251,risk_score_threshold,50,2026-03-12 17:52:59
221,3140,4726,risk_score_threshold,40,2026-02-11 21:36:00
222,3169,2671,foreign_country,70,2026-03-06 08:09:00
223,3179,2623,high_amount;night_transaction;foreign_country,60,2026-04-07 04:42:51
224,3201,665,risk_score_threshold,40,2026-01-14 21:54:36
225,3211,3104,risk_score_threshold,65,2026-01-10 07:17:15
226,3237,4795,foreign_country,45,2026-04-17 06:46:55
227,3239,178,high_amount;night_transaction;foreign_country,75,2026-04-26 01:56:00
228,3247,1482,foreign_country,45,2026-03-28 21:08:06
229,3259,2773,risk_score_threshold,40,2026-01-13 11:09:35
230,3284,2319,risk_score_threshold,50,2026-03-11 11:53:18
231,3295,1113,foreign_country,45,2026-06-18 18:03:28
232,3328,4767,high_amount;foreign_country,100,2026-01-08 22:05:26
233,3350,4486,risk_score_threshold,40,2026-01-25 06:50:15
234,3382,2079,risk_score_threshold,40,2026-02-05 11:22:13
235,3432,4478,risk_score_threshold,40,2026-04-27 21:53:13
236,3440,2505,high_amount;foreign_country,75,2026-02-22 22:48:42
237,3444,195,risk_score_threshold,50,2026-01-24 07:20:02
238,3488,1750,foreign_country,45,2026-03-20 09:12:27
239,3490,1012,risk_score_threshold,50,2026-02-12 09:53:16
240,3504,4181,foreign_country,45,2026-01-21 12:38:52
241,3507,1424,foreign_country,45,2026-06-28 20:08:15
242,3516,94,risk_score_threshold,40,2026-01-20 07:08:30
243,3581,703,foreign_country,45,2026-06-03 12:54:05
244,3586,2249,risk_score_threshold,50,2026-02-21 20:46:23
245,3588,1981,high_amount;foreign_country,100,2026-03-29 23:26:04
246,3594,1763,foreign_country,45,2026-03-28 20:31:52
247,3598,4623,risk_score_threshold,65,2026-06-20 19:42:19
248,3651,372,foreign_country,45,2026-04-17 14:26:03
249,3668,2773,foreign_country,85,2026-01-15 14:40:43
250,3681,4111,risk_score_threshold,40,2026-06-10 21:30:14
251,3683,3815,risk_score_threshold,40,2026-05-28 10:14:31
252,3692,253,high_amount;night_transaction;foreign_country,75,2026-06-26 01:00:37
253,3703,3045,high_amount;night_transaction;foreign_country,85,2026-02-07 02:19:29
254,3709,4672,foreign_country,45,2026-05-12 07:50:27
255,3715,454,high_amount;foreign_country,90,2026-06-01 22:41:40
256,3716,4478,risk_score_threshold,50,2026-01-25 12:45:32
257,3751,2462,night_transaction;foreign_country,45,2026-01-09 05:56:13
258,3753,2341,foreign_country,45,2026-02-03 15:56:15
259,3776,2671,risk_score_threshold,50,2026-01-03 23:16:55
260,3792,4152,risk_score_threshold,40,2026-05-24 08:51:05
261,3813,3675,foreign_country,45,2026-05-29 13:49:28
262,3829,4009,foreign_country,45,2026-06-02 18:40:26
263,3838,1606,foreign_country,45,2026-01-09 21:52:08
264,3841,3488,high_amount;night_transaction;foreign_country,70,2026-01-11 00:45:14
265,3843,711,foreign_country,45,2026-06-02 08:43:15
266,3855,1021,foreign_country,45,2026-03-11 07:17:22
267,3866,2204,risk_score_threshold,40,2026-03-22 18:12:56
268,3898,1717,foreign_country,45,2026-06-04 23:52:19
269,3900,2671,foreign_country,70,2026-04-01 17:33:28
270,3905,1920,risk_score_threshold,40,2026-01-03 09:10:18
271,3929,2395,high_amount;night_transaction;foreign_country,95,2026-05-05 03:26:02
272,3933,385,risk_score_threshold,40,2026-02-27 11:34:02
273,3939,3668,risk_score_threshold,65,2026-04-23 09:56:17
274,3975,3879,risk_score_threshold,50,2026-06-15 20:59:55
275,3978,1901,high_amount;night_transaction;foreign_country,100,2026-06-02 01:32:10
276,3993,3559,risk_score_threshold,50,2026-04-17 11:02:35
277,3994,3104,risk_score_threshold,50,2026-03-15 20:24:10
278,4003,1285,foreign_country,45,2026-01-21 14:14:25
279,4013,776,foreign_country,45,2026-03-12 08:44:42
280,4014,4751,foreign_country,45,2026-06-04 18:09:29
281,4018,595,night_transaction;foreign_country,45,2026-03-30 04:58:35
282,4029,521,high_amount;night_transaction;foreign_country,60,2026-01-13 05:08:56
283,4046,2803,foreign_country,45,2026-01-26 15:16:19
284,4065,1688,high_amount;night_transaction;foreign_country,75,2026-01-06 00:50:09
285,4074,3680,risk_score_threshold,40,2026-05-07 10:07:30
286,4119,4443,high_amount;night_transaction;foreign_country,75,2026-04-04 03:36:54
287,4162,3165,risk_score_threshold,40,2026-01-13 08:14:52
288,4172,4396,risk_score_threshold,50,2026-01-12 23:09:06
289,4190,1583,foreign_country,55,2026-02-25 21:28:10
290,4207,403,foreign_country,45,2026-06-27 19:37:27
291,4255,4866,night_transaction;foreign_country,55,2026-05-09 02:30:14
292,4265,4707,high_amount;night_transaction;foreign_country,70,2026-03-08 03:40:47
293,4283,2007,risk_score_threshold,40,2026-05-27 16:52:53
294,4290,1170,foreign_country,45,2026-03-03 09:19:06
295,4305,4449,risk_score_threshold,65,2026-02-20 13:05:46
296,4307,3860,foreign_country,60,2026-05-12 12:39:23
297,4314,2139,risk_score_threshold,40,2026-02-01 08:20:37
298,4326,3879,risk_score_threshold,40,2026-01-17 17:50:58
299,4341,1992,high_amount;foreign_country,90,2026-02-09 23:22:09
300,4343,2412,risk_score_threshold,50,2026-05-13 10:27:43
301,4377,2338,high_amount;night_transaction;foreign_country,60,2026-03-31 04:17:02
302,4395,2107,risk_score_threshold,65,2026-01-27 09:15:41
303,4417,2249,risk_score_threshold,65,2026-02-12 07:05:38
304,4443,2776,high_amount;night_transaction;foreign_country,85,2026-03-26 02:46:21
305,4450,4118,risk_score_threshold,40,2026-03-03 17:04:58
306,4451,1758,high_amount;night_transaction;foreign_country,75,2026-06-14 00:29:05
307,4475,171,high_amount;foreign_country,75,2026-03-04 22:56:53
308,4501,1475,foreign_country,45,2026-06-23 09:06:40
309,4534,339,risk_score_threshold,40,2026-06-16 07:55:32
310,4537,276,high_amount;night_transaction;foreign_country,60,2026-02-27 00:54:08
311,4545,1154,risk_score_threshold,40,2026-02-02 08:35:00
312,4554,4717,high_amount;night_transaction;foreign_country,85,2026-04-04 02:55:10
313,4567,3276,risk_score_threshold,50,2026-02-23 11:46:50
314,4593,1876,risk_score_threshold,40,2026-03-30 11:46:52
315,4628,1423,risk_score_threshold,40,2026-01-06 12:03:45
316,4638,1881,risk_score_threshold,65,2026-03-17 08:21:54
317,4667,482,foreign_country,45,2026-05-21 07:17:15
318,4675,484,high_amount;night_transaction;foreign_country,75,2026-03-13 00:32:00
319,4687,3431,risk_score_threshold,65,2026-02-23 14:52:57
320,4702,2647,foreign_country,45,2026-04-25 09:31:40
321,4716,422,foreign_country,45,2026-06-19 18:37:23
322,4721,4250,foreign_country,85,2026-02-11 09:51:01
323,4723,1542,high_amount;foreign_country,65,2026-04-28 22:15:36
324,4751,2009,foreign_country,45,2026-06-13 20:50:33
325,4763,2325,risk_score_threshold,50,2026-03-12 19:14:52
326,4772,3562,foreign_country,45,2026-02-03 18:13:57
327,4774,473,high_amount;night_transaction;foreign_country,75,2026-02-11 03:56:35
328,4775,469,foreign_country,55,2026-03-21 07:40:59
329,4777,2585,risk_score_threshold,40,2026-03-31 23:20:10
330,4863,3506,high_amount;night_transaction;foreign_country,85,2026-01-13 03:00:24
331,4869,3275,risk_score_threshold,40,2026-02-28 23:59:46
332,4896,2402,high_amount;night_transaction;foreign_country,100,2026-06-03 05:06:58
333,4898,358,foreign_country,45,2026-06-02 11:17:12
334,4899,2244,risk_score_threshold,40,2026-04-15 13:00:06
335,4916,4228,risk_score_threshold,50,2026-02-09 09:46:36
336,4945,2437,risk_score_threshold,40,2026-04-11 14:35:02
337,4957,1327,foreign_country,45,2026-03-28 18:33:15
338,4961,2844,foreign_country,45,2026-05-01 06:43:01
339,4975,4690,high_amount;foreign_country,65,2026-05-22 22:07:11
340,4983,3815,foreign_country,45,2026-06-15 17:44:05
341,4989,4123,risk_score_threshold,65,2026-05-24 20:40:47
342,5005,3709,foreign_country,45,2026-02-25 17:35:27
343,5008,4431,high_amount;foreign_country,65,2026-05-17 22:33:51
344,5014,1552,high_amount;foreign_country,65,2026-03-02 22:10:28
345,5055,3242,risk_score_threshold,40,2026-01-30 08:27:10
346,5089,3028,high_amount;night_transaction;foreign_country,85,2026-01-21 00:01:42
347,5103,3547,foreign_country,60,2026-05-30 18:58:55
348,5131,4946,risk_score_threshold,50,2026-03-30 15:18:16
349,5149,3015,high_amount;night_transaction;foreign_country,95,2026-01-30 01:35:43
350,5196,4092,foreign_country,45,2026-03-20 14:56:25
351,5213,4276,risk_score_threshold,40,2026-02-11 19:44:49
352,5231,3748,high_amount;foreign_country,50,2026-01-24 22:24:06
353,5232,1542,foreign_country,45,2026-06-26 14:22:29
354,5241,3098,risk_score_threshold,65,2026-04-26 06:28:57
355,5279,3298,foreign_country,45,2026-03-31 17:46:15
356,5335,4756,risk_score_threshold,50,2026-06-23 18:01:19
357,5337,2010,foreign_country,45,2026-02-01 10:39:13
358,5343,2042,risk_score_threshold,40,2026-02-23 15:34:57
359,5352,1469,risk_score_threshold,40,2026-06-04 15:41:32
360,5362,400,risk_score_threshold,50,2026-05-18 22:22:17
361,5368,3276,risk_score_threshold,50,2026-03-24 12:54:12
362,5374,1956,foreign_country,45,2026-06-12 19:59:14
363,5384,430,risk_score_threshold,40,2026-02-22 23:59:28
364,5388,1388,risk_score_threshold,75,2026-03-26 20:51:09
365,5459,397,risk_score_threshold,40,2026-04-12 06:04:46
366,5469,3730,foreign_country,45,2026-06-17 21:02:07
367,5482,3276,risk_score_threshold,50,2026-03-08 14:55:22
368,5513,3518,foreign_country,45,2026-05-21 14:53:02
369,5519,2437,foreign_country,60,2026-04-12 08:11:35
370,5544,400,risk_score_threshold,50,2026-04-23 23:34:51
371,5564,4902,foreign_country,70,2026-03-30 09:44:54
372,5575,4020,risk_score_threshold,40,2026-02-01 23:36:21
373,5581,3920,high_amount;night_transaction;foreign_country,75,2026-06-28 05:12:56
374,5587,2436,foreign_country,40,2026-02-17 12:04:18
375,5611,339,risk_score_threshold,40,2026-05-21 06:37:38
376,5645,70,risk_score_threshold,50,2026-04-14 23:58:21
377,5667,2671,risk_score_threshold,50,2026-03-11 21:57:43
378,5684,1437,high_amount;night_transaction;foreign_country,100,2026-04-16 01:40:09
379,5685,849,risk_score_threshold,50,2026-01-10 17:04:26
380,5712,3517,risk_score_threshold,65,2026-03-29 19:31:14
381,5719,4041,risk_score_threshold,50,2026-04-20 09:14:50
382,5720,397,risk_score_threshold,50,2026-01-11 23:54:09
383,5734,373,high_amount;night_transaction;foreign_country,85,2026-02-08 05:21:11
384,5769,554,risk_score_threshold,40,2026-06-02 15:16:35
385,5789,2806,foreign_country,70,2026-03-25 14:21:02
386,5790,2671,risk_score_threshold,60,2026-02-26 19:18:04
387,5806,3668,high_amount;night_transaction;foreign_country,100,2026-02-16 00:00:43
388,5807,4767,risk_score_threshold,40,2026-01-06 21:54:58
389,5824,4910,high_amount;night_transaction;foreign_country,75,2026-04-19 02:02:13
390,5853,931,risk_score_threshold,40,2026-01-16 21:59:44
391,5888,254,foreign_country,60,2026-04-16 18:10:54
392,5907,2462,high_amount;foreign_country,65,2026-04-12 22:45:33
393,5912,3612,risk_score_threshold,40,2026-02-28 13:31:13
394,5918,481,foreign_country,45,2026-05-27 12:43:23
395,5932,1877,high_amount;foreign_country,75,2026-06-12 22:24:45
396,5939,2281,high_amount;foreign_country,50,2026-01-15 23:18:52
397,5965,3699,high_amount;foreign_country,65,2026-04-20 22:16:00
398,6004,1332,foreign_country,45,2026-05-13 13:40:51
399,6011,932,risk_score_threshold,40,2026-05-05 10:41:18
400,6014,4190,high_amount;night_transaction;foreign_country,100,2026-05-17 02:14:16
401,6030,3861,foreign_country,45,2026-06-28 17:45:27
402,6047,1309,high_amount;foreign_country,100,2026-05-26 22:00:59
403,6050,1268,high_amount;night_transaction;foreign_country,100,2026-02-11 00:59:16
404,6069,1770,high_amount;foreign_country,50,2026-01-24 22:27:11
405,6082,1674,foreign_country,45,2026-06-13 11:52:09
406,6085,831,high_amount;foreign_country,65,2026-01-28 22:04:28
407,6116,215,high_amount;night_transaction;foreign_country,100,2026-01-19 03:55:58
408,6156,4726,risk_score_threshold,40,2026-04-02 20:30:38
409,6159,4567,high_amount;night_transaction;foreign_country,100,2026-03-23 02:10:50
410,6168,2193,high_amount;night_transaction;foreign_country,75,2026-06-06 03:23:20
411,6185,3408,high_amount;foreign_country,90,2026-04-20 22:02:26
412,6190,1787,high_amount;foreign_country,65,2026-02-19 23:42:12
413,6195,665,risk_score_threshold,50,2026-01-26 15:11:35
414,6197,3181,night_transaction;foreign_country,70,2026-02-05 02:24:52
415,6206,4464,night_transaction;foreign_country,45,2026-01-16 00:46:03
416,6218,931,risk_score_threshold,40,2026-04-13 08:34:26
417,6235,4756,risk_score_threshold,50,2026-05-23 11:30:56
418,6286,496,risk_score_threshold,50,2026-02-14 07:15:51
419,6293,293,high_amount;night_transaction;foreign_country,100,2026-06-19 02:51:53
420,6333,3242,risk_score_threshold,40,2026-06-27 18:11:09
421,6383,4118,risk_score_threshold,40,2026-06-14 15:31:58
422,6397,4486,high_amount;foreign_country,100,2026-02-09 22:46:32
423,6439,3668,risk_score_threshold,40,2026-04-13 06:43:03
424,6461,397,risk_score_threshold,40,2026-02-13 22:05:04
425,6464,1486,night_transaction;foreign_country,45,2026-01-16 03:58:53
426,6473,842,foreign_country,45,2026-01-15 23:26:13
427,6477,4166,risk_score_threshold,40,2026-06-03 22:47:30
428,6505,3366,foreign_country,45,2026-02-24 15:50:39
429,6506,1138,foreign_country,40,2026-06-27 14:25:20
430,6564,2325,risk_score_threshold,40,2026-06-15 21:49:02
431,6584,4849,risk_score_threshold,40,2026-01-16 06:14:46
432,6625,3517,risk_score_threshold,40,2026-06-17 12:16:48
433,6630,3626,foreign_country,45,2026-03-07 20:06:42
434,6638,708,risk_score_threshold,40,2026-06-09 15:16:51
435,6660,574,high_amount;night_transaction;foreign_country,70,2026-05-20 04:46:13
436,6685,2328,foreign_country,45,2026-01-18 15:59:59
437,6693,4941,foreign_country,45,2026-06-12 08:03:20
438,6712,400,risk_score_threshold,50,2026-02-21 08:16:29
439,6719,664,high_amount;night_transaction;foreign_country,75,2026-02-26 01:15:02
440,6725,2086,foreign_country,45,2026-01-15 17:45:03
441,6758,4767,risk_score_threshold,40,2026-01-29 09:01:47
442,6759,745,night_transaction;foreign_country,45,2026-05-26 05:57:38
443,6782,2689,foreign_country,45,2026-03-17 09:30:58
444,6784,918,risk_score_threshold,40,2026-03-03 18:19:07
445,6805,3403,foreign_country,55,2026-01-12 22:15:00
446,6849,1880,foreign_country,45,2026-01-09 14:32:08
447,6863,2107,risk_score_threshold,40,2026-01-07 09:18:01
448,6864,2305,risk_score_threshold,40,2026-02-03 12:21:53
449,6917,2614,foreign_country,45,2026-03-28 15:07:05
450,6920,1959,high_amount;night_transaction;foreign_country,85,2026-05-18 03:56:40
451,6982,2199,foreign_country,45,2026-06-02 22:35:35
452,6993,4176,high_amount;foreign_country,75,2026-03-22 22:32:43
453,7008,1128,risk_score_threshold,40,2026-01-14 20:14:14
454,7011,2303,high_amount;night_transaction;foreign_country,60,2026-03-07 03:43:29
455,7058,1385,foreign_country,45,2026-04-08 20:35:06
456,7114,2065,risk_score_threshold,50,2026-04-26 19:09:41
457,7117,3242,foreign_country,60,2026-01-01 08:31:26
458,7138,2913,foreign_country,70,2026-04-18 13:15:05
459,7149,170,high_amount;night_transaction;foreign_country,100,2026-05-16 02:04:34
460,7182,251,risk_score_threshold,40,2026-06-24 23:26:40
461,7264,4965,risk_score_threshold,65,2026-02-08 14:58:10
462,7265,4965,risk_score_threshold,65,2026-04-06 18:46:12
463,7283,3150,high_amount;night_transaction;foreign_country,100,2026-04-03 04:28:12
464,7292,887,foreign_country,45,2026-03-21 12:24:47
465,7294,3104,risk_score_threshold,50,2026-03-20 14:27:42
466,7311,2107,risk_score_threshold,50,2026-04-16 11:52:16
467,7345,2381,foreign_country,60,2026-05-11 13:10:32
468,7363,4683,foreign_country,45,2026-01-12 11:51:35
469,7371,88,foreign_country,45,2026-04-29 20:40:24
470,7381,524,foreign_country,45,2026-05-15 17:39:00
471,7392,2684,risk_score_threshold,40,2026-03-27 07:46:33
472,7427,849,risk_score_threshold,65,2026-01-24 17:22:04
473,7449,1496,high_amount;foreign_country,75,2026-02-13 23:35:24
474,7484,3151,foreign_country,55,2026-04-20 09:59:40
475,7495,3330,high_amount;night_transaction;foreign_country,85,2026-01-17 03:17:01
476,7498,4663,risk_score_threshold,40,2026-06-05 09:59:22
477,7499,430,risk_score_threshold,50,2026-02-14 20:08:23
478,7512,1288,high_amount;night_transaction;foreign_country,100,2026-03-14 04:12:17
479,7528,4996,foreign_country,45,2026-06-25 17:34:53
480,7540,3275,risk_score_threshold,50,2026-03-13 21:36:53
481,7547,3547,risk_score_threshold,40,2026-02-22 10:23:47
482,7585,3642,foreign_country,70,2026-06-26 23:30:19
483,7589,235,high_amount;night_transaction;foreign_country,75,2026-02-17 03:40:44
484,7598,2107,risk_score_threshold,50,2026-06-29 15:42:59
485,7611,479,foreign_country,45,2026-01-24 23:39:37
486,7613,2031,risk_score_threshold,50,2026-05-14 11:32:28
487,7622,215,risk_score_threshold,40,2026-01-07 18:17:24
488,7628,1629,risk_score_threshold,50,2026-01-16 09:23:18
489,7658,3824,high_amount;night_transaction;foreign_country,60,2026-05-13 00:34:48
490,7677,123,high_amount;night_transaction;foreign_country,75,2026-01-17 04:42:37
491,7689,1253,risk_score_threshold,40,2026-05-02 18:48:09
492,7709,4228,risk_score_threshold,65,2026-04-03 13:42:21
493,7732,1660,risk_score_threshold,65,2026-03-01 23:51:44
494,7733,4293,high_amount;night_transaction;foreign_country,85,2026-03-24 05:14:48
495,7754,3480,high_amount;night_transaction;foreign_country,75,2026-02-15 05:22:27
496,7755,538,foreign_country,45,2026-06-02 07:38:09
497,7756,3905,risk_score_threshold,40,2026-06-17 18:48:58
498,7761,3731,risk_score_threshold,40,2026-04-26 13:15:11
499,7765,4299,risk_score_threshold,40,2026-04-26 19:57:25
500,7775,958,risk_score_threshold,40,2026-03-02 08:15:36
501,7786,4152,risk_score_threshold,40,2026-01-30 21:16:38
502,7824,2412,risk_score_threshold,75,2026-05-01 13:24:48
503,7845,4276,risk_score_threshold,65,2026-05-23 14:58:35
504,7867,3668,foreign_country,60,2026-01-22 13:20:08
505,7878,4914,high_amount;foreign_country,65,2026-04-04 22:28:35
506,7902,3809,foreign_country,60,2026-03-24 22:39:58
507,7912,3937,high_amount;night_transaction;foreign_country,75,2026-04-04 00:49:57
508,7915,4228,risk_score_threshold,65,2026-05-22 23:43:43
509,7919,2541,risk_score_threshold,40,2026-01-10 09:21:51
510,7921,2474,high_amount;night_transaction;foreign_country,70,2026-03-30 04:31:04
511,7954,2585,risk_score_threshold,50,2026-04-19 22:32:59
512,7956,1825,risk_score_threshold,40,2026-02-17 10:25:47
513,7974,4255,night_transaction;foreign_country,80,2026-06-24 03:02:25
514,8000,3458,foreign_country,45,2026-06-05 10:32:39
515,8016,1657,foreign_country,45,2026-03-17 10:45:19
516,8027,743,risk_score_threshold,50,2026-01-16 15:22:08
517,8057,4482,high_amount;foreign_country,65,2026-01-19 22:22:33
518,8058,4385,risk_score_threshold,40,2026-04-10 20:57:27
519,8075,1707,foreign_country,45,2026-06-25 20:10:40
520,8080,4190,high_amount;night_transaction;foreign_country,100,2026-05-22 04:31:24
521,8085,809,foreign_country,55,2026-01-30 06:02:00
522,8120,2351,foreign_country,45,2026-01-07 13:45:53
523,8128,4767,risk_score_threshold,50,2026-02-27 20:30:24
524,8172,3905,risk_score_threshold,65,2026-03-25 20:36:40
525,8181,1644,foreign_country,45,2026-05-20 18:21:03
526,8187,3875,foreign_country,45,2026-05-31 21:20:16
527,8201,2797,foreign_country,45,2026-03-08 20:40:53
528,8209,1876,foreign_country,85,2026-05-30 09:01:49
529,8217,121,foreign_country,40,2026-01-30 13:05:45
530,8218,2956,high_amount;night_transaction;foreign_country,100,2026-01-20 04:06:23
531,8240,1748,high_amount;night_transaction;foreign_country,75,2026-02-22 05:12:12
532,8283,4297,foreign_country,45,2026-02-27 09:34:55
533,8312,4683,high_amount;night_transaction;foreign_country,60,2026-02-19 01:38:29
534,8324,3405,risk_score_threshold,50,2026-06-17 16:43:14
535,8336,1652,foreign_country,45,2026-02-27 16:15:35
536,8358,385,foreign_country,60,2026-02-15 17:34:30
537,8390,931,risk_score_threshold,40,2026-04-01 11:31:11
538,8416,2773,risk_score_threshold,40,2026-02-19 06:13:44
539,8441,4219,foreign_country,45,2026-04-15 08:57:20
540,8454,2585,risk_score_threshold,40,2026-04-09 19:19:47
541,8473,1303,risk_score_threshold,40,2026-02-15 15:07:28
542,8475,2798,high_amount;night_transaction;foreign_country,60,2026-05-19 01:04:26
543,8497,257,risk_score_threshold,65,2026-04-10 15:27:30
544,8528,149,foreign_country,45,2026-01-18 23:02:06
545,8529,1423,risk_score_threshold,40,2026-02-02 22:45:19
546,8533,879,foreign_country,60,2026-03-20 19:58:16
547,8538,2459,risk_score_threshold,40,2026-02-15 08:00:51
548,8543,1448,high_amount;night_transaction;foreign_country,70,2026-02-15 04:21:59
549,8546,215,risk_score_threshold,40,2026-05-05 18:05:22
550,8550,1178,risk_score_threshold,65,2026-04-21 12:02:59
551,8596,4152,risk_score_threshold,40,2026-03-17 23:10:21
552,8603,2412,risk_score_threshold,50,2026-05-12 07:15:22
553,8604,3727,high_amount;night_transaction;foreign_country,75,2026-04-27 02:35:38
554,8638,1999,foreign_country,45,2026-01-16 19:36:15
555,8658,2214,high_amount;night_transaction;foreign_country,85,2026-05-10 04:08:09
556,8708,1544,high_amount;night_transaction;foreign_country,100,2026-02-25 01:38:34
557,8721,1306,risk_score_threshold,40,2026-01-26 15:14:31
558,8733,2160,foreign_country,45,2026-02-27 20:48:53
559,8756,3047,risk_score_threshold,50,2026-03-12 10:27:51
560,8775,2372,risk_score_threshold,65,2026-01-11 13:36:02
561,8787,1301,risk_score_threshold,65,2026-03-12 14:50:03
562,8825,4166,risk_score_threshold,50,2026-05-25 08:51:23
563,8837,2325,risk_score_threshold,40,2026-05-06 17:23:03
564,8839,254,risk_score_threshold,40,2026-01-07 10:48:46
565,8843,4245,foreign_country,45,2026-01-11 20:57:18
566,8909,1397,high_amount;foreign_country,75,2026-04-02 23:34:28
567,8929,2853,high_amount;foreign_country,65,2026-03-12 22:17:13
568,8944,1299,high_amount;foreign_country,100,2026-03-05 22:50:41
569,8949,2425,high_amount;night_transaction;foreign_country,100,2026-06-15 03:26:16
570,8954,3145,foreign_country,55,2026-06-08 23:57:48
571,8967,4486,risk_score_threshold,50,2026-05-03 09:07:09
572,8971,3268,foreign_country,45,2026-02-03 19:01:41
573,9010,3164,risk_score_threshold,40,2026-03-24 08:23:50
574,9014,497,risk_score_threshold,65,2026-06-24 16:33:23
575,9021,2750,foreign_country,45,2026-05-06 17:27:28
576,9043,708,risk_score_threshold,40,2026-01-23 20:35:07
577,9060,1437,risk_score_threshold,65,2026-01-17 17:33:38
578,9085,708,risk_score_threshold,40,2026-03-27 21:29:38
579,9088,932,risk_score_threshold,65,2026-04-10 14:47:41
580,9106,1875,risk_score_threshold,65,2026-04-28 18:26:58
581,9107,2727,high_amount;night_transaction;foreign_country,75,2026-03-09 04:38:17
582,9136,3141,high_amount;night_transaction;foreign_country,100,2026-01-08 02:27:13
583,9150,2830,foreign_country,40,2026-03-20 13:11:59
584,9158,5000,foreign_country,45,2026-01-10 14:31:17
585,9168,2412,foreign_country,70,2026-04-02 17:30:02
586,9178,1257,high_amount;foreign_country,75,2026-02-22 22:19:20
587,9190,4890,high_amount;night_transaction;foreign_country,100,2026-05-20 01:29:12
588,9211,4274,high_amount;night_transaction;foreign_country,70,2026-03-04 00:53:41
589,9225,41,night_transaction;foreign_country,55,2026-01-03 02:59:31
590,9231,1135,risk_score_threshold,40,2026-01-17 13:08:27
591,9255,2425,risk_score_threshold,40,2026-04-29 11:16:49
592,9334,4186,foreign_country,45,2026-05-04 17:04:25
593,9335,2885,foreign_country,45,2026-01-16 07:13:36
594,9349,4474,high_amount;night_transaction;foreign_country,85,2026-01-30 01:03:53
595,9353,522,foreign_country,45,2026-06-02 08:57:36
596,9371,4874,high_amount;night_transaction;foreign_country,75,2026-05-17 03:04:31
597,9392,4083,foreign_country,45,2026-06-05 16:41:12
598,9412,3058,foreign_country,45,2026-01-08 06:46:04
599,9414,3536,risk_score_threshold,50,2026-01-12 12:47:09
600,9426,3169,foreign_country,45,2026-01-31 13:50:13
601,9429,1253,risk_score_threshold,65,2026-05-02 10:42:48
602,9459,4616,high_amount;night_transaction;foreign_country,75,2026-06-11 01:56:52
603,9462,919,high_amount;foreign_country,65,2026-02-10 23:06:28
604,9483,4326,high_amount;night_transaction;foreign_country,85,2026-06-10 02:48:22
605,9522,723,high_amount;night_transaction;foreign_country,75,2026-02-17 05:44:20
606,9542,2929,foreign_country,45,2026-02-26 12:16:16
607,9564,1876,risk_score_threshold,40,2026-03-07 20:00:39
608,9587,2643,risk_score_threshold,40,2026-06-17 21:03:01
609,9594,1415,foreign_country,45,2026-02-27 17:27:13
610,9599,4607,high_amount;night_transaction;foreign_country,70,2026-03-26 05:45:12
611,9605,2107,risk_score_threshold,40,2026-02-01 12:01:06
612,9609,86,risk_score_threshold,40,2026-04-26 07:43:12
613,9643,3451,foreign_country,45,2026-04-07 17:00:13
614,9688,2437,risk_score_threshold,40,2026-04-24 12:29:13
615,9696,2945,foreign_country,45,2026-05-07 23:30:15
616,9714,3835,foreign_country,45,2026-01-03 08:58:31
617,9718,1110,risk_score_threshold,65,2026-05-06 13:19:54
618,9750,1734,foreign_country,45,2026-02-18 09:30:21
619,9799,4276,risk_score_threshold,40,2026-01-10 16:02:31
620,9807,932,risk_score_threshold,50,2026-05-23 09:15:51
621,9847,1715,risk_score_threshold,65,2026-04-05 17:43:44
622,9885,321,risk_score_threshold,40,2026-01-03 14:01:34
623,9900,3086,high_amount;night_transaction;foreign_country,75,2026-03-03 00:19:13
624,9935,3164,risk_score_threshold,40,2026-06-12 20:11:47
625,9941,3431,risk_score_threshold,40,2026-04-05 13:22:09
626,9993,815,high_amount;night_transaction;foreign_country,75,2026-02-25 04:59:57
627,9995,4413,foreign_country,45,2026-06-24 11:10:58
628,10002,3791,risk_score_threshold,50,2026-06-12 23:16:26
629,10038,2816,high_amount;night_transaction;foreign_country,70,2026-02-12 05:08:05
630,10051,4926,risk_score_threshold,40,2026-06-19 12:53:48
631,10063,4339,high_amount;night_transaction;foreign_country,75,2026-06-29 00:59:30
632,10140,3009,high_amount;night_transaction;foreign_country,85,2026-05-14 03:54:51
633,10171,3575,high_amount;night_transaction;foreign_country,75,2026-02-17 04:28:57
634,10180,497,foreign_country,45,2026-04-27 15:53:56
635,10182,4029,high_amount;night_transaction;foreign_country,75,2026-05-14 05:23:07
636,10198,1104,risk_score_threshold,50,2026-01-21 08:06:36
637,10251,4349,foreign_country,45,2026-06-24 14:44:05
638,10258,1548,high_amount;night_transaction;foreign_country,75,2026-02-05 01:08:31
639,10278,2924,foreign_country,45,2026-05-22 15:17:08
640,10340,3133,high_amount;night_transaction;foreign_country,85,2026-02-01 00:55:39
641,10341,303,foreign_country,45,2026-02-25 06:29:40
642,10379,4478,risk_score_threshold,40,2026-02-01 15:29:51
643,10393,1155,high_amount;night_transaction;foreign_country,60,2026-04-17 04:57:11
644,10402,2643,risk_score_threshold,40,2026-05-23 08:17:43
645,10439,3994,high_amount;night_transaction;foreign_country,100,2026-06-22 02:25:41
646,10450,4047,high_amount;foreign_country,65,2026-01-19 22:56:07
647,10457,1007,high_amount;night_transaction;foreign_country,70,2026-01-10 00:04:28
648,10471,4111,risk_score_threshold,40,2026-03-15 09:23:21
649,10484,496,foreign_country,85,2026-01-18 19:43:43
650,10517,2175,risk_score_threshold,50,2026-04-08 19:07:30
651,10572,27,risk_score_threshold,65,2026-06-01 13:54:50
652,10581,2727,risk_score_threshold,65,2026-01-30 10:56:58
653,10599,4982,foreign_country,45,2026-04-28 06:27:07
654,10602,3318,risk_score_threshold,40,2026-05-14 19:01:06
655,10657,4228,risk_score_threshold,40,2026-04-16 19:06:24
656,10658,4766,high_amount;night_transaction;foreign_country,75,2026-05-28 05:10:12
657,10664,1902,high_amount;foreign_country,65,2026-01-17 23:47:30
658,10670,4818,foreign_country,55,2026-01-10 07:08:52
659,10673,3096,foreign_country,85,2026-04-16 10:42:54
660,10692,3547,risk_score_threshold,65,2026-05-20 10:21:15
661,10704,2961,foreign_country,45,2026-02-14 13:58:25
662,10731,3865,foreign_country,45,2026-02-17 18:05:05
663,10732,665,foreign_country,60,2026-05-08 19:52:38
664,10738,1299,foreign_country,70,2026-01-12 18:19:53
665,10749,3912,foreign_country,45,2026-02-17 06:19:58
666,10783,4120,high_amount;night_transaction;foreign_country,60,2026-02-25 02:12:17
667,10786,2163,high_amount;night_transaction;foreign_country,100,2026-01-03 03:41:50
668,10804,258,foreign_country,45,2026-01-15 21:50:53
669,10812,457,risk_score_threshold,65,2026-05-17 11:46:38
670,10821,2894,risk_score_threshold,40,2026-04-12 08:46:56
671,10860,1876,foreign_country,70,2026-05-10 12:15:59
672,10879,1303,risk_score_threshold,40,2026-01-30 23:42:36
673,10887,4663,risk_score_threshold,50,2026-03-09 08:20:46
674,10911,3392,risk_score_threshold,40,2026-04-01 21:29:09
675,10953,76,foreign_country,45,2026-06-10 17:59:47
676,10973,3810,high_amount;foreign_country,65,2026-06-20 22:22:01
677,10989,4395,high_amount;night_transaction;foreign_country,70,2026-03-13 00:44:57
678,10998,3559,risk_score_threshold,65,2026-02-07 09:02:15
679,11004,2411,risk_score_threshold,65,2026-03-18 16:44:43
680,11042,2047,high_amount;night_transaction;foreign_country,75,2026-02-28 00:29:25
681,11051,1402,high_amount;night_transaction;foreign_country,85,2026-05-03 03:03:05
682,11084,4961,foreign_country,45,2026-04-16 16:28:00
683,11091,2204,risk_score_threshold,40,2026-03-23 22:31:03
684,11097,3738,high_amount;night_transaction;foreign_country,85,2026-02-21 01:37:07
685,11103,4685,high_amount;foreign_country,75,2026-06-07 22:33:39
686,11123,277,high_amount;foreign_country,65,2026-02-01 23:12:34
687,11129,4152,high_amount;night_transaction;foreign_country,100,2026-06-11 05:35:41
688,11138,1826,foreign_country,45,2026-02-20 20:35:48
689,11150,1466,foreign_country,55,2026-01-30 16:07:01
690,11153,459,risk_score_threshold,40,2026-05-02 09:50:49
691,11154,1884,risk_score_threshold,40,2026-05-09 18:50:03
692,11166,1598,high_amount;night_transaction;foreign_country,75,2026-02-05 02:23:56
693,11168,3450,foreign_country,45,2026-05-20 23:28:38
694,11170,1875,risk_score_threshold,50,2026-04-25 20:10:00
695,11195,4385,risk_score_threshold,65,2026-01-16 22:17:32
696,11196,1739,high_amount;foreign_country,65,2026-03-25 22:57:56
697,11231,790,high_amount;foreign_country,65,2026-01-05 22:58:30
698,11233,3502,foreign_country,45,2026-04-04 22:46:21
699,11237,4396,risk_score_threshold,40,2026-02-20 12:38:17
700,11242,704,foreign_country,45,2026-01-05 06:20:42
701,11249,1766,risk_score_threshold,50,2026-04-09 10:59:01
702,11304,438,high_amount;night_transaction;foreign_country,85,2026-05-01 03:44:20
703,11305,2855,risk_score_threshold,40,2026-03-23 11:14:54
704,11309,1296,foreign_country,40,2026-02-27 17:39:54
705,11311,3494,risk_score_threshold,40,2026-01-31 16:19:44
706,11320,2653,high_amount;night_transaction;foreign_country,60,2026-01-02 02:57:44
707,11367,141,high_amount;night_transaction;foreign_country,100,2026-05-20 00:42:08
708,11377,3403,foreign_country,55,2026-02-08 14:42:58
709,11382,1617,high_amount;foreign_country,65,2026-05-14 23:48:45
710,11389,1715,risk_score_threshold,40,2026-06-17 08:55:13
711,11400,1506,high_amount;night_transaction;foreign_country,85,2026-02-08 03:55:27
712,11416,3739,risk_score_threshold,40,2026-05-03 23:06:02
713,11433,2305,risk_score_threshold,50,2026-04-15 23:25:11
714,11441,134,foreign_country,45,2026-04-14 18:34:36
715,11446,3186,high_amount;night_transaction;foreign_country,75,2026-01-14 05:07:56
716,11471,4705,risk_score_threshold,50,2026-06-10 15:38:14
717,11495,3681,foreign_country,60,2026-04-16 15:58:24
718,11498,3829,high_amount;night_transaction;foreign_country,75,2026-03-01 01:45:56
719,11509,343,foreign_country,45,2026-04-08 16:53:12
720,11528,321,risk_score_threshold,50,2026-04-11 06:33:09
721,11549,1999,high_amount;foreign_country,75,2026-04-30 22:07:57
722,11562,3171,high_amount;night_transaction;foreign_country,75,2026-01-12 05:46:24
723,11579,918,risk_score_threshold,65,2026-04-16 11:27:06
724,11581,879,risk_score_threshold,50,2026-01-01 07:10:58
725,11598,4950,foreign_country,45,2026-05-17 21:29:55
726,11617,2985,high_amount;night_transaction;foreign_country,75,2026-01-19 04:06:36
727,11642,738,foreign_country,45,2026-05-16 10:15:41
728,11644,2319,foreign_country,70,2026-03-10 22:38:33
729,11655,2042,risk_score_threshold,40,2026-04-20 22:25:06
730,11665,1813,night_transaction;foreign_country,70,2026-05-15 01:45:32
731,11680,2079,risk_score_threshold,40,2026-06-28 15:31:39
732,11686,2411,risk_score_threshold,40,2026-03-18 18:36:53
733,11713,3384,foreign_country,45,2026-02-13 16:08:34
734,11714,2325,risk_score_threshold,50,2026-02-14 15:49:45
735,11738,958,risk_score_threshold,65,2026-02-03 12:01:58
736,11798,906,foreign_country,45,2026-05-20 18:10:46
737,11814,2370,foreign_country,45,2026-02-08 06:50:13
738,11833,4663,risk_score_threshold,50,2026-04-07 07:00:25
739,11849,3978,foreign_country,45,2026-01-03 13:32:43
740,11850,2325,foreign_country,85,2026-06-27 06:42:43
741,11859,1945,foreign_country,70,2026-06-11 09:19:59
742,11866,3002,risk_score_threshold,50,2026-02-11 16:40:02
743,11879,2948,foreign_country,45,2026-04-01 17:09:27
744,11899,1876,risk_score_threshold,65,2026-01-13 06:48:51
745,11940,4582,high_amount;foreign_country,75,2026-02-08 23:07:09
746,11993,4629,foreign_country,55,2026-06-01 08:28:30
747,12030,1881,high_amount;night_transaction;foreign_country,100,2026-05-17 01:56:45
748,12033,4908,foreign_country,45,2026-03-26 16:53:54
749,12042,3431,foreign_country,60,2026-06-21 09:56:19
750,12074,4661,high_amount;night_transaction;foreign_country,85,2026-05-06 05:29:43
751,12080,49,high_amount;foreign_country,65,2026-05-25 22:05:42
752,12087,769,high_amount;night_transaction;foreign_country,60,2026-05-26 03:22:47
753,12110,4779,risk_score_threshold,65,2026-04-04 10:09:01
754,12134,3392,risk_score_threshold,40,2026-06-26 11:41:02
755,12135,3096,risk_score_threshold,50,2026-01-28 10:36:11
756,12142,418,high_amount;foreign_country,75,2026-04-18 23:49:31
757,12147,4268,high_amount;night_transaction;foreign_country,60,2026-03-15 00:50:49
758,12208,4317,risk_score_threshold,50,2026-03-19 22:09:48
759,12237,2079,risk_score_threshold,50,2026-06-09 21:32:41
760,12266,215,risk_score_threshold,65,2026-01-03 20:51:39
761,12289,1522,risk_score_threshold,65,2026-05-05 16:40:35
762,12304,1945,risk_score_threshold,60,2026-04-12 15:18:31
763,12317,349,high_amount;night_transaction;foreign_country,85,2026-06-05 01:47:38
764,12320,3536,risk_score_threshold,40,2026-05-08 08:55:20
765,12335,4444,foreign_country,45,2026-03-30 19:51:51
766,12343,1303,risk_score_threshold,65,2026-02-25 18:46:35
767,12348,4013,night_transaction;foreign_country,45,2026-01-27 00:01:06
768,12375,1028,foreign_country,45,2026-03-27 21:53:25
769,12425,457,foreign_country,60,2026-05-10 17:31:18
770,12429,4385,foreign_country,70,2026-03-16 12:41:30
771,12443,3011,risk_score_threshold,40,2026-02-01 15:43:11
772,12466,2773,risk_score_threshold,50,2026-03-04 07:43:37
773,12541,3597,high_amount;night_transaction;foreign_country,75,2026-04-21 03:37:37
774,12552,4751,foreign_country,45,2026-05-14 11:06:15
775,12586,3098,risk_score_threshold,50,2026-06-26 14:01:31
776,12629,251,risk_score_threshold,40,2026-05-08 12:23:29
777,12633,3681,risk_score_threshold,50,2026-03-14 10:39:56
778,12642,2411,foreign_country,45,2026-02-04 13:16:09
779,12661,4328,foreign_country,45,2026-06-10 10:26:58
780,12662,3964,risk_score_threshold,40,2026-03-31 16:37:35
781,12671,2556,risk_score_threshold,50,2026-03-26 11:15:14
782,12692,1884,risk_score_threshold,40,2026-03-25 07:50:26
783,12705,3731,risk_score_threshold,50,2026-02-28 22:24:39
784,12744,1994,foreign_country,45,2026-04-05 12:36:58
785,12773,1763,high_amount;night_transaction;foreign_country,100,2026-04-17 05:21:24
786,12789,3126,risk_score_threshold,40,2026-02-11 06:46:43
787,12794,2249,foreign_country,85,2026-06-22 22:08:24
788,12802,3964,risk_score_threshold,40,2026-05-15 12:21:58
789,12813,3494,risk_score_threshold,40,2026-03-01 22:11:00
790,12819,1423,risk_score_threshold,40,2026-04-11 11:15:44
791,12822,3647,foreign_country,45,2026-01-07 17:53:59
792,12836,2436,foreign_country,40,2026-01-17 07:56:00
793,12854,284,high_amount;foreign_country,100,2026-02-11 23:51:04
794,12856,4228,risk_score_threshold,40,2026-01-22 11:44:06
795,12873,2213,high_amount;foreign_country,65,2026-06-04 23:26:30
796,12883,3382,foreign_country,45,2026-02-05 11:57:58
797,12898,758,high_amount;night_transaction;foreign_country,100,2026-01-17 00:32:24
798,12931,2476,high_amount;night_transaction;foreign_country,100,2026-01-24 05:10:09
799,12937,2012,foreign_country,45,2026-05-14 10:28:22
800,12962,278,foreign_country,45,2026-02-18 19:18:35
801,13003,4187,foreign_country,45,2026-02-03 10:55:57
802,13029,311,high_amount;night_transaction;foreign_country,75,2026-06-18 00:01:09
803,13037,1238,foreign_country,45,2026-01-06 19:24:09
804,13047,2255,risk_score_threshold,40,2026-02-19 17:45:09
805,13084,4995,high_amount;foreign_country,60,2026-03-01 23:51:11
806,13111,1135,high_amount;night_transaction;foreign_country,100,2026-02-11 04:51:46
807,13121,745,risk_score_threshold,40,2026-05-16 08:00:14
808,13137,496,risk_score_threshold,40,2026-05-23 12:32:47
809,13150,2765,foreign_country,45,2026-01-28 10:30:58
810,13285,1872,foreign_country,85,2026-05-26 14:54:52
811,13312,1920,risk_score_threshold,40,2026-04-04 07:30:14
812,13334,882,risk_score_threshold,65,2026-04-18 06:56:30
813,13340,1351,risk_score_threshold,40,2026-01-06 07:09:12
814,13363,758,risk_score_threshold,65,2026-04-21 12:23:01
815,13370,2739,risk_score_threshold,40,2026-04-23 21:58:48
816,13374,3964,risk_score_threshold,40,2026-06-28 21:34:33
817,13385,4219,risk_score_threshold,40,2026-02-14 14:46:33
818,13393,3750,risk_score_threshold,40,2026-01-11 10:04:33
819,13402,4717,night_transaction;foreign_country,45,2026-03-09 03:00:34
820,13408,491,foreign_country,45,2026-04-13 23:53:12
821,13427,2249,risk_score_threshold,65,2026-02-21 10:07:40
822,13459,2953,foreign_country,45,2026-01-30 15:32:42
823,13462,2858,risk_score_threshold,75,2026-01-04 20:40:50
824,13468,2037,foreign_country,60,2026-03-05 17:14:49
825,13473,3126,risk_score_threshold,65,2026-02-17 07:49:57
826,13483,4583,high_amount;night_transaction;foreign_country,75,2026-04-11 01:05:11
827,13495,4299,foreign_country,85,2026-06-15 17:49:40
828,13500,2466,foreign_country,45,2026-01-09 11:57:52
829,13588,3164,risk_score_threshold,40,2026-02-06 20:13:54
830,13589,3002,risk_score_threshold,50,2026-01-25 19:01:28
831,13599,2894,foreign_country,60,2026-02-05 10:27:46
832,13603,3063,high_amount;night_transaction;foreign_country,75,2026-02-21 05:27:20
833,13618,3833,high_amount;night_transaction;foreign_country,100,2026-03-15 04:58:09
834,13627,3600,high_amount;foreign_country,65,2026-01-08 23:26:33
835,13653,3318,foreign_country,85,2026-04-17 21:31:31
836,13706,1127,foreign_country,45,2026-06-04 16:45:51
837,13709,3666,foreign_country,45,2026-01-07 11:47:19
838,13723,2436,foreign_country,55,2026-06-05 16:34:49
839,13726,1496,foreign_country,45,2026-02-24 08:32:08
840,13732,2325,risk_score_threshold,50,2026-04-06 14:22:45
841,13773,339,foreign_country,60,2026-05-10 14:50:46
842,13807,3547,risk_score_threshold,50,2026-06-12 06:13:19
843,13850,1672,risk_score_threshold,40,2026-01-22 16:43:59
844,13915,3809,risk_score_threshold,65,2026-02-06 16:41:23
845,13925,254,risk_score_threshold,40,2026-02-01 15:25:20
846,13928,3206,high_amount;night_transaction;foreign_country,60,2026-03-25 03:35:51
847,13931,2983,foreign_country,45,2026-06-29 22:20:03
848,13935,4178,risk_score_threshold,40,2026-02-24 20:45:17
849,13941,3276,risk_score_threshold,75,2026-03-28 11:56:17
850,13945,2175,risk_score_threshold,40,2026-02-28 19:00:08
851,13961,4152,risk_score_threshold,40,2026-01-09 22:33:33
852,13987,30,foreign_country,45,2026-06-23 17:29:57
853,13989,882,risk_score_threshold,65,2026-06-27 06:39:31
854,14020,533,foreign_country,55,2026-06-10 17:04:27
855,14024,745,risk_score_threshold,50,2026-02-11 15:56:54
856,14026,931,risk_score_threshold,40,2026-02-16 13:46:21
857,14028,4367,foreign_country,40,2026-01-10 20:09:44
858,14042,2298,high_amount;night_transaction;foreign_country,95,2026-01-04 01:22:40
859,14124,3431,risk_score_threshold,65,2026-05-18 16:49:24
860,14139,2894,risk_score_threshold,50,2026-02-12 19:21:59
861,14206,1605,risk_score_threshold,40,2026-04-18 17:29:07
862,14211,552,high_amount;night_transaction;foreign_country,75,2026-06-07 04:55:47
863,14212,3043,risk_score_threshold,65,2026-01-01 21:39:04
864,14213,1109,foreign_country,45,2026-01-24 16:10:41
865,14230,248,foreign_country,45,2026-06-04 10:46:25
866,14254,2079,risk_score_threshold,50,2026-03-11 08:15:33
867,14284,2700,risk_score_threshold,40,2026-06-01 16:59:39
868,14287,2695,risk_score_threshold,50,2026-06-09 11:30:11
869,14311,4804,foreign_country,45,2026-05-12 11:04:33
870,14316,2254,high_amount;night_transaction;foreign_country,85,2026-02-13 01:09:02
871,14341,4253,risk_score_threshold,50,2026-04-28 17:42:07
872,14348,2756,foreign_country,45,2026-02-28 13:12:15
873,14356,3958,foreign_country,45,2026-01-11 18:40:47
874,14364,4751,foreign_country,45,2026-03-24 12:39:50
875,14377,2873,risk_score_threshold,50,2026-02-14 23:09:39
876,14380,4304,high_amount;foreign_country,100,2026-06-04 22:18:08
877,14393,3298,high_amount;night_transaction;foreign_country,85,2026-06-21 03:58:45
878,14395,904,foreign_country,45,2026-04-17 22:24:31
879,14403,2494,foreign_country,45,2026-06-05 06:51:04
880,14405,4789,high_amount;night_transaction;foreign_country,75,2026-05-10 04:15:53
881,14424,4119,risk_score_threshold,65,2026-04-02 17:31:30
882,14444,4276,foreign_country,60,2026-01-03 23:01:13
883,14458,4396,risk_score_threshold,50,2026-02-21 23:32:56
884,14477,493,risk_score_threshold,40,2026-02-14 17:19:22
885,14478,2770,risk_score_threshold,40,2026-01-20 13:39:48
886,14482,4118,risk_score_threshold,50,2026-01-07 06:30:24
887,14526,1885,high_amount;night_transaction;foreign_country,75,2026-06-15 00:20:50
888,14543,2555,foreign_country,45,2026-05-21 14:41:49
889,14562,3798,foreign_country,45,2026-01-05 18:47:20
890,14582,4867,risk_score_threshold,40,2026-03-02 17:47:16
891,14583,4166,risk_score_threshold,40,2026-01-10 14:47:26
892,14605,1660,risk_score_threshold,40,2026-06-04 14:31:19
893,14606,3627,night_transaction;foreign_country,55,2026-03-10 02:57:57
894,14614,3043,risk_score_threshold,65,2026-06-21 08:26:54
895,14645,2695,risk_score_threshold,50,2026-04-22 17:35:39
896,14665,2556,risk_score_threshold,40,2026-01-12 09:58:26
897,14678,2733,high_amount;night_transaction;foreign_country,70,2026-06-13 02:27:10
898,14767,4118,risk_score_threshold,40,2026-06-17 19:16:16
899,14768,1001,high_amount;night_transaction;foreign_country,85,2026-02-14 03:07:40
900,14774,4993,high_amount;foreign_country,50,2026-06-25 22:58:45
901,14792,215,risk_score_threshold,50,2026-02-04 14:08:38
902,14804,2643,risk_score_threshold,40,2026-02-17 12:32:38
903,14810,4087,foreign_country,45,2026-04-20 18:21:46
904,14823,1875,foreign_country,60,2026-05-14 08:56:45
905,14825,4201,foreign_country,45,2026-03-19 16:55:26
906,14831,4628,risk_score_threshold,50,2026-06-26 12:20:55
907,14832,4876,foreign_country,45,2026-04-17 14:46:36
908,14834,1605,high_amount;night_transaction;foreign_country,100,2026-03-10 00:51:36
909,14857,3681,risk_score_threshold,50,2026-05-22 11:46:31
910,14895,339,risk_score_threshold,65,2026-03-11 09:38:59
911,14908,2065,risk_score_threshold,50,2026-03-01 16:21:21
912,14913,27,risk_score_threshold,40,2026-06-21 23:39:28
913,14916,2489,high_amount;night_transaction;foreign_country,85,2026-03-30 01:56:37
914,14918,4965,high_amount;foreign_country,90,2026-02-20 23:10:45
915,14930,4396,risk_score_threshold,65,2026-01-12 07:35:15
916,15021,1522,risk_score_threshold,40,2026-04-12 12:28:35
917,15034,3096,foreign_country,70,2026-01-01 07:36:52
918,15047,1351,risk_score_threshold,50,2026-04-27 22:10:50
919,15079,4772,foreign_country,45,2026-03-31 12:44:59
920,15080,4652,foreign_country,45,2026-04-08 15:04:33
921,15086,3126,risk_score_threshold,40,2026-01-02 19:25:40
922,15088,2325,risk_score_threshold,65,2026-01-19 08:45:31
923,15091,1309,risk_score_threshold,50,2026-01-13 22:18:17
924,15094,3290,foreign_country,45,2026-04-04 23:00:07
925,15107,83,high_amount;night_transaction;foreign_country,75,2026-05-30 01:04:41
926,15116,998,foreign_country,45,2026-04-11 18:49:55
927,15139,3146,risk_score_threshold,50,2026-05-04 14:16:12
928,15149,4486,risk_score_threshold,50,2026-06-18 17:02:27
929,15185,533,foreign_country,55,2026-05-06 12:19:35
930,15206,1351,risk_score_threshold,40,2026-01-28 09:30:55
931,15208,267,high_amount;night_transaction;foreign_country,85,2026-04-25 00:58:13
932,15226,2738,risk_score_threshold,40,2026-01-04 20:14:11
933,15238,832,foreign_country,45,2026-06-22 20:19:58
934,15264,2079,risk_score_threshold,50,2026-04-07 08:13:00
935,15265,3968,foreign_country,45,2026-01-21 18:04:52
936,15280,931,risk_score_threshold,40,2026-05-15 12:54:07
937,15291,3011,risk_score_threshold,50,2026-06-05 21:50:05
938,15294,86,risk_score_threshold,65,2026-06-19 07:21:15
939,15296,2925,high_amount;foreign_country,90,2026-06-16 23:46:09
940,15301,3974,risk_score_threshold,40,2026-04-02 13:27:54
941,15342,3043,risk_score_threshold,50,2026-04-23 22:08:03
942,15347,990,high_amount;night_transaction;foreign_country,60,2026-05-31 01:14:31
943,15381,665,risk_score_threshold,65,2026-05-15 17:55:17
944,15382,4041,foreign_country,60,2026-06-29 22:58:08
945,15388,1291,high_amount;night_transaction;foreign_country,60,2026-03-19 05:05:26
946,15391,1309,risk_score_threshold,40,2026-01-07 07:44:21
947,15396,4043,foreign_country,45,2026-03-03 07:34:03
948,15401,3907,foreign_country,45,2026-05-20 19:56:51
949,15425,638,foreign_country,45,2026-04-06 21:36:01
950,15467,2913,foreign_country,60,2026-04-08 07:50:12
951,15471,993,foreign_country,45,2026-02-24 20:25:39
952,15491,1687,foreign_country,45,2026-06-12 15:41:00
953,15499,3136,foreign_country,45,2026-06-05 13:46:08
954,15501,3130,risk_score_threshold,50,2026-01-29 19:57:52
955,15537,4928,risk_score_threshold,40,2026-03-23 18:14:38
956,15547,743,foreign_country,70,2026-05-02 16:08:31
957,15550,3668,risk_score_threshold,65,2026-06-21 12:13:40
958,15552,3126,risk_score_threshold,40,2026-06-21 07:26:20
959,15559,3703,risk_score_threshold,40,2026-05-10 19:45:23
960,15579,251,risk_score_threshold,40,2026-05-11 12:27:08
961,15592,1492,high_amount;night_transaction;foreign_country,85,2026-03-12 02:29:30
962,15598,27,risk_score_threshold,65,2026-03-03 21:25:05
963,15602,4486,risk_score_threshold,65,2026-05-18 23:55:49
964,15610,3050,high_amount;night_transaction;foreign_country,75,2026-03-02 04:30:38
965,15624,4398,foreign_country,45,2026-01-02 19:33:36
966,15626,2013,high_amount;night_transaction;foreign_country,60,2026-06-04 03:24:26
967,15658,4037,high_amount;night_transaction;foreign_country,85,2026-06-01 01:52:14
968,15688,4299,high_amount;night_transaction;foreign_country,70,2026-03-29 03:03:04
969,15720,4779,high_amount;foreign_country,100,2026-04-16 22:06:48
970,15737,1047,foreign_country,45,2026-06-28 22:26:46
971,15738,3494,risk_score_threshold,40,2026-01-27 13:52:11
972,15740,168,foreign_country,45,2026-06-23 14:14:21
973,15758,3242,risk_score_threshold,40,2026-03-19 12:49:00
974,15793,1914,risk_score_threshold,65,2026-03-13 13:24:22
975,15801,3964,risk_score_threshold,40,2026-05-18 15:00:11
976,15810,1920,risk_score_threshold,65,2026-05-06 17:47:28
977,15839,2591,risk_score_threshold,50,2026-03-07 22:47:19
978,15875,1439,foreign_country,45,2026-05-04 19:13:56
979,15892,3034,risk_score_threshold,40,2026-03-12 23:11:42
980,15896,2169,high_amount;night_transaction;foreign_country,60,2026-02-09 01:39:04
981,15904,4190,risk_score_threshold,65,2026-03-30 10:26:18
982,15926,2218,high_amount;foreign_country,65,2026-02-11 22:23:52
983,15929,3613,risk_score_threshold,40,2026-05-19 18:44:49
984,15936,400,risk_score_threshold,40,2026-04-09 07:57:02
985,15942,3640,risk_score_threshold,50,2026-06-10 19:15:54
986,15956,2643,risk_score_threshold,50,2026-01-15 21:44:06
987,16009,3052,foreign_country,45,2026-03-31 22:31:54
988,16020,2894,risk_score_threshold,50,2026-02-11 15:21:26
989,16041,3543,high_amount;foreign_country,75,2026-03-30 22:57:28
990,16052,3739,risk_score_threshold,40,2026-01-25 10:14:40
991,16058,1825,high_amount;night_transaction;foreign_country,100,2026-03-14 05:32:18
992,16066,343,foreign_country,45,2026-05-25 09:38:53
993,16069,4250,risk_score_threshold,40,2026-06-01 15:23:23
994,16075,1480,high_amount;night_transaction;foreign_country,75,2026-04-13 01:11:10
995,16076,648,foreign_country,45,2026-05-29 06:24:32
996,16095,1500,high_amount;night_transaction;foreign_country,75,2026-02-27 00:57:57
997,16103,1221,high_amount;foreign_country,75,2026-01-29 22:45:22
998,16137,1544,high_amount;night_transaction;foreign_country,75,2026-05-15 00:55:14
999,16141,1350,foreign_country,45,2026-02-16 17:53:44
1000,16144,2773,risk_score_threshold,65,2026-01-29 14:11:15
1001,16155,1205,high_amount;night_transaction;foreign_country,75,2026-02-12 02:37:59
1002,16167,4211,risk_score_threshold,40,2026-05-08 12:03:54
1003,16179,3405,risk_score_threshold,65,2026-04-14 09:21:09
1004,16204,271,night_transaction;foreign_country,55,2026-01-30 05:20:24
1005,16216,430,foreign_country,60,2026-06-24 17:27:54
1006,16223,672,high_amount;night_transaction;foreign_country,70,2026-05-23 02:38:20
1007,16242,1766,risk_score_threshold,50,2026-04-20 06:18:50
1008,16254,3425,foreign_country,55,2026-04-23 07:04:23
1009,16276,1945,risk_score_threshold,50,2026-02-03 07:54:58
1010,16278,2571,foreign_country,45,2026-05-18 09:53:30
1011,16291,4726,risk_score_threshold,40,2026-05-14 08:31:21
1012,16324,2472,foreign_country,45,2026-01-12 07:38:39
1013,16359,2448,high_amount;night_transaction;foreign_country,75,2026-04-06 04:31:22
1014,16365,1207,high_amount;night_transaction;foreign_country,100,2026-04-02 01:57:49
1015,16398,4817,foreign_country,45,2026-03-12 20:22:00
1016,16442,1876,risk_score_threshold,50,2026-01-24 20:40:06
1017,16463,1482,foreign_country,45,2026-03-29 14:00:30
1018,16485,2079,risk_score_threshold,40,2026-03-13 10:24:07
1019,16491,1309,risk_score_threshold,50,2026-04-12 13:27:42
1020,16496,4929,foreign_country,40,2026-05-23 13:38:46
1021,16503,2806,risk_score_threshold,40,2026-03-25 07:54:52
1022,16507,4789,foreign_country,45,2026-05-16 08:01:14
1023,16516,4602,night_transaction;foreign_country,70,2026-04-08 01:06:04
1024,16541,3964,risk_score_threshold,40,2026-02-16 21:35:24
1025,16542,1028,high_amount;night_transaction;foreign_country,100,2026-03-01 05:36:53
1026,16548,1112,high_amount;foreign_country,65,2026-02-11 23:41:34
1027,16551,4540,high_amount;foreign_country,65,2026-01-07 22:31:28
1028,16588,4422,risk_score_threshold,50,2026-01-16 15:46:03
1029,16597,86,risk_score_threshold,40,2026-03-05 20:00:49
1030,16600,1789,risk_score_threshold,40,2026-02-02 13:01:30
1031,16642,3081,foreign_country,45,2026-05-13 16:53:56
1032,16646,4663,risk_score_threshold,50,2026-04-14 15:05:24
1033,16664,2042,risk_score_threshold,50,2026-01-15 11:40:07
1034,16676,3387,risk_score_threshold,40,2026-01-11 13:48:32
1035,16677,4478,risk_score_threshold,50,2026-01-05 11:25:41
1036,16711,2855,risk_score_threshold,65,2026-04-16 14:57:28
1037,16713,3456,foreign_country,45,2026-03-11 07:59:41
1038,16723,4551,high_amount;night_transaction;foreign_country,70,2026-05-10 00:52:31
1039,16768,2225,risk_score_threshold,40,2026-05-23 22:06:53
1040,16806,2459,risk_score_threshold,40,2026-06-02 20:31:29
1041,16813,3137,foreign_country,40,2026-05-04 12:51:03
1042,16824,2684,foreign_country,85,2026-04-06 12:48:56
1043,16901,4381,high_amount;night_transaction;foreign_country,95,2026-01-26 04:49:42
1044,16908,2769,high_amount;night_transaction;foreign_country,85,2026-01-01 00:05:58
1045,16930,3809,risk_score_threshold,50,2026-06-12 20:53:49
1046,16944,4385,risk_score_threshold,50,2026-03-28 17:27:19
1047,16945,3654,high_amount;night_transaction;foreign_country,100,2026-04-24 03:08:59
1048,17012,265,high_amount;night_transaction;foreign_country,100,2026-03-22 01:47:40
1049,17027,2869,risk_score_threshold,40,2026-04-19 20:40:26
1050,17048,4230,foreign_country,60,2026-06-25 18:08:24
1051,17055,3011,risk_score_threshold,50,2026-03-16 22:45:09
1052,17056,989,high_amount;night_transaction;foreign_country,70,2026-06-04 01:49:57
1053,17095,3474,high_amount;night_transaction;foreign_country,85,2026-06-20 01:41:47
1054,17104,2873,risk_score_threshold,50,2026-06-26 23:06:52
1055,17107,665,risk_score_threshold,40,2026-02-02 21:09:23
1056,17111,3260,high_amount;foreign_country,65,2026-02-06 22:49:01
1057,17118,246,high_amount;night_transaction;foreign_country,80,2026-02-06 03:36:26
1058,17135,2505,foreign_country,45,2026-06-13 07:44:15
1059,17144,3668,risk_score_threshold,40,2026-05-11 23:03:32
1060,17202,2026,foreign_country,45,2026-04-15 23:30:47
1061,17228,1299,risk_score_threshold,65,2026-04-03 12:00:56
1062,17249,2204,risk_score_threshold,40,2026-05-03 16:45:30
1063,17253,2972,high_amount;night_transaction;foreign_country,70,2026-06-22 04:45:25
1064,17259,2183,foreign_country,45,2026-06-28 07:35:37
1065,17266,4549,high_amount;foreign_country,65,2026-06-11 23:53:55
1066,17294,4045,foreign_country,45,2026-02-11 06:46:17
1067,17300,851,high_amount;night_transaction;foreign_country,85,2026-06-20 04:10:03
1068,17311,3104,risk_score_threshold,65,2026-05-12 15:59:31
1069,17336,3761,high_amount;night_transaction;foreign_country,60,2026-03-13 00:43:25
1070,17342,3254,risk_score_threshold,50,2026-04-09 19:18:23
1071,17347,374,foreign_country,45,2026-03-27 09:06:46
1072,17368,4899,high_amount;foreign_country,90,2026-05-12 23:22:23
1073,17374,3238,foreign_country,45,2026-02-21 08:27:31
1074,17376,1531,foreign_country,45,2026-06-12 11:37:33
1075,17378,1682,foreign_country,45,2026-03-24 20:32:00
1076,17405,3612,risk_score_threshold,40,2026-02-26 16:34:26
1077,17411,2301,foreign_country,45,2026-05-10 21:16:33
1078,17445,1056,high_amount;foreign_country,65,2026-01-20 22:21:15
1079,17492,3164,foreign_country,85,2026-02-25 08:01:10
1080,17495,1898,night_transaction;foreign_country,45,2026-03-16 05:19:25
1081,17504,2653,high_amount;foreign_country,65,2026-02-06 22:37:29
1082,17510,2770,risk_score_threshold,65,2026-06-26 17:48:51
1083,17530,3337,foreign_country,45,2026-03-10 17:44:02
1084,17537,1930,foreign_country,60,2026-04-19 09:29:17
1085,17575,4190,foreign_country,45,2026-04-08 22:02:09
1086,17577,1135,risk_score_threshold,65,2026-02-11 08:23:24
1087,17580,270,high_amount;night_transaction;foreign_country,85,2026-05-09 00:32:59
1088,17592,4486,risk_score_threshold,40,2026-03-25 11:15:06
1089,17596,2319,foreign_country,70,2026-03-05 23:11:44
1090,17615,1723,high_amount;night_transaction;foreign_country,85,2026-03-15 00:14:15
1091,17624,2204,risk_score_threshold,40,2026-04-19 08:42:24
1092,17625,1605,risk_score_threshold,65,2026-03-14 23:40:22
1093,17632,2990,foreign_country,45,2026-04-14 10:23:51
1094,17647,1266,foreign_country,45,2026-01-17 18:05:10
1095,17666,2249,risk_score_threshold,50,2026-06-15 07:02:44
1096,17681,3104,risk_score_threshold,40,2026-02-02 11:13:18
1097,17683,4540,risk_score_threshold,40,2026-01-27 07:25:55
1098,17710,4201,foreign_country,45,2026-04-01 11:03:20
1099,17713,1814,foreign_country,45,2026-02-12 23:21:53
1100,17753,4190,risk_score_threshold,50,2026-04-05 08:28:48
1101,17767,3536,risk_score_threshold,40,2026-04-24 17:19:50
1102,17769,226,foreign_country,45,2026-05-26 19:40:40
1103,17796,3668,risk_score_threshold,40,2026-04-14 10:42:33
1104,17814,372,night_transaction;foreign_country,55,2026-02-20 03:32:54
1105,17821,1301,foreign_country,70,2026-03-04 14:55:19
1106,17828,1844,foreign_country,45,2026-05-17 22:50:40
1107,17837,2407,high_amount;night_transaction;foreign_country,85,2026-03-25 00:37:50
1108,17853,2204,risk_score_threshold,65,2026-01-24 20:01:03
1109,17859,4530,foreign_country,45,2026-04-21 07:23:33
1110,17879,2977,high_amount;night_transaction;foreign_country,100,2026-05-17 02:39:35
1111,17895,3215,foreign_country,40,2026-01-02 10:38:40
1112,17897,2643,risk_score_threshold,40,2026-04-22 09:39:47
1113,17902,3575,foreign_country,45,2026-02-04 14:18:58
1114,17921,1813,foreign_country,45,2026-05-11 12:12:34
1115,17923,4422,foreign_country,60,2026-03-24 18:17:30
1116,17924,4663,risk_score_threshold,40,2026-01-11 19:55:32
1117,17937,1388,night_transaction;foreign_country,55,2026-05-05 01:55:47
1118,17941,4779,risk_score_threshold,50,2026-03-27 13:17:13
1119,17968,3764,high_amount;foreign_country,90,2026-06-25 23:19:46
1120,17980,1876,high_amount;foreign_country,100,2026-01-19 23:58:36
1121,17983,4726,risk_score_threshold,40,2026-05-16 23:52:06
1122,18031,4118,risk_score_threshold,50,2026-03-03 09:26:42
1123,18033,4486,risk_score_threshold,40,2026-01-01 18:24:25
1124,18036,2325,risk_score_threshold,50,2026-06-14 16:58:01
1125,18039,610,foreign_country,45,2026-05-11 17:27:38
1126,18048,1178,risk_score_threshold,40,2026-02-03 20:03:42
1127,18050,2869,risk_score_threshold,40,2026-02-15 21:04:56
1128,18057,4663,foreign_country,60,2026-05-29 19:23:47
1129,18075,758,risk_score_threshold,50,2026-01-07 06:09:29
1130,18080,1718,risk_score_threshold,40,2026-06-15 19:46:16
1131,18084,4557,risk_score_threshold,50,2026-06-15 19:46:20
1132,18136,445,high_amount;night_transaction;foreign_country,75,2026-01-25 05:08:04
1133,18140,503,foreign_country,45,2026-03-04 16:24:12
1134,18153,1594,night_transaction;foreign_country,45,2026-01-23 04:08:03
1135,18158,4928,risk_score_threshold,40,2026-06-17 09:39:38
1136,18185,1299,foreign_country,60,2026-04-16 21:04:04
1137,18200,3410,foreign_country,45,2026-05-27 14:41:05
1138,18245,2074,high_amount;night_transaction;foreign_country,75,2026-03-17 00:41:35
1139,18261,3993,high_amount;foreign_country,65,2026-04-28 23:51:57
1140,18266,651,foreign_country,45,2026-04-16 19:54:42
1141,18314,1629,foreign_country,70,2026-02-21 06:22:52
1142,18331,2372,risk_score_threshold,40,2026-01-07 19:39:00
1143,18345,1299,risk_score_threshold,40,2026-02-02 17:14:13
1144,18353,2225,risk_score_threshold,40,2026-06-14 12:23:28
1145,18384,4119,risk_score_threshold,65,2026-06-01 17:51:00
1146,18404,4196,high_amount;night_transaction;foreign_country,100,2026-03-07 05:29:13
1147,18406,4855,foreign_country,55,2026-01-05 09:48:15
1148,18426,4478,risk_score_threshold,40,2026-05-14 06:30:42
1149,18440,745,risk_score_threshold,40,2026-04-21 21:00:30
1150,18454,2246,foreign_country,45,2026-06-16 21:45:56
1151,18474,3696,risk_score_threshold,75,2026-03-22 08:11:59
1152,18485,397,risk_score_threshold,65,2026-03-12 08:36:20
1153,18497,3985,high_amount;night_transaction;foreign_country,85,2026-06-28 01:28:44
1154,18548,2203,high_amount;night_transaction;foreign_country,75,2026-06-23 03:00:06
1155,18552,397,foreign_country,60,2026-04-27 10:56:35
1156,18584,990,foreign_country,45,2026-02-04 12:38:48
1157,18585,2599,foreign_country,40,2026-03-31 23:23:46
1158,18588,3096,foreign_country,60,2026-01-12 12:12:13
1159,18598,41,high_amount;night_transaction;foreign_country,100,2026-05-21 04:42:22
1160,18619,4557,risk_score_threshold,50,2026-05-22 17:59:27
1161,18665,1546,high_amount;night_transaction;foreign_country,60,2026-06-15 00:11:52
1162,18676,339,risk_score_threshold,40,2026-05-20 16:34:52
1163,18681,4765,foreign_country,45,2026-05-31 22:03:24
1164,18689,4585,foreign_country,70,2026-03-07 23:28:36
1165,18690,4690,high_amount;night_transaction;foreign_country,60,2026-04-05 02:23:25
1166,18729,736,risk_score_threshold,40,2026-06-13 22:41:23
1167,18737,1920,risk_score_threshold,65,2026-06-09 16:07:53
1168,18802,1178,risk_score_threshold,50,2026-04-19 06:21:17
1169,18807,3431,risk_score_threshold,40,2026-03-27 14:59:08
1170,18824,2434,foreign_country,45,2026-01-18 19:25:17
1171,18836,2490,foreign_country,45,2026-01-06 07:05:53
1172,18842,3150,risk_score_threshold,40,2026-02-18 23:03:16
1173,18861,745,risk_score_threshold,50,2026-01-06 09:53:39
1174,18864,1284,risk_score_threshold,50,2026-06-14 23:57:38
1175,18901,4058,high_amount;foreign_country,75,2026-04-22 22:05:42
1176,18903,872,high_amount;foreign_country,90,2026-05-11 23:31:18
1177,18922,27,risk_score_threshold,40,2026-04-27 14:38:32
1178,18925,3883,night_transaction;foreign_country,70,2026-01-20 01:18:53
1179,18957,3703,risk_score_threshold,50,2026-06-16 16:45:53
1180,18970,3276,risk_score_threshold,75,2026-01-02 23:21:21
1181,18995,2222,foreign_country,55,2026-06-05 13:41:25
1182,19000,4918,high_amount;night_transaction;foreign_country,85,2026-06-09 02:54:15
1183,19030,552,foreign_country,45,2026-04-21 06:53:14
1184,19054,4458,high_amount;night_transaction;foreign_country,75,2026-02-10 02:10:55
1185,19080,4533,risk_score_threshold,50,2026-06-03 23:21:09
1186,19090,4832,high_amount;night_transaction;foreign_country,75,2026-02-22 02:50:20
1187,19096,1522,foreign_country,85,2026-02-23 14:32:49
1188,19127,2700,risk_score_threshold,50,2026-06-04 06:45:48
1189,19146,2068,foreign_country,45,2026-06-20 10:03:55
1190,19152,380,foreign_country,45,2026-06-27 11:50:14
1191,19214,3310,high_amount;foreign_country,65,2026-04-06 23:22:53
1192,19224,3642,risk_score_threshold,40,2026-06-22 20:26:21
1193,19245,1629,risk_score_threshold,50,2026-06-12 07:30:31
1194,19249,4628,foreign_country,60,2026-01-03 09:37:54
1195,19253,2754,high_amount;foreign_country,50,2026-04-04 22:38:03
1196,19257,1248,high_amount;night_transaction;foreign_country,70,2026-06-02 04:46:15
1197,19269,3879,risk_score_threshold,40,2026-01-27 19:03:10
1198,19277,4224,foreign_country,45,2026-06-04 17:12:49
1199,19295,2057,high_amount;night_transaction;foreign_country,75,2026-04-21 00:19:20
1200,19325,3318,foreign_country,60,2026-01-10 20:34:52
1201,19326,4505,foreign_country,45,2026-04-20 08:06:26
1202,19345,4968,foreign_country,40,2026-06-08 06:12:45
1203,19362,1881,risk_score_threshold,40,2026-03-08 10:06:30
1204,19370,254,risk_score_threshold,65,2026-01-16 21:48:10
1205,19379,3657,risk_score_threshold,65,2026-02-05 14:05:06
1206,19383,3642,risk_score_threshold,40,2026-05-17 23:22:36
1207,19391,3318,risk_score_threshold,50,2026-02-17 06:15:35
1208,19400,4134,foreign_country,45,2026-02-22 07:48:46
1209,19432,900,high_amount;night_transaction;foreign_country,75,2026-02-14 03:58:38
1210,19434,2244,risk_score_threshold,40,2026-04-10 19:50:11
1211,19473,3967,foreign_country,45,2026-04-29 13:19:28
1212,19522,2401,foreign_country,45,2026-02-24 17:31:01
1213,19541,82,foreign_country,45,2026-06-03 17:49:14
1214,19547,3625,high_amount;night_transaction;foreign_country,60,2026-02-14 04:12:05
1215,19595,2204,risk_score_threshold,40,2026-04-05 07:35:14
1216,19610,2065,risk_score_threshold,40,2026-01-08 23:18:47
1217,19633,3696,risk_score_threshold,75,2026-03-13 10:37:04
1218,19644,3613,risk_score_threshold,40,2026-04-29 06:13:46
1219,19646,4476,high_amount;night_transaction;foreign_country,85,2026-03-31 03:24:07
1220,19656,205,high_amount;foreign_country,90,2026-03-15 22:10:30
1221,19660,1289,foreign_country,45,2026-01-12 23:36:11
1222,19679,2494,high_amount;night_transaction;foreign_country,100,2026-03-01 03:55:31
1223,19739,2854,high_amount;foreign_country,65,2026-01-16 22:45:35
1224,19743,2381,risk_score_threshold,40,2026-06-11 13:56:23
1225,19750,4757,foreign_country,45,2026-03-18 18:30:14
1226,19758,4250,foreign_country,45,2026-03-30 09:26:32
1227,19781,1294,foreign_country,45,2026-06-14 21:05:55
1228,19783,116,high_amount;night_transaction;foreign_country,100,2026-05-13 04:53:31
1229,19786,3276,risk_score_threshold,60,2026-03-04 09:49:44
1230,19794,4628,risk_score_threshold,50,2026-05-28 18:29:05
1231,19813,958,foreign_country,85,2026-06-23 14:49:08
1232,19838,2869,risk_score_threshold,40,2026-04-12 18:24:31
1233,19848,3577,foreign_country,45,2026-05-09 11:29:42
1234,19882,3228,high_amount;night_transaction;foreign_country,75,2026-03-24 04:58:39
1235,19883,3307,foreign_country,45,2026-04-16 17:15:38
1236,19903,4145,high_amount;night_transaction;foreign_country,85,2026-04-25 03:28:49
1237,19907,1762,high_amount;night_transaction;foreign_country,75,2026-04-26 03:32:44
1238,19915,3097,foreign_country,45,2026-01-01 22:49:48
1239,19926,444,foreign_country,45,2026-02-26 16:05:05
1240,19929,4779,risk_score_threshold,40,2026-06-27 06:29:11
1241,19935,2855,risk_score_threshold,40,2026-06-02 17:05:14
1242,19942,879,risk_score_threshold,50,2026-02-19 08:17:20
1243,19947,1301,risk_score_threshold,40,2026-01-29 11:51:54
1244,19949,1253,risk_score_threshold,40,2026-03-13 08:58:30
1245,19964,2412,risk_score_threshold,50,2026-06-09 09:29:53
1246,19975,3181,risk_score_threshold,40,2026-04-14 18:43:06
1247,19983,4350,high_amount;night_transaction;foreign_country,100,2026-01-28 00:25:30
1248,19984,493,risk_score_threshold,50,2026-05-22 10:14:34
1249,20019,1351,risk_score_threshold,65,2026-05-20 09:22:59
1250,20040,2457,high_amount;night_transaction;foreign_country,100,2026-04-21 03:46:20
1251,20079,2381,risk_score_threshold,40,2026-06-11 12:03:39
1252,20082,3044,high_amount;night_transaction;foreign_country,70,2026-03-24 05:42:13
1253,20106,1338,risk_score_threshold,65,2026-06-17 17:51:35
1254,20114,2024,foreign_country,45,2026-03-18 20:32:27
1255,20119,3498,foreign_country,45,2026-03-08 13:45:03
1256,20125,1306,risk_score_threshold,50,2026-06-18 07:13:00
1257,20127,3254,risk_score_threshold,65,2026-04-28 12:30:39
1258,20157,1841,foreign_country,45,2026-05-19 14:57:24
1259,20167,4369,foreign_country,45,2026-06-07 14:30:22
1260,20173,2591,high_amount;night_transaction;foreign_country,100,2026-04-03 03:26:32
1261,20180,931,risk_score_threshold,40,2026-02-03 13:02:22
1262,20202,3150,foreign_country,60,2026-02-03 06:44:54
1263,20214,4902,risk_score_threshold,40,2026-06-19 17:49:23
1264,20243,2808,risk_score_threshold,40,2026-02-10 19:15:32
1265,20287,1469,risk_score_threshold,40,2026-01-29 09:03:43
1266,20303,4628,risk_score_threshold,40,2026-05-16 22:34:38
1267,20305,1412,high_amount;foreign_country,50,2026-01-14 22:13:14
1268,20309,4246,risk_score_threshold,40,2026-05-23 16:41:17
1269,20313,2249,high_amount;night_transaction;foreign_country,100,2026-05-02 03:21:14
1270,20314,2869,risk_score_threshold,65,2026-03-08 22:15:23
1271,20341,3165,risk_score_threshold,40,2026-05-27 22:03:02
1272,20346,2412,risk_score_threshold,75,2026-03-27 07:17:30
1273,20353,4017,high_amount;night_transaction;foreign_country,85,2026-05-30 02:23:54
1274,20390,2773,risk_score_threshold,40,2026-03-27 17:36:12
1275,20409,1796,high_amount;night_transaction;foreign_country,95,2026-01-23 01:47:55
1276,20439,3275,risk_score_threshold,65,2026-04-07 15:27:13
1277,20465,3663,high_amount;night_transaction;foreign_country,100,2026-03-27 02:41:00
1278,20484,70,foreign_country,80,2026-01-11 08:21:37
1279,20503,551,risk_score_threshold,40,2026-06-11 21:36:59
1280,20564,2381,risk_score_threshold,65,2026-05-23 09:48:56
1281,20583,4698,foreign_country,45,2026-02-13 21:07:48
1282,20594,1799,high_amount;foreign_country,65,2026-02-08 22:18:35
1283,20622,4146,risk_score_threshold,40,2026-01-02 17:17:25
1284,20627,101,high_amount;night_transaction;foreign_country,85,2026-02-05 04:44:42
1285,20638,2136,high_amount;night_transaction;foreign_country,75,2026-04-12 02:59:03
1286,20668,4585,risk_score_threshold,65,2026-05-17 18:46:48
1287,20677,3698,foreign_country,40,2026-04-18 15:07:44
1288,20688,1184,high_amount;night_transaction;foreign_country,85,2026-01-15 02:55:23
1289,20693,4894,high_amount;night_transaction;foreign_country,75,2026-04-19 05:41:50
1290,20700,2042,risk_score_threshold,40,2026-03-17 15:12:12
1291,20705,4035,foreign_country,45,2026-01-14 13:39:06
1292,20724,1629,foreign_country,70,2026-05-12 11:25:48
1293,20735,3547,risk_score_threshold,40,2026-06-28 18:05:00
1294,20737,3527,high_amount;foreign_country,75,2026-04-13 23:30:54
1295,20742,2850,high_amount;night_transaction;foreign_country,60,2026-02-16 02:41:41
1296,20756,1329,foreign_country,40,2026-04-06 23:23:43
1297,20763,3032,foreign_country,45,2026-02-05 13:33:32
1298,20783,3850,foreign_country,45,2026-05-16 18:24:03
1299,20806,3612,risk_score_threshold,40,2026-01-02 19:02:20
1300,20833,3159,foreign_country,45,2026-05-06 23:50:25
1301,20838,3178,foreign_country,45,2026-04-09 19:07:48
1302,20887,257,risk_score_threshold,40,2026-01-17 20:42:24
1303,20918,4346,foreign_country,45,2026-04-11 17:34:57
1304,20954,2298,foreign_country,40,2026-06-03 06:39:42
1305,20980,1901,foreign_country,45,2026-04-22 13:49:15
1306,20981,1876,risk_score_threshold,40,2026-05-12 13:54:16
1307,20989,2382,high_amount;night_transaction;foreign_country,75,2026-05-02 04:51:47
1308,21016,4111,foreign_country,60,2026-05-11 11:44:51
1309,21022,2644,high_amount;night_transaction;foreign_country,60,2026-05-27 00:35:20
1310,21042,497,risk_score_threshold,50,2026-01-07 12:10:41
1311,21052,4041,risk_score_threshold,50,2026-06-01 13:50:11
1312,21107,1660,risk_score_threshold,40,2026-06-22 06:55:33
1313,21134,3429,high_amount;night_transaction;foreign_country,75,2026-04-05 05:13:05
1314,21159,2695,risk_score_threshold,50,2026-02-14 14:41:48
1315,21162,1645,high_amount;night_transaction;foreign_country,85,2026-02-15 00:54:03
1316,21169,44,foreign_country,45,2026-06-22 11:50:01
1317,21171,1825,risk_score_threshold,50,2026-01-29 06:39:09
1318,21185,2585,risk_score_threshold,50,2026-01-21 12:43:58
1319,21191,2121,high_amount;night_transaction;foreign_country,75,2026-01-01 01:20:20
1320,21205,2273,foreign_country,45,2026-06-17 17:53:40
1321,21227,2305,foreign_country,85,2026-02-22 23:36:30
1322,21234,3494,risk_score_threshold,40,2026-05-07 12:28:56
1323,21245,1309,risk_score_threshold,65,2026-02-14 21:56:19
1324,21247,348,foreign_country,45,2026-03-30 17:05:27
1325,21331,4217,risk_score_threshold,50,2026-04-19 11:43:59
1326,21339,2776,foreign_country,45,2026-05-04 11:29:20
1327,21365,3294,foreign_country,40,2026-06-09 18:11:40
1328,21366,4478,risk_score_threshold,40,2026-04-25 19:59:46
1329,21397,1437,risk_score_threshold,40,2026-05-20 16:22:53
1330,21429,3168,high_amount;foreign_country,65,2026-06-22 22:32:06
1331,21431,3460,high_amount;night_transaction;foreign_country,85,2026-01-18 04:36:25
1332,21447,321,risk_score_threshold,40,2026-04-22 15:29:36
1333,21449,4003,night_transaction;foreign_country,55,2026-06-10 04:05:15
1334,21478,24,high_amount;night_transaction;foreign_country,75,2026-04-02 01:43:13
1335,21513,1437,risk_score_threshold,40,2026-02-12 23:16:35
1336,21532,4396,risk_score_threshold,40,2026-05-02 16:04:54
1337,21542,2065,risk_score_threshold,65,2026-03-03 10:21:46
1338,21572,886,high_amount;night_transaction;foreign_country,85,2026-06-12 05:23:21
1339,21603,4471,high_amount;foreign_country,90,2026-03-13 22:56:36
1340,21606,1344,foreign_country,45,2026-02-17 20:29:33
1341,21640,2739,risk_score_threshold,40,2026-04-11 21:55:32
1342,21650,4926,risk_score_threshold,65,2026-01-27 19:00:07
1343,21666,195,risk_score_threshold,75,2026-06-02 21:17:50
1344,21674,77,high_amount;night_transaction;foreign_country,75,2026-02-24 02:57:18
1345,21689,4119,risk_score_threshold,40,2026-06-29 16:53:30
1346,21692,463,high_amount;foreign_country,75,2026-01-20 22:00:08
1347,21710,2585,risk_score_threshold,40,2026-06-28 19:50:27
1348,21745,3703,risk_score_threshold,40,2026-01-13 16:31:04
1349,21759,4779,risk_score_threshold,65,2026-02-27 06:00:21
1350,21769,4393,high_amount;night_transaction;foreign_country,85,2026-06-22 03:54:48
1351,21771,272,foreign_country,45,2026-02-20 15:07:42
1352,21793,2894,risk_score_threshold,50,2026-03-17 07:20:28
1353,21795,3726,high_amount;night_transaction;foreign_country,75,2026-03-14 05:14:27
1354,21808,4392,foreign_country,45,2026-02-11 21:31:19
1355,21845,1284,risk_score_threshold,40,2026-02-19 18:55:56
1356,21886,1422,risk_score_threshold,50,2026-06-04 16:42:32
1357,21918,831,high_amount;night_transaction;foreign_country,60,2026-03-19 02:34:45
1358,21931,1934,high_amount;night_transaction;foreign_country,75,2026-01-26 00:04:44
1359,21937,4177,foreign_country,45,2026-03-31 20:36:06
1360,21954,2684,foreign_country,85,2026-01-14 19:41:40
1361,21981,665,risk_score_threshold,50,2026-06-04 21:28:09
1362,22011,3498,foreign_country,45,2026-04-05 15:20:50
1363,22020,1881,risk_score_threshold,65,2026-02-09 06:28:40
1364,22029,4103,risk_score_threshold,40,2026-05-27 22:29:55
1365,22033,262,foreign_country,45,2026-02-28 11:17:55
1366,22036,3021,foreign_country,45,2026-01-30 13:11:04
1367,22069,4779,risk_score_threshold,50,2026-04-29 07:54:16
1368,22070,339,risk_score_threshold,40,2026-05-06 08:35:20
1369,22095,2680,foreign_country,45,2026-06-07 13:54:12
1370,22108,610,foreign_country,45,2026-05-23 16:37:10
1371,22153,3569,high_amount;foreign_country,60,2026-02-06 22:53:14
1372,22157,1892,high_amount;foreign_country,65,2026-05-15 23:55:46
1373,22172,2869,risk_score_threshold,50,2026-05-01 14:17:18
1374,22176,3075,high_amount;night_transaction;foreign_country,75,2026-05-18 04:08:42
1375,22177,4189,high_amount;night_transaction;foreign_country,75,2026-05-17 04:32:41
1376,22183,3801,foreign_country,45,2026-06-16 11:43:43
1377,22205,4190,risk_score_threshold,40,2026-05-31 11:55:01
1378,22227,4603,foreign_country,45,2026-05-02 18:41:26
1379,22243,3275,risk_score_threshold,65,2026-02-21 06:55:54
1380,22248,1110,risk_score_threshold,40,2026-03-12 14:40:45
1381,22251,879,risk_score_threshold,50,2026-02-05 19:53:26
1382,22254,3924,risk_score_threshold,50,2026-01-18 22:45:58
1383,22269,1825,risk_score_threshold,65,2026-02-17 08:14:04
1384,22272,3586,foreign_country,45,2026-01-05 09:43:35
1385,22289,4650,high_amount;night_transaction;foreign_country,75,2026-05-02 05:10:48
1386,22310,4526,high_amount;night_transaction;foreign_country,85,2026-06-06 04:53:58
1387,22315,2372,risk_score_threshold,65,2026-05-18 11:06:34
1388,22319,474,foreign_country,45,2026-02-28 16:44:31
1389,22335,3661,high_amount;foreign_country,60,2026-02-18 22:47:57
1390,22353,3612,risk_score_threshold,40,2026-01-07 19:35:24
1391,22368,2894,risk_score_threshold,40,2026-02-05 09:26:33
1392,22377,3157,night_transaction;foreign_country,45,2026-03-17 00:33:28
1393,22386,2695,risk_score_threshold,50,2026-06-05 08:10:53
1394,22404,339,foreign_country,60,2026-01-13 12:36:57
1395,22431,4478,risk_score_threshold,40,2026-05-27 06:02:14
1396,22454,3462,high_amount;foreign_country,60,2026-05-10 23:11:57
1397,22477,966,foreign_country,45,2026-01-03 07:59:14
1398,22496,2820,foreign_country,45,2026-04-08 23:17:06
1399,22517,4090,high_amount;night_transaction;foreign_country,100,2026-06-16 00:37:51
1400,22530,3620,high_amount;foreign_country,75,2026-05-15 23:43:48
1401,22576,1135,foreign_country,60,2026-01-09 07:54:28
1402,22596,3666,night_transaction;foreign_country,55,2026-01-21 00:40:17
1403,22659,103,high_amount;night_transaction;foreign_country,85,2026-01-27 05:08:12
1404,22665,2503,high_amount;night_transaction;foreign_country,70,2026-03-21 04:57:24
1405,22680,2225,risk_score_threshold,65,2026-04-02 12:01:37
1406,22686,2888,foreign_country,45,2026-05-20 23:29:14
1407,22693,4663,risk_score_threshold,50,2026-06-01 20:02:28
1408,22696,3577,night_transaction;foreign_country,45,2026-03-10 00:51:57
1409,22711,2204,risk_score_threshold,50,2026-02-21 10:05:10
1410,22712,3164,foreign_country,60,2026-02-14 15:59:51
1411,22716,1660,risk_score_threshold,40,2026-02-21 11:34:49
1412,22735,2728,high_amount;foreign_country,75,2026-03-04 23:39:14
1413,22774,3263,high_amount;night_transaction;foreign_country,75,2026-06-01 04:21:55
1414,22799,1066,high_amount;night_transaction;foreign_country,75,2026-02-27 02:28:33
1415,22825,3970,high_amount;foreign_country,65,2026-03-30 22:13:12
1416,22833,1825,risk_score_threshold,50,2026-06-07 07:25:34
1417,22839,4831,high_amount;night_transaction;foreign_country,70,2026-06-09 01:24:47
1418,22851,475,foreign_country,45,2026-02-12 07:28:49
1419,22875,36,high_amount;night_transaction;foreign_country,85,2026-04-26 05:12:31
1420,22902,2836,high_amount;night_transaction;foreign_country,75,2026-02-22 02:33:35
1421,22963,2750,foreign_country,85,2026-06-11 20:13:41
1422,22981,1371,high_amount;night_transaction;foreign_country,60,2026-06-14 01:43:31
1423,22992,3649,high_amount;night_transaction;foreign_country,75,2026-02-23 00:09:05
1424,22999,1542,high_amount;foreign_country,75,2026-04-27 23:02:25
1425,23007,2806,risk_score_threshold,40,2026-02-06 11:43:48
1426,23035,3351,high_amount;night_transaction;foreign_country,75,2026-04-11 05:04:22
1427,23044,3536,risk_score_threshold,65,2026-01-31 15:22:39
1428,23068,862,foreign_country,45,2026-06-21 15:13:51
1429,23073,1522,risk_score_threshold,65,2026-06-11 17:10:11
1430,23144,1437,risk_score_threshold,40,2026-01-05 11:48:09
1431,23164,3547,risk_score_threshold,65,2026-02-04 06:45:25
1432,23175,2380,foreign_country,55,2026-01-12 13:28:25
1433,23199,4166,risk_score_threshold,40,2026-06-19 06:04:42
1434,23200,2166,high_amount;night_transaction;foreign_country,75,2026-01-13 02:17:06
1435,23205,4989,high_amount;night_transaction;foreign_country,85,2026-05-22 03:33:27
1436,23242,2802,foreign_country,45,2026-04-06 16:15:23
1437,23247,1069,foreign_country,45,2026-06-24 23:20:55
1438,23251,400,risk_score_threshold,50,2026-05-28 21:22:38
1439,23260,2695,risk_score_threshold,40,2026-04-27 14:41:12
1440,23261,4119,risk_score_threshold,40,2026-04-13 06:59:46
1441,23264,1310,foreign_country,45,2026-05-28 15:04:47
1442,23267,4965,risk_score_threshold,40,2026-02-25 23:16:44
1443,23297,849,foreign_country,70,2026-03-20 11:50:24
1444,23315,2031,foreign_country,85,2026-06-15 08:15:12
1445,23341,3426,foreign_country,45,2026-06-18 06:15:41
1446,23356,1872,risk_score_threshold,40,2026-05-22 18:34:52
1447,23385,2859,foreign_country,55,2026-05-18 06:18:24
1448,23396,2093,high_amount;night_transaction;foreign_country,75,2026-04-28 03:50:32
1449,23412,1590,high_amount;night_transaction;foreign_country,75,2026-03-10 04:22:14
1450,23421,79,foreign_country,45,2026-01-07 06:00:50
1451,23444,430,risk_score_threshold,40,2026-06-22 07:12:06
1452,23453,4111,risk_score_threshold,40,2026-01-10 12:08:01
1453,23461,3040,night_transaction;foreign_country,55,2026-01-01 00:18:43
1454,23486,4181,foreign_country,45,2026-06-24 14:33:15
1455,23494,339,risk_score_threshold,40,2026-06-28 11:46:27
1456,23514,3150,high_amount;night_transaction;foreign_country,100,2026-03-26 02:34:16
1457,23519,36,high_amount;night_transaction;foreign_country,85,2026-06-22 05:21:26
1458,23523,743,risk_score_threshold,40,2026-02-18 06:29:34
1459,23575,1901,high_amount;foreign_country,90,2026-05-26 22:47:44
1460,23582,512,high_amount;night_transaction;foreign_country,75,2026-04-28 05:28:25
1461,23588,327,high_amount;night_transaction;foreign_country,75,2026-03-04 01:50:40
1462,23589,1672,risk_score_threshold,65,2026-05-08 14:37:47
1463,23592,2632,foreign_country,45,2026-01-04 12:36:04
1464,23596,1228,risk_score_threshold,50,2026-01-26 13:23:32
1465,23607,2381,risk_score_threshold,40,2026-05-22 16:52:53
1466,23620,1063,high_amount;foreign_country,75,2026-06-12 23:36:13
1467,23628,4935,high_amount;night_transaction;foreign_country,85,2026-04-18 01:03:53
1468,23642,1567,high_amount;foreign_country,65,2026-01-05 22:28:10
1469,23650,2381,risk_score_threshold,65,2026-03-17 13:38:04
1470,23689,4121,night_transaction;foreign_country,55,2026-02-27 05:29:55
1471,23695,3769,foreign_country,45,2026-06-23 11:08:18
1472,23718,254,risk_score_threshold,50,2026-03-09 12:28:11
1473,23735,4228,risk_score_threshold,65,2026-01-18 08:03:40
1474,23745,3818,risk_score_threshold,60,2026-04-16 11:41:48
1475,23763,1825,risk_score_threshold,65,2026-01-06 06:57:30
1476,23781,356,foreign_country,45,2026-03-20 07:36:13
1477,23786,2459,risk_score_threshold,65,2026-02-02 18:58:16
1478,23792,1228,risk_score_threshold,65,2026-02-03 12:47:19
1479,23811,3964,risk_score_threshold,50,2026-02-28 09:33:00
1480,23815,4767,risk_score_threshold,65,2026-02-03 19:20:29
1481,23828,1995,night_transaction;foreign_country,70,2026-02-18 04:40:59
1482,23851,3214,high_amount;night_transaction;foreign_country,85,2026-06-17 00:36:05
1483,23896,3389,risk_score_threshold,65,2026-03-04 09:38:49
1484,23899,3964,risk_score_threshold,40,2026-01-31 20:44:16
1485,23900,4781,foreign_country,45,2026-06-09 06:32:51
1486,23908,1655,foreign_country,45,2026-02-13 06:50:50
1487,23909,1003,high_amount;night_transaction;foreign_country,85,2026-01-12 03:04:18
1488,23910,4986,foreign_country,40,2026-03-25 11:27:05
1489,23919,4283,foreign_country,45,2026-06-13 22:23:46
1490,23922,1455,foreign_country,45,2026-04-03 13:17:00
1491,23931,4123,risk_score_threshold,65,2026-03-06 19:51:24
1492,23956,385,risk_score_threshold,65,2026-05-20 06:01:15
1493,23984,1715,risk_score_threshold,50,2026-02-10 17:31:49
1494,24041,2381,risk_score_threshold,65,2026-01-30 06:58:18
1495,24138,350,high_amount;foreign_country,85,2026-01-15 23:19:46
1496,24144,284,risk_score_threshold,40,2026-04-21 20:28:22
1497,24169,2244,risk_score_threshold,50,2026-04-22 06:30:48
1498,24195,2057,foreign_country,45,2026-01-27 19:55:12
1499,24210,331,foreign_country,45,2026-01-18 22:17:47
1500,24221,2973,foreign_country,45,2026-04-25 07:16:10
1501,24222,815,high_amount;night_transaction;foreign_country,85,2026-03-29 03:55:09
1502,24245,3034,risk_score_threshold,65,2026-02-26 20:08:28
1503,24281,3419,foreign_country,45,2026-05-24 19:53:30
1504,24287,4377,foreign_country,45,2026-02-02 15:06:54
1505,24323,4779,risk_score_threshold,65,2026-03-03 13:26:25
1506,24344,4291,foreign_country,45,2026-01-03 07:05:18
1507,24359,3431,risk_score_threshold,50,2026-03-11 11:19:41
1508,24376,452,foreign_country,55,2026-04-25 21:13:45
1509,24449,2671,risk_score_threshold,75,2026-04-11 18:49:51
1510,24462,894,foreign_country,45,2026-04-03 12:37:13
1511,24477,3242,risk_score_threshold,40,2026-01-30 19:08:06
1512,24490,473,foreign_country,45,2026-02-02 16:24:29
1513,24493,3705,foreign_country,45,2026-06-09 22:24:02
1514,24513,2307,high_amount;night_transaction;foreign_country,70,2026-01-28 04:22:11
1515,24521,2632,foreign_country,45,2026-04-07 22:20:52
1516,24534,655,high_amount;foreign_country,75,2026-02-06 22:23:00
1517,24567,1469,risk_score_threshold,50,2026-06-05 19:11:18
1518,24587,1482,foreign_country,45,2026-02-12 13:13:27
1519,24592,3098,risk_score_threshold,40,2026-06-13 22:07:14
1520,24600,3739,risk_score_threshold,50,2026-02-06 22:30:23
1521,24614,4422,risk_score_threshold,50,2026-06-23 23:45:39
1522,24629,27,risk_score_threshold,50,2026-03-06 14:33:07
1523,24654,2643,risk_score_threshold,40,2026-01-25 12:02:51
1524,24676,1522,risk_score_threshold,40,2026-04-07 22:17:41
1525,24677,3809,risk_score_threshold,50,2026-03-29 13:37:08
1526,24688,493,risk_score_threshold,40,2026-03-03 17:07:33
1527,24690,373,high_amount;night_transaction;foreign_country,75,2026-05-27 05:47:15
1528,24706,2044,foreign_country,45,2026-06-25 08:40:08
1529,24725,4041,risk_score_threshold,40,2026-03-29 15:26:31
1530,24728,4118,risk_score_threshold,50,2026-04-22 13:44:56
1531,24740,1920,risk_score_threshold,40,2026-01-12 21:53:16
1532,24776,2325,risk_score_threshold,40,2026-05-30 06:17:37
1533,24783,2695,risk_score_threshold,65,2026-03-08 21:09:27
1534,24791,908,foreign_country,45,2026-01-25 23:17:50
1535,24803,3703,foreign_country,60,2026-02-23 23:49:26
1536,24821,4219,foreign_country,85,2026-04-17 10:49:19
1537,24824,4396,risk_score_threshold,50,2026-04-14 13:58:31
1538,24833,2038,foreign_country,45,2026-04-03 09:14:15
1539,24866,4351,high_amount;night_transaction;foreign_country,100,2026-05-08 03:40:21
1540,24876,1881,risk_score_threshold,65,2026-02-11 14:15:04
1541,24902,2244,risk_score_threshold,40,2026-06-13 18:45:51
1542,24925,1250,foreign_country,45,2026-03-29 10:42:34
1543,24927,3507,foreign_country,45,2026-02-24 06:16:24
1544,24936,3964,risk_score_threshold,40,2026-01-29 11:12:28
1545,24979,3536,risk_score_threshold,50,2026-03-05 17:46:48
1546,24983,331,high_amount;foreign_country,90,2026-06-29 23:55:14
1547,25001,4228,risk_score_threshold,40,2026-06-23 06:19:20
1548,25024,3479,foreign_country,45,2026-03-26 07:56:41
1549,25028,3034,risk_score_threshold,50,2026-02-11 11:56:57
1550,25029,430,risk_score_threshold,40,2026-02-14 08:12:31
1551,25032,489,foreign_country,45,2026-02-20 21:07:12
1552,25043,958,risk_score_threshold,40,2026-04-10 21:08:25
1553,25044,160,foreign_country,45,2026-02-27 06:59:14
1554,25059,756,foreign_country,45,2026-06-17 12:43:51
1555,25100,257,risk_score_threshold,40,2026-06-23 09:36:36
1556,25129,1476,high_amount;night_transaction;foreign_country,100,2026-03-14 01:20:39
1557,25131,3517,risk_score_threshold,65,2026-05-21 22:51:22
1558,25137,3318,risk_score_threshold,40,2026-02-05 17:07:30
1559,25185,1128,risk_score_threshold,50,2026-03-17 17:48:10
1560,25191,4393,foreign_country,45,2026-02-26 11:31:21
1561,25194,2079,risk_score_threshold,65,2026-04-08 12:36:33
1562,25221,3098,risk_score_threshold,50,2026-03-13 06:40:35
1563,25228,960,foreign_country,45,2026-02-05 11:02:55
1564,25246,1303,risk_score_threshold,65,2026-04-21 15:51:26
1565,25266,4422,risk_score_threshold,40,2026-06-18 20:54:07
1566,25270,4780,high_amount;night_transaction;foreign_country,75,2026-04-21 02:45:04
1567,25323,89,high_amount;night_transaction;foreign_country,100,2026-01-31 00:35:19
1568,25333,3499,foreign_country,45,2026-03-14 18:32:24
1569,25365,217,risk_score_threshold,50,2026-05-16 21:41:20
1570,25398,4685,foreign_country,40,2026-03-17 07:06:38
1571,25404,2325,risk_score_threshold,40,2026-02-23 14:27:58
1572,25411,3096,risk_score_threshold,40,2026-04-11 15:20:21
1573,25430,4486,risk_score_threshold,40,2026-02-22 11:48:40
1574,25440,1787,foreign_country,45,2026-04-03 23:36:59
1575,25449,3453,risk_score_threshold,65,2026-04-02 21:19:37
1576,25483,397,risk_score_threshold,50,2026-04-10 21:22:09
1577,25487,4170,foreign_country,45,2026-03-21 08:21:34
1578,25491,743,risk_score_threshold,40,2026-04-14 19:51:20
1579,25493,133,high_amount;foreign_country,90,2026-01-03 23:10:41
1580,25521,2283,foreign_country,45,2026-01-16 16:40:30
1581,25540,3536,risk_score_threshold,50,2026-03-19 17:48:49
1582,25544,4246,risk_score_threshold,50,2026-06-11 15:42:22
1583,25579,4234,foreign_country,45,2026-04-23 07:06:55
1584,25580,3905,foreign_country,70,2026-04-19 18:25:47
1585,25613,2325,risk_score_threshold,65,2026-06-02 20:50:30
1586,25637,4119,risk_score_threshold,65,2026-03-19 17:23:20
1587,25651,2280,foreign_country,45,2026-04-15 17:18:42
1588,25735,4801,foreign_country,45,2026-01-25 13:33:05
1589,25748,1827,high_amount;foreign_country,90,2026-05-30 23:51:41
1590,25777,3086,high_amount;night_transaction;foreign_country,75,2026-05-21 03:37:16
1591,25791,4756,risk_score_threshold,40,2026-05-25 08:16:18
1592,25793,376,foreign_country,40,2026-03-20 19:35:46
1593,25812,2123,high_amount;night_transaction;foreign_country,100,2026-02-04 03:38:02
1594,25820,397,risk_score_threshold,50,2026-05-01 10:21:08
1595,25832,2115,high_amount;foreign_country,65,2026-05-13 23:33:39
1596,25841,430,risk_score_threshold,65,2026-06-06 23:28:16
1597,25847,1660,risk_score_threshold,40,2026-01-04 14:59:57
1598,25851,3098,risk_score_threshold,40,2026-01-17 06:13:12
1599,25918,3318,risk_score_threshold,65,2026-03-31 15:13:00
1600,25924,94,foreign_country,60,2026-01-30 08:14:58
1601,25934,4840,high_amount;night_transaction;foreign_country,85,2026-04-24 01:58:22
1602,25943,668,high_amount;foreign_country,65,2026-05-31 23:41:21
1603,26002,947,foreign_country,45,2026-06-13 15:01:22
1604,26018,3098,risk_score_threshold,40,2026-02-13 07:37:27
1605,26032,3673,night_transaction;foreign_country,40,2026-06-16 03:42:10
1606,26040,192,foreign_country,45,2026-05-15 10:49:16
1607,26055,397,foreign_country,60,2026-05-29 20:19:34
1608,26062,4152,risk_score_threshold,40,2026-06-11 08:02:57
1609,26100,1522,risk_score_threshold,40,2026-04-09 14:41:28
1610,26103,958,foreign_country,70,2026-01-24 19:21:49
1611,26123,616,high_amount;night_transaction;foreign_country,85,2026-06-17 00:09:50
1612,26142,1306,risk_score_threshold,50,2026-06-13 20:31:00
1613,26179,284,risk_score_threshold,40,2026-02-24 07:26:37
1614,26181,4734,foreign_country,40,2026-03-21 13:37:52
1615,26229,708,risk_score_threshold,65,2026-02-06 19:10:50
1616,26243,2739,foreign_country,60,2026-03-17 17:52:49
1617,26254,2395,night_transaction;foreign_country,65,2026-01-23 04:35:21
1618,26260,4678,foreign_country,45,2026-05-05 08:24:41
1619,26261,4219,risk_score_threshold,50,2026-05-05 06:52:09
1620,26299,2031,risk_score_threshold,50,2026-06-22 20:26:44
1621,26304,4304,risk_score_threshold,40,2026-05-05 14:12:19
1622,26341,2380,high_amount;night_transaction;foreign_country,85,2026-03-29 04:00:10
1623,26356,533,foreign_country,55,2026-01-21 16:53:45
1624,26362,3254,risk_score_threshold,40,2026-06-23 23:41:16
1625,26385,1679,high_amount;night_transaction;foreign_country,100,2026-01-16 01:58:50
1626,26395,1422,risk_score_threshold,40,2026-05-22 07:31:46
1627,26399,4020,risk_score_threshold,50,2026-05-04 08:26:20
1628,26404,3275,foreign_country,85,2026-04-02 12:22:58
1629,26407,2782,high_amount;foreign_country,75,2026-02-14 22:01:42
1630,26472,2845,high_amount;night_transaction;foreign_country,75,2026-05-07 01:57:54
1631,26481,2413,high_amount;night_transaction;foreign_country,85,2026-05-26 05:17:30
1632,26490,4458,high_amount;foreign_country,90,2026-03-11 23:04:33
1633,26491,2858,risk_score_threshold,50,2026-02-07 08:42:13
1634,26568,2653,foreign_country,45,2026-03-19 18:57:22
1635,26574,1250,foreign_country,45,2026-05-03 07:12:44
1636,26576,1154,risk_score_threshold,65,2026-04-17 15:45:04
1637,26599,2749,foreign_country,45,2026-01-13 19:02:09
1638,26605,4928,risk_score_threshold,40,2026-03-29 14:31:39
1639,26650,3174,foreign_country,45,2026-04-27 11:41:37
1640,26657,4486,risk_score_threshold,40,2026-01-14 08:36:51
1641,26664,1476,foreign_country,45,2026-03-29 22:46:18
1642,26695,1672,risk_score_threshold,40,2026-05-25 06:11:35
1643,26697,3438,high_amount;night_transaction;foreign_country,85,2026-04-12 03:19:51
1644,26698,1773,foreign_country,40,2026-06-15 15:41:08
1645,26720,2541,foreign_country,45,2026-03-05 15:48:45
1646,26721,1361,foreign_country,45,2026-03-14 23:59:51
1647,26731,4270,risk_score_threshold,40,2026-06-18 07:25:25
1648,26747,4118,risk_score_threshold,40,2026-01-19 06:59:29
1649,26787,2826,foreign_country,45,2026-02-21 22:18:20
1650,26788,2169,high_amount;foreign_country,50,2026-01-30 22:03:07
1651,26798,3371,risk_score_threshold,40,2026-02-08 09:12:50
1652,26811,542,high_amount;night_transaction;foreign_country,85,2026-05-22 00:16:25
1653,26838,4726,risk_score_threshold,65,2026-03-21 23:40:34
1654,26890,1969,foreign_country,45,2026-04-10 23:59:03
1655,26905,2018,foreign_country,45,2026-01-06 16:36:49
1656,26910,4772,high_amount;night_transaction;foreign_country,75,2026-05-14 05:37:17
1657,26914,1876,risk_score_threshold,40,2026-05-27 07:10:03
1658,26926,4362,night_transaction;foreign_country,45,2026-05-13 04:34:31
1659,26941,2105,high_amount;night_transaction;foreign_country,75,2026-01-29 05:00:04
1660,26945,4103,risk_score_threshold,40,2026-05-10 07:13:21
1661,26948,4449,risk_score_threshold,65,2026-03-11 07:43:45
1662,26953,4103,risk_score_threshold,65,2026-06-05 14:19:04
1663,26956,3164,risk_score_threshold,50,2026-02-26 22:43:01
1664,26959,1286,foreign_country,45,2026-04-05 14:23:51
1665,26972,1104,risk_score_threshold,40,2026-03-06 21:26:42
1666,26993,3098,risk_score_threshold,40,2026-03-21 17:56:11
1667,26997,2756,foreign_country,45,2026-03-10 23:24:21
1668,27004,4328,high_amount;night_transaction;foreign_country,75,2026-05-26 02:53:54
1669,27025,1224,high_amount;night_transaction;foreign_country,85,2026-03-12 02:33:28
1670,27031,4761,foreign_country,45,2026-01-09 22:41:19
1671,27038,3098,risk_score_threshold,40,2026-03-04 18:22:49
1672,27046,3809,risk_score_threshold,65,2026-05-28 10:55:19
1673,27049,1715,foreign_country,60,2026-05-29 17:00:35
1674,27087,3559,risk_score_threshold,40,2026-05-29 16:32:42
1675,27090,4156,high_amount;night_transaction;foreign_country,70,2026-02-10 03:23:22
1676,27116,2244,risk_score_threshold,50,2026-06-06 07:10:30
1677,27169,4170,high_amount;night_transaction;foreign_country,100,2026-03-07 04:55:16
1678,27171,3126,risk_score_threshold,40,2026-04-20 19:04:30
1679,27175,1290,high_amount;night_transaction;foreign_country,100,2026-06-15 03:01:55
1680,27188,339,risk_score_threshold,40,2026-01-22 19:44:36
1681,27211,2325,risk_score_threshold,65,2026-06-08 08:31:55
1682,27244,4119,foreign_country,60,2026-02-03 09:47:49
1683,27317,3728,high_amount;night_transaction;foreign_country,75,2026-04-08 00:02:13
1684,27331,2942,high_amount;night_transaction;foreign_country,85,2026-04-30 02:04:58
1685,27347,1422,risk_score_threshold,40,2026-05-22 14:28:53
1686,27351,2234,high_amount;night_transaction;foreign_country,70,2026-06-05 05:58:32
1687,27391,832,high_amount;night_transaction;foreign_country,85,2026-05-14 00:00:16
1688,27405,4938,foreign_country,45,2026-06-02 17:18:16
1689,27427,258,night_transaction;foreign_country,55,2026-03-31 05:22:37
1690,27443,2913,risk_score_threshold,50,2026-05-27 17:07:26
1691,27450,554,risk_score_threshold,50,2026-05-20 16:06:55
1692,27453,2495,high_amount;night_transaction;foreign_country,60,2026-05-02 00:52:42
1693,27465,4715,foreign_country,45,2026-03-31 16:38:12
1694,27474,4372,high_amount;night_transaction;foreign_country,70,2026-05-29 02:53:15
1695,27514,708,foreign_country,60,2026-04-06 06:56:59
1696,27519,4631,foreign_country,45,2026-05-01 23:20:25
1697,27531,838,high_amount;night_transaction;foreign_country,75,2026-02-10 01:39:49
1698,27537,1062,foreign_country,45,2026-06-24 20:37:00
1699,27541,4486,risk_score_threshold,40,2026-04-29 12:38:03
1700,27543,2934,foreign_country,45,2026-02-23 18:42:58
1701,27581,4975,high_amount;foreign_country,75,2026-06-29 22:36:52
1702,27626,551,foreign_country,60,2026-04-29 06:14:35
1703,27639,2459,risk_score_threshold,50,2026-06-02 23:34:26
1704,27647,1299,risk_score_threshold,50,2026-05-01 13:16:08
1705,27654,691,high_amount;night_transaction;foreign_country,95,2026-02-23 01:46:40
1706,27663,2412,risk_score_threshold,50,2026-03-23 07:29:19
1707,27667,533,high_amount;night_transaction;foreign_country,85,2026-03-18 01:19:56
1708,27716,4855,foreign_country,55,2026-01-07 09:28:17
1709,27736,484,foreign_country,45,2026-05-15 08:29:22
1710,27742,3476,risk_score_threshold,40,2026-06-19 11:45:36
1711,27759,4867,risk_score_threshold,40,2026-01-22 07:17:21
1712,27766,1789,risk_score_threshold,40,2026-06-02 09:46:25
1713,27778,48,foreign_country,45,2026-03-20 21:40:24
1714,27785,3318,risk_score_threshold,40,2026-01-10 10:03:14
1715,27791,1766,risk_score_threshold,60,2026-04-11 11:50:47
1716,27796,4422,foreign_country,60,2026-02-14 06:25:06
1717,27819,4726,foreign_country,60,2026-05-31 11:45:42
1718,27827,3673,foreign_country,45,2026-06-03 10:57:47
1719,27834,2381,risk_score_threshold,40,2026-05-08 16:31:34
1720,27870,1122,foreign_country,45,2026-06-22 07:37:03
1721,27880,3476,risk_score_threshold,40,2026-03-26 08:17:43
1722,27895,2612,high_amount;night_transaction;foreign_country,100,2026-01-02 04:37:56
1723,27920,1628,foreign_country,45,2026-06-21 23:23:08
1724,27935,462,high_amount;night_transaction;foreign_country,85,2026-01-04 05:08:32
1725,27936,3164,foreign_country,85,2026-06-09 14:48:48
1726,27942,2608,foreign_country,45,2026-06-05 20:35:08
1727,27977,2204,risk_score_threshold,65,2026-05-15 19:13:47
1728,27982,3750,risk_score_threshold,40,2026-06-08 06:10:14
1729,28008,321,risk_score_threshold,40,2026-04-24 17:18:58
1730,28034,3034,risk_score_threshold,50,2026-06-15 19:36:38
1731,28041,4251,high_amount;foreign_country,65,2026-01-20 23:19:13
1732,28044,2096,foreign_country,45,2026-06-12 21:54:08
1733,28046,537,high_amount;night_transaction;foreign_country,75,2026-04-24 05:30:24
1734,28049,397,risk_score_threshold,50,2026-01-17 10:33:25
1735,28083,4495,high_amount;night_transaction;foreign_country,100,2026-04-12 00:11:54
1736,28124,1301,foreign_country,85,2026-01-12 14:50:51
1737,28132,3377,foreign_country,45,2026-05-29 13:13:36
1738,28147,1827,foreign_country,45,2026-03-09 15:09:11
1739,28152,176,night_transaction;foreign_country,70,2026-03-18 05:15:38
1740,28205,1970,foreign_country,45,2026-06-17 15:47:43
1741,28212,2951,high_amount;night_transaction;foreign_country,75,2026-06-02 00:19:16
1742,28228,2773,risk_score_threshold,65,2026-01-14 14:32:30
1743,28240,849,risk_score_threshold,65,2026-01-04 21:12:09
1744,28274,3060,foreign_country,45,2026-06-13 06:26:22
1745,28296,1900,foreign_country,45,2026-06-02 09:21:10
1746,28339,758,risk_score_threshold,40,2026-02-03 16:50:52
1747,28353,3668,risk_score_threshold,40,2026-03-25 17:41:40
1748,28388,2585,risk_score_threshold,40,2026-03-17 15:00:46
1749,28419,4152,risk_score_threshold,65,2026-06-11 17:19:46
1750,28421,2249,foreign_country,85,2026-01-09 19:12:32
1751,28505,2773,risk_score_threshold,50,2026-05-24 14:38:16
1752,28533,2079,risk_score_threshold,50,2026-02-13 17:20:45
1753,28568,2412,risk_score_threshold,60,2026-02-13 07:53:29
1754,28574,548,foreign_country,45,2026-01-06 23:39:18
1755,28653,2804,high_amount;night_transaction;foreign_country,75,2026-02-14 03:17:33
1756,28665,1303,risk_score_threshold,50,2026-05-27 20:56:50
1757,28713,2541,high_amount;foreign_country,100,2026-01-31 23:02:07
1758,28715,511,high_amount;foreign_country,65,2026-04-29 22:46:24
1759,28738,3703,foreign_country,60,2026-02-09 13:38:02
1760,28740,4926,risk_score_threshold,50,2026-03-08 23:34:34
1761,28778,1718,risk_score_threshold,50,2026-01-24 08:41:56
1762,28791,1641,foreign_country,45,2026-02-26 17:19:30
1763,28803,4726,risk_score_threshold,65,2026-01-10 08:37:49
1764,28812,4211,risk_score_threshold,50,2026-05-13 14:01:20
1765,28826,4285,foreign_country,45,2026-05-31 08:06:49
1766,28839,1393,foreign_country,45,2026-06-13 23:37:47
1767,28841,745,high_amount;night_transaction;foreign_country,85,2026-02-11 04:47:49
1768,28858,1351,risk_score_threshold,50,2026-06-21 12:24:39
1769,28877,397,risk_score_threshold,40,2026-01-06 21:58:26
1770,28881,758,risk_score_threshold,50,2026-06-19 09:31:23
1771,28889,3739,risk_score_threshold,40,2026-05-15 07:37:41
1772,28893,2643,risk_score_threshold,50,2026-02-10 12:42:01
1773,28904,1992,high_amount;foreign_country,75,2026-03-15 23:00:46
1774,28913,2358,foreign_country,45,2026-05-25 08:18:46
1775,28928,4236,high_amount;night_transaction;foreign_country,60,2026-04-14 00:32:44
1776,28930,3475,high_amount;night_transaction;foreign_country,75,2026-02-01 04:03:09
1777,28950,745,risk_score_threshold,50,2026-05-29 21:10:46
1778,28955,2230,foreign_country,45,2026-01-29 23:49:31
1779,28963,4348,night_transaction;foreign_country,70,2026-05-28 00:08:21
1780,28985,723,high_amount;night_transaction;foreign_country,75,2026-05-06 03:18:26
1781,29021,3879,risk_score_threshold,40,2026-01-15 11:09:26
1782,29047,1388,risk_score_threshold,50,2026-03-29 18:09:27
1783,29053,2635,high_amount;night_transaction;foreign_country,60,2026-03-29 01:44:51
1784,29062,2381,risk_score_threshold,40,2026-02-07 21:21:12
1785,29074,4171,night_transaction;foreign_country,80,2026-01-11 02:17:18
1786,29094,1854,high_amount;night_transaction;foreign_country,85,2026-04-07 03:06:10
1787,29102,4189,high_amount;night_transaction;foreign_country,75,2026-02-21 03:33:54
1788,29118,932,risk_score_threshold,65,2026-01-06 06:07:05
1789,29140,430,risk_score_threshold,50,2026-02-20 21:52:41
1790,29147,2678,foreign_country,45,2026-01-19 16:41:51
1791,29169,4630,high_amount;night_transaction;foreign_country,75,2026-02-19 01:28:52
1792,29174,2806,risk_score_threshold,50,2026-03-16 22:49:39
1793,29190,1544,risk_score_threshold,50,2026-06-25 23:31:27
1794,29192,1642,foreign_country,45,2026-04-04 08:40:17
1795,29193,1853,foreign_country,45,2026-06-08 14:45:55
1796,29206,3453,foreign_country,45,2026-05-02 11:10:54
1797,29227,2249,high_amount;foreign_country,100,2026-03-31 23:49:35
1798,29313,284,risk_score_threshold,40,2026-01-05 07:33:37
1799,29318,397,risk_score_threshold,50,2026-03-03 19:00:14
1800,29329,2766,night_transaction;foreign_country,70,2026-01-17 04:33:11
1801,29335,1876,foreign_country,60,2026-06-21 23:49:06
1802,29343,2770,risk_score_threshold,65,2026-05-10 07:59:25
1803,29350,882,risk_score_threshold,40,2026-04-26 22:59:43
1804,29357,4548,foreign_country,45,2026-05-24 21:18:57
1805,29363,2773,risk_score_threshold,50,2026-04-21 14:40:57
1806,29398,3242,risk_score_threshold,50,2026-01-26 10:49:55
1807,29415,4926,risk_score_threshold,40,2026-03-02 18:29:02
1808,29436,397,risk_score_threshold,40,2026-05-22 15:17:16
1809,29453,1496,high_amount;night_transaction;foreign_country,60,2026-05-14 05:34:09
1810,29510,4615,foreign_country,45,2026-01-02 22:38:21
1811,29520,882,risk_score_threshold,65,2026-05-30 15:06:37
1812,29546,713,risk_score_threshold,40,2026-05-16 13:28:55
1813,29563,4304,risk_score_threshold,40,2026-03-17 21:01:31
1814,29577,4413,high_amount;night_transaction;foreign_country,85,2026-03-17 02:02:44
1815,29606,3739,risk_score_threshold,40,2026-02-23 12:35:29
1816,29610,3431,risk_score_threshold,40,2026-06-26 14:14:15
1817,29634,4041,risk_score_threshold,40,2026-04-06 13:56:08
1818,29643,3598,foreign_country,45,2026-05-06 08:06:25
1819,29677,758,risk_score_threshold,40,2026-05-31 11:12:27
1820,29678,730,high_amount;foreign_country,90,2026-06-01 22:48:47
1821,29693,1823,night_transaction;foreign_country,70,2026-01-06 01:35:59
1822,29730,4152,foreign_country,60,2026-04-02 11:36:15
1823,29747,4422,risk_score_threshold,40,2026-01-09 21:18:28
1824,29761,538,foreign_country,45,2026-03-21 11:55:17
1825,29762,3164,risk_score_threshold,40,2026-02-07 17:19:31
1826,29794,2071,foreign_country,45,2026-05-31 16:53:03
1827,29799,1016,high_amount;night_transaction;foreign_country,75,2026-03-26 01:24:37
1828,29816,2291,foreign_country,45,2026-02-08 07:46:43
1829,29830,903,foreign_country,45,2026-01-08 15:19:26
1830,29869,1012,risk_score_threshold,40,2026-02-13 13:24:10
1831,29885,3827,high_amount;foreign_country,65,2026-06-02 22:44:11
1832,29916,1178,risk_score_threshold,40,2026-03-17 21:41:30
1833,29933,3657,risk_score_threshold,40,2026-05-09 19:58:53
1834,29957,329,foreign_country,45,2026-04-25 12:17:02
1835,29964,4166,foreign_country,70,2026-02-20 15:59:02
1836,29983,1228,risk_score_threshold,50,2026-03-23 22:48:34
1837,29984,197,risk_score_threshold,65,2026-03-13 23:08:28
1838,30046,3581,high_amount;foreign_country,75,2026-05-06 22:16:27
1839,30088,932,risk_score_threshold,40,2026-01-23 16:15:05
1840,30103,2473,high_amount;night_transaction;foreign_country,75,2026-06-29 05:57:41
1841,30110,3665,high_amount;night_transaction;foreign_country,75,2026-04-28 00:45:05
1842,30122,3565,foreign_country,85,2026-04-02 08:53:25
1843,30124,3424,high_amount;night_transaction;foreign_country,70,2026-06-18 01:22:12
1844,30129,4764,foreign_country,45,2026-05-16 16:45:10
1845,30133,2252,foreign_country,45,2026-04-10 17:15:56
1846,30158,1104,risk_score_threshold,40,2026-05-05 17:15:32
1847,30168,3275,risk_score_threshold,40,2026-04-16 18:42:20
1848,30205,2249,risk_score_threshold,65,2026-05-29 11:27:28
1849,30215,1332,high_amount;night_transaction;foreign_country,85,2026-03-14 05:08:19
1850,30217,3506,foreign_country,45,2026-03-28 13:25:44
1851,30219,4110,foreign_country,45,2026-03-27 16:38:08
1852,30248,2858,risk_score_threshold,75,2026-01-13 12:37:06
1853,30250,2525,foreign_country,40,2026-01-08 06:43:29
1854,30262,2436,foreign_country,40,2026-06-10 14:15:52
1855,30265,4396,risk_score_threshold,65,2026-06-18 17:54:56
1856,30271,3380,high_amount;night_transaction;foreign_country,100,2026-03-06 05:59:09
1857,30276,3739,risk_score_threshold,50,2026-02-26 14:45:58
1858,30297,3974,foreign_country,60,2026-02-07 17:57:15
1859,30315,1522,foreign_country,60,2026-03-15 08:33:49
1860,30338,3371,risk_score_threshold,65,2026-06-16 21:25:45
1861,30342,4902,risk_score_threshold,50,2026-03-21 20:59:39
1862,30349,2325,risk_score_threshold,40,2026-03-24 23:42:51
1863,30420,3034,risk_score_threshold,40,2026-03-15 10:30:47
1864,30423,53,foreign_country,45,2026-03-19 10:43:57
1865,30442,2563,risk_score_threshold,50,2026-04-02 23:24:47
1866,30469,1558,high_amount;night_transaction;foreign_country,75,2026-05-25 01:18:49
1867,30488,4304,risk_score_threshold,65,2026-05-16 16:27:23
1868,30497,3431,risk_score_threshold,50,2026-03-21 08:32:55
1869,30507,4031,foreign_country,45,2026-06-17 22:31:45
1870,30551,2274,foreign_country,40,2026-05-19 15:39:04
1871,30595,551,risk_score_threshold,40,2026-06-22 14:28:48
1872,30604,254,foreign_country,70,2026-01-02 14:54:15
1873,30625,2702,foreign_country,45,2026-06-15 18:53:40
1874,30638,554,risk_score_threshold,40,2026-01-08 11:25:16
1875,30645,4557,risk_score_threshold,50,2026-01-23 06:30:25
1876,30674,1758,high_amount;night_transaction;foreign_country,85,2026-05-10 02:19:58
1877,30681,1154,risk_score_threshold,40,2026-02-23 11:16:00
1878,30693,4679,high_amount;night_transaction;foreign_country,75,2026-04-10 03:44:16
1879,30707,1178,foreign_country,60,2026-03-12 23:14:11
1880,30715,3592,high_amount;night_transaction;foreign_country,75,2026-06-20 05:14:56
1881,30721,3524,foreign_country,45,2026-02-15 14:34:03
1882,30759,3813,high_amount;foreign_country,50,2026-05-30 22:29:29
1883,30777,1076,high_amount;night_transaction;foreign_country,75,2026-04-03 02:13:47
1884,30785,1784,high_amount;foreign_country,65,2026-06-25 22:15:35
1885,30801,4370,high_amount;night_transaction;foreign_country,75,2026-03-04 00:35:35
1886,30817,580,foreign_country,40,2026-06-14 07:14:09
1887,30831,736,risk_score_threshold,40,2026-06-24 17:57:31
1888,30841,4713,high_amount;night_transaction;foreign_country,85,2026-04-27 00:07:01
1889,30844,931,risk_score_threshold,40,2026-04-11 17:18:02
1890,30864,2695,risk_score_threshold,65,2026-04-01 19:13:50
1891,30883,2704,foreign_country,55,2026-01-01 13:01:44
1892,30895,3275,risk_score_threshold,65,2026-06-11 21:49:26
1893,30900,2585,risk_score_threshold,40,2026-05-07 18:05:11
1894,30949,1469,risk_score_threshold,40,2026-01-09 15:09:21
1895,30965,1135,risk_score_threshold,40,2026-01-31 17:32:34
1896,30985,1920,risk_score_threshold,40,2026-05-31 13:39:30
1897,30996,286,foreign_country,45,2026-05-26 22:50:37
1898,31015,2695,foreign_country,60,2026-02-11 18:21:25
1899,31051,3164,risk_score_threshold,40,2026-05-29 08:19:44
1900,31053,2042,risk_score_threshold,40,2026-03-26 12:35:05
1901,31054,1180,foreign_country,45,2026-03-20 17:23:38
1902,31072,3242,risk_score_threshold,50,2026-06-15 10:31:18
1903,31085,4760,high_amount;night_transaction;foreign_country,75,2026-01-08 00:40:29
1904,31091,430,risk_score_threshold,40,2026-01-07 22:39:38
1905,31101,2671,foreign_country,70,2026-03-26 16:05:13
1906,31105,397,risk_score_threshold,50,2026-05-11 21:58:58
1907,31109,1048,foreign_country,45,2026-05-12 19:36:25
1908,31150,1176,high_amount;foreign_country,65,2026-02-02 23:23:33
1909,31151,3242,foreign_country,85,2026-05-24 14:06:45
1910,31221,758,risk_score_threshold,40,2026-01-26 22:11:40
1911,31227,4767,risk_score_threshold,40,2026-01-25 15:30:07
1912,31242,1622,high_amount;night_transaction;foreign_country,85,2026-04-14 02:49:57
1913,31269,2225,foreign_country,70,2026-02-10 14:52:06
1914,31291,4178,risk_score_threshold,40,2026-03-17 16:07:00
1915,31317,2249,risk_score_threshold,65,2026-02-02 22:38:46
1916,31329,4152,risk_score_threshold,40,2026-03-20 11:11:31
1917,31334,2305,risk_score_threshold,50,2026-05-23 13:32:42
1918,31359,4663,risk_score_threshold,65,2026-04-25 13:14:27
1919,31371,4246,risk_score_threshold,65,2026-06-23 19:42:38
1920,31373,681,night_transaction;foreign_country,40,2026-03-06 03:36:27
1921,31379,2276,foreign_country,45,2026-01-01 08:55:41
1922,31382,3287,high_amount;night_transaction;foreign_country,60,2026-05-21 03:03:01
1923,31385,3844,high_amount;night_transaction;foreign_country,100,2026-01-17 05:24:14
1924,31388,3011,risk_score_threshold,50,2026-03-31 18:31:27
1925,31403,714,high_amount;night_transaction;foreign_country,75,2026-03-29 03:00:13
1926,31416,2859,foreign_country,40,2026-05-06 08:24:30
1927,31422,4929,risk_score_threshold,75,2026-03-18 09:45:07
1928,31432,94,risk_score_threshold,40,2026-06-14 11:27:18
1929,31447,2319,risk_score_threshold,40,2026-05-22 12:26:21
1930,31458,4246,risk_score_threshold,65,2026-02-09 16:43:30
1931,31462,2770,risk_score_threshold,40,2026-06-24 18:54:12
1932,31467,746,foreign_country,45,2026-02-15 18:46:39
1933,31504,4152,risk_score_threshold,40,2026-01-28 21:18:38
1934,31511,497,risk_score_threshold,40,2026-03-14 15:52:54
1935,31523,1116,foreign_country,45,2026-04-15 22:50:23
1936,31535,4915,foreign_country,45,2026-03-23 16:35:42
1937,31550,2035,high_amount;night_transaction;foreign_country,85,2026-04-20 02:38:52
1938,31552,4194,foreign_country,45,2026-02-11 08:12:46
1939,31554,3993,high_amount;foreign_country,75,2026-01-01 23:38:45
1940,31595,3431,risk_score_threshold,40,2026-02-17 16:17:12
1941,31665,1766,risk_score_threshold,50,2026-05-31 14:46:10
1942,31669,2541,risk_score_threshold,50,2026-04-14 11:54:44
1943,31699,747,foreign_country,45,2026-04-03 06:33:51
1944,31714,67,foreign_country,40,2026-03-20 10:04:12
1945,31718,4332,high_amount;foreign_country,50,2026-01-05 22:28:52
1946,31778,4880,high_amount;foreign_country,90,2026-05-18 22:41:30
1947,31818,2425,risk_score_threshold,40,2026-01-12 16:28:04
1948,31829,743,risk_score_threshold,40,2026-04-09 17:22:13
1949,31836,405,high_amount;night_transaction;foreign_country,75,2026-04-11 04:20:07
1950,31845,496,high_amount;night_transaction;foreign_country,75,2026-06-01 04:11:51
1951,31857,1422,risk_score_threshold,65,2026-05-22 16:22:47
1952,31890,2100,foreign_country,45,2026-04-15 09:56:09
1953,31914,4386,foreign_country,45,2026-02-09 16:51:47
1954,31919,901,high_amount;night_transaction;foreign_country,100,2026-03-11 03:34:32
1955,31920,2743,foreign_country,45,2026-01-09 21:38:18
1956,31921,4928,risk_score_threshold,50,2026-01-26 17:10:29
1957,31945,2065,risk_score_threshold,40,2026-03-07 18:52:09
1958,31956,1701,high_amount;night_transaction;foreign_country,85,2026-06-12 03:36:12
1959,31989,4513,high_amount;night_transaction;foreign_country,85,2026-03-19 04:06:47
1960,31992,50,foreign_country,45,2026-05-07 22:55:06
1961,32037,2175,risk_score_threshold,50,2026-04-16 22:56:48
1962,32060,4058,foreign_country,45,2026-02-21 09:51:15
1963,32069,3146,risk_score_threshold,40,2026-02-03 07:40:17
1964,32086,2844,high_amount;night_transaction;foreign_country,85,2026-02-02 05:54:20
1965,32115,2254,high_amount;night_transaction;foreign_country,85,2026-04-23 01:33:43
1966,32123,3104,risk_score_threshold,40,2026-03-01 09:13:48
1967,32125,4883,foreign_country,45,2026-02-18 08:30:32
1968,32133,1633,high_amount;night_transaction;foreign_country,85,2026-04-17 04:00:11
1969,32164,497,foreign_country,60,2026-04-23 15:13:57
1970,32165,2695,risk_score_threshold,40,2026-04-14 11:30:55
1971,32170,3847,high_amount;night_transaction;foreign_country,100,2026-03-21 04:36:12
1972,32177,338,high_amount;foreign_country,65,2026-05-05 22:34:52
1973,32179,2855,foreign_country,85,2026-06-20 10:31:11
1974,32183,321,risk_score_threshold,40,2026-06-11 07:02:53
1975,32186,2137,risk_score_threshold,50,2026-05-21 16:09:12
1976,32202,4253,high_amount;night_transaction;foreign_country,100,2026-06-27 01:13:10
1977,32230,2738,risk_score_threshold,50,2026-06-25 18:39:45
1978,32280,4676,foreign_country,45,2026-06-14 19:22:02
1979,32294,1305,high_amount;night_transaction;foreign_country,75,2026-04-20 03:11:44
1980,32316,176,high_amount;night_transaction;foreign_country,100,2026-01-19 01:32:13
1981,32343,1195,foreign_country,45,2026-01-24 09:51:08
1982,32348,3905,risk_score_threshold,65,2026-04-14 10:26:28
1983,32349,197,risk_score_threshold,40,2026-03-31 17:18:21
1984,32417,3358,foreign_country,45,2026-05-20 06:54:27
1985,32425,222,high_amount;night_transaction;foreign_country,75,2026-04-25 03:12:54
1986,32444,385,risk_score_threshold,65,2026-01-10 16:47:19
1987,32468,2556,foreign_country,75,2026-03-30 22:18:16
1988,32485,2894,risk_score_threshold,40,2026-05-11 08:15:49
1989,32512,1672,risk_score_threshold,65,2026-03-08 15:43:54
1990,32519,2343,high_amount;night_transaction;foreign_country,75,2026-01-27 03:32:01
1991,32540,2319,risk_score_threshold,65,2026-05-09 18:25:06
1992,32543,2451,foreign_country,45,2026-04-21 13:56:43
1993,32556,1920,risk_score_threshold,65,2026-02-03 19:21:18
1994,32565,4041,risk_score_threshold,40,2026-06-23 14:10:46
1995,32569,3180,foreign_country,45,2026-01-03 07:45:44
1996,32574,3015,night_transaction;foreign_country,65,2026-02-14 04:39:52
1997,32589,2311,high_amount;night_transaction;foreign_country,60,2026-02-13 03:06:13
1998,32612,2727,risk_score_threshold,65,2026-02-16 19:43:53
1999,32615,2808,risk_score_threshold,40,2026-05-01 18:41:48
2000,32621,1646,high_amount;night_transaction;foreign_country,60,2026-06-23 02:58:40
2001,32630,2411,risk_score_threshold,40,2026-03-04 20:45:08
2002,32639,4103,risk_score_threshold,65,2026-01-16 14:45:21
2003,32646,3189,high_amount;night_transaction;foreign_country,75,2026-03-13 01:42:45
2004,32651,4726,risk_score_threshold,40,2026-05-24 12:33:07
2005,32657,2141,foreign_country,45,2026-02-17 20:37:14
2006,32659,284,risk_score_threshold,40,2026-04-03 16:00:54
2007,32673,1351,foreign_country,60,2026-04-26 17:44:50
2008,32679,1510,high_amount;night_transaction;foreign_country,100,2026-01-03 00:52:59
2009,32680,101,foreign_country,45,2026-05-23 08:26:03
2010,32683,2219,foreign_country,45,2026-01-31 20:25:30
2011,32685,1775,risk_score_threshold,40,2026-02-11 12:42:47
2012,32733,819,high_amount;night_transaction;foreign_country,100,2026-02-18 04:17:39
2013,32795,758,risk_score_threshold,65,2026-04-29 09:30:12
2014,32818,4503,foreign_country,45,2026-04-06 22:57:21
2015,32823,672,foreign_country,45,2026-06-06 08:24:23
2016,32850,3600,foreign_country,45,2026-02-06 16:47:32
2017,32878,22,foreign_country,40,2026-04-05 20:48:46
2018,32880,2788,risk_score_threshold,40,2026-04-01 17:18:05
2019,32885,1508,high_amount;foreign_country,75,2026-01-02 23:42:28
2020,32894,2808,risk_score_threshold,50,2026-02-25 18:15:54
2021,32925,4123,high_amount;night_transaction;foreign_country,100,2026-04-07 01:31:06
2022,32959,2629,risk_score_threshold,50,2026-03-21 17:03:21
2023,32963,1629,risk_score_threshold,40,2026-04-25 18:09:10
2024,32980,2644,high_amount;night_transaction;foreign_country,75,2026-03-10 02:43:30
2025,32982,4066,night_transaction;foreign_country,70,2026-02-08 03:54:28
2026,33005,4119,foreign_country,60,2026-06-08 19:52:54
2027,33021,4767,risk_score_threshold,50,2026-04-14 17:29:48
2028,33025,1042,risk_score_threshold,50,2026-04-02 14:49:32
2029,33050,3460,high_amount;night_transaction;foreign_country,70,2026-03-15 01:09:21
2030,33072,3460,foreign_country,45,2026-02-22 18:48:02
2031,33087,1318,foreign_country,45,2026-05-23 07:16:16
2032,33105,3860,risk_score_threshold,40,2026-02-12 08:00:41
2033,33137,2585,risk_score_threshold,40,2026-06-04 17:04:40
2034,33156,1814,high_amount;night_transaction;foreign_country,100,2026-01-20 03:14:50
2035,33159,2411,foreign_country,85,2026-03-05 21:01:14
2036,33194,1989,high_amount;foreign_country,60,2026-02-05 23:42:18
2037,33230,4764,high_amount;night_transaction;foreign_country,100,2026-03-17 04:12:09
2038,33235,3494,risk_score_threshold,50,2026-05-17 20:34:40
2039,33258,3987,foreign_country,45,2026-02-01 18:23:30
2040,33259,1388,risk_score_threshold,75,2026-05-18 07:20:21
2041,33261,4965,risk_score_threshold,65,2026-04-19 15:02:47
2042,33269,3130,risk_score_threshold,65,2026-03-12 17:05:03
2043,33278,3150,risk_score_threshold,50,2026-05-26 11:21:44
2044,33281,3448,foreign_country,45,2026-03-21 07:21:54
2045,33291,2788,risk_score_threshold,50,2026-03-08 23:18:29
2046,33320,3371,foreign_country,70,2026-04-07 07:13:02
2047,33330,1154,risk_score_threshold,40,2026-01-27 14:33:21
2048,33344,4422,risk_score_threshold,40,2026-06-21 11:19:52
2049,33347,2325,risk_score_threshold,50,2026-04-07 19:01:52
2050,33401,3392,risk_score_threshold,65,2026-01-21 19:55:04
2051,33408,1041,high_amount;foreign_country,50,2026-01-10 23:35:26
2052,33424,4246,risk_score_threshold,40,2026-02-09 20:30:00
2053,33458,2710,foreign_country,45,2026-06-27 14:35:15
2054,33502,3577,high_amount;night_transaction;foreign_country,85,2026-02-24 05:23:45
2055,33523,2305,risk_score_threshold,40,2026-03-30 17:41:41
2056,33524,4705,risk_score_threshold,40,2026-02-15 15:48:55
2057,33536,1778,high_amount;night_transaction;foreign_country,60,2026-03-04 03:34:06
2058,33550,4628,risk_score_threshold,40,2026-06-14 22:44:45
2059,33551,795,foreign_country,45,2026-04-08 08:03:23
2060,33560,3124,foreign_country,45,2026-02-09 19:04:13
2061,33574,4422,risk_score_threshold,40,2026-05-16 08:23:45
2062,33585,3536,risk_score_threshold,40,2026-02-09 16:02:14
2063,33609,197,risk_score_threshold,40,2026-01-10 12:03:22
2064,33613,1238,foreign_country,45,2026-06-13 08:16:53
2065,33643,3475,night_transaction;foreign_country,55,2026-06-03 03:52:43
2066,33662,2599,foreign_country,40,2026-05-25 13:26:06
2067,33674,3146,risk_score_threshold,40,2026-04-05 19:09:55
2068,33682,554,risk_score_threshold,65,2026-02-24 06:48:23
2069,33684,4486,risk_score_threshold,50,2026-04-05 19:28:10
2070,33707,4973,high_amount;night_transaction;foreign_country,75,2026-03-02 00:36:11
2071,33725,4396,risk_score_threshold,40,2026-05-06 14:10:21
2072,33787,2042,risk_score_threshold,40,2026-06-21 08:51:33
2073,33796,1303,risk_score_threshold,50,2026-06-15 23:08:00
2074,33802,4726,risk_score_threshold,40,2026-06-14 18:03:18
2075,33833,2671,risk_score_threshold,60,2026-03-27 23:12:06
2076,33839,3856,high_amount;night_transaction;foreign_country,70,2026-02-21 01:09:00
2077,33846,2563,risk_score_threshold,65,2026-01-07 09:28:18
2078,33852,397,risk_score_threshold,40,2026-01-01 16:50:22
2079,33855,2987,high_amount;night_transaction;foreign_country,75,2026-04-17 04:05:29
2080,33863,638,foreign_country,45,2026-05-07 13:34:43
2081,33876,1965,risk_score_threshold,50,2026-02-16 17:15:41
2082,33882,743,risk_score_threshold,50,2026-06-11 19:28:49
2083,33885,1437,risk_score_threshold,40,2026-05-25 06:06:30
2084,33945,2770,foreign_country,70,2026-06-07 11:07:45
2085,33954,2340,high_amount;night_transaction;foreign_country,75,2026-04-03 03:39:57
2086,33982,4867,risk_score_threshold,40,2026-02-21 16:59:21
2087,33993,3696,foreign_country,80,2026-01-16 18:59:39
2088,34061,1055,foreign_country,45,2026-01-17 06:16:22
2089,34069,4299,risk_score_threshold,40,2026-03-17 21:46:26
2090,34094,718,high_amount;foreign_country,50,2026-04-02 23:58:54
2091,34123,4779,high_amount;night_transaction;foreign_country,100,2026-03-03 01:48:21
2092,34128,2038,high_amount;night_transaction;foreign_country,75,2026-06-20 02:20:50
2093,34169,2956,high_amount;night_transaction;foreign_country,85,2026-01-27 00:35:41
2094,34177,475,high_amount;night_transaction;foreign_country,75,2026-01-28 01:46:06
2095,34191,1569,high_amount;night_transaction;foreign_country,85,2026-04-20 04:43:16
2096,34217,1012,risk_score_threshold,40,2026-06-23 07:03:35
2097,34231,4926,risk_score_threshold,50,2026-03-04 10:01:50
2098,34312,421,foreign_country,45,2026-02-06 23:12:11
2099,34316,2175,risk_score_threshold,65,2026-06-26 21:21:32
2100,34319,400,risk_score_threshold,40,2026-06-07 21:24:10
2101,34328,1629,risk_score_threshold,65,2026-04-07 12:13:50
2102,34335,4625,foreign_country,45,2026-06-28 08:01:08
2103,34366,1877,high_amount;night_transaction;foreign_country,60,2026-03-14 00:24:24
2104,34394,4628,high_amount;night_transaction;foreign_country,100,2026-01-15 05:12:39
2105,34405,2773,risk_score_threshold,40,2026-01-10 11:46:09
2106,34420,811,foreign_country,45,2026-01-20 13:50:31
2107,34427,3387,risk_score_threshold,40,2026-01-15 15:48:31
2108,34428,2086,high_amount;night_transaction;foreign_country,85,2026-02-12 04:57:51
2109,34447,2244,risk_score_threshold,40,2026-06-16 19:29:31
2110,34490,4113,foreign_country,45,2026-04-26 09:31:54
2111,34513,3486,high_amount;foreign_country,65,2026-05-24 23:54:18
2112,34518,3751,high_amount;foreign_country,75,2026-05-10 23:28:19
2113,34528,2462,foreign_country,45,2026-04-21 15:53:31
2114,34537,3209,foreign_country,45,2026-01-09 07:45:20
2115,34539,3948,foreign_country,45,2026-01-09 06:39:09
2116,34543,4928,risk_score_threshold,65,2026-05-12 16:17:45
2117,34559,3101,high_amount;night_transaction;foreign_country,60,2026-01-31 04:47:21
2118,34576,3448,high_amount;night_transaction;foreign_country,75,2026-04-28 04:23:03
2119,34595,1027,high_amount;night_transaction;foreign_country,60,2026-05-11 04:57:18
2120,34605,4620,foreign_country,45,2026-02-10 20:44:52
2121,34621,3085,high_amount;night_transaction;foreign_country,60,2026-02-27 03:16:54
2122,34635,4020,risk_score_threshold,40,2026-03-28 16:27:20
2123,34641,254,risk_score_threshold,40,2026-03-13 12:21:36
2124,34677,999,foreign_country,45,2026-04-23 14:29:05
2125,34697,2344,high_amount;night_transaction;foreign_country,75,2026-03-28 02:08:49
2126,34703,4774,foreign_country,60,2026-03-27 09:55:56
2127,34709,3949,foreign_country,45,2026-01-27 16:36:53
2128,34715,4226,high_amount;night_transaction;foreign_country,75,2026-04-14 01:26:22
2129,34723,4548,foreign_country,45,2026-03-09 07:08:24
2130,34744,254,risk_score_threshold,40,2026-01-25 13:56:35
2131,34748,2769,foreign_country,45,2026-04-19 10:31:52
2132,34765,4059,high_amount;night_transaction;foreign_country,85,2026-04-29 03:39:07
2133,34768,1715,risk_score_threshold,40,2026-01-10 08:44:25
2134,34806,1309,risk_score_threshold,40,2026-01-04 20:58:31
2135,34837,1825,risk_score_threshold,40,2026-04-09 08:44:22
2136,34838,2793,high_amount;night_transaction;foreign_country,75,2026-05-21 01:22:42
2137,34850,3130,risk_score_threshold,50,2026-04-07 09:28:11
2138,34856,2556,foreign_country,60,2026-02-28 08:04:06
2139,34863,3974,risk_score_threshold,40,2026-02-15 16:25:11
2140,34873,3789,high_amount;night_transaction;foreign_country,75,2026-04-15 03:20:57
2141,34875,812,high_amount;night_transaction;foreign_country,70,2026-06-28 04:25:47
2142,34887,3668,risk_score_threshold,50,2026-03-29 19:07:30
2143,34901,4696,foreign_country,45,2026-05-15 12:00:52
2144,34956,385,risk_score_threshold,40,2026-01-28 21:25:25
2145,34957,1060,high_amount;night_transaction;foreign_country,75,2026-06-17 00:09:09
2146,34964,493,risk_score_threshold,50,2026-01-26 21:19:23
2147,34974,1605,risk_score_threshold,50,2026-01-17 21:00:39
2148,34987,551,risk_score_threshold,40,2026-03-11 10:12:12
2149,35012,1166,high_amount;night_transaction;foreign_country,85,2026-03-23 01:39:17
2150,35036,2888,high_amount;night_transaction;foreign_country,100,2026-02-12 01:26:15
2151,35041,4793,high_amount;night_transaction;foreign_country,85,2026-05-05 00:34:08
2152,35091,4595,high_amount;foreign_country,65,2026-01-20 23:52:11
2153,35126,3318,risk_score_threshold,40,2026-02-05 22:29:42
2154,35128,3150,risk_score_threshold,65,2026-04-21 09:31:27
2155,35138,4166,risk_score_threshold,50,2026-05-03 09:02:11
2156,35171,1581,high_amount;foreign_country,90,2026-06-21 22:11:44
2157,35210,4585,risk_score_threshold,40,2026-03-05 23:16:38
2158,35223,3494,risk_score_threshold,50,2026-03-20 16:15:22
2159,35234,4443,high_amount;night_transaction;foreign_country,75,2026-01-08 03:13:53
2160,35244,2700,risk_score_threshold,40,2026-03-17 10:35:26
2161,35267,882,risk_score_threshold,50,2026-05-23 15:42:17
2162,35271,4779,risk_score_threshold,50,2026-02-01 09:26:35
2163,35291,1679,high_amount;night_transaction;foreign_country,75,2026-02-08 03:40:47
2164,35303,4767,risk_score_threshold,40,2026-06-24 19:34:06
2165,35321,736,risk_score_threshold,40,2026-01-17 09:44:22
2166,35322,1047,foreign_country,45,2026-02-12 15:52:13
2167,35331,4372,high_amount;night_transaction;foreign_country,75,2026-02-21 03:21:58
2168,35427,2806,risk_score_threshold,40,2026-03-04 17:59:56
2169,35435,368,foreign_country,45,2026-01-14 08:08:03
2170,35437,2097,high_amount;night_transaction;foreign_country,70,2026-04-21 03:08:36
2171,35438,4701,foreign_country,45,2026-03-18 15:15:12
2172,35439,3275,risk_score_threshold,40,2026-05-27 22:59:36
2173,35443,1351,high_amount;foreign_country,100,2026-04-13 23:49:59
2174,35457,42,foreign_country,45,2026-06-15 17:54:13
2175,35477,3517,risk_score_threshold,65,2026-05-26 06:36:28
2176,35478,1388,risk_score_threshold,60,2026-04-02 22:30:43
2177,35508,104,foreign_country,40,2026-02-11 08:09:26
2178,35511,3096,risk_score_threshold,40,2026-03-11 17:26:06
2179,35536,1716,high_amount;night_transaction;foreign_country,60,2026-04-19 04:38:12
2180,35538,3696,risk_score_threshold,50,2026-06-01 16:04:42
2181,35544,4779,risk_score_threshold,40,2026-03-10 15:28:02
2182,35593,215,risk_score_threshold,65,2026-06-26 12:59:52
2183,35602,4862,foreign_country,40,2026-01-26 17:06:27
2184,35655,3164,risk_score_threshold,40,2026-02-08 17:48:27
2185,35676,1351,risk_score_threshold,65,2026-05-13 17:11:14
2186,35693,1460,night_transaction;foreign_country,70,2026-02-03 02:38:21
2187,35695,1178,risk_score_threshold,50,2026-03-21 14:40:44
2188,35702,3368,high_amount;night_transaction;foreign_country,95,2026-06-06 01:35:16
2189,35703,1104,risk_score_threshold,40,2026-03-11 16:46:46
2190,35711,4985,high_amount;foreign_country,65,2026-02-02 23:24:10
2191,35718,430,risk_score_threshold,65,2026-04-05 09:43:10
2192,35735,4036,foreign_country,45,2026-05-28 23:44:21
2193,35748,1614,foreign_country,45,2026-04-01 22:56:28
2194,35794,665,risk_score_threshold,40,2026-05-25 08:37:56
2195,35831,4228,risk_score_threshold,50,2026-04-26 19:59:25
2196,35840,3298,foreign_country,45,2026-02-27 09:56:34
2197,35843,1228,foreign_country,60,2026-01-22 20:31:26
2198,35861,3703,risk_score_threshold,50,2026-03-08 09:04:04
2199,35872,399,foreign_country,45,2026-02-13 10:40:45
2200,35882,1128,risk_score_threshold,50,2026-03-20 09:17:50
2201,35887,665,risk_score_threshold,50,2026-03-15 20:47:59
2202,35904,1672,foreign_country,45,2026-03-04 09:29:07
2203,35960,4779,risk_score_threshold,50,2026-05-26 17:19:05
2204,36008,2766,high_amount;night_transaction;foreign_country,75,2026-01-26 02:19:01
2205,36035,1423,risk_score_threshold,40,2026-02-02 15:45:22
2206,36049,3431,risk_score_threshold,40,2026-06-21 22:06:21
2207,36076,263,high_amount;night_transaction;foreign_country,75,2026-05-09 01:20:35
2208,36083,3476,risk_score_threshold,65,2026-01-31 18:33:38
2209,36093,977,high_amount;night_transaction;foreign_country,85,2026-04-04 05:53:25
2210,36117,1260,high_amount;night_transaction;foreign_country,85,2026-06-14 03:42:37
2211,36197,4396,risk_score_threshold,40,2026-06-05 18:19:08
2212,36199,2656,high_amount;night_transaction;foreign_country,75,2026-03-04 00:18:48
2213,36202,2046,high_amount;night_transaction;foreign_country,100,2026-02-22 00:04:55
2214,36208,2473,high_amount;night_transaction;foreign_country,75,2026-06-15 00:28:09
2215,36217,4312,foreign_country,40,2026-06-20 17:53:35
2216,36220,2244,risk_score_threshold,40,2026-05-15 14:10:40
2217,36273,1422,risk_score_threshold,40,2026-04-17 07:30:11
2218,36280,4166,risk_score_threshold,65,2026-01-29 15:49:19
2219,36285,3043,risk_score_threshold,40,2026-03-10 07:20:23
2220,36305,166,high_amount;foreign_country,75,2026-04-12 23:20:10
2221,36307,1660,risk_score_threshold,40,2026-03-27 12:15:16
2222,36309,840,high_amount;night_transaction;foreign_country,75,2026-06-03 00:05:05
2223,36314,2773,risk_score_threshold,50,2026-06-20 07:31:27
2224,36335,3624,risk_score_threshold,65,2026-05-09 11:05:28
2225,36342,1986,foreign_country,45,2026-05-16 20:07:09
2226,36348,1655,high_amount;night_transaction;foreign_country,75,2026-04-09 01:38:24
2227,36351,4880,high_amount;night_transaction;foreign_country,100,2026-05-27 05:58:11
2228,36372,1209,high_amount;foreign_country,75,2026-05-10 23:41:39
2229,36398,4555,foreign_country,55,2026-04-30 16:50:00
2230,36427,4297,foreign_country,45,2026-03-15 13:30:31
2231,36436,4041,risk_score_threshold,40,2026-03-09 10:05:46
2232,36437,1605,risk_score_threshold,50,2026-05-18 06:29:33
2233,36439,3422,foreign_country,45,2026-01-02 08:17:58
2234,36512,2894,risk_score_threshold,50,2026-02-19 14:52:51
2235,36514,4118,risk_score_threshold,50,2026-02-28 14:50:44
2236,36529,4119,risk_score_threshold,40,2026-02-07 16:31:17
2237,36549,4146,risk_score_threshold,50,2026-03-20 08:20:45
2238,36575,3647,high_amount;night_transaction;foreign_country,60,2026-03-08 02:55:45
2239,36609,932,risk_score_threshold,40,2026-04-11 23:55:52
2240,36665,726,foreign_country,45,2026-03-28 12:56:26
2241,36686,2065,risk_score_threshold,40,2026-01-08 13:32:54
2242,36698,1574,foreign_country,45,2026-05-17 16:20:10
2243,36703,1069,foreign_country,45,2026-06-10 23:16:34
2244,36717,2298,high_amount;night_transaction;foreign_country,85,2026-03-21 02:29:45
2245,36723,2412,risk_score_threshold,50,2026-03-07 16:09:21
2246,36746,3818,high_amount;night_transaction;foreign_country,100,2026-04-23 05:57:27
2247,36749,1732,foreign_country,45,2026-03-29 18:04:43
2248,36752,2226,night_transaction;foreign_country,80,2026-05-08 04:06:33
2249,36796,2830,high_amount;night_transaction;foreign_country,85,2026-04-04 04:44:29
2250,36847,2563,high_amount;night_transaction;foreign_country,100,2026-01-31 02:18:33
2251,36888,2434,high_amount;night_transaction;foreign_country,100,2026-02-16 00:27:45
2252,36913,3321,high_amount;night_transaction;foreign_country,60,2026-02-11 04:41:01
2253,36929,857,foreign_country,45,2026-02-25 08:49:54
2254,36954,3802,foreign_country,45,2026-03-13 10:08:58
2255,36963,2556,risk_score_threshold,65,2026-05-25 06:45:50
2256,36984,3809,risk_score_threshold,40,2026-02-27 18:56:58
2257,37001,3098,foreign_country,45,2026-06-11 10:55:02
2258,37018,708,risk_score_threshold,40,2026-05-23 19:20:07
2259,37026,1953,high_amount;foreign_country,90,2026-02-17 22:17:34
2260,37028,2054,high_amount;night_transaction;foreign_country,85,2026-06-16 03:39:32
2261,37037,3739,risk_score_threshold,50,2026-02-20 20:37:39
2262,37039,1856,high_amount;night_transaction;foreign_country,100,2026-05-29 02:02:55
2263,37047,2249,risk_score_threshold,40,2026-03-06 15:12:05
2264,37049,4771,night_transaction;foreign_country,40,2026-06-11 00:17:42
2265,37068,4563,high_amount;night_transaction;foreign_country,75,2026-01-21 05:29:34
2266,37123,3387,risk_score_threshold,40,2026-04-14 19:33:07
2267,37129,3916,high_amount;night_transaction;foreign_country,60,2026-05-29 04:14:56
2268,37139,3739,foreign_country,60,2026-03-24 06:00:31
2269,37195,2069,high_amount;night_transaction;foreign_country,85,2026-03-02 05:56:09
2270,37196,2972,foreign_country,45,2026-06-25 20:02:33
2271,37208,1876,risk_score_threshold,40,2026-05-04 10:34:50
2272,37217,4329,high_amount;night_transaction;foreign_country,85,2026-02-11 05:21:55
2273,37218,437,high_amount;foreign_country,90,2026-01-03 23:41:15
2274,37219,2603,risk_score_threshold,40,2026-04-25 19:56:21
2275,37229,743,risk_score_threshold,40,2026-01-03 06:08:53
2276,37233,2754,night_transaction;foreign_country,55,2026-04-11 03:38:00
2277,37245,665,risk_score_threshold,50,2026-05-10 19:20:24
2278,37254,3453,foreign_country,60,2026-06-25 06:01:50
2279,37258,4969,night_transaction;foreign_country,55,2026-04-16 00:25:03
2280,37267,92,foreign_country,45,2026-05-15 21:11:30
2281,37272,512,high_amount;night_transaction;foreign_country,75,2026-05-25 05:05:07
2282,37297,3104,foreign_country,100,2026-01-10 23:56:23
2283,37302,1301,risk_score_threshold,40,2026-02-04 12:45:47
2284,37327,4585,risk_score_threshold,50,2026-06-13 15:25:49
2285,37347,4486,risk_score_threshold,65,2026-02-17 08:17:26
2286,37356,1630,foreign_country,45,2026-02-03 10:08:51
2287,37364,4208,high_amount;night_transaction;foreign_country,60,2026-03-30 02:58:37
2288,37376,1682,high_amount;foreign_country,75,2026-05-21 23:11:29
2289,37378,2854,high_amount;night_transaction;foreign_country,70,2026-06-29 04:41:11
2290,37382,257,risk_score_threshold,40,2026-06-07 18:46:54
2291,37416,4008,high_amount;night_transaction;foreign_country,75,2026-03-31 01:00:23
2292,37443,2618,foreign_country,45,2026-06-10 11:36:35
2293,37445,3739,risk_score_threshold,65,2026-06-12 17:59:46
2294,37446,742,foreign_country,45,2026-03-08 11:30:45
2295,37480,2851,high_amount;night_transaction;foreign_country,100,2026-02-16 03:12:25
2296,37502,2042,risk_score_threshold,50,2026-02-17 09:50:30
2297,37567,3219,high_amount;night_transaction;foreign_country,100,2026-03-19 05:25:15
2298,37570,3559,risk_score_threshold,40,2026-03-04 10:13:50
2299,37572,783,foreign_country,45,2026-06-19 23:09:36
2300,37580,4144,high_amount;night_transaction;foreign_country,100,2026-01-31 02:47:30
2301,37603,397,risk_score_threshold,40,2026-01-01 20:57:56
2302,37632,1437,risk_score_threshold,65,2026-05-10 11:33:13
2303,37639,2137,risk_score_threshold,40,2026-03-18 12:03:50
2304,37653,3170,risk_score_threshold,65,2026-03-30 12:43:56
2305,37703,3493,high_amount;night_transaction;foreign_country,75,2026-04-23 02:12:19
2306,37708,4111,risk_score_threshold,40,2026-01-08 22:08:57
2307,37710,2869,risk_score_threshold,40,2026-02-21 17:07:18
2308,37786,140,high_amount;night_transaction;foreign_country,60,2026-01-10 00:43:56
2309,37790,464,foreign_country,45,2026-04-27 15:56:28
2310,37799,2643,risk_score_threshold,40,2026-03-10 23:45:21
2311,37820,3146,risk_score_threshold,50,2026-01-11 14:41:02
2312,37834,3657,risk_score_threshold,40,2026-02-22 17:29:31
2313,37840,4403,foreign_country,45,2026-04-28 12:52:57
2314,37852,254,high_amount;foreign_country,100,2026-04-12 23:10:28
2315,37873,2578,high_amount;night_transaction;foreign_country,70,2026-04-16 00:22:34
2316,37918,743,risk_score_threshold,65,2026-04-27 19:27:55
2317,37995,3442,high_amount;night_transaction;foreign_country,75,2026-01-03 03:24:23
2318,38006,1228,risk_score_threshold,40,2026-05-04 15:17:16
2319,38027,1228,risk_score_threshold,40,2026-05-11 17:23:46
2320,38038,3731,risk_score_threshold,40,2026-03-28 17:09:37
2321,38041,2437,risk_score_threshold,50,2026-01-13 22:53:07
2322,38081,4178,risk_score_threshold,40,2026-06-17 13:40:01
2323,38100,4663,risk_score_threshold,40,2026-06-18 17:42:35
2324,38121,1984,high_amount;night_transaction;foreign_country,85,2026-04-09 03:13:23
2325,38122,2404,foreign_country,45,2026-06-25 18:17:34
2326,38129,3316,high_amount;night_transaction;foreign_country,75,2026-04-18 04:33:02
2327,38134,4186,high_amount;night_transaction;foreign_country,75,2026-03-25 01:24:41
2328,38158,2643,risk_score_threshold,50,2026-03-09 10:21:45
2329,38175,4901,high_amount;night_transaction;foreign_country,85,2026-06-29 01:11:12
2330,38180,3818,risk_score_threshold,50,2026-02-22 16:16:09
2331,38260,3681,risk_score_threshold,40,2026-06-27 10:51:29
2332,38261,2425,foreign_country,60,2026-06-08 20:57:41
2333,38266,1778,high_amount;night_transaction;foreign_country,75,2026-01-31 00:29:43
2334,38280,2716,high_amount;night_transaction;foreign_country,85,2026-06-06 01:49:02
2335,38283,2127,high_amount;night_transaction;foreign_country,75,2026-06-24 00:43:20
2336,38291,1783,high_amount;night_transaction;foreign_country,60,2026-06-29 01:09:49
2337,38306,3431,foreign_country,85,2026-01-16 09:13:23
2338,38337,4575,high_amount;night_transaction;foreign_country,100,2026-05-17 05:43:13
2339,38381,4217,high_amount;night_transaction;foreign_country,100,2026-02-26 02:09:51
2340,38416,2371,foreign_country,45,2026-02-04 18:06:43
2341,38424,2556,high_amount;night_transaction;foreign_country,70,2026-04-30 04:10:09
2342,38435,4268,risk_score_threshold,65,2026-01-28 07:30:08
2343,38436,3300,high_amount;night_transaction;foreign_country,75,2026-03-15 04:33:55
2344,38440,2724,high_amount;night_transaction;foreign_country,75,2026-05-28 05:42:53
2345,38451,4482,high_amount;foreign_country,65,2026-03-23 22:25:15
2346,38510,4486,high_amount;night_transaction;foreign_country,100,2026-02-19 04:13:13
2347,38523,551,risk_score_threshold,50,2026-06-24 15:21:20
2348,38531,2806,risk_score_threshold,40,2026-03-02 10:43:56
2349,38553,2412,risk_score_threshold,50,2026-01-26 07:29:16
2350,38581,1301,risk_score_threshold,65,2026-06-29 23:42:18
2351,38584,1875,foreign_country,60,2026-05-13 12:14:19
2352,38609,321,risk_score_threshold,65,2026-05-30 18:54:07
2353,38632,1721,foreign_country,45,2026-05-13 23:20:32
2354,38647,1284,risk_score_threshold,65,2026-04-22 12:53:03
2355,38664,2008,foreign_country,45,2026-01-31 13:43:06
2356,38691,4349,high_amount;night_transaction;foreign_country,100,2026-05-28 02:35:54
2357,38695,3242,risk_score_threshold,40,2026-05-23 21:29:57
2358,38699,3337,foreign_country,45,2026-02-09 14:54:16
2359,38719,1622,foreign_country,45,2026-04-11 11:21:35
2360,38747,2445,foreign_country,45,2026-05-11 21:48:52
2361,38760,251,high_amount;foreign_country,50,2026-02-26 22:11:27
2362,38761,1298,high_amount;night_transaction;foreign_country,75,2026-04-16 02:07:30
2363,38767,2211,foreign_country,45,2026-01-30 06:13:51
2364,38824,931,risk_score_threshold,50,2026-04-29 21:56:28
2365,38832,215,foreign_country,45,2026-03-01 14:57:56
2366,38851,4928,risk_score_threshold,40,2026-03-30 12:55:33
2367,38877,672,foreign_country,45,2026-03-23 20:12:17
2368,38912,3275,risk_score_threshold,65,2026-05-08 14:54:30
2369,38947,4561,foreign_country,45,2026-06-14 13:55:24
2370,38949,1422,risk_score_threshold,65,2026-01-10 16:34:31
2371,38960,2979,foreign_country,45,2026-03-18 21:29:23
2372,38961,4449,risk_score_threshold,40,2026-02-03 06:42:16
2373,38972,4385,risk_score_threshold,40,2026-02-26 23:11:53
2374,38974,1205,high_amount;night_transaction;foreign_country,100,2026-05-02 02:11:02
2375,38980,2739,risk_score_threshold,40,2026-06-20 14:29:01
2376,38989,4152,risk_score_threshold,50,2026-03-28 12:20:18
2377,39003,4276,risk_score_threshold,40,2026-04-26 18:09:54
2378,39009,1303,risk_score_threshold,50,2026-01-10 19:52:21
2379,39053,355,foreign_country,45,2026-06-07 16:38:19
2380,39057,2013,high_amount;night_transaction;foreign_country,85,2026-02-07 04:43:52
2381,39064,2525,foreign_country,40,2026-05-11 09:18:07
2382,39087,1140,night_transaction;foreign_country,45,2026-06-26 00:04:30
2383,39115,3164,risk_score_threshold,65,2026-03-28 16:04:10
2384,39126,1872,risk_score_threshold,40,2026-05-18 11:12:48
2385,39134,3600,foreign_country,45,2026-04-10 12:54:58
2386,39154,4111,risk_score_threshold,65,2026-05-07 10:27:26
2387,39160,2890,foreign_country,45,2026-03-17 20:59:07
2388,39164,1677,high_amount;night_transaction;foreign_country,75,2026-01-26 02:40:24
2389,39181,3304,high_amount;night_transaction;foreign_country,75,2026-05-13 03:56:29
2390,39221,150,high_amount;night_transaction;foreign_country,75,2026-06-01 00:23:58
2391,39264,1827,foreign_country,45,2026-06-16 07:49:08
2392,39279,4557,risk_score_threshold,40,2026-02-27 07:14:02
2393,39296,3242,foreign_country,70,2026-06-11 10:31:37
2394,39300,1010,foreign_country,45,2026-03-27 09:21:19
2395,39318,2643,high_amount;night_transaction;foreign_country,100,2026-04-24 00:36:12
2396,39319,2037,risk_score_threshold,50,2026-04-03 09:14:36
2397,39345,1284,risk_score_threshold,50,2026-02-10 06:23:30
2398,39351,2773,risk_score_threshold,40,2026-03-31 16:43:41
2399,39368,400,risk_score_threshold,50,2026-01-01 10:54:22
2400,39370,2765,high_amount;foreign_country,90,2026-04-12 22:28:28
2401,39377,2375,high_amount;night_transaction;foreign_country,60,2026-03-26 00:33:49
2402,39394,2788,risk_score_threshold,65,2026-04-17 16:49:43
2403,39403,4887,high_amount;night_transaction;foreign_country,75,2026-05-29 04:04:39
2404,39406,4059,high_amount;night_transaction;foreign_country,75,2026-06-27 05:26:09
2405,39407,1380,high_amount;night_transaction;foreign_country,75,2026-03-22 05:58:43
2406,39455,2788,risk_score_threshold,40,2026-05-16 21:15:33
2407,39466,3164,risk_score_threshold,40,2026-01-18 12:36:10
2408,39467,2591,risk_score_threshold,65,2026-01-28 19:24:28
2409,39469,390,high_amount;foreign_country,65,2026-01-02 22:05:15
2410,39489,4628,risk_score_threshold,40,2026-03-24 21:33:16
2411,39509,3316,high_amount;night_transaction;foreign_country,85,2026-02-19 02:59:34
2412,39519,3275,risk_score_threshold,40,2026-05-27 08:10:58
2413,39575,1945,risk_score_threshold,60,2026-04-09 18:39:42
2414,39581,1833,high_amount;night_transaction;foreign_country,85,2026-05-28 04:06:24
2415,39584,2695,risk_score_threshold,65,2026-03-04 16:35:05
2416,39585,4847,foreign_country,45,2026-05-26 10:54:03
2417,39590,397,risk_score_threshold,65,2026-03-07 12:33:08
2418,39611,3739,risk_score_threshold,40,2026-05-09 21:32:48
2419,39644,385,risk_score_threshold,40,2026-05-31 16:51:37
2420,39716,509,foreign_country,45,2026-01-17 23:08:44
2421,39721,2614,high_amount;foreign_country,65,2026-04-08 23:53:19
2422,39749,1629,risk_score_threshold,40,2026-03-19 19:03:17
2423,39766,4628,risk_score_threshold,65,2026-01-30 09:02:28
2424,39768,2204,risk_score_threshold,40,2026-04-27 22:41:36
2425,39775,321,risk_score_threshold,50,2026-01-19 12:51:55
2426,39778,4395,foreign_country,45,2026-03-08 20:05:35
2427,39782,1660,risk_score_threshold,40,2026-04-25 22:47:35
2428,39789,3228,foreign_country,45,2026-06-29 15:09:49
2429,39790,2397,foreign_country,45,2026-03-20 23:28:26
2430,39800,336,high_amount;night_transaction;foreign_country,85,2026-04-05 04:44:10
2431,39807,4998,high_amount;night_transaction;foreign_country,100,2026-05-12 01:14:13
2432,39814,3818,risk_score_threshold,75,2026-03-27 12:19:54
2433,39816,3241,high_amount;foreign_country,65,2026-05-18 22:44:45
2434,39832,978,foreign_country,45,2026-06-27 14:43:28
2435,39841,2855,high_amount;night_transaction;foreign_country,85,2026-04-15 01:24:35
2436,39862,786,high_amount;night_transaction;foreign_country,75,2026-03-01 01:07:59
2437,39993,931,risk_score_threshold,65,2026-04-19 18:25:09
2438,39994,351,high_amount;night_transaction;foreign_country,85,2026-03-21 00:51:56
2439,39996,1605,risk_score_threshold,40,2026-05-01 08:48:10
2440,40012,3431,foreign_country,70,2026-02-10 21:14:11
2441,40055,1147,foreign_country,45,2026-06-02 15:41:14
2442,40073,403,high_amount;foreign_country,75,2026-04-04 23:06:28
2443,40078,2916,foreign_country,45,2026-06-01 13:28:05
2444,40097,3318,risk_score_threshold,65,2026-01-01 12:05:44
2445,40101,4121,high_amount;foreign_country,50,2026-03-07 23:37:20
2446,40113,2031,risk_score_threshold,50,2026-06-01 08:29:54
2447,40123,3126,risk_score_threshold,40,2026-01-28 14:10:26
2448,40128,3330,foreign_country,45,2026-02-03 09:40:48
2449,40165,624,risk_score_threshold,40,2026-01-24 21:55:39
2450,40167,3660,foreign_country,45,2026-06-01 21:44:44
2451,40184,3011,risk_score_threshold,50,2026-01-10 18:42:05
2452,40190,20,foreign_country,45,2026-04-27 19:52:04
2453,40233,2984,high_amount;night_transaction;foreign_country,70,2026-01-25 05:48:12
2454,40266,2159,foreign_country,45,2026-06-12 16:14:44
2455,40268,4253,risk_score_threshold,40,2026-01-30 08:17:07
2456,40269,2806,risk_score_threshold,40,2026-06-22 10:19:20
2457,40281,3663,foreign_country,45,2026-02-07 10:48:24
2458,40303,4219,risk_score_threshold,50,2026-06-18 11:45:02
2459,40312,3738,high_amount;night_transaction;foreign_country,85,2026-03-30 04:29:23
2460,40313,758,risk_score_threshold,40,2026-05-25 08:37:00
2461,40343,1876,risk_score_threshold,50,2026-04-17 16:15:28
2462,40346,3809,risk_score_threshold,50,2026-02-28 18:51:35
2463,40351,4253,risk_score_threshold,40,2026-05-13 14:35:13
2464,40359,4050,foreign_country,45,2026-04-19 16:40:35
2465,40367,583,foreign_country,45,2026-03-05 11:42:07
2466,40370,3788,high_amount;night_transaction;foreign_country,75,2026-03-14 03:42:07
2467,40400,2249,risk_score_threshold,65,2026-04-21 19:39:58
2468,40465,3984,high_amount;foreign_country,50,2026-06-08 23:55:59
2469,40477,3655,night_transaction;foreign_country,55,2026-01-12 05:52:37
2470,40491,2204,risk_score_threshold,40,2026-06-08 15:16:15
2471,40497,1991,high_amount;night_transaction;foreign_country,75,2026-03-06 03:34:39
2472,40515,1109,foreign_country,45,2026-04-13 21:45:42
2473,40518,4575,foreign_country,45,2026-05-25 10:06:38
2474,40561,4396,risk_score_threshold,40,2026-01-02 16:26:14
2475,40564,736,risk_score_threshold,40,2026-06-06 14:21:27
2476,40578,3905,foreign_country,70,2026-01-02 11:55:51
2477,40595,2021,foreign_country,45,2026-01-16 11:00:07
2478,40597,4892,high_amount;foreign_country,65,2026-02-25 22:43:49
2479,40605,2684,risk_score_threshold,50,2026-05-10 21:18:56
2480,40623,3297,night_transaction;foreign_country,55,2026-04-27 04:18:06
2481,40645,2668,foreign_country,40,2026-03-24 13:34:49
2482,40656,2592,foreign_country,45,2026-03-29 21:16:59
2483,40671,4784,foreign_country,45,2026-04-13 16:51:17
2484,40675,284,high_amount;night_transaction;foreign_country,100,2026-04-04 03:47:56
2485,40700,215,risk_score_threshold,65,2026-01-08 22:14:38
2486,40720,1348,foreign_country,45,2026-06-17 22:31:10
2487,40721,4478,risk_score_threshold,65,2026-06-18 23:21:56
2488,40728,1875,risk_score_threshold,65,2026-04-20 07:51:28
2489,40737,3565,risk_score_threshold,50,2026-03-25 20:25:59
2490,40748,1920,risk_score_threshold,50,2026-04-30 09:13:44
2491,40760,3409,foreign_country,45,2026-04-12 20:08:39
2492,40765,3104,risk_score_threshold,40,2026-06-03 06:57:22
2493,40771,4926,high_amount;night_transaction;foreign_country,100,2026-02-19 04:50:16
2494,40796,1672,risk_score_threshold,40,2026-04-10 22:44:31
2495,40807,2249,risk_score_threshold,40,2026-02-05 16:39:21
2496,40822,4119,risk_score_threshold,40,2026-03-16 19:06:57
2497,40842,2474,high_amount;night_transaction;foreign_country,75,2026-02-13 02:53:56
2498,40866,1437,risk_score_threshold,50,2026-05-30 11:30:10
2499,40870,2695,risk_score_threshold,50,2026-06-06 13:13:30
2500,40882,4663,risk_score_threshold,40,2026-02-06 17:36:19
2501,40900,257,risk_score_threshold,50,2026-04-30 07:33:39
2502,40907,4656,high_amount;night_transaction;foreign_country,85,2026-04-24 04:40:31
2503,40929,3096,risk_score_threshold,65,2026-03-09 13:03:54
2504,40932,4628,risk_score_threshold,50,2026-06-24 14:23:55
2505,40963,4360,foreign_country,45,2026-01-01 20:17:55
2506,40990,2225,risk_score_threshold,40,2026-02-27 18:20:05
2507,40995,317,foreign_country,45,2026-06-27 06:44:36
2508,40999,928,high_amount;foreign_country,65,2026-05-22 22:03:36
2509,41028,4625,foreign_country,45,2026-01-25 16:53:28
2510,41044,2913,high_amount;night_transaction;foreign_country,100,2026-06-06 02:19:37
2511,41051,3276,risk_score_threshold,50,2026-01-17 19:01:18
2512,41053,4726,risk_score_threshold,65,2026-06-13 09:55:01
2513,41071,791,foreign_country,45,2026-02-28 08:24:41
2514,41099,4225,foreign_country,45,2026-06-11 13:25:33
2515,41106,1605,risk_score_threshold,40,2026-02-27 09:20:05
2516,41117,3043,risk_score_threshold,40,2026-03-10 06:44:18
2517,41153,4152,risk_score_threshold,40,2026-01-29 20:20:23
2518,41166,3014,high_amount;night_transaction;foreign_country,100,2026-02-15 04:51:53
2519,41168,3408,high_amount;foreign_country,60,2026-02-20 22:17:46
2520,41177,3017,foreign_country,40,2026-02-18 14:08:33
2521,41182,339,risk_score_threshold,40,2026-06-17 12:53:02
2522,41195,3398,risk_score_threshold,40,2026-04-10 15:50:09
2523,41225,2165,high_amount;night_transaction;foreign_country,95,2026-02-13 00:14:11
2524,41235,4250,risk_score_threshold,50,2026-03-15 15:49:45
2525,41245,2176,high_amount;night_transaction;foreign_country,85,2026-05-05 01:27:21
2526,41246,3250,foreign_country,45,2026-06-18 07:52:12
2527,41270,430,foreign_country,70,2026-03-05 19:04:15
2528,41273,759,high_amount;foreign_country,90,2026-01-23 22:39:55
2529,41327,339,risk_score_threshold,40,2026-06-26 14:54:15
2530,41328,4119,risk_score_threshold,40,2026-03-08 18:15:58
2531,41418,1930,risk_score_threshold,40,2026-01-21 07:28:46
2532,41422,3034,risk_score_threshold,50,2026-01-01 11:13:06
2533,41450,3809,risk_score_threshold,65,2026-05-20 21:19:34
2534,41470,1766,risk_score_threshold,50,2026-03-15 22:53:20
2535,41496,2563,risk_score_threshold,50,2026-06-13 21:46:44
2536,41503,49,high_amount;foreign_country,90,2026-01-07 22:25:59
2537,41504,4767,risk_score_threshold,40,2026-05-22 07:28:22
2538,41507,2107,risk_score_threshold,65,2026-03-30 13:21:21
2539,41510,670,foreign_country,45,2026-05-10 09:43:27
2540,41516,849,risk_score_threshold,65,2026-06-15 18:14:19
2541,41534,2681,high_amount;night_transaction;foreign_country,70,2026-04-11 03:03:00
2542,41556,3297,foreign_country,45,2026-01-16 11:46:17
2543,41563,745,risk_score_threshold,40,2026-03-31 23:48:21
2544,41570,3164,foreign_country,70,2026-03-10 06:18:03
2545,41584,2704,high_amount;foreign_country,75,2026-05-13 22:12:58
2546,41586,4276,risk_score_threshold,40,2026-02-22 11:05:00
2547,41652,932,risk_score_threshold,40,2026-03-09 17:31:15
2548,41657,1715,risk_score_threshold,65,2026-05-18 09:47:46
2549,41677,4250,risk_score_threshold,40,2026-04-28 09:15:59
2550,41700,697,foreign_country,45,2026-02-22 08:46:27
2551,41706,94,risk_score_threshold,50,2026-02-02 18:06:05
2552,41748,1930,risk_score_threshold,40,2026-06-26 23:21:52
2553,41774,3330,foreign_country,45,2026-05-09 22:53:51
2554,41778,321,risk_score_threshold,40,2026-01-28 10:49:54
2555,41792,931,risk_score_threshold,40,2026-05-27 10:38:19
2556,41825,2411,risk_score_threshold,50,2026-05-18 14:46:36
2557,41829,4396,risk_score_threshold,40,2026-05-08 20:05:27
2558,41860,254,risk_score_threshold,40,2026-01-27 21:03:54
2559,41889,1936,foreign_country,45,2026-01-20 19:54:21
2560,41903,16,foreign_country,45,2026-05-19 16:25:25
2561,41921,4020,foreign_country,60,2026-02-03 17:23:52
2562,41947,4478,risk_score_threshold,40,2026-03-05 22:57:40
2563,41952,417,night_transaction;foreign_country,40,2026-05-30 02:30:35
2564,41962,1629,risk_score_threshold,40,2026-04-14 08:49:35
2565,42032,1746,high_amount;night_transaction;foreign_country,75,2026-01-13 03:19:44
2566,42052,2088,foreign_country,45,2026-03-06 20:34:09
2567,42070,2673,high_amount;night_transaction;foreign_country,75,2026-03-03 01:37:22
2568,42090,1036,foreign_country,45,2026-06-20 17:28:54
2569,42096,4628,risk_score_threshold,40,2026-05-21 09:35:40
2570,42106,4276,risk_score_threshold,40,2026-02-20 19:33:56
2571,42112,3642,risk_score_threshold,65,2026-02-21 17:54:53
2572,42130,4673,high_amount;night_transaction;foreign_country,60,2026-02-13 01:44:27
2573,42138,2225,risk_score_threshold,40,2026-05-13 09:03:09
2574,42139,3696,risk_score_threshold,75,2026-03-19 16:25:40
2575,42145,2012,foreign_country,45,2026-01-24 17:46:13
2576,42171,86,risk_score_threshold,40,2026-01-31 20:11:26
2577,42183,3242,risk_score_threshold,40,2026-06-28 10:21:57
2578,42204,3330,high_amount;night_transaction;foreign_country,70,2026-06-22 01:20:18
2579,42212,2459,risk_score_threshold,40,2026-03-14 09:47:18
2580,42245,4268,risk_score_threshold,65,2026-06-13 11:07:34
2581,42264,154,high_amount;night_transaction;foreign_country,75,2026-01-05 05:33:47
2582,42266,430,risk_score_threshold,65,2026-06-10 09:49:30
2583,42272,3242,risk_score_threshold,40,2026-04-27 14:03:16
2584,42298,92,high_amount;night_transaction;foreign_country,100,2026-04-21 04:27:51
2585,42314,251,foreign_country,60,2026-03-10 11:35:20
2586,42321,2204,risk_score_threshold,40,2026-04-02 11:01:55
2587,42366,958,risk_score_threshold,40,2026-01-13 11:40:07
2588,42392,4626,foreign_country,45,2026-03-07 09:29:05
2589,42393,2956,high_amount;night_transaction;foreign_country,75,2026-04-19 03:41:52
2590,42419,163,foreign_country,45,2026-06-13 23:52:17
2591,42444,2204,foreign_country,85,2026-04-11 22:28:31
2592,42449,4385,risk_score_threshold,40,2026-04-07 17:08:12
2593,42459,1529,foreign_country,45,2026-06-11 20:18:42
2594,42484,1945,risk_score_threshold,50,2026-01-20 20:50:04
2595,42497,554,risk_score_threshold,40,2026-05-07 07:52:21
2596,42507,4201,high_amount;night_transaction;foreign_country,75,2026-01-26 05:54:54
2597,42510,1673,foreign_country,45,2026-06-28 06:00:21
2598,42527,4326,high_amount;night_transaction;foreign_country,75,2026-03-14 00:07:24
2599,42539,4152,risk_score_threshold,65,2026-01-07 23:02:35
2600,42545,3170,foreign_country,45,2026-06-25 22:33:34
2601,42547,3126,risk_score_threshold,50,2026-03-18 12:00:42
2602,42567,2738,risk_score_threshold,50,2026-03-05 23:52:39
2603,42579,4910,foreign_country,45,2026-01-12 08:43:03
2604,42595,3165,risk_score_threshold,65,2026-04-16 16:41:01
2605,42601,1090,foreign_country,45,2026-04-14 15:27:53
2606,42627,116,foreign_country,45,2026-06-08 07:36:33
2607,42633,2802,foreign_country,45,2026-04-27 08:19:57
2608,42637,66,foreign_country,45,2026-06-08 11:20:03
2609,42652,2770,risk_score_threshold,40,2026-01-12 19:41:01
2610,42665,1629,risk_score_threshold,50,2026-01-05 21:39:10
2611,42674,2175,risk_score_threshold,65,2026-04-27 12:37:45
2612,42680,4797,high_amount;night_transaction;foreign_country,70,2026-04-06 02:00:27
2613,42690,1002,foreign_country,45,2026-05-28 23:29:42
2614,42693,2643,risk_score_threshold,40,2026-05-27 18:37:56
2615,42695,2252,high_amount;night_transaction;foreign_country,85,2026-03-15 02:09:43
2616,42703,3668,risk_score_threshold,40,2026-01-19 16:33:37
2617,42778,868,high_amount;night_transaction;foreign_country,60,2026-03-03 03:14:22
2618,42804,3094,foreign_country,40,2026-05-20 16:21:24
2619,42820,1687,foreign_country,45,2026-03-12 22:26:32
2620,42821,3547,risk_score_threshold,50,2026-06-04 14:17:24
2621,42842,1368,high_amount;night_transaction;foreign_country,70,2026-02-19 04:26:17
2622,42843,1646,high_amount;night_transaction;foreign_country,75,2026-02-23 04:03:36
2623,42854,2412,risk_score_threshold,75,2026-05-23 16:00:10
2624,42870,94,foreign_country,85,2026-05-17 13:38:42
2625,42894,3668,risk_score_threshold,40,2026-02-03 15:11:09
2626,42915,1306,risk_score_threshold,50,2026-02-23 09:05:48
2627,42936,3557,high_amount;night_transaction;foreign_country,60,2026-04-10 01:40:48
2628,42956,2234,high_amount;night_transaction;foreign_country,75,2026-03-16 00:06:07
2629,42957,3809,risk_score_threshold,65,2026-01-24 06:03:46
2630,42997,321,risk_score_threshold,40,2026-06-07 22:10:06
2631,43017,4898,high_amount;night_transaction;foreign_country,85,2026-03-01 01:21:51
2632,43035,4304,risk_score_threshold,50,2026-03-04 20:57:03
2633,43047,2773,risk_score_threshold,65,2026-04-20 19:42:40
2634,43083,3150,risk_score_threshold,50,2026-01-20 20:51:34
2635,43095,2359,high_amount;night_transaction;foreign_country,100,2026-01-30 05:23:49
2636,43100,2671,risk_score_threshold,50,2026-04-24 06:09:05
2637,43107,3254,risk_score_threshold,40,2026-03-23 22:41:51
2638,43109,3431,risk_score_threshold,50,2026-04-25 08:29:52
2639,43121,1321,foreign_country,45,2026-04-14 19:39:34
2640,43157,497,risk_score_threshold,65,2026-06-27 21:52:50
2641,43208,3750,risk_score_threshold,50,2026-05-02 17:00:26
2642,43237,2417,foreign_country,45,2026-05-23 09:36:04
2643,43257,3275,risk_score_threshold,40,2026-01-23 19:09:04
2644,43260,1351,risk_score_threshold,50,2026-06-03 10:09:26
2645,43269,4285,foreign_country,45,2026-01-05 13:28:53
2646,43280,4161,foreign_country,45,2026-01-14 20:52:32
2647,43322,3685,foreign_country,45,2026-01-03 15:23:33
2648,43331,3034,risk_score_threshold,40,2026-03-22 22:40:43
2649,43345,879,risk_score_threshold,50,2026-01-28 20:43:06
2650,43365,1629,risk_score_threshold,65,2026-03-17 23:46:02
2651,43381,4304,risk_score_threshold,50,2026-05-08 19:31:42
2652,43388,1750,night_transaction;foreign_country,45,2026-03-23 01:57:39
2653,43397,2356,high_amount;night_transaction;foreign_country,60,2026-01-25 04:57:54
2654,43400,4166,risk_score_threshold,65,2026-05-17 12:45:56
2655,43409,1560,foreign_country,45,2026-03-02 19:36:13
2656,43425,1629,risk_score_threshold,40,2026-05-19 20:22:43
2657,43434,3634,high_amount;foreign_country,50,2026-02-04 22:24:22
2658,43441,1303,risk_score_threshold,50,2026-06-04 06:34:00
2659,43458,4726,risk_score_threshold,65,2026-06-16 11:04:37
2660,43503,1178,risk_score_threshold,40,2026-05-14 12:58:10
2661,43509,2894,risk_score_threshold,65,2026-06-05 22:38:26
2662,43515,1126,foreign_country,40,2026-02-26 08:48:48
2663,43525,1490,night_transaction;foreign_country,45,2026-03-06 04:42:43
2664,43530,2411,risk_score_threshold,40,2026-01-05 10:43:42
2665,43558,3011,high_amount;night_transaction;foreign_country,100,2026-04-16 04:16:09
2666,43575,4515,foreign_country,45,2026-02-28 07:20:23
2667,43580,3575,foreign_country,45,2026-06-17 07:50:24
2668,43588,2065,risk_score_threshold,50,2026-01-30 16:35:07
2669,43590,1367,high_amount;night_transaction;foreign_country,75,2026-02-05 04:12:51
2670,43594,646,foreign_country,45,2026-05-31 19:06:18
2671,43615,666,foreign_country,45,2026-02-06 15:44:39
2672,43631,4351,high_amount;night_transaction;foreign_country,95,2026-05-10 05:11:50
2673,43656,4757,high_amount;night_transaction;foreign_country,75,2026-04-14 02:54:14
2674,43660,4894,foreign_country,45,2026-05-05 14:22:08
2675,43692,195,foreign_country,95,2026-05-31 15:37:05
2676,43701,3126,risk_score_threshold,40,2026-06-12 13:10:54
2677,43704,958,risk_score_threshold,50,2026-05-11 15:24:18
2678,43757,1299,risk_score_threshold,65,2026-05-23 22:39:58
2679,43775,567,high_amount;night_transaction;foreign_country,100,2026-05-28 00:34:05
2680,43810,3313,foreign_country,45,2026-05-17 22:21:14
2681,43832,2342,foreign_country,45,2026-03-20 16:04:15
2682,43835,2585,risk_score_threshold,40,2026-02-03 10:29:16
2683,43844,3669,foreign_country,45,2026-02-17 09:55:41
2684,43854,2822,high_amount;night_transaction;foreign_country,95,2026-03-07 02:39:08
2685,43862,874,high_amount;foreign_country,65,2026-01-11 23:17:31
2686,43874,2437,risk_score_threshold,40,2026-05-26 12:45:47
2687,43898,623,foreign_country,45,2026-03-18 16:15:49
2688,43905,2267,foreign_country,45,2026-03-25 20:32:34
2689,43913,4304,risk_score_threshold,40,2026-06-10 17:38:36
2690,43916,1042,night_transaction;foreign_country,85,2026-03-19 04:40:01
2691,43924,4237,foreign_country,45,2026-01-16 23:27:48
2692,43952,292,high_amount;night_transaction;foreign_country,75,2026-04-09 05:05:09
2693,44019,4726,risk_score_threshold,50,2026-06-10 13:19:35
2694,44022,4199,foreign_country,45,2026-02-24 20:49:43
2695,44043,3742,high_amount;night_transaction;foreign_country,85,2026-03-07 00:20:11
2696,44078,711,night_transaction;foreign_country,45,2026-05-30 00:58:47
2697,44109,742,high_amount;night_transaction;foreign_country,75,2026-05-25 00:16:25
2698,44126,1761,foreign_country,40,2026-03-14 06:15:17
2699,44129,3611,high_amount;night_transaction;foreign_country,75,2026-03-01 05:16:45
2700,44169,4161,high_amount;night_transaction;foreign_country,75,2026-01-05 04:12:39
2701,44179,1601,foreign_country,45,2026-03-09 19:40:35
2702,44200,3879,high_amount;night_transaction;foreign_country,85,2026-04-07 04:57:29
2703,44225,4819,high_amount;night_transaction;foreign_country,75,2026-05-30 00:45:34
2704,44238,1256,foreign_country,40,2026-03-07 20:36:16
2705,44239,2255,foreign_country,60,2026-02-10 22:57:43
2706,44251,4767,risk_score_threshold,50,2026-03-20 11:44:19
2707,44252,2773,risk_score_threshold,40,2026-06-08 21:31:49
2708,44296,1437,risk_score_threshold,40,2026-05-02 09:42:13
2709,44326,4228,risk_score_threshold,40,2026-03-30 12:52:53
2710,44334,2079,risk_score_threshold,65,2026-06-02 16:39:35
2711,44370,4378,foreign_country,45,2026-01-02 10:45:13
2712,44380,4890,foreign_country,45,2026-01-17 15:35:39
2713,44416,4166,risk_score_threshold,40,2026-06-19 18:36:35
2714,44424,2882,foreign_country,45,2026-04-10 06:44:30
2715,44435,1062,foreign_country,45,2026-02-21 17:03:48
2716,44446,2910,high_amount;foreign_country,75,2026-03-14 23:00:40
2717,44460,931,risk_score_threshold,40,2026-05-24 15:35:36
2718,44498,3681,high_amount;night_transaction;foreign_country,100,2026-03-28 01:35:50
2719,44511,168,foreign_country,45,2026-06-17 09:29:31
2720,44520,4782,foreign_country,40,2026-03-15 11:59:38
2721,44539,1223,high_amount;night_transaction;foreign_country,85,2026-03-14 04:02:14
2722,44554,3259,foreign_country,45,2026-03-16 07:39:22
2723,44616,4385,risk_score_threshold,65,2026-03-18 20:48:32
2724,44619,2643,risk_score_threshold,40,2026-01-20 11:37:58
2725,44627,2894,risk_score_threshold,40,2026-06-17 20:54:41
2726,44629,1306,risk_score_threshold,50,2026-05-15 08:35:38
2727,44634,4260,foreign_country,45,2026-04-04 06:26:46
2728,44653,1893,high_amount;foreign_country,65,2026-05-23 22:34:49
2729,44662,1642,high_amount;night_transaction;foreign_country,85,2026-03-23 04:37:43
2730,44672,2739,risk_score_threshold,40,2026-02-26 17:09:45
2731,44708,4540,risk_score_threshold,65,2026-03-19 18:44:21
2732,44709,1135,risk_score_threshold,40,2026-05-17 09:31:47
2733,44738,1228,risk_score_threshold,50,2026-01-15 16:35:13
2734,44767,2079,risk_score_threshold,40,2026-02-24 08:53:26
2735,44780,1303,risk_score_threshold,50,2026-04-06 20:50:50
2736,44781,3825,high_amount;night_transaction;foreign_country,75,2026-04-23 01:56:26
2737,44789,4304,risk_score_threshold,40,2026-03-15 19:02:42
2738,44798,3680,risk_score_threshold,40,2026-05-15 16:48:38
2739,44846,497,foreign_country,60,2026-02-21 10:18:59
2740,44893,2703,high_amount;night_transaction;foreign_country,85,2026-05-16 00:27:13
2741,44905,2738,risk_score_threshold,50,2026-04-02 08:43:37
2742,44908,4817,high_amount;foreign_country,50,2026-03-07 22:52:32
2743,44941,1424,high_amount;night_transaction;foreign_country,60,2026-03-19 00:12:26
2744,44942,932,risk_score_threshold,50,2026-02-02 08:05:29
2745,44956,3096,risk_score_threshold,65,2026-03-01 16:35:14
2746,44957,531,foreign_country,55,2026-06-26 14:17:30
2747,44960,3571,foreign_country,45,2026-02-16 13:50:03
2748,44986,2453,high_amount;night_transaction;foreign_country,60,2026-02-20 03:11:58
2749,45007,2217,foreign_country,45,2026-02-15 08:25:08
2750,45013,4617,foreign_country,60,2026-01-20 09:08:31
2751,45035,932,risk_score_threshold,50,2026-03-30 18:44:59
2752,45093,1762,high_amount;night_transaction;foreign_country,85,2026-05-07 01:36:00
2753,45106,4228,risk_score_threshold,40,2026-05-15 09:17:57
2754,45143,4114,high_amount;night_transaction;foreign_country,75,2026-06-14 04:25:27
2755,45155,4303,foreign_country,45,2026-01-05 19:30:42
2756,45158,27,risk_score_threshold,40,2026-02-15 20:26:32
2757,45164,1945,foreign_country,95,2026-03-31 12:24:23
2758,45171,2843,night_transaction;foreign_country,45,2026-04-08 04:35:17
2759,45195,233,foreign_country,45,2026-02-17 13:20:43
2760,45198,743,risk_score_threshold,50,2026-04-08 23:24:27
2761,45211,4152,risk_score_threshold,50,2026-06-25 21:32:42
2762,45223,1309,foreign_country,70,2026-03-07 15:49:01
2763,45229,1605,risk_score_threshold,65,2026-03-15 07:16:17
2764,45258,1881,foreign_country,70,2026-03-06 20:01:22
2765,45267,4663,risk_score_threshold,50,2026-02-18 14:06:04
2766,45293,3668,risk_score_threshold,40,2026-05-30 07:06:58
2767,45299,823,high_amount;foreign_country,90,2026-05-26 22:52:34
2768,45309,4486,risk_score_threshold,65,2026-03-13 22:10:32
2769,45316,1303,foreign_country,70,2026-04-11 06:33:33
2770,45397,1825,risk_score_threshold,40,2026-05-17 15:55:39
2771,45402,1128,risk_score_threshold,50,2026-03-02 12:25:19
2772,45417,3928,high_amount;night_transaction;foreign_country,75,2026-05-31 02:53:32
2773,45469,1299,risk_score_threshold,40,2026-02-24 09:37:41
2774,45471,2283,night_transaction;foreign_country,55,2026-01-23 04:22:10
2775,45479,328,foreign_country,45,2026-05-27 15:28:07
2776,45494,2325,risk_score_threshold,40,2026-06-26 17:46:40
2777,45513,2031,risk_score_threshold,65,2026-05-25 23:41:33
2778,45515,958,risk_score_threshold,40,2026-04-05 14:13:03
2779,45518,4713,high_amount;night_transaction;foreign_country,75,2026-05-25 02:49:19
2780,45527,736,risk_score_threshold,65,2026-03-12 18:34:03
2781,45535,2121,high_amount;night_transaction;foreign_country,85,2026-02-05 04:34:42
2782,45543,1301,risk_score_threshold,50,2026-06-22 15:12:27
2783,45565,4928,risk_score_threshold,65,2026-01-08 18:08:09
2784,45574,3276,risk_score_threshold,75,2026-03-19 22:04:23
2785,45576,1984,foreign_country,45,2026-04-07 09:15:36
2786,45607,3104,risk_score_threshold,40,2026-04-11 11:09:46
2787,45613,2613,foreign_country,45,2026-01-06 20:46:32
2788,45628,2017,foreign_country,45,2026-03-14 13:01:49
2789,45643,2968,high_amount;night_transaction;foreign_country,85,2026-04-08 04:09:00
2790,45666,1718,risk_score_threshold,40,2026-04-20 10:38:14
2791,45688,2249,risk_score_threshold,65,2026-02-24 12:26:45
2792,45756,4478,risk_score_threshold,50,2026-04-20 11:30:46
2793,45761,824,foreign_country,45,2026-01-09 08:34:48
2794,45762,1901,high_amount;night_transaction;foreign_country,60,2026-03-27 01:06:20
2795,45805,3405,risk_score_threshold,65,2026-04-04 07:36:50
2796,45837,3034,risk_score_threshold,65,2026-04-15 13:34:04
2797,45846,4352,foreign_country,45,2026-02-20 20:54:10
2798,45865,4599,night_transaction;foreign_country,55,2026-02-25 04:42:55
2799,45872,2855,risk_score_threshold,40,2026-03-08 07:30:28
2800,45887,4422,risk_score_threshold,50,2026-05-12 08:55:20
2801,45908,4304,risk_score_threshold,50,2026-05-26 07:03:51
2802,45916,3042,high_amount;night_transaction;foreign_country,100,2026-06-22 04:58:11
2803,45948,3327,high_amount;foreign_country,90,2026-05-05 23:34:40
2804,46007,690,foreign_country,45,2026-05-17 19:04:24
2805,46009,1402,foreign_country,45,2026-01-06 15:45:58
2806,46017,4928,risk_score_threshold,40,2026-02-27 09:23:09
2807,46021,4915,foreign_country,45,2026-03-13 20:11:32
2808,46047,4478,risk_score_threshold,40,2026-01-02 15:24:44
2809,46063,3476,risk_score_threshold,40,2026-06-14 22:31:41
2810,46073,2218,foreign_country,45,2026-03-31 11:09:12
2811,46075,4698,high_amount;foreign_country,90,2026-04-05 23:56:05
2812,46092,932,risk_score_threshold,40,2026-05-25 12:09:57
2813,46103,3276,risk_score_threshold,60,2026-06-03 10:47:44
2814,46109,94,risk_score_threshold,40,2026-01-12 22:03:43
2815,46133,430,risk_score_threshold,40,2026-06-18 12:58:14
2816,46142,1715,foreign_country,60,2026-05-18 20:49:57
2817,46147,4516,foreign_country,45,2026-05-15 07:19:10
2818,46163,1500,foreign_country,45,2026-05-29 09:17:47
2819,46168,493,risk_score_threshold,65,2026-02-08 22:11:15
2820,46191,1234,high_amount;foreign_country,75,2026-06-08 22:52:12
2821,46234,4756,risk_score_threshold,40,2026-03-27 06:51:35
2822,46254,4063,foreign_country,45,2026-03-30 10:49:44
2823,46258,4913,high_amount;night_transaction;foreign_country,70,2026-06-17 02:31:36
2824,46278,4660,high_amount;night_transaction;foreign_country,70,2026-04-04 01:55:49
2825,46279,840,high_amount;night_transaction;foreign_country,75,2026-05-31 03:20:32
2826,46292,2437,risk_score_threshold,65,2026-01-16 16:17:15
2827,46304,2147,foreign_country,45,2026-05-04 11:52:21
2828,46307,2565,foreign_country,45,2026-02-13 10:03:50
2829,46309,3810,foreign_country,45,2026-04-23 13:58:07
2830,46337,456,foreign_country,45,2026-03-02 10:02:34
2831,46341,4166,risk_score_threshold,50,2026-04-18 10:00:43
2832,46405,4486,risk_score_threshold,65,2026-04-25 21:55:07
2833,46416,496,risk_score_threshold,40,2026-03-18 14:25:16
2834,46425,188,high_amount;foreign_country,90,2026-03-21 23:11:09
2835,46426,2325,risk_score_threshold,65,2026-04-13 20:42:17
2836,46436,4663,risk_score_threshold,50,2026-03-11 18:39:44
2837,46457,2319,risk_score_threshold,40,2026-06-18 07:25:17
2838,46458,1437,risk_score_threshold,40,2026-06-06 17:07:34
2839,46479,4219,risk_score_threshold,40,2026-04-24 07:20:02
2840,46485,3341,foreign_country,45,2026-01-29 17:45:23
2841,46499,4124,high_amount;night_transaction;foreign_country,75,2026-05-19 01:25:32
2842,46515,4081,foreign_country,45,2026-04-09 07:46:13
2843,46554,3739,risk_score_threshold,40,2026-05-01 20:24:27
2844,46555,2858,foreign_country,55,2026-06-02 10:07:22
2845,46573,3397,foreign_country,45,2026-01-14 09:04:38
2846,46587,4217,risk_score_threshold,50,2026-03-16 08:16:15
2847,46613,1660,risk_score_threshold,50,2026-06-11 10:48:02
2848,46625,2425,risk_score_threshold,40,2026-04-24 16:07:46
2849,46626,3257,high_amount;night_transaction;foreign_country,85,2026-02-03 02:52:08
2850,46635,2739,risk_score_threshold,40,2026-06-29 23:17:24
2851,46652,4275,foreign_country,45,2026-01-10 16:17:07
2852,46659,690,foreign_country,45,2026-04-28 21:01:15
2853,46663,2310,high_amount;night_transaction;foreign_country,85,2026-05-25 04:22:37
2854,46664,1296,foreign_country,40,2026-04-23 18:03:18
2855,46700,3275,risk_score_threshold,40,2026-02-08 08:05:11
2856,46711,3276,risk_score_threshold,50,2026-06-03 20:08:32
2857,46727,481,high_amount;night_transaction;foreign_country,75,2026-04-07 03:50:43
2858,46750,2924,high_amount;night_transaction;foreign_country,85,2026-05-20 02:19:26
2859,46760,551,foreign_country,60,2026-02-20 15:16:20
2860,46763,3681,risk_score_threshold,50,2026-02-27 17:38:01
2861,46778,4648,foreign_country,45,2026-02-26 14:13:10
2862,46782,3612,risk_score_threshold,40,2026-06-07 11:21:00
2863,46785,1388,risk_score_threshold,50,2026-01-19 12:50:22
2864,46793,3937,high_amount;night_transaction;foreign_country,75,2026-01-07 03:38:13
2865,46809,2107,high_amount;night_transaction;foreign_country,100,2026-04-10 00:32:04
2866,46826,2079,risk_score_threshold,50,2026-06-25 16:18:47
2867,46828,4074,foreign_country,45,2026-02-01 22:51:39
2868,46867,2137,risk_score_threshold,40,2026-04-09 16:22:24
2869,46880,3328,foreign_country,45,2026-06-02 06:18:58
2870,46895,4557,risk_score_threshold,65,2026-05-30 08:55:49
2871,46899,4774,risk_score_threshold,50,2026-03-14 07:56:33
2872,46921,348,high_amount;night_transaction;foreign_country,85,2026-06-23 05:41:48
2873,46932,1533,high_amount;night_transaction;foreign_country,100,2026-06-07 05:36:56
2874,46942,3624,risk_score_threshold,50,2026-06-22 18:23:21
2875,46958,2894,foreign_country,60,2026-05-17 19:02:36
2876,46964,1469,risk_score_threshold,65,2026-03-09 15:00:01
2877,46965,1880,high_amount;night_transaction;foreign_country,85,2026-05-09 01:30:15
2878,46992,365,foreign_country,45,2026-05-20 22:49:43
2879,47002,3731,risk_score_threshold,40,2026-06-09 11:47:47
2880,47008,3779,foreign_country,40,2026-02-04 23:00:16
2881,47010,438,high_amount;foreign_country,90,2026-03-06 22:19:06
2882,47025,1881,foreign_country,70,2026-05-14 21:00:20
2883,47050,1717,high_amount;night_transaction;foreign_country,75,2026-01-21 03:43:06
2884,47081,3190,foreign_country,45,2026-02-13 08:34:07
2885,47125,3668,risk_score_threshold,65,2026-05-17 23:21:10
2886,47139,3491,high_amount;night_transaction;foreign_country,75,2026-05-01 05:19:26
2887,47162,3551,foreign_country,45,2026-02-24 16:03:39
2888,47163,4902,risk_score_threshold,40,2026-05-12 06:55:03
2889,47171,1469,risk_score_threshold,65,2026-03-05 13:37:31
2890,47218,1938,foreign_country,45,2026-03-19 18:25:55
2891,47296,4567,high_amount;night_transaction;foreign_country,85,2026-05-29 02:55:11
2892,47316,1414,high_amount;night_transaction;foreign_country,85,2026-06-07 05:21:25
2893,47320,2746,foreign_country,45,2026-02-02 17:12:52
2894,47341,708,risk_score_threshold,40,2026-03-30 06:37:59
2895,47346,4867,risk_score_threshold,65,2026-05-20 10:41:28
2896,47362,430,risk_score_threshold,40,2026-06-20 18:13:20
2897,47363,349,foreign_country,45,2026-01-27 19:32:25
2898,47386,2255,risk_score_threshold,40,2026-02-11 07:46:51
2899,47388,665,risk_score_threshold,65,2026-05-01 14:08:22
2900,47409,4780,foreign_country,45,2026-02-02 13:06:01
2901,47412,4902,risk_score_threshold,65,2026-01-11 17:59:35
2902,47416,4391,high_amount;night_transaction;foreign_country,75,2026-05-21 03:33:12
2903,47426,3011,risk_score_threshold,65,2026-03-21 12:15:46
2904,47436,1648,foreign_country,45,2026-01-08 10:14:42
2905,47439,4127,foreign_country,45,2026-05-31 22:41:20
2906,47455,3182,night_transaction;foreign_country,45,2026-03-09 05:46:15
2907,47465,3275,risk_score_threshold,65,2026-01-18 23:22:44
2908,47478,4673,foreign_country,45,2026-03-19 11:17:14
2909,47480,2204,risk_score_threshold,65,2026-04-26 22:15:41
2910,47507,4860,high_amount;night_transaction;foreign_country,100,2026-03-15 02:11:25
2911,47508,4505,high_amount;foreign_country,65,2026-04-02 23:17:36
2912,47526,4648,high_amount;night_transaction;foreign_country,75,2026-03-29 05:38:49
2913,47544,3592,high_amount;night_transaction;foreign_country,85,2026-06-26 04:44:58
2914,47546,2116,foreign_country,45,2026-02-25 19:37:05
2915,47551,806,foreign_country,45,2026-06-28 18:38:40
2916,47560,2984,high_amount;night_transaction;foreign_country,60,2026-04-13 03:33:04
2917,47567,3275,risk_score_threshold,65,2026-01-08 18:42:10
2918,47575,4996,high_amount;night_transaction;foreign_country,75,2026-03-10 00:05:03
2919,47612,4041,risk_score_threshold,40,2026-03-07 17:36:55
2920,47642,1766,risk_score_threshold,50,2026-03-08 13:06:06
2921,47657,882,risk_score_threshold,65,2026-04-12 20:24:34
2922,47665,2961,high_amount;night_transaction;foreign_country,75,2026-05-13 03:58:18
2923,47666,2103,foreign_country,45,2026-05-25 17:54:34
2924,47681,4689,high_amount;night_transaction;foreign_country,85,2026-04-12 05:13:24
2925,47724,2738,risk_score_threshold,40,2026-01-27 18:13:09
2926,47730,4538,foreign_country,45,2026-04-16 14:51:31
2927,47749,1660,risk_score_threshold,50,2026-04-19 14:41:13
2928,47770,680,high_amount;night_transaction;foreign_country,75,2026-05-16 03:08:23
2929,47794,2319,risk_score_threshold,40,2026-06-16 07:45:08
2930,47803,912,high_amount;night_transaction;foreign_country,75,2026-01-12 01:41:19
2931,47828,3547,risk_score_threshold,40,2026-06-07 14:28:16
2932,47842,1803,foreign_country,45,2026-04-23 10:02:49
2933,47877,1622,foreign_country,45,2026-04-01 06:43:35
2934,47899,4138,foreign_country,45,2026-04-08 20:33:58
2935,47900,2643,risk_score_threshold,40,2026-05-20 17:48:58
2936,47926,713,risk_score_threshold,40,2026-06-23 15:47:17
2937,47933,992,high_amount;night_transaction;foreign_country,75,2026-02-08 02:37:44
2938,47949,339,foreign_country,60,2026-06-19 21:00:45
2939,47968,3476,risk_score_threshold,65,2026-01-30 11:34:25
2940,47979,3784,foreign_country,45,2026-04-15 19:48:08
2941,47991,2563,risk_score_threshold,40,2026-04-01 12:28:38
2942,48006,2894,risk_score_threshold,40,2026-02-23 08:39:44
2943,48014,426,high_amount;night_transaction;foreign_country,85,2026-06-20 03:03:22
2944,48032,4467,foreign_country,45,2026-04-12 06:21:35
2945,48075,4126,foreign_country,45,2026-04-05 13:15:56
2946,48100,1544,risk_score_threshold,40,2026-03-19 08:12:56
2947,48103,4540,risk_score_threshold,40,2026-01-12 21:54:53
2948,48112,2079,risk_score_threshold,50,2026-02-28 13:09:30
2949,48142,597,high_amount;night_transaction;foreign_country,75,2026-05-14 05:01:58
2950,48170,931,risk_score_threshold,40,2026-06-06 14:55:27
2951,48175,3696,foreign_country,70,2026-04-28 09:25:26
2952,48183,1177,foreign_country,45,2026-06-16 18:05:19
2953,48206,4338,high_amount;night_transaction;foreign_country,100,2026-03-20 05:55:04
2954,48215,2437,risk_score_threshold,50,2026-01-19 10:43:15
2955,48216,3765,high_amount;night_transaction;foreign_country,75,2026-03-21 04:49:05
2956,48287,4622,foreign_country,40,2026-06-26 23:50:50
2957,48297,3818,risk_score_threshold,75,2026-05-14 21:00:05
2958,48300,2671,risk_score_threshold,75,2026-01-12 10:49:29
2959,48303,257,risk_score_threshold,40,2026-02-08 15:56:29
2960,48342,268,high_amount;night_transaction;foreign_country,60,2026-01-10 00:36:38
2961,48344,1876,risk_score_threshold,50,2026-03-26 13:35:02
2962,48346,2788,foreign_country,85,2026-04-26 19:13:35
2963,48348,4628,risk_score_threshold,40,2026-03-16 19:12:57
2964,48352,1373,high_amount;night_transaction;foreign_country,85,2026-01-22 02:11:18
2965,48358,2673,high_amount;foreign_country,75,2026-06-15 23:20:25
2966,48392,2090,high_amount;night_transaction;foreign_country,100,2026-02-04 00:15:33
2967,48408,430,risk_score_threshold,50,2026-01-22 07:25:59
2968,48427,666,foreign_country,45,2026-01-22 14:46:16
2969,48435,2343,foreign_country,45,2026-05-01 20:09:33
2970,48445,4705,foreign_country,60,2026-01-28 23:17:05
2971,48450,417,foreign_country,40,2026-03-10 16:04:53
2972,48473,363,foreign_country,45,2026-04-21 16:15:04
2973,48477,3547,risk_score_threshold,40,2026-06-12 22:12:23
2974,48478,1321,foreign_country,45,2026-05-08 17:34:11
2975,48510,2632,foreign_country,45,2026-04-09 21:15:49
2976,48543,623,foreign_country,45,2026-05-21 17:55:55
2977,48544,2080,high_amount;night_transaction;foreign_country,100,2026-03-13 04:17:40
2978,48556,2738,risk_score_threshold,40,2026-02-27 09:16:40
2979,48578,2368,high_amount;night_transaction;foreign_country,60,2026-02-24 02:13:38
2980,48619,1303,foreign_country,60,2026-04-07 18:42:20
2981,48623,4533,risk_score_threshold,40,2026-05-05 11:07:19
2982,48625,2506,foreign_country,45,2026-05-22 11:10:53
2983,48630,1315,high_amount;foreign_country,90,2026-03-07 23:50:32
2984,48650,3809,risk_score_threshold,40,2026-05-20 18:04:11
2985,48653,4617,risk_score_threshold,50,2026-01-28 16:03:14
2986,48696,3266,foreign_country,45,2026-04-02 13:57:48
2987,48702,4055,foreign_country,45,2026-03-29 10:18:20
2988,48711,4959,high_amount;night_transaction;foreign_country,85,2026-01-07 02:17:18
2989,48713,4478,risk_score_threshold,65,2026-01-29 07:51:19
2990,48765,3644,high_amount;foreign_country,90,2026-03-25 22:02:41
2991,48776,1856,high_amount;foreign_country,75,2026-03-01 23:17:53
2992,48783,2234,high_amount;night_transaction;foreign_country,85,2026-04-18 04:33:35
2993,48788,4126,foreign_country,45,2026-04-04 11:21:39
2994,48794,4203,foreign_country,45,2026-03-02 08:23:59
2995,48805,1920,risk_score_threshold,50,2026-01-04 15:35:06
2996,48811,520,high_amount;night_transaction;foreign_country,85,2026-05-19 03:27:33
2997,48813,3150,risk_score_threshold,40,2026-05-02 16:05:33
2998,48825,1140,high_amount;night_transaction;foreign_country,85,2026-04-20 00:18:20
2999,48848,1795,foreign_country,45,2026-04-07 08:01:41
3000,48852,4047,high_amount;night_transaction;foreign_country,100,2026-03-09 03:40:17
3001,48859,4663,foreign_country,60,2026-02-23 18:54:59
3002,48862,4020,risk_score_threshold,40,2026-01-17 09:51:35
3003,48873,4540,risk_score_threshold,40,2026-04-28 09:16:54
3004,48883,4304,risk_score_threshold,65,2026-05-15 22:57:03
3005,48886,3750,risk_score_threshold,40,2026-01-31 21:06:01
3006,48912,2773,foreign_country,60,2026-03-24 20:06:50
3007,48931,4965,risk_score_threshold,65,2026-02-06 08:15:37
3008,48943,3640,risk_score_threshold,40,2026-01-12 17:43:09
3009,48979,3161,foreign_country,45,2026-04-11 17:13:25
3010,48986,3275,risk_score_threshold,40,2026-03-10 10:29:55
3011,49024,1648,foreign_country,45,2026-05-08 23:39:42
3012,49026,2204,risk_score_threshold,50,2026-02-19 19:50:27
3013,49042,4103,risk_score_threshold,40,2026-06-20 13:39:44
3014,49047,4869,high_amount;night_transaction;foreign_country,75,2026-04-13 01:22:11
3015,49089,4984,high_amount;night_transaction;foreign_country,85,2026-04-03 05:58:36
3016,49121,651,foreign_country,45,2026-02-28 06:52:40
3017,49128,3104,risk_score_threshold,65,2026-04-25 11:11:39
3018,49129,2947,foreign_country,45,2026-06-28 23:51:09
3019,49135,3318,risk_score_threshold,65,2026-05-22 09:58:36
3020,49140,2636,foreign_country,45,2026-03-11 13:56:55
3021,49170,2869,risk_score_threshold,50,2026-02-17 21:55:51
3022,49190,4926,risk_score_threshold,65,2026-02-24 16:33:28
3023,49215,4714,high_amount;night_transaction;foreign_country,75,2026-06-25 05:03:56
3024,49224,3974,risk_score_threshold,40,2026-03-07 08:41:33
3025,49237,30,foreign_country,45,2026-05-13 14:01:56
3026,49249,1560,foreign_country,45,2026-05-07 13:22:39
3027,49269,2907,high_amount;night_transaction;foreign_country,75,2026-03-28 00:20:56
3028,49272,3681,risk_score_threshold,50,2026-05-09 15:49:18
3029,49303,663,foreign_country,45,2026-01-08 23:04:44
3030,49309,4119,foreign_country,60,2026-05-25 14:26:06
3031,49314,2589,foreign_country,45,2026-05-06 12:24:09
3032,49322,269,foreign_country,45,2026-01-24 20:17:53
3033,49325,1453,foreign_country,45,2026-06-23 17:34:58
3034,49332,4176,foreign_country,55,2026-04-23 13:43:44
3035,49335,611,foreign_country,45,2026-04-17 12:21:27
3036,49387,4858,high_amount;foreign_country,75,2026-03-08 23:17:56
3037,49409,1913,foreign_country,45,2026-03-28 12:47:05
3038,49413,2808,risk_score_threshold,40,2026-01-18 16:34:28
3039,49441,1308,foreign_country,45,2026-01-05 20:26:20
3040,49463,2873,foreign_country,70,2026-03-31 11:52:57
3041,49467,3952,high_amount;foreign_country,65,2026-03-24 23:22:05
3042,49481,397,risk_score_threshold,40,2026-01-29 06:19:04
3043,49495,882,risk_score_threshold,40,2026-03-02 11:41:15
3044,49507,1135,risk_score_threshold,65,2026-04-06 11:16:59
3045,49524,515,foreign_country,45,2026-03-27 07:05:55
3046,49538,3964,foreign_country,60,2026-03-24 12:18:14
3047,49578,1603,foreign_country,45,2026-01-15 20:47:11
3048,49589,3879,risk_score_threshold,40,2026-02-09 10:33:59
3049,49630,2591,risk_score_threshold,65,2026-03-25 11:46:19
3050,49679,3273,foreign_country,45,2026-01-20 21:19:37
3051,49704,1920,risk_score_threshold,40,2026-02-25 07:50:23
3052,49712,743,risk_score_threshold,50,2026-04-16 09:01:53
3053,49760,2620,foreign_country,45,2026-03-14 20:07:12
3054,49762,1155,foreign_country,45,2026-05-10 10:24:31
3055,49782,1766,risk_score_threshold,50,2026-05-31 11:34:08
3056,49788,2886,night_transaction;foreign_country,45,2026-04-01 03:42:25
3057,49817,1875,risk_score_threshold,50,2026-04-03 14:05:15
3058,49821,2563,risk_score_threshold,40,2026-05-12 15:10:21
3059,49843,1642,foreign_country,45,2026-05-31 08:58:04
3060,49849,3858,high_amount;foreign_country,50,2026-06-05 23:52:25
3061,49850,399,high_amount;foreign_country,65,2026-06-04 22:57:12
3062,49878,1643,high_amount;night_transaction;foreign_country,85,2026-06-29 03:26:15
3063,49879,2042,risk_score_threshold,65,2026-01-19 20:40:09
3064,49889,4228,risk_score_threshold,65,2026-06-28 18:22:13
3065,49906,2176,foreign_country,45,2026-02-25 13:03:21
3066,49935,3967,high_amount;night_transaction;foreign_country,85,2026-02-05 02:16:16
3067,49940,3640,risk_score_threshold,50,2026-02-19 20:02:25
3068,49946,321,risk_score_threshold,65,2026-06-29 06:30:05
3069,49949,4806,high_amount;night_transaction;foreign_country,75,2026-01-23 02:39:26
3070,49990,3815,risk_score_threshold,50,2026-03-27 12:44:46
3071,49998,1012,risk_score_threshold,65,2026-06-13 19:23:27
3072,50023,3899,foreign_country,40,2026-06-22 19:59:07
3073,50069,1422,risk_score_threshold,40,2026-01-18 21:19:27
3074,50089,312,high_amount;night_transaction;foreign_country,85,2026-06-09 02:43:19
3075,50097,4208,foreign_country,45,2026-04-05 21:22:48
3076,50146,3093,high_amount;night_transaction;foreign_country,60,2026-03-28 04:37:56
3077,50149,1469,risk_score_threshold,65,2026-01-31 21:10:29
3078,50215,1965,risk_score_threshold,50,2026-03-24 14:25:01
3079,50222,1296,foreign_country,55,2026-04-21 08:35:48
3080,50228,2671,risk_score_threshold,60,2026-05-11 21:10:46
3081,50232,195,risk_score_threshold,50,2026-05-10 07:12:37
3082,50233,4478,risk_score_threshold,40,2026-06-03 15:25:53
3083,50264,3754,foreign_country,45,2026-04-20 13:11:45
3084,50274,4083,high_amount;foreign_country,75,2026-06-09 22:22:39
3085,50281,1881,risk_score_threshold,50,2026-02-22 08:41:37
3086,50282,714,foreign_country,45,2026-05-31 20:20:44
3087,50294,3642,foreign_country,60,2026-04-27 15:25:37
3088,50313,2585,risk_score_threshold,40,2026-06-16 21:14:04
3089,50340,4617,risk_score_threshold,40,2026-05-02 08:17:32
3090,50357,1417,high_amount;night_transaction;foreign_country,85,2026-02-02 02:20:06
3091,50371,3559,risk_score_threshold,40,2026-04-11 09:17:02
3092,50372,4103,risk_score_threshold,65,2026-05-24 17:18:44
3093,50392,2225,risk_score_threshold,65,2026-04-09 19:38:14
3094,50403,4722,foreign_country,45,2026-05-21 17:50:17
3095,50414,879,risk_score_threshold,40,2026-05-11 14:24:44
3096,50454,1586,night_transaction;foreign_country,45,2026-04-13 02:04:09
3097,50476,2133,foreign_country,45,2026-01-26 22:00:53
3098,50479,665,risk_score_threshold,50,2026-03-26 19:05:26
3099,50490,3815,high_amount;night_transaction;foreign_country,60,2026-02-01 00:29:35
3100,50493,3536,risk_score_threshold,40,2026-05-14 20:12:57
3101,50505,400,high_amount;night_transaction;foreign_country,75,2026-03-29 02:34:26
3102,50507,3517,risk_score_threshold,40,2026-02-12 10:41:45
3103,50526,3371,risk_score_threshold,65,2026-04-03 23:30:05
3104,50534,4946,risk_score_threshold,40,2026-01-14 21:28:16
3105,50539,1195,high_amount;foreign_country,65,2026-05-26 23:48:18
3106,50553,4926,risk_score_threshold,40,2026-05-27 06:05:13
3107,50562,2556,risk_score_threshold,40,2026-05-17 10:14:54
3108,50593,621,high_amount;night_transaction;foreign_country,75,2026-04-15 01:34:57
3109,50620,3753,high_amount;night_transaction;foreign_country,85,2026-04-11 02:20:04
3110,50627,3126,risk_score_threshold,40,2026-05-04 17:43:17
3111,50634,2770,risk_score_threshold,50,2026-01-03 12:34:51
3112,50662,1610,high_amount;foreign_country,60,2026-03-29 23:31:59
3113,50670,210,high_amount;night_transaction;foreign_country,85,2026-03-27 00:36:51
3114,50673,4552,high_amount;night_transaction;foreign_country,75,2026-01-28 04:53:54
3115,50707,3310,foreign_country,45,2026-03-18 18:21:40
3116,50709,4473,foreign_country,45,2026-02-26 07:41:04
3117,50728,86,risk_score_threshold,40,2026-05-17 22:33:32
3118,50739,4696,high_amount;night_transaction;foreign_country,70,2026-03-03 05:56:01
3119,50759,3827,foreign_country,45,2026-02-11 11:57:13
3120,50761,2319,foreign_country,60,2026-01-10 10:24:05
3121,50793,3124,high_amount;foreign_country,65,2026-03-27 22:10:25
3122,50818,2995,foreign_country,45,2026-06-24 10:40:06
3123,50821,1422,risk_score_threshold,40,2026-04-24 06:03:32
3124,50831,3405,risk_score_threshold,40,2026-04-04 20:36:22
3125,50862,882,risk_score_threshold,40,2026-04-26 17:03:51
3126,50891,4585,risk_score_threshold,40,2026-02-03 12:15:40
3127,50909,3620,high_amount;night_transaction;foreign_country,100,2026-02-28 02:39:29
3128,50950,3668,risk_score_threshold,50,2026-04-28 12:54:41
3129,50964,1154,risk_score_threshold,40,2026-06-16 23:27:22
3130,50995,216,foreign_country,45,2026-06-14 21:41:08
3131,50997,4119,risk_score_threshold,50,2026-03-20 23:42:16
3132,51006,1414,foreign_country,40,2026-06-13 23:57:34
3133,51016,4726,risk_score_threshold,40,2026-04-16 14:55:02
3134,51017,1112,high_amount;night_transaction;foreign_country,100,2026-05-31 02:41:17
3135,51034,3043,risk_score_threshold,40,2026-05-13 14:51:54
3136,51058,3809,risk_score_threshold,40,2026-06-15 13:26:20
3137,51091,1756,foreign_country,45,2026-02-28 12:05:00
3138,51096,4111,risk_score_threshold,50,2026-02-21 12:50:00
3139,51113,385,risk_score_threshold,40,2026-03-13 14:00:20
3140,51148,1948,foreign_country,45,2026-05-17 13:11:40
3141,51162,4317,risk_score_threshold,40,2026-02-05 07:29:03
3142,51177,493,risk_score_threshold,40,2026-06-01 17:04:37
3143,51184,1165,foreign_country,45,2026-01-08 09:32:09
3144,51186,4253,foreign_country,70,2026-06-04 22:57:04
3145,51191,1228,risk_score_threshold,40,2026-06-16 16:41:01
3146,51194,1398,high_amount;night_transaction;foreign_country,75,2026-03-13 05:02:46
3147,51202,3098,risk_score_threshold,50,2026-05-28 19:56:51
3148,51238,342,foreign_country,45,2026-03-27 11:55:16
3149,51248,296,foreign_country,45,2026-05-14 15:39:40
3150,51260,2739,risk_score_threshold,40,2026-04-29 18:22:19
3151,51267,629,foreign_country,45,2026-03-27 15:52:03
3152,51301,1299,foreign_country,70,2026-02-06 12:33:24
3153,51320,164,foreign_country,45,2026-01-24 14:58:36
3154,51361,4078,foreign_country,45,2026-03-29 08:15:15
3155,51398,3801,high_amount;foreign_country,65,2026-05-23 23:10:11
3156,51406,1404,high_amount;night_transaction;foreign_country,70,2026-03-07 02:22:27
3157,51461,3974,foreign_country,60,2026-05-11 13:54:28
3158,51465,3323,foreign_country,45,2026-02-21 12:38:13
3159,51531,1810,foreign_country,45,2026-06-14 16:35:13
3160,51535,2906,high_amount;night_transaction;foreign_country,100,2026-01-03 03:27:19
3161,51558,745,risk_score_threshold,40,2026-02-22 15:38:13
3162,51573,4558,high_amount;night_transaction;foreign_country,75,2026-01-09 01:26:24
3163,51587,4111,risk_score_threshold,40,2026-04-25 07:54:53
3164,51627,2319,risk_score_threshold,40,2026-03-15 11:29:33
3165,51647,4166,risk_score_threshold,40,2026-05-22 08:53:53
3166,51651,958,risk_score_threshold,40,2026-02-22 11:31:44
3167,51662,4018,night_transaction;foreign_country,55,2026-03-01 05:20:20
3168,51673,861,foreign_country,45,2026-04-28 14:43:08
3169,51692,2106,high_amount;night_transaction;foreign_country,75,2026-05-19 02:47:59
3170,51736,4304,risk_score_threshold,40,2026-02-14 09:44:57
3171,51740,403,foreign_country,45,2026-03-25 21:55:27
3172,51749,1789,risk_score_threshold,65,2026-04-12 07:00:10
3173,51765,2065,risk_score_threshold,40,2026-06-16 19:32:34
3174,51779,603,high_amount;night_transaction;foreign_country,100,2026-06-18 01:17:48
3175,51780,4922,foreign_country,45,2026-04-12 09:31:09
3176,51792,2439,high_amount;foreign_country,65,2026-04-30 22:59:13
3177,51825,3098,risk_score_threshold,40,2026-06-21 13:57:24
3178,51835,1660,risk_score_threshold,65,2026-03-31 15:39:23
3179,51853,758,risk_score_threshold,40,2026-01-04 19:03:21
3180,51862,4685,foreign_country,40,2026-04-18 18:03:00
3181,51866,1660,foreign_country,85,2026-03-30 12:51:53
3182,51872,603,high_amount;night_transaction;foreign_country,85,2026-04-06 02:10:36
3183,51875,919,foreign_country,45,2026-06-11 17:02:20
3184,51879,1908,foreign_country,45,2026-01-01 07:53:36
3185,51884,227,foreign_country,45,2026-04-30 21:45:19
3186,51885,3232,foreign_country,45,2026-03-08 06:23:29
3187,51888,1922,high_amount;night_transaction;foreign_country,100,2026-04-16 00:41:23
3188,51934,269,high_amount;foreign_country,75,2026-04-20 23:14:23
3189,51942,882,risk_score_threshold,40,2026-06-06 20:36:18
3190,51969,931,risk_score_threshold,40,2026-01-10 11:38:12
3191,51986,254,risk_score_threshold,50,2026-04-01 19:48:40
3192,52006,3013,foreign_country,40,2026-05-18 20:36:21
3193,52008,94,risk_score_threshold,40,2026-03-10 13:21:21
3194,52016,1329,foreign_country,40,2026-03-14 07:46:56
3195,52021,4123,risk_score_threshold,40,2026-02-02 23:20:38
3196,52031,1633,foreign_country,45,2026-03-27 07:53:54
3197,52049,196,foreign_country,45,2026-06-21 23:23:51
3198,52071,3300,high_amount;night_transaction;foreign_country,75,2026-04-17 04:40:23
3199,52092,71,foreign_country,45,2026-02-21 19:33:31
3200,52093,233,high_amount;night_transaction;foreign_country,85,2026-05-17 04:13:21
3201,52099,2798,high_amount;night_transaction;foreign_country,75,2026-05-14 05:07:54
3202,52112,2913,risk_score_threshold,50,2026-05-06 23:43:15
3203,52128,2305,risk_score_threshold,50,2026-04-10 08:48:07
3204,52159,2465,high_amount;night_transaction;foreign_country,75,2026-02-08 02:12:42
3205,52210,3524,foreign_country,45,2026-06-13 11:16:17
3206,52216,4547,foreign_country,45,2026-04-10 09:16:05
3207,52220,3318,risk_score_threshold,40,2026-02-02 07:34:29
3208,52236,2815,foreign_country,45,2026-06-20 12:35:40
3209,52252,1309,risk_score_threshold,50,2026-02-16 16:22:44
3210,52258,4317,risk_score_threshold,40,2026-05-20 13:21:31
3211,52277,1952,foreign_country,45,2026-03-05 21:47:05
3212,52325,3287,night_transaction;foreign_country,45,2026-02-08 02:36:34
3213,52341,4770,foreign_country,45,2026-03-30 13:48:30
3214,52407,832,foreign_country,45,2026-04-19 16:36:08
3215,52421,4152,risk_score_threshold,40,2026-04-08 12:46:02
3216,52429,2249,risk_score_threshold,50,2026-05-15 09:18:53
3217,52436,4773,high_amount;night_transaction;foreign_country,60,2026-01-17 05:06:44
3218,52449,1494,night_transaction;foreign_country,55,2026-06-20 04:46:13
3219,52458,265,risk_score_threshold,40,2026-01-08 19:36:30
3220,52495,1001,night_transaction;foreign_country,45,2026-05-01 04:12:11
3221,52500,2801,high_amount;night_transaction;foreign_country,60,2026-05-07 00:50:25
3222,52506,3955,foreign_country,45,2026-04-06 16:02:41
3223,52514,3246,high_amount;night_transaction;foreign_country,75,2026-06-16 01:23:08
3224,52545,3624,high_amount;foreign_country,75,2026-03-02 23:58:35
3225,52546,2894,foreign_country,60,2026-06-07 18:19:05
3226,52586,270,high_amount;night_transaction;foreign_country,100,2026-02-12 03:30:46
3227,52591,2350,high_amount;night_transaction;foreign_country,100,2026-05-26 04:20:23
3228,52596,1205,foreign_country,45,2026-02-16 14:10:56
3229,52604,3648,high_amount;foreign_country,65,2026-01-21 23:05:49
3230,52626,4092,foreign_country,45,2026-01-26 23:47:07
3231,52644,339,foreign_country,60,2026-06-29 21:52:39
3232,52656,247,foreign_country,45,2026-05-16 23:52:52
3233,52660,4926,risk_score_threshold,40,2026-06-29 21:30:18
3234,52668,3916,high_amount;night_transaction;foreign_country,70,2026-02-16 05:20:06
3235,52716,4585,risk_score_threshold,65,2026-03-01 07:14:34
3236,52717,859,high_amount;foreign_country,90,2026-04-02 22:56:10
3237,52720,4884,high_amount;night_transaction;foreign_country,75,2026-03-20 02:24:15
3238,52721,2855,risk_score_threshold,50,2026-05-31 16:04:18
3239,52726,40,foreign_country,45,2026-03-02 07:37:28
3240,52734,3045,high_amount;night_transaction;foreign_country,75,2026-02-22 00:09:29
3241,52798,999,night_transaction;foreign_country,70,2026-01-25 03:00:42
3242,52812,931,foreign_country,85,2026-06-21 16:55:27
3243,52832,4592,foreign_country,45,2026-03-18 14:03:27
3244,52846,28,night_transaction;foreign_country,55,2026-04-19 04:16:23
3245,52861,169,night_transaction;foreign_country,45,2026-01-27 00:21:41
3246,52862,2869,risk_score_threshold,40,2026-04-04 23:39:20
3247,52903,2324,foreign_country,45,2026-06-06 09:34:42
3248,52914,2154,high_amount;night_transaction;foreign_country,75,2026-04-26 02:16:28
3249,52935,2204,risk_score_threshold,40,2026-06-02 20:44:22
3250,52945,3164,risk_score_threshold,40,2026-03-02 11:16:15
3251,52954,3040,high_amount;night_transaction;foreign_country,75,2026-02-19 00:27:24
3252,52962,2225,risk_score_threshold,65,2026-02-07 17:05:12
3253,52969,2161,foreign_country,45,2026-05-15 12:42:29
3254,52983,3366,night_transaction;foreign_country,45,2026-05-14 05:37:21
3255,52984,512,high_amount;night_transaction;foreign_country,85,2026-06-17 04:20:51
3256,52996,2401,foreign_country,45,2026-06-24 10:06:41
3257,53012,4556,high_amount;foreign_country,50,2026-03-01 23:10:14
3258,53050,4317,risk_score_threshold,50,2026-01-22 11:34:24
3259,53057,4320,high_amount;night_transaction;foreign_country,60,2026-05-30 03:44:46
3260,53069,2788,risk_score_threshold,40,2026-06-22 14:08:52
3261,53105,1306,risk_score_threshold,40,2026-03-20 07:59:17
3262,53116,4276,risk_score_threshold,40,2026-03-16 14:00:44
3263,53122,787,foreign_country,45,2026-01-04 21:54:07
3264,53128,2869,risk_score_threshold,40,2026-03-04 17:29:05
3265,53144,3361,risk_score_threshold,50,2026-05-12 15:37:39
3266,53165,4166,risk_score_threshold,40,2026-01-15 17:08:39
3267,53166,254,risk_score_threshold,50,2026-05-05 16:13:45
3268,53177,497,foreign_country,45,2026-01-02 09:44:25
3269,53184,2629,risk_score_threshold,40,2026-04-26 15:57:45
3270,53195,284,foreign_country,45,2026-01-20 19:33:45
3271,53214,3197,high_amount;foreign_country,65,2026-02-07 22:02:38
3272,53238,3905,risk_score_threshold,65,2026-02-12 16:06:17
3273,53244,1622,foreign_country,60,2026-02-21 22:20:43
3274,53295,3190,high_amount;night_transaction;foreign_country,85,2026-03-02 00:44:43
3275,53297,4195,foreign_country,45,2026-05-20 19:39:31
3276,53324,2361,foreign_country,45,2026-04-23 15:56:59
3277,53377,3672,high_amount;night_transaction;foreign_country,75,2026-01-10 01:12:54
3278,53465,4190,risk_score_threshold,40,2026-04-06 11:45:20
3279,53484,1945,risk_score_threshold,60,2026-03-19 16:07:26
3280,53485,4217,high_amount;night_transaction;foreign_country,85,2026-01-12 03:11:15
3281,53486,254,risk_score_threshold,40,2026-01-05 21:53:15
3282,53494,2028,foreign_country,45,2026-03-18 15:07:03
3283,53495,3043,risk_score_threshold,50,2026-03-22 23:15:00
3284,53509,3855,high_amount;night_transaction;foreign_country,60,2026-01-03 00:47:52
3285,53528,1920,risk_score_threshold,65,2026-01-29 13:46:14
3286,53584,3739,risk_score_threshold,65,2026-01-15 17:52:28
3287,53590,3412,high_amount;night_transaction;foreign_country,75,2026-06-12 04:00:43
3288,53596,1158,high_amount;night_transaction;foreign_country,85,2026-06-03 01:46:23
3289,53630,4299,high_amount;night_transaction;foreign_country,100,2026-05-20 02:08:35
3290,53631,2437,risk_score_threshold,40,2026-02-05 09:56:43
3291,53637,1039,foreign_country,45,2026-05-29 21:02:50
3292,53642,1075,high_amount;night_transaction;foreign_country,60,2026-02-01 00:03:29
3293,53668,2018,high_amount;night_transaction;foreign_country,60,2026-04-08 01:32:15
3294,53683,2579,foreign_country,45,2026-02-19 15:55:00
3295,53699,1351,foreign_country,70,2026-01-08 07:38:25
3296,53723,2684,foreign_country,60,2026-04-27 19:05:19
3297,53741,2381,foreign_country,60,2026-05-26 12:13:18
3298,53798,691,foreign_country,55,2026-03-13 08:28:05
3299,53809,4111,risk_score_threshold,40,2026-01-23 10:15:17
3300,53819,1605,risk_score_threshold,50,2026-04-22 13:49:03
3301,53839,4219,risk_score_threshold,50,2026-05-02 19:21:15
3302,53842,94,risk_score_threshold,65,2026-03-03 20:53:58
3303,53892,1881,risk_score_threshold,50,2026-03-28 09:04:07
3304,53913,1299,risk_score_threshold,40,2026-03-20 10:25:44
3305,53931,220,high_amount;night_transaction;foreign_country,100,2026-02-01 03:37:12
3306,53958,2636,high_amount;night_transaction;foreign_country,85,2026-05-07 04:21:44
3307,53994,4433,foreign_country,45,2026-03-27 12:25:31
3308,54004,3900,foreign_country,45,2026-01-29 08:45:47
3309,54062,703,high_amount;night_transaction;foreign_country,75,2026-02-03 02:06:30
3310,54080,1718,risk_score_threshold,50,2026-06-04 23:52:52
3311,54130,3978,high_amount;night_transaction;foreign_country,100,2026-02-02 01:56:24
3312,54141,1024,foreign_country,45,2026-05-23 09:03:25
3313,54157,4826,foreign_country,45,2026-03-15 06:26:16
3314,54168,2253,foreign_country,40,2026-01-12 10:21:06
3315,54186,1825,risk_score_threshold,40,2026-06-14 23:19:17
3316,54192,1104,risk_score_threshold,40,2026-06-05 06:35:52
3317,54196,3494,risk_score_threshold,50,2026-05-05 08:36:53
3318,54198,346,high_amount;foreign_country,50,2026-06-22 23:39:36
3319,54199,1228,risk_score_threshold,40,2026-03-14 14:58:00
3320,54207,2978,foreign_country,45,2026-02-17 18:07:46
3321,54218,1422,risk_score_threshold,65,2026-03-18 12:08:30
3322,54231,2902,foreign_country,45,2026-02-23 11:44:02
3323,54232,2402,foreign_country,45,2026-04-09 20:20:57
3324,54277,3780,high_amount;foreign_country,65,2026-04-09 23:24:13
3325,54286,3431,risk_score_threshold,65,2026-06-15 15:42:12
3326,54289,3328,high_amount;night_transaction;foreign_country,60,2026-01-18 05:38:30
3327,54293,3250,high_amount;night_transaction;foreign_country,85,2026-03-02 04:53:18
3328,54297,1351,risk_score_threshold,40,2026-02-01 09:17:55
3329,54318,2456,high_amount;foreign_country,90,2026-03-23 22:59:25
3330,54322,166,high_amount;night_transaction;foreign_country,85,2026-05-26 01:19:32
3331,54325,4230,risk_score_threshold,40,2026-06-02 06:51:19
3332,54331,3104,risk_score_threshold,40,2026-03-18 06:05:40
3333,54337,1238,foreign_country,45,2026-01-22 14:03:20
3334,54353,3467,foreign_country,45,2026-01-03 21:50:56
3335,54354,3096,risk_score_threshold,40,2026-05-21 23:00:17
3336,54382,4888,high_amount;night_transaction;foreign_country,60,2026-05-29 01:07:03
3337,54391,4675,high_amount;night_transaction;foreign_country,75,2026-01-26 02:40:54
3338,54405,1838,foreign_country,45,2026-06-18 10:46:07
3339,54406,1469,risk_score_threshold,65,2026-01-01 08:56:15
3340,54415,4376,foreign_country,45,2026-01-01 08:51:31
3341,54416,4253,risk_score_threshold,40,2026-06-24 16:17:06
3342,54433,3617,foreign_country,45,2026-02-01 21:04:42
3343,54452,2516,night_transaction;foreign_country,45,2026-05-04 04:12:55
3344,54456,3425,high_amount;night_transaction;foreign_country,70,2026-05-31 03:36:37
3345,54459,4289,high_amount;foreign_country,90,2026-05-12 22:31:43
3346,54473,1301,risk_score_threshold,65,2026-06-24 20:54:40
3347,54475,931,risk_score_threshold,50,2026-05-29 06:09:19
3348,54495,4227,high_amount;night_transaction;foreign_country,100,2026-04-16 02:13:44
3349,54499,2873,foreign_country,85,2026-06-08 07:38:56
3350,54524,4350,foreign_country,45,2026-02-08 12:19:49
3351,54535,3905,risk_score_threshold,40,2026-04-15 11:46:04
3352,54551,3043,risk_score_threshold,50,2026-06-06 21:06:08
3353,54572,2246,foreign_country,45,2026-03-27 18:33:52
3354,54636,560,high_amount;night_transaction;foreign_country,70,2026-01-30 03:27:37
3355,54642,2352,foreign_country,45,2026-04-13 09:51:17
3356,54669,4083,foreign_country,45,2026-01-24 22:03:00
3357,54675,3034,risk_score_threshold,65,2026-02-07 12:15:55
3358,54683,2577,high_amount;night_transaction;foreign_country,75,2026-06-19 03:02:24
3359,54686,1679,foreign_country,45,2026-02-08 14:58:25
3360,54687,1672,risk_score_threshold,65,2026-03-07 18:30:15
3361,54692,3431,risk_score_threshold,50,2026-01-07 21:08:33
3362,54699,4648,high_amount;foreign_country,50,2026-02-21 23:59:41
3363,54754,3164,risk_score_threshold,40,2026-05-01 13:26:12
3364,54817,399,foreign_country,45,2026-04-04 11:56:43
3365,54818,3885,foreign_country,45,2026-06-07 11:45:03
3366,54822,4299,risk_score_threshold,65,2026-02-06 10:33:22
3367,54825,4166,risk_score_threshold,40,2026-04-14 06:35:49
3368,54828,4548,high_amount;night_transaction;foreign_country,75,2026-03-02 02:51:28
3369,54834,385,foreign_country,70,2026-01-17 18:10:02
3370,54842,879,risk_score_threshold,50,2026-01-30 17:05:06
3371,54850,809,high_amount;night_transaction;foreign_country,85,2026-06-10 02:51:17
3372,54871,1841,foreign_country,45,2026-04-01 22:16:45
3373,54873,2501,foreign_country,45,2026-02-11 18:49:46
3374,54895,350,foreign_country,55,2026-04-26 17:53:59
3375,54902,665,risk_score_threshold,40,2026-01-12 06:57:39
3376,54908,4250,foreign_country,45,2026-04-07 12:22:59
3377,54909,2225,risk_score_threshold,50,2026-03-24 16:50:13
3378,54940,628,foreign_country,45,2026-04-05 14:58:19
3379,54946,583,high_amount;foreign_country,90,2026-05-16 22:55:22
3380,54948,385,risk_score_threshold,40,2026-03-10 10:13:05
3381,54962,4076,foreign_country,45,2026-02-23 07:29:07
3382,54963,2787,high_amount;night_transaction;foreign_country,75,2026-05-02 01:13:38
3383,54970,882,risk_score_threshold,40,2026-04-24 22:13:19
3384,54987,3784,foreign_country,45,2026-03-02 15:47:06
3385,54990,972,high_amount;night_transaction;foreign_country,75,2026-01-19 02:24:34
3386,54997,1938,foreign_country,45,2026-04-20 08:14:33
3387,55022,4317,risk_score_threshold,40,2026-02-27 17:50:19
3388,55039,4818,foreign_country,40,2026-03-24 14:34:05
3389,55051,1299,risk_score_threshold,40,2026-06-06 15:07:42
3390,55054,4585,risk_score_threshold,65,2026-02-06 19:30:44
3391,55063,1261,night_transaction;foreign_country,55,2026-04-30 02:05:48
3392,55085,3396,high_amount;night_transaction;foreign_country,75,2026-05-24 01:53:50
3393,55098,4886,foreign_country,45,2026-04-12 11:30:46
3394,55122,3739,risk_score_threshold,40,2026-05-31 18:34:08
3395,55142,3937,foreign_country,45,2026-04-11 21:32:46
3396,55150,4868,foreign_country,45,2026-01-05 06:02:48
3397,55173,2806,foreign_country,70,2026-04-19 11:06:29
3398,55196,1605,risk_score_threshold,40,2026-03-28 17:45:00
3399,55265,1109,high_amount;night_transaction;foreign_country,75,2026-03-01 03:59:35
3400,55290,931,risk_score_threshold,40,2026-03-05 15:11:57
3401,55293,67,foreign_country,40,2026-06-15 11:28:49
3402,55310,1318,foreign_country,45,2026-04-17 17:17:38
3403,55315,557,foreign_country,45,2026-06-23 08:44:28
3404,55358,2065,risk_score_threshold,50,2026-01-06 19:39:02
3405,55369,395,foreign_country,45,2026-04-05 15:39:48
3406,55394,3151,foreign_country,55,2026-03-18 19:04:42
3407,55407,1602,high_amount;night_transaction;foreign_country,75,2026-02-25 01:42:48
3408,55454,4102,high_amount;night_transaction;foreign_country,85,2026-05-12 01:30:40
3409,55455,743,risk_score_threshold,40,2026-01-13 22:34:12
3410,55456,765,foreign_country,45,2026-02-10 07:02:30
3411,55461,2119,high_amount;foreign_country,65,2026-01-08 23:59:58
3412,55532,4756,risk_score_threshold,50,2026-04-01 14:56:34
3413,55545,1351,risk_score_threshold,65,2026-04-12 09:38:15
3414,55547,3898,high_amount;night_transaction;foreign_country,75,2026-05-26 01:05:41
3415,55568,4767,risk_score_threshold,50,2026-05-27 20:04:21
3416,55570,4103,risk_score_threshold,65,2026-04-20 19:00:24
3417,55605,2920,foreign_country,45,2026-05-31 14:06:53
3418,55610,4574,high_amount;night_transaction;foreign_country,60,2026-02-08 01:50:36
3419,55611,4064,high_amount;night_transaction;foreign_country,100,2026-06-28 04:58:38
3420,55618,2244,risk_score_threshold,40,2026-01-02 18:51:45
3421,55620,4961,foreign_country,45,2026-03-23 20:07:31
3422,55654,4767,risk_score_threshold,40,2026-04-17 10:52:33
3423,55752,2249,risk_score_threshold,40,2026-02-28 14:04:42
3424,55795,3360,foreign_country,45,2026-05-19 20:31:07
3425,55796,2264,high_amount;foreign_country,75,2026-01-20 23:48:02
3426,55800,3345,high_amount;foreign_country,65,2026-04-15 23:10:17
3427,55803,2556,risk_score_threshold,65,2026-03-22 19:13:46
3428,55804,3431,risk_score_threshold,50,2026-05-26 09:17:11
3429,55831,4623,risk_score_threshold,65,2026-03-20 06:09:53
3430,55896,4029,foreign_country,45,2026-02-18 21:54:23
3431,55897,3494,foreign_country,60,2026-03-27 14:43:07
3432,55905,430,risk_score_threshold,40,2026-06-26 13:42:35
3433,55918,4606,night_transaction;foreign_country,55,2026-04-19 03:22:07
3434,55942,2459,risk_score_threshold,40,2026-03-08 19:56:04
3435,55953,4111,risk_score_threshold,50,2026-04-23 17:47:40
3436,55973,3165,risk_score_threshold,50,2026-05-25 17:41:57
3437,55984,3485,foreign_country,45,2026-04-17 23:00:10
3438,55989,1437,risk_score_threshold,40,2026-01-22 07:46:57
3439,56020,2298,foreign_country,40,2026-01-02 09:36:16
3440,56021,3739,foreign_country,60,2026-03-01 20:21:11
3441,56031,3409,high_amount;foreign_country,65,2026-02-08 23:01:15
3442,56046,3405,foreign_country,45,2026-05-05 18:54:14
3443,56048,1306,risk_score_threshold,50,2026-01-15 13:50:46
3444,56055,3011,risk_score_threshold,50,2026-06-05 09:06:02
3445,56072,128,foreign_country,45,2026-05-21 13:15:45
3446,56089,70,risk_score_threshold,50,2026-02-20 12:53:26
3447,56109,2861,foreign_country,55,2026-03-15 13:47:20
3448,56125,1380,risk_score_threshold,40,2026-02-27 21:34:27
3449,56138,3250,high_amount;night_transaction;foreign_country,85,2026-05-15 03:42:54
3450,56141,2019,high_amount;night_transaction;foreign_country,75,2026-03-13 04:58:37
3451,56203,3753,high_amount;foreign_country,90,2026-04-30 23:06:16
3452,56204,2578,high_amount;night_transaction;foreign_country,75,2026-06-10 00:07:49
3453,56209,1309,risk_score_threshold,40,2026-04-22 10:18:52
3454,56210,4422,risk_score_threshold,65,2026-03-13 07:13:51
3455,56212,2111,foreign_country,45,2026-04-25 07:05:26
3456,56225,4049,high_amount;night_transaction;foreign_country,75,2026-04-10 00:03:50
3457,56234,1112,high_amount;night_transaction;foreign_country,60,2026-05-04 03:42:22
3458,56245,3547,risk_score_threshold,40,2026-06-03 21:44:01
3459,56251,3318,risk_score_threshold,40,2026-03-12 23:52:37
3460,56275,931,risk_score_threshold,65,2026-06-02 23:08:47
3461,56281,2671,risk_score_threshold,50,2026-03-19 09:07:38
3462,56286,4552,high_amount;night_transaction;foreign_country,75,2026-05-19 01:07:21
3463,56291,17,night_transaction;foreign_country,70,2026-05-29 02:59:58
3464,56331,4949,high_amount;night_transaction;foreign_country,70,2026-01-22 04:05:42
3465,56335,4045,foreign_country,45,2026-02-17 13:12:30
3466,56344,758,risk_score_threshold,40,2026-06-23 16:56:04
3467,56350,4118,risk_score_threshold,40,2026-02-07 22:24:32
3468,56362,1920,risk_score_threshold,40,2026-05-13 07:30:01
3469,56363,3453,risk_score_threshold,65,2026-01-07 07:50:05
3470,56379,1576,foreign_country,45,2026-06-09 18:34:54
3471,56391,457,risk_score_threshold,40,2026-06-23 11:11:10
3472,56394,3104,risk_score_threshold,50,2026-06-23 06:22:01
3473,56395,4250,foreign_country,45,2026-01-07 17:41:14
3474,56399,221,high_amount;night_transaction;foreign_country,75,2026-01-22 05:46:50
3475,56409,1154,foreign_country,45,2026-05-26 17:24:01
3476,56432,4226,foreign_country,45,2026-04-14 16:16:13
3477,56447,4178,risk_score_threshold,65,2026-05-24 16:20:22
3478,56463,514,foreign_country,45,2026-01-14 22:18:09
3479,56477,1814,foreign_country,45,2026-06-29 10:45:38
3480,56507,3431,risk_score_threshold,50,2026-04-10 11:32:09
3481,56532,932,risk_score_threshold,40,2026-06-26 17:30:01
3482,56549,758,risk_score_threshold,40,2026-04-22 22:16:15
3483,56614,455,foreign_country,45,2026-05-21 16:47:59
3484,56635,4478,risk_score_threshold,40,2026-05-08 11:20:02
3485,56659,4809,high_amount;foreign_country,65,2026-06-18 23:40:57
3486,56692,3971,high_amount;night_transaction;foreign_country,75,2026-01-18 00:49:32
3487,56701,457,risk_score_threshold,50,2026-01-28 22:24:18
3488,56717,814,high_amount;foreign_country,90,2026-02-18 22:31:18
3489,56727,1061,foreign_country,45,2026-04-22 16:31:29
3490,56733,1787,high_amount;night_transaction;foreign_country,60,2026-02-23 00:47:53
3491,56759,1620,high_amount;foreign_country,75,2026-06-04 23:34:33
3492,56767,2894,risk_score_threshold,65,2026-04-24 09:56:41
3493,56773,497,risk_score_threshold,40,2026-02-05 09:34:35
3494,56787,993,high_amount;foreign_country,65,2026-03-20 23:13:52
3495,56789,4997,foreign_country,45,2026-04-08 06:06:03
3496,56808,732,high_amount;night_transaction;foreign_country,75,2026-04-08 02:51:41
3497,56835,1228,risk_score_threshold,40,2026-06-22 15:10:39
3498,56842,225,high_amount;night_transaction;foreign_country,85,2026-04-05 05:57:31
3499,56874,2556,risk_score_threshold,50,2026-03-19 16:55:08
3500,56876,4276,risk_score_threshold,40,2026-02-12 12:35:32
3501,56877,137,high_amount;night_transaction;foreign_country,60,2026-03-20 02:04:27
3502,56919,1104,high_amount;night_transaction;foreign_country,75,2026-04-30 00:06:00
3503,56944,4152,risk_score_threshold,50,2026-03-25 20:30:53
3504,56945,1380,risk_score_threshold,40,2026-04-15 10:37:49
3505,56951,3668,risk_score_threshold,50,2026-05-23 22:56:16
3506,56971,4766,foreign_country,45,2026-04-18 12:57:54
3507,56986,3189,foreign_country,45,2026-06-02 14:34:15
3508,56991,3146,risk_score_threshold,40,2026-01-30 18:51:27
3509,57009,758,risk_score_threshold,40,2026-01-10 20:09:35
3510,57063,2305,risk_score_threshold,40,2026-03-25 08:08:02
3511,57074,2890,foreign_country,45,2026-04-02 22:32:08
3512,57086,3750,risk_score_threshold,40,2026-05-07 12:12:37
3513,57088,4247,foreign_country,55,2026-02-25 17:41:49
3514,57098,4902,risk_score_threshold,40,2026-02-19 11:13:56
3515,57103,4304,risk_score_threshold,65,2026-02-08 15:46:43
3516,57122,497,risk_score_threshold,65,2026-01-23 09:55:03
3517,57130,935,foreign_country,45,2026-05-07 21:15:34
3518,57145,3104,risk_score_threshold,65,2026-05-11 23:38:02
3519,57162,3657,foreign_country,60,2026-03-13 20:21:11
3520,57168,441,high_amount;night_transaction;foreign_country,100,2026-06-16 02:09:57
3521,57175,277,high_amount;night_transaction;foreign_country,100,2026-01-11 02:06:02
3522,57180,1951,foreign_country,45,2026-06-08 11:08:31
3523,57187,1068,high_amount;night_transaction;foreign_country,75,2026-05-13 03:41:15
3524,57200,3975,foreign_country,45,2026-05-17 12:40:01
3525,57249,2764,high_amount;night_transaction;foreign_country,85,2026-01-05 03:58:53
3526,57250,931,risk_score_threshold,65,2026-04-11 16:41:14
3527,57261,2700,high_amount;night_transaction;foreign_country,75,2026-04-08 01:20:21
3528,57268,3275,risk_score_threshold,40,2026-03-17 09:30:47
3529,57315,3226,foreign_country,45,2026-03-27 07:04:47
3530,57326,785,foreign_country,55,2026-05-25 17:57:51
3531,57327,3242,risk_score_threshold,40,2026-04-17 17:57:02
3532,57331,233,foreign_country,45,2026-02-21 13:15:47
3533,57351,4486,risk_score_threshold,50,2026-01-07 09:54:04
3534,57367,2268,foreign_country,40,2026-03-07 13:59:46
3535,57408,4703,high_amount;night_transaction;foreign_country,75,2026-03-02 02:49:26
3536,57439,781,high_amount;night_transaction;foreign_country,75,2026-06-05 04:25:22
3537,57440,4273,high_amount;night_transaction;foreign_country,85,2026-03-31 05:21:18
3538,57489,452,foreign_country,40,2026-02-12 17:22:50
3539,57528,4563,high_amount;night_transaction;foreign_country,70,2026-01-09 03:06:26
3540,57529,1437,risk_score_threshold,40,2026-02-09 07:20:04
3541,57543,1789,high_amount;night_transaction;foreign_country,60,2026-03-16 00:37:57
3542,57605,217,risk_score_threshold,65,2026-05-22 14:13:34
3543,57615,1630,foreign_country,45,2026-06-11 12:16:20
3544,57623,400,risk_score_threshold,40,2026-02-05 09:32:19
3545,57646,3387,risk_score_threshold,40,2026-04-17 14:22:04
3546,57689,4829,foreign_country,45,2026-06-18 20:06:55
3547,57698,3494,foreign_country,60,2026-05-29 11:41:55
3548,57725,4304,risk_score_threshold,50,2026-02-28 08:42:17
3549,57726,2412,risk_score_threshold,50,2026-02-02 23:08:27
3550,57738,3984,foreign_country,45,2026-03-07 21:51:18
3551,57741,882,risk_score_threshold,50,2026-01-20 19:59:23
3552,57744,3905,foreign_country,85,2026-03-05 11:00:32
3553,57795,3146,foreign_country,60,2026-02-03 15:19:54
3554,57812,4741,foreign_country,45,2026-01-03 21:33:06
3555,57835,1757,foreign_country,45,2026-03-29 18:18:46
3556,57840,713,foreign_country,60,2026-02-08 13:00:48
3557,57849,744,high_amount;night_transaction;foreign_country,75,2026-04-14 05:20:17
3558,57853,3860,risk_score_threshold,50,2026-06-25 13:29:42
3559,57877,3624,risk_score_threshold,40,2026-03-13 23:50:55
3560,57881,1864,high_amount;night_transaction;foreign_country,75,2026-04-04 04:08:32
3561,57907,661,foreign_country,45,2026-01-02 13:26:18
3562,57937,2381,risk_score_threshold,40,2026-01-19 20:04:15
3563,57981,2695,risk_score_threshold,65,2026-02-01 15:01:34
3564,57983,1965,high_amount;night_transaction;foreign_country,75,2026-02-21 00:46:42
3565,57986,1543,high_amount;night_transaction;foreign_country,85,2026-01-21 02:35:33
3566,58093,1303,risk_score_threshold,50,2026-02-12 06:17:34
3567,58094,1299,risk_score_threshold,50,2026-04-20 11:36:39
3568,58105,496,risk_score_threshold,50,2026-03-25 16:19:33
3569,58136,882,high_amount;night_transaction;foreign_country,100,2026-06-19 05:29:32
3570,58160,2788,high_amount;night_transaction;foreign_country,60,2026-03-15 01:23:32
3571,58203,2603,foreign_country,60,2026-01-08 18:30:03
3572,58207,3547,foreign_country,60,2026-01-18 08:17:16
3573,58255,4926,risk_score_threshold,40,2026-01-30 18:03:12
3574,58258,424,foreign_country,40,2026-05-09 22:45:58
3575,58321,1428,high_amount;night_transaction;foreign_country,75,2026-04-12 05:54:17
3576,58346,2643,risk_score_threshold,40,2026-04-26 21:36:44
3577,58348,1140,foreign_country,45,2026-04-13 23:00:46
3578,58360,380,foreign_country,45,2026-03-30 21:41:50
3579,58361,4117,foreign_country,40,2026-04-23 15:15:42
3580,58402,1581,foreign_country,45,2026-06-05 12:27:36
3581,58403,2750,high_amount;night_transaction;foreign_country,100,2026-06-13 03:22:38
3582,58408,1519,high_amount;foreign_country,65,2026-01-28 22:46:59
3583,58421,3604,high_amount;night_transaction;foreign_country,100,2026-05-24 03:29:59
3584,58451,2585,risk_score_threshold,40,2026-05-23 08:03:31
3585,58465,1299,risk_score_threshold,40,2026-04-28 18:20:54
3586,58483,3005,high_amount;night_transaction;foreign_country,60,2026-01-11 01:25:41
3587,58499,1660,risk_score_threshold,40,2026-04-27 17:04:00
3588,58530,1420,high_amount;night_transaction;foreign_country,75,2026-06-25 00:15:01
3589,58537,2455,night_transaction;foreign_country,45,2026-05-05 01:26:55
3590,58568,1893,high_amount;night_transaction;foreign_country,75,2026-03-18 04:30:41
3591,58591,4869,high_amount;night_transaction;foreign_country,75,2026-01-03 05:58:01
3592,58607,3634,high_amount;foreign_country,75,2026-06-29 23:33:27
3593,58609,744,high_amount;night_transaction;foreign_country,75,2026-02-13 01:08:51
3594,58613,4774,risk_score_threshold,40,2026-03-01 12:14:50
3595,58642,397,risk_score_threshold,40,2026-02-09 07:53:28
3596,58645,1365,foreign_country,45,2026-01-23 08:29:16
3597,58661,4228,risk_score_threshold,40,2026-01-20 16:28:36
3598,58662,4087,foreign_country,45,2026-04-07 17:19:38
3599,58692,3126,risk_score_threshold,65,2026-02-05 16:11:28
3600,58695,1306,risk_score_threshold,40,2026-05-09 09:27:54
3601,58730,257,risk_score_threshold,50,2026-05-26 23:50:16
3602,58731,4504,foreign_country,45,2026-04-02 07:43:10
3603,58734,104,foreign_country,40,2026-04-15 06:19:00
3604,58740,1223,foreign_country,45,2026-03-09 19:53:46
3605,58778,1992,high_amount;foreign_country,75,2026-02-28 22:29:17
3606,58814,1355,foreign_country,45,2026-03-03 15:37:32
3607,58920,718,foreign_country,45,2026-05-13 10:06:44
3608,58924,2080,foreign_country,45,2026-03-30 08:42:05
3609,58946,3964,high_amount;foreign_country,100,2026-04-15 23:12:37
3610,58977,2318,foreign_country,45,2026-05-22 19:23:03
3611,59032,2929,foreign_country,45,2026-01-12 15:44:56
3612,59040,4958,high_amount;night_transaction;foreign_country,75,2026-01-15 02:51:13
3613,59064,321,risk_score_threshold,40,2026-05-04 16:58:19
3614,59075,996,high_amount;night_transaction;foreign_country,85,2026-05-11 04:08:17
3615,59096,1718,foreign_country,85,2026-05-26 22:37:11
3616,59105,1606,foreign_country,45,2026-06-19 22:39:07
3617,59117,1223,foreign_country,45,2026-05-11 08:24:05
3618,59137,4146,risk_score_threshold,65,2026-04-24 11:01:59
3619,59165,3370,high_amount;night_transaction;foreign_country,60,2026-05-17 02:19:52
3620,59172,3380,high_amount;night_transaction;foreign_country,85,2026-05-08 01:34:04
3621,59198,879,risk_score_threshold,40,2026-06-10 06:07:44
3622,59215,1876,foreign_country,60,2026-05-09 17:33:03
3623,59227,1419,foreign_country,45,2026-02-19 15:43:38
3624,59237,3039,high_amount;night_transaction;foreign_country,75,2026-04-27 01:20:55
3625,59251,1353,foreign_country,45,2026-06-06 14:29:15
3626,59260,2204,risk_score_threshold,65,2026-03-10 19:20:03
3627,59280,3313,foreign_country,45,2026-01-25 09:19:35
3628,59288,4123,foreign_country,60,2026-02-17 08:43:01
3629,59289,397,risk_score_threshold,40,2026-03-22 23:49:01
3630,59298,2849,high_amount;night_transaction;foreign_country,85,2026-05-19 05:17:01
3631,59314,862,foreign_country,45,2026-01-17 23:08:21
3632,59370,3818,risk_score_threshold,50,2026-05-28 08:10:47
3633,59375,4268,risk_score_threshold,40,2026-01-02 21:58:30
3634,59383,3104,risk_score_threshold,50,2026-06-12 13:16:03
3635,59394,4867,foreign_country,85,2026-03-31 15:38:56
3636,59420,3361,risk_score_threshold,75,2026-02-25 15:26:16
3637,59421,3175,foreign_country,45,2026-01-26 07:18:30
3638,59440,1220,foreign_country,45,2026-03-14 12:54:13
3639,59483,4478,risk_score_threshold,50,2026-03-11 16:37:15
3640,59509,1718,risk_score_threshold,40,2026-02-03 18:25:21
3641,59538,1945,risk_score_threshold,50,2026-04-16 09:40:18
3642,59570,1437,foreign_country,60,2026-02-09 09:58:37
3643,59621,2016,foreign_country,45,2026-05-16 17:46:55
3644,59647,1766,risk_score_threshold,60,2026-02-09 13:45:26
3645,59651,736,risk_score_threshold,50,2026-03-04 12:41:41
3646,59666,958,risk_score_threshold,40,2026-03-06 21:23:22
3647,59667,665,risk_score_threshold,40,2026-02-28 18:31:45
3648,59671,2411,risk_score_threshold,40,2026-04-12 19:31:22
3649,59673,3034,risk_score_threshold,65,2026-06-03 13:23:05
3650,59696,4663,risk_score_threshold,40,2026-06-27 11:44:58
3651,59717,1380,risk_score_threshold,40,2026-03-12 08:16:04
3652,59738,27,risk_score_threshold,40,2026-02-17 11:37:56
3653,59754,4166,risk_score_threshold,40,2026-05-27 18:58:56
3654,59788,4115,foreign_country,45,2026-03-03 22:59:06
3655,59796,2556,risk_score_threshold,40,2026-05-24 13:41:26
3656,59797,3565,foreign_country,70,2026-04-06 19:34:16
3657,59803,2979,foreign_country,45,2026-04-15 14:54:06
3658,59819,2037,risk_score_threshold,50,2026-04-02 07:28:44
3659,59870,265,risk_score_threshold,65,2026-03-20 15:11:38
3660,59889,2325,risk_score_threshold,65,2026-04-23 08:25:34
3661,59913,4945,high_amount;night_transaction;foreign_country,70,2026-01-03 04:02:06
3662,59919,1660,risk_score_threshold,50,2026-03-16 15:50:04
3663,59926,4228,risk_score_threshold,40,2026-02-15 16:31:27
3664,59955,339,risk_score_threshold,40,2026-06-13 07:02:58
3665,59973,3517,risk_score_threshold,40,2026-04-15 09:39:07
3666,60019,254,foreign_country,60,2026-06-27 11:18:45
3667,60041,3405,risk_score_threshold,50,2026-04-20 23:48:34
3668,60047,3795,foreign_country,45,2026-01-27 21:42:27
3669,60054,4917,night_transaction;foreign_country,70,2026-01-08 05:12:28
3670,60069,1351,risk_score_threshold,50,2026-04-16 12:28:05
3671,60089,1552,foreign_country,45,2026-01-24 08:44:52
3672,60140,3336,high_amount;foreign_country,65,2026-04-14 22:21:43
3673,60163,3360,high_amount;foreign_country,65,2026-01-13 22:20:03
3674,60171,4255,high_amount;night_transaction;foreign_country,85,2026-04-10 05:28:44
3675,60179,3765,night_transaction;foreign_country,40,2026-03-12 02:09:13
3676,60191,4939,foreign_country,45,2026-05-29 20:15:19
3677,60220,702,foreign_country,45,2026-01-31 22:32:34
3678,60237,3636,high_amount;foreign_country,65,2026-02-04 22:50:49
3679,60240,1474,high_amount;night_transaction;foreign_country,75,2026-01-08 04:27:40
3680,60264,4717,foreign_country,45,2026-02-10 20:12:33
3681,60267,822,foreign_country,45,2026-04-21 17:10:09
3682,60281,503,high_amount;foreign_country,65,2026-05-16 23:54:06
3683,60286,1620,high_amount;night_transaction;foreign_country,70,2026-03-02 01:20:12
3684,60295,3680,high_amount;night_transaction;foreign_country,75,2026-01-17 04:39:58
3685,60317,2474,foreign_country,45,2026-01-28 20:45:36
3686,60324,527,high_amount;night_transaction;foreign_country,85,2026-02-21 03:09:16
3687,60327,2585,risk_score_threshold,50,2026-03-31 07:38:28
3688,60364,745,risk_score_threshold,40,2026-06-21 20:54:02
3689,60391,3043,risk_score_threshold,50,2026-05-09 12:04:16
3690,60422,1351,risk_score_threshold,65,2026-06-28 18:31:13
3691,60427,4422,foreign_country,70,2026-06-28 13:09:06
3692,60476,3371,risk_score_threshold,50,2026-03-05 11:38:38
3693,60523,4190,risk_score_threshold,40,2026-01-12 19:20:38
3694,60544,2256,foreign_country,45,2026-03-10 19:31:09
3695,60555,3032,foreign_country,45,2026-01-24 12:20:49
3696,60565,3017,night_transaction;foreign_country,55,2026-02-25 02:12:20
3697,60566,774,foreign_country,45,2026-01-16 06:19:26
3698,60592,3739,risk_score_threshold,50,2026-05-03 16:33:16
3699,60626,3739,risk_score_threshold,40,2026-05-09 16:22:43
3700,60638,3556,foreign_country,45,2026-03-09 13:54:24
3701,60644,4041,high_amount;night_transaction;foreign_country,100,2026-03-06 01:55:02
3702,60674,2836,foreign_country,45,2026-01-08 19:35:36
3703,60694,2401,high_amount;night_transaction;foreign_country,70,2026-03-01 00:37:07
3704,60708,1824,high_amount;night_transaction;foreign_country,75,2026-04-17 03:42:01
3705,60719,4900,high_amount;foreign_country,90,2026-05-04 23:44:54
3706,60724,419,high_amount;night_transaction;foreign_country,85,2026-03-18 01:33:38
3707,60763,1666,foreign_country,45,2026-03-10 11:02:10
3708,60768,1881,risk_score_threshold,65,2026-05-28 23:14:11
3709,60774,1522,risk_score_threshold,40,2026-05-24 23:05:35
3710,60786,4755,high_amount;night_transaction;foreign_country,85,2026-02-04 05:05:49
3711,60839,4779,risk_score_threshold,50,2026-03-25 06:02:39
3712,60846,353,foreign_country,45,2026-02-09 07:34:01
3713,60850,4449,risk_score_threshold,40,2026-02-13 22:12:33
3714,60860,3919,foreign_country,45,2026-01-17 06:51:38
3715,60861,2325,risk_score_threshold,40,2026-01-26 11:02:47
3716,60872,4043,foreign_country,45,2026-04-30 18:57:23
3717,60880,4538,foreign_country,45,2026-03-16 12:45:51
3718,60882,2961,foreign_country,45,2026-03-23 10:45:50
3719,60896,4557,foreign_country,60,2026-01-02 09:05:28
3720,60908,496,risk_score_threshold,40,2026-06-21 20:07:10
3721,60911,1803,high_amount;night_transaction;foreign_country,75,2026-06-04 03:50:30
3722,60919,4726,risk_score_threshold,40,2026-02-20 06:18:15
3723,60921,3781,high_amount;night_transaction;foreign_country,85,2026-03-07 04:21:13
3724,60923,1303,risk_score_threshold,40,2026-05-30 14:15:39
3725,60924,713,risk_score_threshold,65,2026-04-04 13:54:39
3726,60941,4273,foreign_country,40,2026-04-28 12:30:55
3727,60945,2952,high_amount;foreign_country,65,2026-04-13 22:33:31
3728,60967,2786,high_amount;night_transaction;foreign_country,100,2026-02-24 05:47:18
3729,60994,4165,foreign_country,45,2026-04-22 12:40:19
3730,61005,2669,foreign_country,45,2026-04-18 13:38:46
3731,61012,958,risk_score_threshold,40,2026-03-28 06:23:11
3732,61014,4756,risk_score_threshold,40,2026-05-24 11:51:09
3733,61020,125,foreign_country,45,2026-05-10 15:48:24
3734,61032,2695,risk_score_threshold,40,2026-05-29 13:09:51
3735,61042,1006,foreign_country,45,2026-05-03 13:00:23
3736,61043,1309,risk_score_threshold,40,2026-01-16 13:39:09
3737,61048,4725,foreign_country,45,2026-04-23 10:06:25
3738,61070,2643,risk_score_threshold,50,2026-04-23 06:45:13
3739,61090,3164,risk_score_threshold,40,2026-02-07 22:01:52
3740,61111,4486,risk_score_threshold,40,2026-04-04 23:28:15
3741,61163,4396,foreign_country,60,2026-03-24 08:11:57
3742,61170,1978,foreign_country,45,2026-01-28 08:13:21
3743,61202,121,foreign_country,55,2026-02-23 23:51:39
3744,61216,2105,high_amount;night_transaction;foreign_country,85,2026-03-23 02:57:53
3745,61218,913,foreign_country,45,2026-01-15 12:25:33
3746,61241,321,risk_score_threshold,65,2026-03-01 07:43:46
3747,61245,2913,risk_score_threshold,50,2026-01-24 16:18:26
3748,61272,217,risk_score_threshold,65,2026-04-26 12:43:48
3749,61280,1875,risk_score_threshold,50,2026-02-03 14:45:07
3750,61281,1469,risk_score_threshold,50,2026-01-24 18:08:28
3751,61290,1178,risk_score_threshold,40,2026-01-17 21:38:57
3752,61327,4276,risk_score_threshold,40,2026-02-06 19:33:39
3753,61341,3146,risk_score_threshold,40,2026-01-09 18:44:04
3754,61343,2267,foreign_country,45,2026-05-31 18:02:46
3755,61344,1380,foreign_country,60,2026-04-27 11:26:34
3756,61356,4152,risk_score_threshold,50,2026-04-21 23:42:29
3757,61360,1227,high_amount;night_transaction;foreign_country,75,2026-01-09 02:37:52
3758,61381,209,foreign_country,45,2026-01-09 12:39:00
3759,61385,624,risk_score_threshold,40,2026-06-08 11:25:57
3760,61389,1580,foreign_country,45,2026-03-22 20:01:54
3761,61391,1135,risk_score_threshold,40,2026-04-03 16:19:42
3762,61393,2274,high_amount;foreign_country,70,2026-03-01 22:52:42
3763,61420,2873,risk_score_threshold,40,2026-05-25 19:25:16
3764,61433,4767,foreign_country,60,2026-02-20 14:24:37
3765,61451,736,risk_score_threshold,40,2026-02-26 10:55:08
3766,61472,3034,risk_score_threshold,40,2026-03-14 07:44:31
3767,61502,3349,foreign_country,45,2026-06-18 10:08:37
3768,61513,551,foreign_country,70,2026-05-10 07:32:38
3769,61523,4131,high_amount;night_transaction;foreign_country,85,2026-06-05 03:36:17
3770,61529,4297,high_amount;foreign_country,65,2026-03-26 23:11:57
3771,61531,4568,high_amount;night_transaction;foreign_country,85,2026-02-13 03:09:03
3772,61533,4396,risk_score_threshold,65,2026-04-14 06:14:04
3773,61598,4779,risk_score_threshold,40,2026-04-21 07:00:36
3774,61603,1488,high_amount;night_transaction;foreign_country,75,2026-06-06 05:41:49
3775,61611,4486,risk_score_threshold,40,2026-01-16 19:40:19
3776,61620,4946,risk_score_threshold,50,2026-02-28 07:32:26
3777,61627,2425,high_amount;foreign_country,75,2026-05-17 22:43:06
3778,61650,1715,risk_score_threshold,50,2026-01-11 08:48:41
3779,61668,3494,risk_score_threshold,65,2026-03-05 12:47:13
3780,61721,3146,risk_score_threshold,50,2026-03-24 14:27:17
3781,61791,4317,risk_score_threshold,40,2026-05-18 15:38:19
3782,61800,1876,risk_score_threshold,65,2026-04-07 07:54:24
3783,61823,4983,high_amount;night_transaction;foreign_country,75,2026-01-05 00:05:25
3784,61901,440,night_transaction;foreign_country,70,2026-04-17 01:46:25
3785,61910,3689,foreign_country,55,2026-04-02 23:59:11
3786,61920,3150,foreign_country,70,2026-05-01 11:44:09
3787,61931,3164,risk_score_threshold,65,2026-04-04 13:59:22
3788,61942,1280,foreign_country,45,2026-05-12 10:39:34
3789,61943,1268,high_amount;night_transaction;foreign_country,60,2026-01-18 04:54:42
3790,61947,1180,foreign_country,45,2026-06-13 18:15:14
3791,61950,3739,risk_score_threshold,40,2026-04-02 14:08:42
3792,61968,94,night_transaction;foreign_country,85,2026-01-21 04:31:57
3793,62017,410,foreign_country,45,2026-05-25 15:14:30
3794,62069,2333,night_transaction;foreign_country,45,2026-02-02 01:54:12
3795,62081,2333,foreign_country,45,2026-04-11 22:24:02
3796,62085,2963,foreign_country,45,2026-03-05 17:36:56
3797,62088,3601,foreign_country,45,2026-01-31 19:41:27
3798,62091,586,night_transaction;foreign_country,55,2026-05-01 04:46:43
3799,62115,1400,high_amount;foreign_country,65,2026-02-17 23:06:51
3800,62119,2319,risk_score_threshold,40,2026-04-03 10:42:38
3801,62124,2855,risk_score_threshold,50,2026-05-04 06:32:17
3802,62134,3547,foreign_country,85,2026-04-15 13:44:33
3803,62150,70,risk_score_threshold,50,2026-01-07 11:48:09
3804,62160,4628,risk_score_threshold,50,2026-04-12 12:53:36
3805,62163,3313,high_amount;night_transaction;foreign_country,85,2026-03-21 02:43:24
3806,62198,397,risk_score_threshold,65,2026-01-09 09:37:27
3807,62252,2736,foreign_country,45,2026-03-19 14:05:33
3808,62279,1128,risk_score_threshold,40,2026-01-11 11:00:20
3809,62312,400,risk_score_threshold,65,2026-01-09 16:57:47
3810,62324,298,high_amount;foreign_country,65,2026-02-07 23:08:22
3811,62327,2821,foreign_country,45,2026-03-19 19:55:00
3812,62337,3242,risk_score_threshold,65,2026-02-07 22:37:17
3813,62348,3104,risk_score_threshold,65,2026-03-01 21:40:59
3814,62350,2585,risk_score_threshold,50,2026-04-02 18:25:25
3815,62358,1912,high_amount;night_transaction;foreign_country,60,2026-02-03 03:29:31
3816,62373,3021,high_amount;night_transaction;foreign_country,70,2026-06-07 05:12:24
3817,62376,1191,foreign_country,45,2026-04-01 19:02:56
3818,62391,4166,risk_score_threshold,50,2026-02-08 11:11:11
3819,62428,265,high_amount;night_transaction;foreign_country,60,2026-06-10 01:13:05
3820,62474,2213,foreign_country,45,2026-05-11 20:08:34
3821,62481,3392,risk_score_threshold,40,2026-06-19 20:14:07
3822,62523,3168,foreign_country,45,2026-03-17 19:31:40
3823,62535,3345,high_amount;night_transaction;foreign_country,85,2026-02-16 03:46:12
3824,62542,257,risk_score_threshold,40,2026-02-20 23:11:13
3825,62589,3739,risk_score_threshold,50,2026-05-06 14:56:43
3826,62599,1243,foreign_country,45,2026-03-30 11:27:37
3827,62631,4759,foreign_country,45,2026-06-05 15:31:38
3828,62636,758,risk_score_threshold,50,2026-01-05 21:58:39
3829,62640,4119,risk_score_threshold,40,2026-05-13 23:52:18
3830,62642,4154,foreign_country,45,2026-03-12 08:32:37
3831,62653,4548,high_amount;night_transaction;foreign_country,60,2026-01-27 01:01:27
3832,62654,1437,risk_score_threshold,40,2026-06-09 19:36:10
3833,62683,2861,high_amount;night_transaction;foreign_country,85,2026-01-13 02:04:25
3834,62758,284,risk_score_threshold,65,2026-02-20 06:22:38
3835,62759,3791,risk_score_threshold,65,2026-04-15 11:54:14
3836,62772,4246,high_amount;night_transaction;foreign_country,75,2026-04-20 02:31:33
3837,62879,4190,risk_score_threshold,50,2026-05-17 06:02:41
3838,62903,3280,foreign_country,45,2026-02-23 15:48:08
3839,62916,1716,high_amount;foreign_country,65,2026-03-02 23:09:28
3840,62948,4396,foreign_country,85,2026-05-12 10:09:10
3841,62956,4547,high_amount;night_transaction;foreign_country,75,2026-05-02 05:50:39
3842,62958,1902,foreign_country,45,2026-04-03 23:27:01
3843,63008,551,risk_score_threshold,50,2026-01-22 14:19:43
3844,63009,3809,risk_score_threshold,40,2026-06-10 20:56:33
3845,63096,1715,risk_score_threshold,65,2026-02-03 09:01:44
3846,63103,1796,foreign_country,55,2026-03-30 10:18:26
3847,63135,166,high_amount;night_transaction;foreign_country,85,2026-01-21 00:47:35
3848,63148,743,risk_score_threshold,40,2026-06-13 10:10:37
3849,63169,3366,foreign_country,45,2026-02-12 12:01:44
3850,63188,1876,risk_score_threshold,65,2026-02-13 23:50:38
3851,63209,3428,foreign_country,45,2026-03-26 08:52:50
3852,63210,4811,foreign_country,45,2026-06-09 22:32:02
3853,63252,4926,risk_score_threshold,65,2026-06-29 20:14:06
3854,63266,1437,risk_score_threshold,40,2026-02-05 21:25:11
3855,63273,265,risk_score_threshold,65,2026-03-03 12:23:46
3856,63295,4166,risk_score_threshold,65,2026-06-02 16:53:11
3857,63310,1881,risk_score_threshold,65,2026-05-17 22:21:43
3858,63328,2770,foreign_country,45,2026-03-03 07:23:56
3859,63425,3096,risk_score_threshold,65,2026-05-20 14:07:14
3860,63449,3034,risk_score_threshold,50,2026-02-23 19:25:06
3861,63452,3398,risk_score_threshold,50,2026-04-23 19:37:01
3862,63470,4102,foreign_country,45,2026-04-02 12:32:38
3863,63489,4166,risk_score_threshold,40,2026-03-31 12:21:05
3864,63512,1569,foreign_country,40,2026-05-13 17:59:05
3865,63523,665,risk_score_threshold,65,2026-06-11 15:36:46
3866,63530,1042,risk_score_threshold,50,2026-01-05 20:18:35
3867,63560,4217,foreign_country,60,2026-02-02 08:21:07
3868,63565,2873,risk_score_threshold,40,2026-03-19 12:37:27
3869,63604,3007,high_amount;night_transaction;foreign_country,100,2026-02-17 03:44:40
3870,63612,1660,risk_score_threshold,40,2026-03-16 14:17:10
3871,63629,3582,foreign_country,45,2026-05-05 13:11:42
3872,63678,2794,foreign_country,45,2026-06-22 17:24:49
3873,63684,4304,risk_score_threshold,40,2026-05-23 17:41:10
3874,63700,4449,risk_score_threshold,50,2026-04-11 21:51:59
3875,63707,1667,foreign_country,45,2026-01-07 23:21:42
3876,63713,1309,risk_score_threshold,40,2026-04-10 19:00:50
3877,63714,1353,foreign_country,45,2026-06-22 09:55:44
3878,63752,251,risk_score_threshold,40,2026-06-22 20:21:39
3879,63758,3276,risk_score_threshold,60,2026-02-27 11:08:21
3880,63763,3181,risk_score_threshold,40,2026-02-04 22:41:13
3881,63771,4449,risk_score_threshold,65,2026-01-01 22:42:05
3882,63786,4623,risk_score_threshold,40,2026-02-17 08:40:41
3883,63794,3096,risk_score_threshold,65,2026-03-08 09:08:12
3884,63795,3273,night_transaction;foreign_country,70,2026-02-17 00:54:58
3885,63802,4422,risk_score_threshold,40,2026-06-12 06:36:15
3886,63810,3681,risk_score_threshold,50,2026-03-15 11:59:16
3887,63814,129,foreign_country,45,2026-02-11 16:47:20
3888,63835,4623,risk_score_threshold,40,2026-05-18 07:36:46
3889,63866,2100,high_amount;foreign_country,65,2026-04-08 23:07:20
3890,63868,336,high_amount;night_transaction;foreign_country,75,2026-04-04 01:40:28
3891,63869,3024,high_amount;night_transaction;foreign_country,85,2026-01-28 05:13:16
3892,63883,1920,risk_score_threshold,40,2026-05-21 14:51:27
3893,63911,2122,foreign_country,45,2026-04-02 20:01:21
3894,63930,758,risk_score_threshold,50,2026-06-21 20:35:39
3895,63932,488,foreign_country,45,2026-04-26 22:19:58
3896,63941,2695,risk_score_threshold,50,2026-01-01 11:46:03
3897,63943,4767,risk_score_threshold,40,2026-03-13 17:48:19
3898,63964,713,risk_score_threshold,50,2026-05-15 14:20:24
3899,63969,2679,foreign_country,45,2026-05-30 08:23:08
3900,64010,2764,foreign_country,45,2026-01-07 11:48:03
3901,64021,4268,foreign_country,85,2026-03-16 11:59:07
3902,64040,2567,foreign_country,45,2026-06-14 16:01:33
3903,64044,2643,risk_score_threshold,40,2026-05-08 15:57:03
3904,64046,1269,high_amount;night_transaction;foreign_country,60,2026-05-18 01:43:39
3905,64054,3181,risk_score_threshold,65,2026-04-05 18:39:13
3906,64069,2064,night_transaction;foreign_country,70,2026-05-30 02:37:34
3907,64073,3344,high_amount;foreign_country,75,2026-04-29 22:48:25
3908,64081,2473,foreign_country,45,2026-04-23 19:22:17
3909,64145,2773,risk_score_threshold,40,2026-03-24 20:19:02
3910,64147,3547,risk_score_threshold,40,2026-02-01 10:48:03
3911,64150,2204,foreign_country,85,2026-05-21 11:43:19
3912,64168,1351,risk_score_threshold,40,2026-01-17 11:46:02
3913,64182,1766,risk_score_threshold,60,2026-05-11 11:11:14
3914,64192,4256,high_amount;night_transaction;foreign_country,60,2026-01-05 00:52:19
3915,64228,2369,high_amount;night_transaction;foreign_country,75,2026-01-16 00:49:05
3916,64232,2563,risk_score_threshold,40,2026-01-04 23:29:12
3917,64249,639,high_amount;night_transaction;foreign_country,75,2026-05-06 00:14:43
3918,64261,4926,risk_score_threshold,40,2026-03-18 10:39:30
3919,64283,4581,foreign_country,45,2026-01-22 20:41:56
3920,64312,4602,foreign_country,45,2026-03-22 20:00:49
3921,64319,3227,night_transaction;foreign_country,70,2026-01-18 01:55:36
3922,64322,2948,foreign_country,45,2026-06-07 16:50:03
3923,64324,1521,foreign_country,45,2026-04-30 18:32:18
3924,64326,321,risk_score_threshold,65,2026-03-08 17:17:10
3925,64373,4270,risk_score_threshold,50,2026-05-10 22:01:28
3926,64392,2065,risk_score_threshold,50,2026-01-30 14:38:09
3927,64415,3361,risk_score_threshold,50,2026-04-19 07:00:41
3928,64416,745,risk_score_threshold,50,2026-01-12 06:51:43
3929,64426,2033,high_amount;night_transaction;foreign_country,85,2026-02-03 02:47:04
3930,64440,3974,risk_score_threshold,40,2026-01-23 19:08:14
3931,64464,1513,high_amount;night_transaction;foreign_country,100,2026-04-12 04:32:21
3932,64500,3289,high_amount;foreign_country,85,2026-03-22 22:39:28
3933,64511,317,high_amount;foreign_country,50,2026-06-24 22:50:07
3934,64514,2165,foreign_country,55,2026-03-29 19:04:52
3935,64527,1920,risk_score_threshold,65,2026-02-20 20:32:34
3936,64539,665,risk_score_threshold,65,2026-06-19 22:05:56
3937,64548,438,foreign_country,45,2026-04-24 21:34:12
3938,64552,2107,risk_score_threshold,40,2026-01-02 11:54:47
3939,64561,903,night_transaction;foreign_country,45,2026-03-16 04:59:02
3940,64589,803,foreign_country,45,2026-02-27 23:15:34
3941,64597,2017,foreign_country,45,2026-03-08 06:14:11
3942,64617,397,risk_score_threshold,40,2026-02-18 22:22:35
3943,64634,3964,risk_score_threshold,40,2026-01-19 10:58:55
3944,64665,4123,risk_score_threshold,50,2026-05-08 15:42:58
3945,64667,849,risk_score_threshold,50,2026-06-15 13:12:46
3946,64674,1825,risk_score_threshold,65,2026-04-12 07:52:20
3947,64678,4103,high_amount;night_transaction;foreign_country,75,2026-05-29 00:08:01
3948,64685,4246,risk_score_threshold,65,2026-02-18 07:44:24
3949,64705,83,high_amount;foreign_country,75,2026-05-30 23:34:27
3950,64708,2806,risk_score_threshold,50,2026-02-16 12:23:00
3951,64713,1986,foreign_country,45,2026-03-19 21:05:07
3952,64716,745,foreign_country,45,2026-04-15 07:58:30
3953,64719,2773,risk_score_threshold,40,2026-05-09 13:37:19
3954,64745,4478,risk_score_threshold,50,2026-05-08 07:42:15
3955,64747,2811,high_amount;foreign_country,65,2026-01-03 23:51:38
3956,64770,4516,high_amount;night_transaction;foreign_country,85,2026-06-10 04:30:26
3957,64783,3706,foreign_country,45,2026-04-07 13:52:48
3958,64787,2134,foreign_country,45,2026-04-10 19:07:45
3959,64793,2079,risk_score_threshold,40,2026-06-09 17:34:48
3960,64811,397,risk_score_threshold,40,2026-05-28 12:16:31
3961,64824,1672,risk_score_threshold,40,2026-02-26 15:17:14
3962,64851,2563,risk_score_threshold,40,2026-06-13 17:54:02
3963,64863,713,risk_score_threshold,50,2026-05-27 17:07:16
3964,64868,3327,high_amount;night_transaction;foreign_country,75,2026-03-17 02:26:50
3965,64881,1876,night_transaction;foreign_country,100,2026-02-18 03:14:46
3966,64944,4152,risk_score_threshold,40,2026-06-10 15:56:00
3967,64960,2204,risk_score_threshold,40,2026-02-26 17:07:13
3968,64961,722,foreign_country,45,2026-03-01 12:13:13
3969,64967,385,foreign_country,70,2026-03-07 14:22:59
3970,64972,681,high_amount;night_transaction;foreign_country,70,2026-03-23 04:24:16
3971,64983,251,night_transaction;foreign_country,40,2026-03-22 03:57:42
3972,64987,690,foreign_country,45,2026-02-21 11:34:03
3973,64994,665,risk_score_threshold,65,2026-05-29 15:08:57
3974,65025,2459,risk_score_threshold,65,2026-06-24 14:02:36
3975,65029,202,high_amount;foreign_country,90,2026-06-27 23:11:36
3976,65067,2506,high_amount;night_transaction;foreign_country,100,2026-01-15 02:56:19
3977,65101,966,high_amount;night_transaction;foreign_country,75,2026-05-07 05:38:19
3978,65105,1588,foreign_country,45,2026-01-06 10:29:03
3979,65116,3260,foreign_country,45,2026-01-12 18:31:27
3980,65173,3034,risk_score_threshold,40,2026-03-06 15:38:20
3981,65192,4616,foreign_country,45,2026-03-22 18:20:37
3982,65211,387,foreign_country,45,2026-06-29 10:36:07
3983,65217,2302,high_amount;night_transaction;foreign_country,100,2026-03-22 02:09:42
3984,65230,3841,high_amount;night_transaction;foreign_country,75,2026-05-09 00:01:40
3985,65237,3156,high_amount;night_transaction;foreign_country,85,2026-06-09 01:58:16
3986,65241,134,high_amount;foreign_country,65,2026-03-02 22:18:10
3987,65262,1105,night_transaction;foreign_country,45,2026-05-01 03:15:37
3988,65266,2894,risk_score_threshold,40,2026-03-05 21:03:30
3989,65298,3739,risk_score_threshold,65,2026-01-13 11:44:22
3990,65317,2012,high_amount;night_transaction;foreign_country,85,2026-01-06 01:47:18
3991,65332,257,risk_score_threshold,65,2026-03-13 15:20:47
3992,65339,3779,foreign_country,55,2026-06-18 16:45:55
3993,65343,2671,risk_score_threshold,60,2026-03-03 09:48:42
3994,65344,758,risk_score_threshold,50,2026-05-30 06:23:23
3995,65408,3119,foreign_country,45,2026-06-01 13:52:32
3996,65438,4923,foreign_country,45,2026-06-22 23:28:46
3997,65447,4565,high_amount;foreign_country,65,2026-06-16 22:53:01
3998,65458,1118,high_amount;night_transaction;foreign_country,85,2026-05-02 05:22:28
3999,65460,2788,risk_score_threshold,40,2026-05-29 18:31:12
4000,65466,4831,foreign_country,45,2026-03-05 14:18:31
4001,65489,1944,high_amount;night_transaction;foreign_country,100,2026-06-13 05:55:02
4002,65500,2646,foreign_country,45,2026-01-19 17:26:08
4003,65508,879,foreign_country,60,2026-01-17 12:02:41
4004,65510,1899,high_amount;foreign_country,90,2026-04-10 23:45:13
4005,65513,595,night_transaction;foreign_country,45,2026-03-27 03:07:24
4006,65530,933,foreign_country,45,2026-03-12 16:20:24
4007,65554,496,risk_score_threshold,40,2026-02-17 20:47:31
4008,65558,2563,risk_score_threshold,50,2026-04-02 23:30:09
4009,65560,3905,risk_score_threshold,65,2026-01-04 11:06:10
4010,65564,2079,risk_score_threshold,50,2026-05-31 07:19:28
4011,65567,430,risk_score_threshold,40,2026-02-27 21:36:09
4012,65572,2919,high_amount;foreign_country,50,2026-06-02 23:24:44
4013,65596,2407,high_amount;foreign_country,50,2026-04-17 22:57:55
4014,65610,1492,high_amount;foreign_country,50,2026-02-28 23:16:46
4015,65629,3358,foreign_country,45,2026-03-04 11:43:48
4016,65646,1135,risk_score_threshold,50,2026-03-06 14:03:33
4017,65652,339,foreign_country,85,2026-04-25 22:50:45
4018,65677,4146,risk_score_threshold,40,2026-01-22 11:08:57
4019,65678,1718,risk_score_threshold,65,2026-05-20 17:09:29
4020,65686,3043,risk_score_threshold,65,2026-03-23 12:50:51
4021,65691,2671,risk_score_threshold,60,2026-01-20 16:11:18
4022,65696,518,foreign_country,45,2026-03-21 16:28:31
4023,65725,2412,high_amount;foreign_country,100,2026-02-16 22:58:07
4024,65730,2042,risk_score_threshold,65,2026-02-05 20:46:36
4025,65736,4844,high_amount;night_transaction;foreign_country,75,2026-01-12 04:44:18
4026,65774,3398,foreign_country,85,2026-03-06 19:28:48
4027,65796,1821,high_amount;night_transaction;foreign_country,100,2026-06-18 03:08:01
4028,65800,600,high_amount;night_transaction;foreign_country,70,2026-06-08 01:37:03
4029,65804,276,foreign_country,45,2026-04-19 23:37:54
4030,65806,882,risk_score_threshold,40,2026-03-29 20:06:52
4031,65818,1306,foreign_country,85,2026-01-25 09:35:13
4032,65819,1284,risk_score_threshold,40,2026-05-30 22:22:10
4033,65831,2249,risk_score_threshold,40,2026-03-07 19:00:59
4034,65849,5000,foreign_country,45,2026-05-12 09:23:30
4035,65888,3668,risk_score_threshold,65,2026-01-07 18:55:15
4036,65892,790,foreign_country,45,2026-04-23 12:48:19
4037,65904,381,high_amount;foreign_country,65,2026-05-31 22:28:35
4038,65907,2591,risk_score_threshold,40,2026-05-29 19:31:26
4039,65916,495,foreign_country,45,2026-01-07 15:57:02
4040,65928,542,high_amount;night_transaction;foreign_country,85,2026-05-16 01:31:14
4041,65949,1315,high_amount;night_transaction;foreign_country,75,2026-02-26 00:25:16
4042,65966,2065,risk_score_threshold,50,2026-03-23 17:26:49
4043,65971,2042,risk_score_threshold,50,2026-06-13 08:28:22
4044,65976,3043,risk_score_threshold,65,2026-06-22 14:54:33
4045,66020,1294,night_transaction;foreign_country,45,2026-05-17 05:20:49
4046,66029,2873,risk_score_threshold,40,2026-01-11 14:36:43
4047,66031,2763,high_amount;night_transaction;foreign_country,70,2026-05-06 00:31:44
4048,66038,569,high_amount;night_transaction;foreign_country,60,2026-05-24 05:19:22
4049,66055,2305,risk_score_threshold,65,2026-04-18 14:52:48
4050,66088,3752,night_transaction;foreign_country,80,2026-04-28 01:57:25
4051,66107,665,risk_score_threshold,40,2026-01-20 13:44:29
4052,66133,356,foreign_country,45,2026-06-26 07:48:10
4053,66147,3559,risk_score_threshold,40,2026-01-18 09:27:55
4054,66157,2894,foreign_country,60,2026-01-13 09:46:49
4055,66168,2703,night_transaction;foreign_country,65,2026-03-15 00:38:17
4056,66245,2139,risk_score_threshold,40,2026-03-30 16:47:44
4057,66250,4312,high_amount;night_transaction;foreign_country,95,2026-02-07 01:49:59
4058,66259,3624,risk_score_threshold,40,2026-01-02 15:18:26
4059,66260,3673,foreign_country,45,2026-04-28 07:23:57
4060,66271,430,foreign_country,60,2026-02-07 10:41:19
4061,66277,665,risk_score_threshold,50,2026-06-23 07:33:54
4062,66292,2319,risk_score_threshold,50,2026-06-08 08:41:46
4063,66296,4637,high_amount;night_transaction;foreign_country,60,2026-03-10 04:42:35
4064,66303,1671,high_amount;foreign_country,100,2026-02-02 23:06:51
4065,66328,4946,risk_score_threshold,50,2026-02-21 08:43:10
4066,66346,4585,risk_score_threshold,40,2026-05-08 16:03:31
4067,66349,2710,foreign_country,45,2026-03-17 13:42:09
4068,66358,1303,risk_score_threshold,40,2026-05-21 07:57:39
4069,66380,528,foreign_country,55,2026-03-23 23:59:22
4070,66397,4711,high_amount;night_transaction;foreign_country,100,2026-01-18 02:37:37
4071,66430,3034,risk_score_threshold,65,2026-06-07 14:05:30
4072,66446,2599,foreign_country,55,2026-02-09 13:31:04
4073,66454,4077,high_amount;night_transaction;foreign_country,75,2026-05-31 03:04:55
4074,66468,1110,risk_score_threshold,40,2026-03-08 08:43:57
4075,66471,960,foreign_country,45,2026-05-09 07:21:22
4076,66550,932,risk_score_threshold,40,2026-04-27 10:07:01
4077,66558,3034,risk_score_threshold,40,2026-03-21 06:17:06
4078,66611,4111,risk_score_threshold,40,2026-05-29 22:33:02
4079,66628,3361,risk_score_threshold,75,2026-01-12 13:39:01
4080,66649,242,high_amount;foreign_country,75,2026-06-18 23:22:16
4081,66666,2834,foreign_country,45,2026-01-10 14:55:19
4082,66671,3318,foreign_country,60,2026-03-19 08:29:48
4083,66702,1355,foreign_country,45,2026-02-15 12:25:08
4084,66706,385,risk_score_threshold,50,2026-02-14 15:39:32
4085,66730,2729,high_amount;night_transaction;foreign_country,60,2026-05-28 00:08:38
4086,66737,975,foreign_country,45,2026-04-09 17:44:35
4087,66746,2062,foreign_country,45,2026-05-29 06:11:27
4088,66749,1955,high_amount;night_transaction;foreign_country,75,2026-06-01 04:10:41
4089,66773,1302,risk_score_threshold,40,2026-03-07 16:34:17
4090,66798,4020,high_amount;night_transaction;foreign_country,100,2026-06-27 05:16:27
4091,66809,4637,high_amount;night_transaction;foreign_country,60,2026-01-03 00:27:03
4092,66830,4628,risk_score_threshold,65,2026-01-08 21:34:13
4093,66837,254,risk_score_threshold,65,2026-02-26 17:43:43
4094,66857,3450,high_amount;foreign_country,60,2026-04-18 22:41:40
4095,66872,1687,high_amount;foreign_country,75,2026-01-15 23:24:26
4096,66879,2570,foreign_country,45,2026-05-26 10:06:23
4097,66934,3242,risk_score_threshold,40,2026-01-10 18:07:59
4098,66962,1590,high_amount;night_transaction;foreign_country,75,2026-03-08 04:22:31
4099,66991,554,risk_score_threshold,40,2026-01-11 09:40:47
4100,67007,2806,foreign_country,60,2026-05-08 08:15:53
4101,67013,2220,high_amount;night_transaction;foreign_country,70,2026-01-25 04:35:09
4102,67052,606,high_amount;foreign_country,90,2026-02-15 22:04:30
4103,67074,4119,risk_score_threshold,40,2026-01-09 13:47:44
4104,67076,690,foreign_country,45,2026-02-08 09:30:47
4105,67094,3047,foreign_country,45,2026-01-06 07:41:16
4106,67115,3330,high_amount;foreign_country,60,2026-01-15 23:48:17
4107,67130,4052,high_amount;night_transaction;foreign_country,75,2026-06-08 02:49:37
4108,67155,1048,high_amount;night_transaction;foreign_country,100,2026-04-14 02:48:08
4109,67172,3494,risk_score_threshold,50,2026-05-20 12:12:32
4110,67190,736,risk_score_threshold,40,2026-04-28 21:21:02
4111,67217,4863,foreign_country,45,2026-02-06 21:47:38
4112,67220,4111,risk_score_threshold,40,2026-03-06 15:21:03
4113,67222,257,risk_score_threshold,65,2026-01-13 07:26:54
4114,67223,2451,high_amount;night_transaction;foreign_country,85,2026-01-05 05:12:12
4115,67237,1191,foreign_country,45,2026-05-12 14:33:25
4116,67240,3035,high_amount;night_transaction;foreign_country,100,2026-06-22 05:50:40
4117,67257,104,foreign_country,55,2026-04-02 15:26:57
4118,67299,339,risk_score_threshold,40,2026-05-24 12:18:30
4119,67300,2107,risk_score_threshold,40,2026-03-23 20:12:16
4120,67331,4123,risk_score_threshold,65,2026-01-07 12:30:09
4121,67355,745,foreign_country,70,2026-02-14 20:45:10
4122,67356,4643,foreign_country,45,2026-04-13 10:09:21
4123,67357,3538,night_transaction;foreign_country,45,2026-06-15 04:36:18
4124,67363,2255,risk_score_threshold,40,2026-03-28 17:02:07
4125,67377,3789,high_amount;night_transaction;foreign_country,75,2026-04-24 05:29:15
4126,67387,2249,risk_score_threshold,50,2026-01-24 17:06:02
4127,67413,2671,risk_score_threshold,50,2026-06-28 23:33:54
4128,67430,4779,foreign_country,45,2026-01-22 12:26:38
4129,67441,4563,foreign_country,45,2026-06-03 06:18:33
4130,67445,2541,risk_score_threshold,40,2026-04-22 10:33:14
4131,67446,4422,risk_score_threshold,40,2026-05-26 11:18:48
4132,67451,4486,risk_score_threshold,40,2026-05-20 20:14:28
4133,67468,2305,foreign_country,60,2026-05-06 19:03:07
4134,67482,2204,foreign_country,85,2026-06-08 18:06:21
4135,67483,4332,high_amount;night_transaction;foreign_country,70,2026-06-02 02:44:33
4136,67500,3473,high_amount;night_transaction;foreign_country,85,2026-02-23 03:16:55
4137,67539,705,high_amount;night_transaction;foreign_country,75,2026-02-07 04:44:29
4138,67555,2773,risk_score_threshold,50,2026-04-07 18:50:56
4139,67559,101,foreign_country,45,2026-06-21 20:52:16
4140,67580,3789,high_amount;night_transaction;foreign_country,100,2026-01-05 01:50:47
4141,67585,3739,risk_score_threshold,40,2026-03-25 15:37:28
4142,67625,2625,high_amount;night_transaction;foreign_country,100,2026-01-28 05:01:43
4143,67632,3318,foreign_country,60,2026-06-29 19:41:21
4144,67648,430,risk_score_threshold,50,2026-06-04 09:32:24
4145,67659,4422,foreign_country,85,2026-06-20 18:31:18
4146,67662,1301,risk_score_threshold,40,2026-04-04 18:58:46
4147,67664,321,risk_score_threshold,40,2026-03-30 07:37:50
4148,67667,743,risk_score_threshold,65,2026-01-27 08:22:08
4149,67717,3257,foreign_country,45,2026-02-02 20:12:28
4150,67734,2424,high_amount;night_transaction;foreign_country,85,2026-05-21 04:54:58
4151,67767,1875,risk_score_threshold,50,2026-04-08 17:05:16
4152,67772,2823,high_amount;foreign_country,65,2026-01-05 22:47:59
4153,67778,3318,risk_score_threshold,40,2026-03-17 08:35:23
4154,67785,841,foreign_country,45,2026-01-31 19:00:03
4155,67807,1171,foreign_country,45,2026-04-20 15:44:48
4156,67816,1587,foreign_country,45,2026-06-19 15:32:55
4157,67818,1203,high_amount;night_transaction;foreign_country,75,2026-04-14 00:09:26
4158,67841,3431,risk_score_threshold,40,2026-04-30 11:42:03
4159,67844,4304,risk_score_threshold,65,2026-06-19 14:30:44
4160,67875,2750,risk_score_threshold,40,2026-03-14 11:15:54
4161,67889,4943,high_amount;night_transaction;foreign_country,100,2026-05-26 03:36:53
4162,67897,4663,risk_score_threshold,40,2026-01-24 09:32:02
4163,67917,251,risk_score_threshold,50,2026-02-07 21:25:31
4164,67922,1660,risk_score_threshold,40,2026-03-17 21:20:50
4165,67949,3696,risk_score_threshold,75,2026-05-18 06:54:21
4166,67963,1825,risk_score_threshold,50,2026-06-17 17:12:48
4167,67967,3668,risk_score_threshold,65,2026-03-03 12:46:38
4168,67982,1299,risk_score_threshold,50,2026-05-22 12:07:56
4169,67985,708,risk_score_threshold,40,2026-04-20 13:38:06
4170,67990,624,risk_score_threshold,65,2026-01-04 12:12:30
4171,68010,989,foreign_country,45,2026-01-18 20:51:34
4172,68019,4968,foreign_country,55,2026-06-16 12:43:48
4173,68026,4767,risk_score_threshold,40,2026-04-17 12:38:02
4174,68062,4111,high_amount;foreign_country,100,2026-05-07 23:29:12
4175,68066,3872,high_amount;night_transaction;foreign_country,85,2026-03-11 01:24:23
4176,68081,2305,risk_score_threshold,40,2026-06-03 11:03:19
4177,68086,2019,foreign_country,45,2026-06-24 20:22:45
4178,68118,4317,risk_score_threshold,50,2026-03-24 08:29:40
4179,68145,909,foreign_country,45,2026-04-27 06:42:32
4180,68159,3547,risk_score_threshold,65,2026-06-25 16:37:02
4181,68177,2287,high_amount;night_transaction;foreign_country,75,2026-04-30 02:02:22
4182,68203,3096,risk_score_threshold,65,2026-06-06 21:16:05
4183,68222,4276,risk_score_threshold,65,2026-04-19 10:50:57
4184,68254,2563,risk_score_threshold,40,2026-01-14 09:44:04
4185,68264,3565,risk_score_threshold,40,2026-06-18 17:27:12
4186,68280,1359,foreign_country,45,2026-04-21 08:48:55
4187,68290,3126,risk_score_threshold,40,2026-01-24 11:16:56
4188,68313,268,high_amount;night_transaction;foreign_country,60,2026-02-23 00:00:40
4189,68331,4276,risk_score_threshold,40,2026-04-21 14:50:24
4190,68341,1303,risk_score_threshold,50,2026-05-12 09:58:16
4191,68385,1571,foreign_country,45,2026-05-07 20:44:52
4192,68403,2029,high_amount;night_transaction;foreign_country,60,2026-02-11 00:26:20
4193,68413,3409,high_amount;foreign_country,65,2026-03-04 22:59:37
4194,68415,3387,foreign_country,85,2026-06-11 10:24:26
4195,68424,569,foreign_country,45,2026-04-30 22:55:23
4196,68436,924,foreign_country,55,2026-06-19 18:56:55
4197,68444,4422,risk_score_threshold,50,2026-06-10 16:42:29
4198,68446,2249,risk_score_threshold,50,2026-02-10 16:14:47
4199,68450,2556,foreign_country,85,2026-04-06 14:23:51
4200,68477,381,high_amount;night_transaction;foreign_country,60,2026-06-14 04:58:38
4201,68485,1857,foreign_country,45,2026-06-27 20:39:57
4202,68491,4585,risk_score_threshold,40,2026-01-31 08:21:37
4203,68507,3286,foreign_country,45,2026-06-26 18:12:49
4204,68510,3744,foreign_country,45,2026-05-21 21:28:52
4205,68516,713,foreign_country,45,2026-05-11 07:06:31
4206,68541,2204,risk_score_threshold,40,2026-02-24 22:39:36
4207,68605,3431,foreign_country,70,2026-05-26 18:26:30
4208,68608,1287,high_amount;night_transaction;foreign_country,75,2026-04-18 00:09:21
4209,68660,2921,high_amount;night_transaction;foreign_country,100,2026-02-22 03:59:24
4210,68667,422,night_transaction;foreign_country,70,2026-01-01 05:10:35
4211,68676,4152,risk_score_threshold,65,2026-05-06 22:19:30
4212,68682,1299,risk_score_threshold,40,2026-04-20 21:13:50
4213,68689,143,high_amount;night_transaction;foreign_country,95,2026-05-31 04:45:04
4214,68694,1380,high_amount;night_transaction;foreign_country,100,2026-06-18 03:35:43
4215,68700,4177,foreign_country,45,2026-04-07 10:44:16
4216,68703,2528,foreign_country,45,2026-01-24 07:38:24
4217,68735,3276,risk_score_threshold,75,2026-06-03 23:56:31
4218,68767,1302,risk_score_threshold,40,2026-02-25 11:49:04
4219,68771,4070,high_amount;night_transaction;foreign_country,75,2026-03-23 05:16:58
4220,68782,3405,foreign_country,60,2026-04-25 10:50:34
4221,68795,4623,risk_score_threshold,50,2026-01-02 21:35:04
4222,68801,141,foreign_country,40,2026-05-11 15:59:10
4223,68812,3016,high_amount;foreign_country,75,2026-03-23 22:20:29
4224,68814,2744,high_amount;night_transaction;foreign_country,75,2026-06-05 01:56:26
4225,68820,4318,foreign_country,45,2026-06-04 11:41:06
4226,68827,2963,high_amount;night_transaction;foreign_country,85,2026-05-24 00:30:59
4227,68850,665,foreign_country,70,2026-02-12 06:21:33
4228,68853,2585,risk_score_threshold,40,2026-05-30 11:12:48
4229,68854,3039,foreign_country,45,2026-04-21 09:20:11
4230,68860,3104,risk_score_threshold,50,2026-01-26 21:47:22
4231,68884,708,risk_score_threshold,40,2026-05-25 21:51:49
4232,68885,1309,risk_score_threshold,40,2026-04-17 11:04:15
4233,68933,2915,high_amount;night_transaction;foreign_country,85,2026-02-23 05:17:32
4234,68934,3104,risk_score_threshold,50,2026-03-26 17:39:01
4235,68954,2591,risk_score_threshold,40,2026-05-11 09:12:14
4236,68955,2673,foreign_country,45,2026-06-08 16:12:48
4237,68964,4276,risk_score_threshold,40,2026-04-17 18:39:43
4238,68970,2459,foreign_country,85,2026-04-16 16:51:26
4239,68984,1914,foreign_country,45,2026-05-21 20:17:48
4240,68985,3613,risk_score_threshold,40,2026-05-22 11:54:50
4241,69002,3608,high_amount;night_transaction;foreign_country,70,2026-06-27 00:51:51
4242,69005,397,risk_score_threshold,50,2026-01-16 20:01:55
4243,69015,2423,foreign_country,45,2026-03-25 08:03:41
4244,69079,1351,risk_score_threshold,40,2026-03-02 18:45:26
4245,69084,3543,high_amount;night_transaction;foreign_country,75,2026-01-25 02:34:14
4246,69142,2086,high_amount;night_transaction;foreign_country,75,2026-05-26 01:25:12
4247,69146,1228,risk_score_threshold,50,2026-06-13 14:29:21
4248,69191,289,night_transaction;foreign_country,55,2026-05-05 04:22:25
4249,69206,4867,foreign_country,45,2026-05-28 10:01:15
4250,69229,664,high_amount;night_transaction;foreign_country,100,2026-04-18 02:47:50
4251,69255,4103,risk_score_threshold,40,2026-06-03 23:49:03
4252,69284,3181,risk_score_threshold,65,2026-01-26 18:12:39
4253,69326,1017,foreign_country,55,2026-06-06 23:50:26
4254,69338,4858,high_amount;night_transaction;foreign_country,75,2026-01-07 02:07:06
4255,69342,2147,high_amount;night_transaction;foreign_country,85,2026-04-24 02:55:39
4256,69345,2674,foreign_country,45,2026-01-20 19:57:36
4257,69387,4650,foreign_country,45,2026-06-22 21:21:35
4258,69414,4779,risk_score_threshold,40,2026-06-22 16:08:26
4259,69418,4176,high_amount;night_transaction;foreign_country,85,2026-03-24 04:53:19
4260,69425,3696,risk_score_threshold,50,2026-03-15 16:48:43
4261,69429,4478,risk_score_threshold,40,2026-05-02 09:19:03
4262,69431,2325,foreign_country,70,2026-01-20 21:31:46
4263,69448,4478,risk_score_threshold,65,2026-03-31 14:29:50
4264,69449,4336,foreign_country,45,2026-05-06 20:53:29
4265,69456,1583,high_amount;night_transaction;foreign_country,100,2026-04-25 02:29:34
4266,69461,2249,risk_score_threshold,50,2026-01-15 07:18:56
4267,69490,736,risk_score_threshold,40,2026-03-08 19:19:05
4268,69491,3791,risk_score_threshold,50,2026-04-21 17:00:30
4269,69516,2695,risk_score_threshold,50,2026-04-22 19:12:57
4270,69556,4486,risk_score_threshold,50,2026-04-16 18:33:49
4271,69559,3431,risk_score_threshold,40,2026-01-26 14:14:44
4272,69580,1511,foreign_country,45,2026-04-26 22:15:50
4273,69604,4765,high_amount;foreign_country,65,2026-04-07 23:38:56
4274,69623,321,risk_score_threshold,40,2026-01-27 13:27:26
4275,69633,4689,high_amount;night_transaction;foreign_country,85,2026-01-27 04:10:57
4276,69650,457,high_amount;night_transaction;foreign_country,100,2026-04-27 03:57:07
4277,69658,692,high_amount;night_transaction;foreign_country,85,2026-05-08 02:20:10
4278,69696,4698,high_amount;night_transaction;foreign_country,100,2026-01-17 05:32:08
4279,69699,1306,risk_score_threshold,65,2026-01-18 21:34:43
4280,69704,1309,risk_score_threshold,40,2026-04-03 19:52:28
4281,69707,3547,risk_score_threshold,65,2026-03-04 09:49:17
4282,69741,4694,night_transaction;foreign_country,55,2026-05-10 04:20:24
4283,69761,4466,high_amount;night_transaction;foreign_country,60,2026-05-17 04:57:24
4284,69762,4123,risk_score_threshold,65,2026-04-17 23:52:30
4285,69766,1402,foreign_country,45,2026-03-21 21:55:01
4286,69773,3459,high_amount;night_transaction;foreign_country,85,2026-02-18 04:25:36
4287,69781,2391,foreign_country,45,2026-01-22 16:35:20
4288,69792,4779,foreign_country,60,2026-01-10 16:13:47
4289,69814,4276,risk_score_threshold,40,2026-01-06 06:27:41
4290,69817,2894,risk_score_threshold,40,2026-02-14 17:36:38
4291,69819,1522,risk_score_threshold,40,2026-04-04 11:47:14
4292,69845,1605,foreign_country,70,2026-01-30 11:38:00
4293,69872,4706,foreign_country,45,2026-03-23 13:56:23
4294,69874,1469,foreign_country,85,2026-03-01 17:56:30
4295,69898,3650,high_amount;night_transaction;foreign_country,85,2026-05-19 04:56:23
4296,69912,3703,foreign_country,60,2026-01-07 23:38:49
4297,69922,3263,foreign_country,45,2026-03-12 10:50:18
4298,69929,2031,foreign_country,60,2026-06-14 09:33:56
4299,69976,1843,high_amount;night_transaction;foreign_country,75,2026-06-26 01:04:29
4300,70002,663,high_amount;night_transaction;foreign_country,75,2026-05-21 05:17:06
4301,70004,86,risk_score_threshold,65,2026-03-12 06:22:36
4302,70035,4926,foreign_country,60,2026-03-15 08:15:40
4303,70039,1945,risk_score_threshold,50,2026-03-15 18:34:52
4304,70045,197,foreign_country,60,2026-04-12 06:52:09
4305,70051,4557,risk_score_threshold,50,2026-06-11 19:35:57
4306,70052,4020,risk_score_threshold,40,2026-04-04 17:23:51
4307,70059,1521,foreign_country,45,2026-05-26 19:30:24
4308,70064,2325,risk_score_threshold,65,2026-01-07 22:04:46
4309,70073,4722,high_amount;night_transaction;foreign_country,100,2026-04-08 03:13:29
4310,70074,2902,foreign_country,45,2026-04-30 10:26:31
4311,70098,3425,high_amount;foreign_country,60,2026-06-26 23:04:20
4312,70102,758,risk_score_threshold,50,2026-06-20 11:29:09
4313,70121,4875,foreign_country,45,2026-05-18 06:12:36
4314,70122,1851,foreign_country,45,2026-05-24 13:36:56
4315,70134,3231,high_amount;night_transaction;foreign_country,85,2026-06-12 05:18:44
4316,70147,46,high_amount;night_transaction;foreign_country,75,2026-02-20 01:31:28
4317,70166,3323,high_amount;night_transaction;foreign_country,75,2026-06-05 05:16:39
4318,70183,2381,risk_score_threshold,40,2026-01-14 18:57:41
4319,70195,2894,risk_score_threshold,40,2026-06-08 12:41:44
4320,70207,447,high_amount;foreign_country,75,2026-01-25 22:53:51
4321,70213,4149,foreign_country,40,2026-06-08 22:41:45
4322,70247,3165,risk_score_threshold,40,2026-04-08 07:28:07
4323,70254,1629,risk_score_threshold,50,2026-02-08 12:15:26
4324,70292,3096,risk_score_threshold,50,2026-06-23 23:21:22
4325,70309,1007,high_amount;night_transaction;foreign_country,85,2026-06-13 05:55:44
4326,70312,4935,foreign_country,45,2026-06-28 09:21:25
4327,70324,141,foreign_country,40,2026-03-01 16:38:34
4328,70330,3276,risk_score_threshold,60,2026-03-12 14:24:08
4329,70339,3157,foreign_country,45,2026-03-06 17:49:07
4330,70365,1372,high_amount;night_transaction;foreign_country,75,2026-02-13 02:02:07
4331,70410,2659,foreign_country,45,2026-03-01 19:38:58
4332,70454,3379,foreign_country,45,2026-04-25 17:18:29
4333,70483,2165,high_amount;foreign_country,60,2026-03-06 22:46:41
4334,70508,4304,foreign_country,60,2026-05-16 20:52:13
4335,70532,3721,foreign_country,45,2026-02-22 15:07:32
4336,70533,3873,high_amount;night_transaction;foreign_country,85,2026-02-25 02:36:39
4337,70536,4422,risk_score_threshold,50,2026-04-04 17:07:21
4338,70537,4815,foreign_country,45,2026-03-26 22:43:16
4339,70577,2680,foreign_country,45,2026-06-29 17:41:01
4340,70589,2237,foreign_country,40,2026-03-17 22:30:12
4341,70633,2036,foreign_country,45,2026-04-29 19:01:37
4342,70655,3671,high_amount;night_transaction;foreign_country,75,2026-01-01 02:17:14
4343,70658,2556,risk_score_threshold,40,2026-02-21 12:23:00
4344,70669,4041,risk_score_threshold,50,2026-06-19 11:56:28
4345,70697,4849,risk_score_threshold,50,2026-01-19 17:11:47
4346,70763,942,foreign_country,40,2026-06-24 08:18:49
4347,70767,1930,high_amount;night_transaction;foreign_country,100,2026-02-10 00:24:43
4348,70776,1459,high_amount;night_transaction;foreign_country,75,2026-05-09 03:29:11
4349,70780,1318,high_amount;night_transaction;foreign_country,60,2026-06-10 00:02:50
4350,70781,1933,foreign_country,45,2026-05-05 12:12:38
4351,70849,2007,risk_score_threshold,65,2026-03-05 15:52:03
4352,70871,479,high_amount;night_transaction;foreign_country,85,2026-03-02 02:26:49
4353,70917,267,foreign_country,45,2026-02-16 17:58:48
4354,70920,1309,risk_score_threshold,50,2026-05-28 13:46:31
4355,70934,2325,risk_score_threshold,40,2026-01-27 12:58:45
4356,70945,3840,night_transaction;foreign_country,55,2026-04-17 02:18:07
4357,70957,554,risk_score_threshold,65,2026-05-21 20:20:36
4358,70959,1178,risk_score_threshold,40,2026-05-06 19:52:44
4359,70975,1629,risk_score_threshold,40,2026-01-12 17:26:10
4360,70980,2307,high_amount;night_transaction;foreign_country,75,2026-05-02 02:02:51
4361,70988,4496,high_amount;night_transaction;foreign_country,100,2026-05-29 00:27:14
4362,70990,2268,foreign_country,70,2026-03-25 22:42:48
4363,70995,4020,high_amount;night_transaction;foreign_country,100,2026-01-22 00:27:41
4364,71025,1228,risk_score_threshold,65,2026-03-29 21:07:56
4365,71029,4756,risk_score_threshold,40,2026-03-31 10:52:38
4366,71047,4585,risk_score_threshold,40,2026-03-29 19:08:52
4367,71056,4268,risk_score_threshold,65,2026-04-19 18:09:38
4368,71061,2287,high_amount;night_transaction;foreign_country,100,2026-06-27 05:02:52
4369,71084,4228,foreign_country,85,2026-06-01 09:57:46
4370,71089,1437,risk_score_threshold,40,2026-04-21 16:04:29
4371,71165,1042,risk_score_threshold,40,2026-06-03 17:11:16
4372,71170,1474,night_transaction;foreign_country,55,2026-03-08 01:42:44
4373,71193,3974,risk_score_threshold,40,2026-01-30 11:03:59
4374,71212,3096,risk_score_threshold,40,2026-01-23 15:29:00
4375,71218,2306,foreign_country,45,2026-01-03 16:23:22
4376,71219,1245,foreign_country,45,2026-01-14 18:51:43
4377,71222,2737,foreign_country,45,2026-03-04 23:34:43
4378,71231,708,risk_score_threshold,40,2026-02-16 06:13:26
4379,71233,3659,high_amount;night_transaction;foreign_country,100,2026-03-24 00:55:29
4380,71239,4521,high_amount;foreign_country,90,2026-05-20 23:29:44
4381,71250,1522,risk_score_threshold,65,2026-01-20 11:20:06
4382,71257,3189,high_amount;night_transaction;foreign_country,75,2026-06-20 05:31:36
4383,71263,4767,foreign_country,70,2026-01-28 07:37:57
4384,71270,1930,night_transaction;foreign_country,55,2026-01-04 04:05:32
4385,71286,3011,risk_score_threshold,50,2026-01-16 19:41:33
4386,71338,962,foreign_country,45,2026-01-02 12:23:21
4387,71341,4067,foreign_country,45,2026-01-27 20:31:56
4388,71344,805,high_amount;night_transaction;foreign_country,85,2026-06-15 01:25:08
4389,71374,339,risk_score_threshold,65,2026-03-04 14:54:08
4390,71376,1567,foreign_country,45,2026-04-16 23:22:47
4391,71399,2281,foreign_country,45,2026-06-11 14:36:10
4392,71414,2254,foreign_country,45,2026-04-09 19:13:55
4393,71422,2894,risk_score_threshold,40,2026-01-18 19:47:56
4394,71463,3511,high_amount;foreign_country,60,2026-02-17 23:46:23
4395,71468,518,high_amount;night_transaction;foreign_country,85,2026-03-10 04:15:54
4396,71498,3467,foreign_country,45,2026-03-25 15:10:07
4397,71520,1047,high_amount;night_transaction;foreign_country,75,2026-01-13 01:39:09
4398,71521,493,risk_score_threshold,50,2026-03-19 09:06:52
4399,71570,2687,high_amount;foreign_country,65,2026-01-21 22:45:50
4400,71584,3657,risk_score_threshold,50,2026-05-29 12:13:37
4401,71592,1228,risk_score_threshold,40,2026-02-15 22:19:37
4402,71607,564,high_amount;foreign_country,65,2026-01-29 23:19:58
4403,71616,2695,risk_score_threshold,50,2026-01-24 11:22:51
4404,71633,2702,foreign_country,45,2026-01-06 14:57:09
4405,71646,339,foreign_country,70,2026-01-20 06:57:30
4406,71649,3668,risk_score_threshold,50,2026-03-02 07:15:57
4407,71656,2042,risk_score_threshold,40,2026-03-06 15:30:09
4408,71660,497,risk_score_threshold,40,2026-04-25 17:19:34
4409,71671,2699,foreign_country,45,2026-01-20 07:01:55
4410,71672,551,risk_score_threshold,65,2026-06-27 07:01:36
4411,71682,877,high_amount;night_transaction;foreign_country,85,2026-04-08 01:33:14
4412,71768,4928,risk_score_threshold,50,2026-02-23 13:14:53
4413,71785,898,foreign_country,45,2026-03-22 23:03:26
4414,71788,4166,risk_score_threshold,40,2026-05-22 12:36:48
4415,71820,3150,risk_score_threshold,40,2026-05-02 07:54:42
4416,71822,654,foreign_country,45,2026-01-03 17:39:29
4417,71826,2244,risk_score_threshold,40,2026-01-26 13:28:46
4418,71849,758,risk_score_threshold,40,2026-06-21 20:08:27
4419,71850,2806,risk_score_threshold,65,2026-02-19 11:03:05
4420,71869,385,risk_score_threshold,65,2026-05-25 12:36:00
4421,71884,987,night_transaction;foreign_country,55,2026-02-21 04:43:34
4422,71890,719,foreign_country,45,2026-02-14 06:44:27
4423,71897,4113,high_amount;foreign_country,65,2026-06-02 23:15:51
4424,71907,321,risk_score_threshold,65,2026-03-02 08:17:01
4425,71928,1178,risk_score_threshold,40,2026-02-15 16:08:11
4426,71980,385,risk_score_threshold,50,2026-05-10 08:37:38
4427,72039,3547,risk_score_threshold,40,2026-01-26 12:12:20
4428,72055,1388,foreign_country,40,2026-05-22 20:25:30
4429,72081,4628,risk_score_threshold,50,2026-02-03 18:10:46
4430,72118,1404,foreign_country,55,2026-06-19 21:25:01
4431,72119,882,risk_score_threshold,50,2026-01-19 19:21:45
4432,72127,3473,foreign_country,45,2026-02-01 09:35:32
4433,72191,4738,high_amount;night_transaction;foreign_country,100,2026-02-20 03:51:12
4434,72196,3146,risk_score_threshold,65,2026-04-02 15:06:38
4435,72257,4066,high_amount;night_transaction;foreign_country,85,2026-05-02 01:30:24
4436,72258,851,foreign_country,45,2026-05-19 06:01:36
4437,72271,4299,risk_score_threshold,50,2026-05-05 06:49:35
4438,72276,4152,risk_score_threshold,40,2026-06-20 22:24:44
4439,72279,4123,risk_score_threshold,65,2026-04-23 06:22:33
4440,72283,539,foreign_country,45,2026-05-12 08:47:54
4441,72293,4882,foreign_country,45,2026-03-16 20:13:25
4442,72317,3688,foreign_country,45,2026-06-18 12:49:09
4443,72357,2301,high_amount;night_transaction;foreign_country,100,2026-05-09 04:13:11
4444,72376,3819,foreign_country,45,2026-01-03 10:33:14
4445,72377,3905,risk_score_threshold,40,2026-01-10 06:26:39
4446,72403,1069,foreign_country,45,2026-06-26 06:08:50
4447,72423,4118,risk_score_threshold,50,2026-05-27 11:10:01
4448,72427,4959,high_amount;foreign_country,65,2026-04-07 23:37:48
4449,72428,3256,high_amount;night_transaction;foreign_country,60,2026-03-05 03:49:53
4450,72445,3703,risk_score_threshold,65,2026-06-01 15:44:41
4451,72453,2268,high_amount;night_transaction;foreign_country,95,2026-02-01 02:36:53
4452,72459,3375,high_amount;night_transaction;foreign_country,60,2026-05-21 02:23:06
4453,72511,4111,risk_score_threshold,40,2026-01-12 10:18:21
4454,72516,2344,foreign_country,45,2026-03-08 15:01:28
4455,72537,3043,risk_score_threshold,50,2026-02-20 06:41:19
4456,72565,665,foreign_country,85,2026-05-21 22:03:12
4457,72575,4884,foreign_country,45,2026-01-23 11:39:55
4458,72579,1042,foreign_country,60,2026-03-29 21:09:39
4459,72581,2894,risk_score_threshold,50,2026-03-05 10:52:21
4460,72584,3682,high_amount;night_transaction;foreign_country,75,2026-06-14 05:50:48
4461,72586,2042,risk_score_threshold,40,2026-02-14 10:53:37
4462,72598,2868,high_amount;foreign_country,50,2026-05-05 22:22:06
4463,72629,1469,risk_score_threshold,40,2026-02-20 10:08:06
4464,72635,743,risk_score_threshold,50,2026-02-14 23:45:33
4465,72646,2325,risk_score_threshold,40,2026-04-26 21:35:53
4466,72650,4313,high_amount;night_transaction;foreign_country,100,2026-02-14 02:58:59
4467,72663,2894,risk_score_threshold,50,2026-04-30 22:56:55
4468,72672,4995,high_amount;night_transaction;foreign_country,75,2026-04-16 04:30:21
4469,72694,1303,risk_score_threshold,50,2026-01-28 22:53:11
4470,72699,3221,high_amount;night_transaction;foreign_country,75,2026-03-26 05:11:44
4471,72705,624,risk_score_threshold,40,2026-02-12 23:33:30
4472,72718,1876,risk_score_threshold,50,2026-04-21 23:29:49
4473,72748,1662,foreign_country,45,2026-06-06 06:21:35
4474,72759,4789,foreign_country,45,2026-03-21 23:15:19
4475,72790,2218,high_amount;night_transaction;foreign_country,100,2026-06-03 02:27:02
4476,72803,2459,risk_score_threshold,40,2026-04-30 22:39:52
4477,72818,292,foreign_country,45,2026-02-07 22:11:50
4478,72831,4228,risk_score_threshold,50,2026-01-16 21:33:04
4479,72855,2771,high_amount;night_transaction;foreign_country,100,2026-06-03 02:20:55
4480,72857,3924,risk_score_threshold,50,2026-03-31 09:30:53
4481,72861,4317,risk_score_threshold,40,2026-06-23 15:30:49
4482,72881,2382,high_amount;night_transaction;foreign_country,75,2026-03-02 00:56:02
4483,72887,3492,foreign_country,45,2026-03-03 22:11:11
4484,72901,3017,foreign_country,55,2026-04-29 15:20:22
4485,72902,4228,risk_score_threshold,40,2026-06-04 17:40:25
4486,72911,4253,risk_score_threshold,50,2026-04-01 15:15:44
4487,72929,2935,foreign_country,45,2026-02-12 18:45:24
4488,72934,2412,risk_score_threshold,75,2026-01-04 11:18:16
4489,72939,4392,high_amount;night_transaction;foreign_country,100,2026-01-29 03:18:33
4490,72945,3739,risk_score_threshold,40,2026-05-13 18:31:43
4491,72947,2532,high_amount;night_transaction;foreign_country,70,2026-03-09 05:01:10
4492,73017,1104,risk_score_threshold,50,2026-06-08 12:28:55
4493,73019,558,foreign_country,45,2026-06-13 08:01:14
4494,73024,2843,foreign_country,45,2026-05-21 12:55:41
4495,73063,3259,high_amount;night_transaction;foreign_country,100,2026-04-23 03:18:29
4496,73069,624,risk_score_threshold,65,2026-04-29 17:04:41
4497,73070,2474,high_amount;night_transaction;foreign_country,85,2026-05-13 01:09:42
4498,73073,3791,risk_score_threshold,65,2026-06-25 17:55:55
4499,73090,2563,risk_score_threshold,40,2026-05-30 21:07:51
4500,73110,2914,high_amount;foreign_country,50,2026-01-06 23:40:21
4501,73131,1309,risk_score_threshold,40,2026-06-23 10:28:40
4502,73140,2381,risk_score_threshold,50,2026-01-19 09:55:00
4503,73151,3742,foreign_country,45,2026-03-14 11:17:13
4504,73153,3731,risk_score_threshold,40,2026-04-02 15:28:14
4505,73154,2618,high_amount;night_transaction;foreign_country,85,2026-04-30 00:55:09
4506,73160,4383,high_amount;night_transaction;foreign_country,75,2026-01-17 01:39:16
4507,73176,898,night_transaction;foreign_country,55,2026-01-19 00:52:11
4508,73194,1104,foreign_country,60,2026-01-24 07:40:01
4509,73195,4390,foreign_country,45,2026-02-18 17:05:49
4510,73197,832,high_amount;night_transaction;foreign_country,75,2026-03-21 00:01:08
4511,73199,3098,risk_score_threshold,50,2026-03-18 14:16:21
4512,73224,70,risk_score_threshold,75,2026-03-30 19:02:50
4513,73227,3814,foreign_country,45,2026-01-17 22:04:45
4514,73228,2427,high_amount;night_transaction;foreign_country,100,2026-04-11 01:46:27
4515,73234,2411,risk_score_threshold,65,2026-03-07 11:58:33
4516,73238,4927,high_amount;night_transaction;foreign_country,60,2026-06-02 03:06:32
4517,73247,4078,high_amount;foreign_country,90,2026-04-16 22:55:08
4518,73249,4230,risk_score_threshold,40,2026-06-21 12:19:40
4519,73262,2225,risk_score_threshold,40,2026-02-13 12:52:01
4520,73266,3811,high_amount;night_transaction;foreign_country,60,2026-05-06 02:33:10
4521,73289,2629,risk_score_threshold,40,2026-05-28 07:53:08
4522,73296,94,risk_score_threshold,40,2026-01-13 23:40:12
4523,73299,3613,risk_score_threshold,50,2026-03-04 12:33:09
4524,73319,3104,risk_score_threshold,40,2026-02-12 10:58:24
4525,73343,2244,risk_score_threshold,40,2026-01-15 22:02:35
4526,73344,68,high_amount;night_transaction;foreign_country,100,2026-03-05 00:25:49
4527,73346,3517,risk_score_threshold,50,2026-04-04 20:10:24
4528,73359,1038,high_amount;night_transaction;foreign_country,75,2026-02-08 01:04:49
4529,73373,3494,risk_score_threshold,40,2026-03-04 13:25:27
4530,73391,3002,risk_score_threshold,50,2026-02-20 17:19:15
4531,73411,493,risk_score_threshold,40,2026-05-09 22:00:42
4532,73438,3486,night_transaction;foreign_country,55,2026-05-05 01:25:46
4533,73441,339,foreign_country,85,2026-01-25 16:52:51
4534,73507,1228,risk_score_threshold,40,2026-06-20 22:00:29
4535,73521,321,risk_score_threshold,40,2026-01-10 18:30:20
4536,73538,246,foreign_country,40,2026-04-24 10:18:19
4537,73565,3349,foreign_country,45,2026-02-22 08:10:54
4538,73570,1881,risk_score_threshold,40,2026-02-07 09:05:07
4539,73579,1875,risk_score_threshold,50,2026-01-18 21:04:52
4540,73593,773,high_amount;night_transaction;foreign_country,60,2026-02-16 03:12:31
4541,73656,3645,foreign_country,45,2026-02-17 19:30:34
4542,73734,1153,foreign_country,45,2026-03-05 18:26:33
4543,73745,3476,risk_score_threshold,40,2026-01-04 20:04:03
4544,73780,2702,foreign_country,45,2026-02-07 16:05:25
4545,73822,1881,risk_score_threshold,65,2026-01-24 19:58:35
4546,73846,3790,foreign_country,45,2026-03-02 21:21:24
4547,73887,2107,risk_score_threshold,50,2026-04-19 13:26:55
4548,73893,1945,risk_score_threshold,60,2026-01-24 10:19:25
4549,73903,894,foreign_country,45,2026-06-23 22:38:37
4550,74020,544,foreign_country,40,2026-03-05 23:05:58
4551,74034,3389,risk_score_threshold,50,2026-02-05 13:47:59
4552,74046,3612,risk_score_threshold,40,2026-06-04 19:26:51
4553,74055,352,high_amount;night_transaction;foreign_country,75,2026-04-24 01:45:36
4554,74062,1128,risk_score_threshold,40,2026-04-30 14:13:12
4555,74073,4246,risk_score_threshold,65,2026-03-19 12:45:04
4556,74076,3043,risk_score_threshold,40,2026-06-23 20:46:27
4557,74086,497,risk_score_threshold,40,2026-05-30 22:26:18
4558,74099,3292,foreign_country,45,2026-06-09 14:13:33
4559,74112,2799,foreign_country,45,2026-03-18 17:57:00
4560,74113,2937,foreign_country,45,2026-04-12 09:48:30
4561,74134,2323,high_amount;foreign_country,75,2026-06-13 22:27:41
4562,74149,879,risk_score_threshold,40,2026-04-24 23:48:47
4563,74154,393,high_amount;night_transaction;foreign_country,75,2026-06-18 05:30:03
4564,74170,3860,risk_score_threshold,40,2026-05-20 18:09:30
4565,74175,1482,foreign_country,45,2026-03-04 17:48:25
4566,74176,1945,risk_score_threshold,60,2026-04-24 07:53:30
4567,74181,3150,high_amount;night_transaction;foreign_country,70,2026-04-02 03:02:58
4568,74185,440,foreign_country,45,2026-02-10 12:52:06
4569,74186,1629,risk_score_threshold,40,2026-06-11 18:01:11
4570,74216,758,risk_score_threshold,65,2026-05-04 06:46:11
4571,74226,2516,foreign_country,45,2026-02-06 20:32:58
4572,74250,4585,risk_score_threshold,65,2026-01-17 07:18:40
4573,74251,4396,risk_score_threshold,65,2026-04-11 12:51:44
4574,74274,4276,risk_score_threshold,65,2026-04-01 19:18:11
4575,74275,22,high_amount;foreign_country,100,2026-03-20 22:43:09
4576,74277,4246,risk_score_threshold,65,2026-06-22 14:44:44
4577,74283,1775,risk_score_threshold,40,2026-05-08 23:11:58
4578,74285,1301,risk_score_threshold,40,2026-05-15 17:21:14
4579,74287,2088,foreign_country,45,2026-05-13 11:57:16
4580,74303,1529,foreign_country,45,2026-01-16 14:55:54
4581,74310,849,risk_score_threshold,40,2026-01-22 16:20:16
4582,74331,3045,foreign_country,45,2026-04-11 17:10:14
4583,74342,3098,risk_score_threshold,50,2026-05-31 19:24:25
4584,74355,1876,risk_score_threshold,40,2026-01-16 18:35:04
4585,74357,1178,risk_score_threshold,40,2026-04-13 19:48:06
4586,74373,624,risk_score_threshold,50,2026-05-23 14:45:10
4587,74385,4254,high_amount;foreign_country,90,2026-01-04 23:50:32
4588,74406,2035,high_amount;foreign_country,65,2026-01-11 22:32:50
4589,74424,962,high_amount;night_transaction;foreign_country,75,2026-05-02 00:52:00
4590,74453,3130,foreign_country,70,2026-05-18 06:05:05
4591,74461,1969,high_amount;foreign_country,65,2026-01-05 23:53:22
4592,74462,262,foreign_country,45,2026-05-29 13:08:58
4593,74463,3002,high_amount;foreign_country,100,2026-02-16 23:35:28
4594,74464,1261,high_amount;foreign_country,75,2026-01-26 22:07:11
4595,74488,175,foreign_country,45,2026-05-17 09:19:18
4596,74492,4219,foreign_country,60,2026-06-25 12:54:45
4597,74518,2843,foreign_country,45,2026-01-11 23:24:36
4598,74520,4141,night_transaction;foreign_country,70,2026-04-04 02:22:55
4599,74521,2700,foreign_country,60,2026-06-16 12:21:22
4600,74524,3597,high_amount;foreign_country,90,2026-01-01 23:25:05
4601,74535,2154,foreign_country,45,2026-04-19 09:35:49
4602,74612,284,risk_score_threshold,40,2026-01-26 11:04:12
4603,74618,882,risk_score_threshold,50,2026-04-13 18:20:16
4604,74645,2269,foreign_country,45,2026-04-22 18:29:50
4605,74670,3698,high_amount;night_transaction;foreign_country,85,2026-03-11 01:17:55
4606,74672,3668,risk_score_threshold,40,2026-05-12 23:52:08
4607,74703,4385,risk_score_threshold,40,2026-02-06 06:56:38
4608,74711,3280,high_amount;night_transaction;foreign_country,85,2026-01-08 02:06:51
4609,74731,1930,risk_score_threshold,40,2026-04-17 12:30:45
4610,74737,1442,foreign_country,45,2026-01-08 22:46:09
4611,74757,2249,risk_score_threshold,50,2026-04-26 09:14:27
4612,74777,4663,risk_score_threshold,65,2026-03-21 23:03:07
4613,74782,3713,foreign_country,45,2026-01-25 22:56:02
4614,74788,3945,high_amount;night_transaction;foreign_country,100,2026-03-03 01:43:59
4615,74818,4557,foreign_country,45,2026-05-16 18:42:11
4616,74840,1135,risk_score_threshold,40,2026-04-08 16:46:07
4617,74871,595,high_amount;foreign_country,65,2026-04-25 23:59:10
4618,74886,3276,risk_score_threshold,75,2026-05-31 22:12:46
4619,74888,1605,risk_score_threshold,40,2026-01-06 06:56:17
4620,74928,328,high_amount;foreign_country,65,2026-03-29 22:36:49
4621,74935,4354,foreign_country,45,2026-03-10 16:23:38
4622,75044,4111,risk_score_threshold,40,2026-04-10 07:54:34
4623,75050,2806,risk_score_threshold,40,2026-01-02 08:23:12
4624,75054,4628,risk_score_threshold,65,2026-03-21 12:18:13
4625,75062,1544,high_amount;night_transaction;foreign_country,75,2026-01-27 05:18:28
4626,75070,4277,high_amount;night_transaction;foreign_country,60,2026-06-22 01:22:45
4627,75074,3492,foreign_country,45,2026-02-16 19:57:08
4628,75086,2381,risk_score_threshold,65,2026-01-17 17:28:34
4629,75095,931,risk_score_threshold,40,2026-01-21 13:04:45
4630,75098,1437,risk_score_threshold,65,2026-04-04 12:39:21
4631,75112,1715,risk_score_threshold,40,2026-06-15 20:01:37
4632,75119,3431,risk_score_threshold,50,2026-04-18 16:01:56
4633,75130,879,risk_score_threshold,40,2026-05-06 08:09:13
4634,75131,3202,high_amount;night_transaction;foreign_country,60,2026-06-19 05:57:09
4635,75140,3621,high_amount;night_transaction;foreign_country,75,2026-05-26 05:00:03
4636,75144,977,foreign_country,45,2026-01-31 22:57:09
4637,75153,2563,risk_score_threshold,40,2026-03-28 14:15:42
4638,75172,1594,foreign_country,45,2026-05-08 14:22:59
4639,75177,2808,risk_score_threshold,50,2026-02-26 23:29:11
4640,75191,1672,high_amount;night_transaction;foreign_country,100,2026-02-09 04:28:33
4641,75206,3818,risk_score_threshold,50,2026-06-13 10:35:42
4642,75212,4503,high_amount;night_transaction;foreign_country,85,2026-03-25 01:41:25
4643,75215,2042,risk_score_threshold,40,2026-03-08 23:26:53
4644,75222,2312,foreign_country,45,2026-04-03 12:07:59
4645,75244,2336,high_amount;night_transaction;foreign_country,85,2026-04-25 02:32:44
4646,75247,2256,foreign_country,45,2026-06-27 15:57:19
4647,75248,2079,risk_score_threshold,50,2026-04-01 16:46:19
4648,75251,4530,foreign_country,45,2026-02-25 15:10:44
4649,75253,4536,foreign_country,45,2026-03-24 08:53:43
4650,75256,3276,risk_score_threshold,60,2026-04-05 10:55:01
4651,75269,1510,foreign_country,45,2026-01-18 11:33:13
4652,75289,1250,foreign_country,45,2026-01-21 19:42:19
4653,75290,2766,foreign_country,45,2026-04-01 19:46:40
4654,75301,2648,foreign_country,45,2026-03-23 19:32:56
4655,75308,1660,risk_score_threshold,40,2026-01-28 16:09:21
4656,75312,4152,risk_score_threshold,50,2026-05-26 20:09:38
4657,75331,1306,night_transaction;foreign_country,95,2026-05-26 01:12:55
4658,75350,4902,foreign_country,70,2026-01-30 20:34:40
4659,75355,4626,foreign_country,45,2026-05-15 06:57:20
4660,75377,4007,foreign_country,45,2026-05-23 09:29:01
4661,75378,2319,risk_score_threshold,65,2026-01-18 15:41:57
4662,75388,2609,foreign_country,55,2026-04-02 06:08:39
4663,75398,3047,risk_score_threshold,40,2026-06-28 21:47:31
4664,75439,4629,high_amount;foreign_country,100,2026-05-12 22:58:13
4665,75466,4118,risk_score_threshold,40,2026-06-24 22:40:58
4666,75493,4540,foreign_country,85,2026-04-06 22:23:35
4667,75498,1684,foreign_country,45,2026-03-15 21:50:29
4668,75530,1875,risk_score_threshold,40,2026-02-22 18:32:51
4669,75533,852,foreign_country,40,2026-04-26 11:04:44
4670,75545,101,foreign_country,45,2026-03-02 17:30:55
4671,75567,1995,high_amount;foreign_country,60,2026-05-02 22:55:42
4672,75576,2105,foreign_country,45,2026-03-10 09:32:51
4673,75582,1284,risk_score_threshold,40,2026-06-11 08:45:14
4674,75600,4072,night_transaction;foreign_country,45,2026-05-23 05:18:54
4675,75602,3204,high_amount;night_transaction;foreign_country,75,2026-04-21 01:07:38
4676,75652,2042,risk_score_threshold,40,2026-01-28 21:38:52
4677,75663,219,high_amount;night_transaction;foreign_country,60,2026-06-14 04:54:06
4678,75716,1303,risk_score_threshold,40,2026-05-01 08:58:39
4679,75717,385,risk_score_threshold,50,2026-01-06 08:17:49
4680,75735,4422,foreign_country,60,2026-04-18 08:39:31
4681,75753,2271,night_transaction;foreign_country,40,2026-02-01 01:20:59
4682,75760,3342,high_amount;night_transaction;foreign_country,75,2026-02-02 03:08:17
4683,75777,195,risk_score_threshold,50,2026-01-07 23:13:03
4684,75783,4268,risk_score_threshold,40,2026-04-11 14:21:39
4685,75803,4929,risk_score_threshold,60,2026-05-25 07:58:26
4686,75825,4555,high_amount;night_transaction;foreign_country,85,2026-04-20 01:43:05
4687,75845,1487,foreign_country,45,2026-05-18 06:01:15
4688,75846,4118,risk_score_threshold,40,2026-04-23 06:37:02
4689,75856,4367,foreign_country,40,2026-03-18 18:35:50
4690,75864,197,foreign_country,70,2026-06-05 06:50:41
4691,75871,1154,risk_score_threshold,50,2026-05-01 11:17:36
4692,75882,1789,risk_score_threshold,65,2026-03-23 19:05:15
4693,75885,2603,risk_score_threshold,40,2026-02-20 16:00:21
4694,75907,1884,risk_score_threshold,65,2026-06-17 21:00:02
4695,75922,1934,high_amount;night_transaction;foreign_country,75,2026-05-13 02:25:52
4696,75943,1686,night_transaction;foreign_country,70,2026-01-21 01:37:52
4697,75944,3491,high_amount;night_transaction;foreign_country,60,2026-02-06 03:15:14
4698,75949,321,foreign_country,60,2026-01-06 21:18:09
4699,75951,447,foreign_country,45,2026-03-16 18:53:39
4700,75961,3299,foreign_country,45,2026-02-24 16:48:02
4701,75966,2247,foreign_country,45,2026-04-16 15:17:32
4702,75967,2332,high_amount;foreign_country,65,2026-04-21 23:35:22
4703,75988,3450,foreign_country,45,2026-06-14 08:41:03
4704,75993,257,risk_score_threshold,65,2026-05-25 17:43:40
4705,76054,4617,risk_score_threshold,50,2026-01-01 11:43:50
4706,76075,3657,risk_score_threshold,40,2026-06-03 16:23:25
4707,76096,2820,high_amount;foreign_country,65,2026-03-03 23:06:47
4708,76099,918,risk_score_threshold,65,2026-03-04 17:11:53
4709,76100,3547,risk_score_threshold,50,2026-04-09 09:51:24
4710,76123,130,foreign_country,45,2026-05-22 22:16:28
4711,76126,931,risk_score_threshold,65,2026-03-26 08:15:07
4712,76135,3358,foreign_country,45,2026-02-09 06:30:45
4713,76140,2773,risk_score_threshold,65,2026-06-21 15:55:01
4714,76144,2808,risk_score_threshold,65,2026-03-17 07:26:56
4715,76165,4705,risk_score_threshold,40,2026-03-20 22:02:35
4716,76169,2437,risk_score_threshold,40,2026-04-15 06:45:59
4717,76207,2070,foreign_country,45,2026-03-10 16:16:04
4718,76255,4086,high_amount;foreign_country,90,2026-05-30 23:50:34
4719,76260,1158,high_amount;night_transaction;foreign_country,75,2026-06-17 03:02:52
4720,76278,3809,risk_score_threshold,40,2026-02-18 09:27:36
4721,76289,842,high_amount;night_transaction;foreign_country,75,2026-01-27 05:39:03
4722,76294,195,risk_score_threshold,50,2026-03-02 12:56:28
4723,76301,2347,high_amount;foreign_country,90,2026-04-07 22:48:05
4724,76307,877,high_amount;foreign_country,65,2026-01-25 22:30:25
4725,76314,1881,risk_score_threshold,40,2026-04-09 17:50:41
4726,76326,1881,risk_score_threshold,40,2026-05-22 14:26:28
4727,76412,883,foreign_country,45,2026-01-30 07:42:17
4728,76420,4103,risk_score_threshold,40,2026-03-08 14:45:59
4729,76500,88,foreign_country,45,2026-04-27 09:35:43
4730,76509,4774,risk_score_threshold,40,2026-06-23 10:54:08
4731,76513,1595,foreign_country,45,2026-05-22 06:02:58
4732,76550,2684,risk_score_threshold,40,2026-03-12 18:24:33
4733,76551,4166,risk_score_threshold,65,2026-04-25 22:58:58
4734,76557,3275,risk_score_threshold,65,2026-03-20 09:55:17
4735,76577,3164,risk_score_threshold,40,2026-01-14 14:19:21
4736,76592,3426,high_amount;night_transaction;foreign_country,75,2026-05-13 02:18:51
4737,76609,2069,night_transaction;foreign_country,45,2026-03-17 01:20:19
4738,76621,32,foreign_country,45,2026-01-08 21:51:49
4739,76638,579,high_amount;night_transaction;foreign_country,75,2026-01-23 05:26:38
4740,76643,3408,high_amount;night_transaction;foreign_country,100,2026-04-26 04:39:15
4741,76655,2929,high_amount;foreign_country,90,2026-03-16 23:52:10
4742,76662,2695,risk_score_threshold,65,2026-04-08 09:51:57
4743,76673,2913,risk_score_threshold,40,2026-01-23 09:08:10
4744,76694,2244,night_transaction;foreign_country,85,2026-03-24 05:26:22
4745,76701,3579,high_amount;night_transaction;foreign_country,75,2026-05-23 00:16:23
4746,76710,4322,foreign_country,45,2026-05-03 17:35:56
4747,76745,350,foreign_country,55,2026-05-16 16:42:27
4748,76752,3034,risk_score_threshold,65,2026-03-31 07:44:23
4749,76756,509,foreign_country,45,2026-04-12 22:10:23
4750,76763,1676,foreign_country,45,2026-05-10 14:23:27
4751,76768,743,risk_score_threshold,50,2026-04-14 17:03:45
4752,76777,3269,foreign_country,45,2026-05-30 06:35:43
4753,76788,2992,high_amount;night_transaction;foreign_country,75,2026-01-02 04:19:39
4754,76799,497,foreign_country,85,2026-01-09 22:17:59
4755,76805,3161,high_amount;foreign_country,65,2026-06-07 23:31:09
4756,76842,3186,high_amount;night_transaction;foreign_country,60,2026-05-03 03:34:18
4757,76845,1588,night_transaction;foreign_country,45,2026-06-02 04:11:57
4758,76856,4928,risk_score_threshold,40,2026-01-06 14:20:19
4759,76860,4667,high_amount;foreign_country,50,2026-06-26 23:08:07
4760,76881,3096,risk_score_threshold,65,2026-02-06 17:39:54
4761,76885,2026,foreign_country,45,2026-02-26 21:51:41
4762,76886,3243,high_amount;night_transaction;foreign_country,75,2026-02-18 03:53:30
4763,76895,3565,risk_score_threshold,40,2026-06-05 18:55:35
4764,76898,2577,high_amount;night_transaction;foreign_country,60,2026-02-15 03:46:10
4765,76904,2526,high_amount;night_transaction;foreign_country,100,2026-03-06 01:34:40
4766,76928,1978,high_amount;night_transaction;foreign_country,100,2026-03-07 04:04:03
4767,76945,321,risk_score_threshold,40,2026-05-05 23:22:56
4768,76960,4663,risk_score_threshold,40,2026-05-14 20:33:36
4769,76975,1718,risk_score_threshold,40,2026-02-03 09:04:14
4770,76988,4152,risk_score_threshold,65,2026-01-20 20:44:55
4771,76995,2412,risk_score_threshold,60,2026-05-23 17:14:09
4772,77006,4253,risk_score_threshold,65,2026-03-31 10:15:46
4773,77010,430,risk_score_threshold,40,2026-03-28 10:17:45
4774,77011,2118,foreign_country,45,2026-03-01 10:40:44
4775,77018,3164,risk_score_threshold,50,2026-01-15 15:42:33
4776,77028,1301,risk_score_threshold,50,2026-01-14 17:48:35
4777,77055,1311,foreign_country,45,2026-05-27 18:00:04
4778,77068,3275,risk_score_threshold,40,2026-05-02 11:47:33
4779,77070,4282,foreign_country,45,2026-01-30 10:41:50
4780,77088,3822,high_amount;night_transaction;foreign_country,85,2026-01-29 03:21:12
4781,77120,385,risk_score_threshold,65,2026-03-23 16:45:22
4782,77134,3962,foreign_country,45,2026-02-16 15:24:00
4783,77141,3613,risk_score_threshold,65,2026-06-22 18:02:01
4784,77144,4304,risk_score_threshold,40,2026-03-02 20:58:19
4785,77157,1299,risk_score_threshold,50,2026-04-10 19:37:07
4786,77192,975,foreign_country,45,2026-04-21 18:51:09
4787,77197,14,high_amount;foreign_country,90,2026-05-20 23:15:03
4788,77202,3968,foreign_country,45,2026-01-13 10:24:25
4789,77245,2599,foreign_country,40,2026-01-09 10:22:28
4790,77260,1469,risk_score_threshold,40,2026-06-05 18:48:37
4791,77263,4176,high_amount;foreign_country,75,2026-02-17 23:32:37
4792,77276,3231,high_amount;night_transaction;foreign_country,75,2026-03-05 04:12:01
4793,77291,1865,high_amount;night_transaction;foreign_country,85,2026-04-01 02:29:06
4794,77294,3592,foreign_country,45,2026-06-23 11:15:15
4795,77329,713,risk_score_threshold,50,2026-06-09 06:09:55
4796,77345,1008,high_amount;night_transaction;foreign_country,60,2026-06-10 00:20:05
4797,77368,4119,risk_score_threshold,40,2026-02-16 22:33:24
4798,77382,2786,high_amount;night_transaction;foreign_country,75,2026-04-15 04:35:27
4799,77412,4317,risk_score_threshold,40,2026-01-23 10:50:32
4800,77418,1135,risk_score_threshold,40,2026-04-21 06:19:03
4801,77434,2079,risk_score_threshold,40,2026-02-11 20:22:48
4802,77439,1303,risk_score_threshold,40,2026-02-16 20:24:48
4803,77448,2970,high_amount;foreign_country,50,2026-01-25 23:55:09
4804,77522,2769,foreign_country,45,2026-01-12 11:08:31
4805,77525,537,high_amount;night_transaction;foreign_country,75,2026-03-08 00:59:12
4806,77637,3874,foreign_country,45,2026-03-07 07:41:13
4807,77638,2778,high_amount;night_transaction;foreign_country,75,2026-05-05 01:07:25
4808,77642,1920,foreign_country,70,2026-01-22 14:01:16
4809,77644,2204,risk_score_threshold,40,2026-05-28 18:33:14
4810,77654,2222,foreign_country,55,2026-01-28 20:53:01
4811,77699,2786,high_amount;foreign_country,65,2026-05-30 22:12:39
4812,77712,4623,risk_score_threshold,50,2026-05-04 10:23:57
4813,77729,3750,risk_score_threshold,65,2026-04-25 12:21:32
4814,77749,1566,foreign_country,45,2026-04-09 08:27:54
4815,77762,1937,foreign_country,45,2026-04-17 22:52:56
4816,77776,3494,risk_score_threshold,50,2026-04-18 08:49:21
4817,77800,2319,risk_score_threshold,50,2026-03-01 14:11:51
4818,77805,3275,risk_score_threshold,40,2026-03-11 19:47:16
4819,77812,2249,risk_score_threshold,50,2026-02-26 13:16:38
4820,77836,3974,foreign_country,60,2026-06-07 14:15:21
4821,77877,243,high_amount;night_transaction;foreign_country,75,2026-05-21 02:37:55
4822,77890,430,risk_score_threshold,40,2026-01-28 12:57:59
4823,77894,2225,risk_score_threshold,65,2026-02-27 23:12:58
4824,77898,3394,high_amount;foreign_country,90,2026-06-05 23:23:14
4825,77910,3448,foreign_country,45,2026-03-16 12:04:34
4826,77926,4756,risk_score_threshold,65,2026-01-23 21:32:27
4827,77941,1353,high_amount;foreign_country,65,2026-05-25 22:42:09
4828,77943,2253,high_amount;foreign_country,85,2026-02-06 22:52:58
4829,77961,4408,foreign_country,45,2026-01-05 23:52:24
4830,77962,68,high_amount;night_transaction;foreign_country,75,2026-04-04 02:54:21
4831,77974,4910,high_amount;night_transaction;foreign_country,75,2026-04-23 00:28:41
4832,77975,3547,risk_score_threshold,50,2026-05-23 14:32:23
4833,77996,1920,risk_score_threshold,40,2026-01-26 23:04:52
4834,78023,4108,foreign_country,45,2026-01-10 09:32:54
4835,78036,1469,risk_score_threshold,65,2026-06-11 20:08:39
4836,78044,4276,foreign_country,60,2026-02-19 08:04:02
4837,78060,257,risk_score_threshold,50,2026-05-16 16:56:20
4838,78074,533,foreign_country,55,2026-03-15 21:05:48
4839,78124,635,high_amount;night_transaction;foreign_country,75,2026-06-06 00:46:56
4840,78135,4304,high_amount;foreign_country,100,2026-06-18 23:29:52
4841,78163,4849,foreign_country,60,2026-02-06 08:19:21
4842,78165,931,risk_score_threshold,65,2026-01-18 11:45:51
4843,78174,2437,risk_score_threshold,40,2026-04-07 08:02:55
4844,78181,3616,foreign_country,45,2026-01-29 13:15:49
4845,78193,3790,high_amount;foreign_country,65,2026-05-01 22:31:55
4846,78211,1945,risk_score_threshold,75,2026-05-06 13:37:15
4847,78238,2459,risk_score_threshold,50,2026-01-19 21:05:41
4848,78241,1431,foreign_country,45,2026-04-29 13:44:47
4849,78252,3809,foreign_country,85,2026-02-19 12:46:12
4850,78253,3773,high_amount;foreign_country,75,2026-04-24 22:02:00
4851,78263,2211,high_amount;night_transaction;foreign_country,75,2026-05-31 02:49:36
4852,78274,1936,high_amount;night_transaction;foreign_country,100,2026-01-19 04:45:29
4853,78277,3518,high_amount;night_transaction;foreign_country,60,2026-06-23 05:36:33
4854,78334,2107,risk_score_threshold,50,2026-06-17 21:40:48
4855,78344,1715,foreign_country,60,2026-06-25 21:59:14
4856,78367,1128,foreign_country,60,2026-02-11 16:59:24
4857,78371,3242,foreign_country,70,2026-02-12 14:11:16
4858,78374,2861,foreign_country,40,2026-04-08 20:13:52
4859,78384,2343,high_amount;night_transaction;foreign_country,100,2026-06-24 05:17:13
4860,78420,2849,high_amount;night_transaction;foreign_country,60,2026-02-05 01:32:27
4861,78469,3327,foreign_country,45,2026-02-09 17:17:26
4862,78474,3130,risk_score_threshold,40,2026-06-07 13:29:28
4863,78497,2773,risk_score_threshold,50,2026-04-09 20:30:16
4864,78502,4903,high_amount;night_transaction;foreign_country,75,2026-03-11 04:33:46
4865,78511,2503,high_amount;night_transaction;foreign_country,85,2026-05-11 03:34:03
4866,78514,3661,high_amount;night_transaction;foreign_country,75,2026-02-24 03:31:36
4867,78523,2024,foreign_country,45,2026-06-02 11:52:07
4868,78543,4767,risk_score_threshold,65,2026-06-10 12:02:35
4869,78558,3494,risk_score_threshold,40,2026-02-18 22:00:44
4870,78562,2432,foreign_country,45,2026-04-16 12:32:08
4871,78566,1299,risk_score_threshold,40,2026-04-25 13:24:59
4872,78582,1672,foreign_country,45,2026-01-09 14:40:15
4873,78584,4146,risk_score_threshold,50,2026-01-31 22:47:35
4874,78586,931,risk_score_threshold,65,2026-01-22 09:39:15
4875,78590,841,high_amount;night_transaction;foreign_country,75,2026-06-23 01:49:43
4876,78626,30,foreign_country,45,2026-05-20 09:25:57
4877,78636,3668,risk_score_threshold,40,2026-03-16 09:01:30
4878,78654,1273,high_amount;foreign_country,90,2026-04-01 23:02:56
4879,78683,2411,risk_score_threshold,40,2026-05-26 12:35:03
4880,78685,2244,risk_score_threshold,50,2026-02-04 11:51:00
4881,78690,1762,foreign_country,45,2026-06-03 20:28:47
4882,78692,4606,high_amount;foreign_country,65,2026-05-02 22:53:47
4883,78699,4832,high_amount;foreign_country,65,2026-02-06 22:00:14
4884,78733,4701,high_amount;night_transaction;foreign_country,85,2026-06-02 03:56:09
4885,78738,4161,foreign_country,45,2026-03-02 10:39:21
4886,78755,3536,risk_score_threshold,40,2026-01-26 11:21:39
4887,78787,489,foreign_country,45,2026-02-20 09:11:38
4888,78796,4381,foreign_country,40,2026-01-22 22:32:00
4889,78811,1715,risk_score_threshold,40,2026-06-06 10:31:56
4890,78815,4926,risk_score_threshold,40,2026-04-26 06:17:22
4891,78822,3711,high_amount;night_transaction;foreign_country,75,2026-04-30 04:33:26
4892,78862,4774,risk_score_threshold,40,2026-02-20 14:29:28
4893,78891,3972,high_amount;night_transaction;foreign_country,75,2026-05-13 05:12:09
4894,78903,4230,foreign_country,60,2026-03-11 11:32:54
4895,78905,3974,risk_score_threshold,40,2026-03-09 18:07:03
4896,78921,2212,foreign_country,45,2026-05-22 12:10:00
4897,78936,3180,foreign_country,45,2026-03-27 07:42:30
4898,78940,604,foreign_country,45,2026-01-10 12:01:39
4899,78952,1250,high_amount;night_transaction;foreign_country,85,2026-01-12 03:11:57
4900,78964,1224,high_amount;foreign_country,65,2026-01-05 22:12:56
4901,78966,1863,foreign_country,45,2026-03-24 10:30:14
4902,79022,2630,foreign_country,45,2026-05-14 23:04:01
4903,79041,1309,risk_score_threshold,40,2026-01-09 18:32:53
4904,79051,4928,risk_score_threshold,50,2026-03-12 18:46:59
4905,79115,2771,foreign_country,45,2026-01-24 07:11:49
4906,79123,4045,high_amount;foreign_country,65,2026-02-27 22:02:01
4907,79133,3371,risk_score_threshold,40,2026-04-01 15:22:54
4908,79157,2493,foreign_country,45,2026-02-21 10:40:15
4909,79185,4486,foreign_country,60,2026-03-12 06:46:34
4910,79187,4435,foreign_country,45,2026-06-24 16:20:07
4911,79199,4767,risk_score_threshold,40,2026-05-22 11:50:06
4912,79209,2751,foreign_country,45,2026-04-10 23:37:43
4913,79244,1994,foreign_country,45,2026-05-25 14:10:58
4914,79255,3516,high_amount;night_transaction;foreign_country,60,2026-02-17 00:22:38
4915,79350,411,high_amount;night_transaction;foreign_country,75,2026-04-18 00:36:16
4916,79352,4486,foreign_country,85,2026-05-07 22:09:23
4917,79390,955,foreign_country,45,2026-01-03 21:51:30
4918,79404,4486,risk_score_threshold,40,2026-04-24 23:52:05
4919,79425,1579,night_transaction;foreign_country,70,2026-04-16 03:43:47
4920,79428,2318,high_amount;night_transaction;foreign_country,85,2026-02-08 03:36:46
4921,79437,2244,risk_score_threshold,40,2026-04-18 11:34:46
4922,79472,1945,risk_score_threshold,50,2026-05-25 12:10:26
4923,79476,4628,risk_score_threshold,65,2026-04-21 16:26:21
4924,79484,4902,risk_score_threshold,40,2026-04-01 14:53:57
4925,79491,1876,risk_score_threshold,40,2026-02-19 13:04:19
4926,79525,1284,risk_score_threshold,50,2026-05-19 10:45:32
4927,79533,4299,risk_score_threshold,40,2026-02-06 06:29:37
4928,79538,3964,risk_score_threshold,50,2026-01-13 09:58:01
4929,79539,2333,high_amount;night_transaction;foreign_country,100,2026-05-17 01:40:00
4930,79552,1380,risk_score_threshold,50,2026-01-13 19:16:56
4931,79563,22,foreign_country,55,2026-02-25 21:36:29
4932,79569,2773,risk_score_threshold,50,2026-04-12 09:13:24
4933,79618,2750,risk_score_threshold,40,2026-05-01 18:16:17
4934,79641,1329,high_amount;night_transaction;foreign_country,85,2026-05-15 05:25:22
4935,79649,3164,risk_score_threshold,40,2026-02-12 17:34:53
4936,79657,1377,high_amount;night_transaction;foreign_country,75,2026-01-20 05:52:39
4937,79658,4928,risk_score_threshold,40,2026-06-03 10:28:09
4938,79667,1672,risk_score_threshold,65,2026-03-21 20:15:54
4939,79742,2556,risk_score_threshold,40,2026-05-12 07:09:28
4940,79754,3905,risk_score_threshold,50,2026-04-02 23:29:30
4941,79794,3098,risk_score_threshold,40,2026-05-18 11:08:16
4942,79837,1135,foreign_country,70,2026-04-29 21:36:37
4943,79876,2247,foreign_country,45,2026-03-31 06:31:03
4944,79912,2822,foreign_country,40,2026-05-08 23:35:38
4945,79983,3242,risk_score_threshold,40,2026-01-31 20:19:59
4946,79984,4237,foreign_country,45,2026-05-20 21:15:27
4947,79988,910,foreign_country,45,2026-01-13 20:37:23
4948,80003,3703,risk_score_threshold,50,2026-06-24 09:36:55
4949,80007,3387,risk_score_threshold,50,2026-05-06 23:14:19
4950,80015,3371,risk_score_threshold,40,2026-01-03 08:24:31
4951,80017,4422,risk_score_threshold,50,2026-03-21 23:02:51
4952,80025,457,risk_score_threshold,65,2026-03-04 22:44:17
4953,80032,2118,high_amount;night_transaction;foreign_country,100,2026-03-07 02:46:58
4954,80047,1945,risk_score_threshold,50,2026-04-08 07:13:28
4955,80048,2609,foreign_country,55,2026-06-02 21:04:38
4956,80076,849,risk_score_threshold,40,2026-04-16 15:47:29
4957,80093,665,risk_score_threshold,40,2026-02-12 14:46:53
4958,80109,4926,risk_score_threshold,50,2026-02-18 22:12:37
4959,80112,1875,risk_score_threshold,65,2026-02-06 17:02:29
4960,80122,3254,high_amount;night_transaction;foreign_country,100,2026-03-20 02:02:45
4961,80129,864,foreign_country,45,2026-04-11 11:14:02
4962,80130,3247,foreign_country,45,2026-05-20 15:12:02
4963,80153,1338,high_amount;foreign_country,65,2026-02-26 22:43:51
4964,80163,1388,high_amount;foreign_country,85,2026-03-20 23:27:25
4965,80223,4041,risk_score_threshold,40,2026-06-27 15:35:46
4966,80238,4274,high_amount;foreign_country,75,2026-04-28 23:10:58
4967,80239,3431,risk_score_threshold,40,2026-02-14 22:56:12
4968,80243,665,risk_score_threshold,40,2026-05-16 11:25:55
4969,80270,1544,risk_score_threshold,65,2026-06-19 06:51:09
4970,80281,4642,foreign_country,45,2026-06-11 16:23:19
4971,80288,196,high_amount;night_transaction;foreign_country,100,2026-06-18 01:03:47
4972,80294,2528,foreign_country,45,2026-05-19 19:43:01
4973,80313,1773,foreign_country,40,2026-02-11 07:13:38
4974,80326,2364,high_amount;night_transaction;foreign_country,70,2026-03-02 04:47:01
4975,80338,3726,foreign_country,45,2026-02-20 14:20:43
4976,80378,3071,high_amount;foreign_country,65,2026-04-10 22:26:52
4977,80390,1537,high_amount;night_transaction;foreign_country,85,2026-06-21 04:51:06
4978,80391,2563,risk_score_threshold,65,2026-03-08 20:57:28
4979,80413,247,high_amount;foreign_country,90,2026-02-15 23:42:51
4980,80425,169,high_amount;night_transaction;foreign_country,75,2026-04-30 00:04:22
4981,80436,1763,high_amount;night_transaction;foreign_country,70,2026-02-17 03:18:00
4982,80439,1298,high_amount;foreign_country,50,2026-01-06 23:08:24
4983,80488,2109,foreign_country,45,2026-03-30 13:33:31
4984,80515,4623,risk_score_threshold,40,2026-02-11 08:59:49
4985,80555,3096,risk_score_threshold,50,2026-02-08 09:28:02
4986,80597,3387,risk_score_threshold,40,2026-06-25 16:13:33
4987,80628,3860,risk_score_threshold,40,2026-06-15 13:22:35
4988,80629,4119,risk_score_threshold,65,2026-04-15 14:02:19
4989,80632,3700,foreign_country,45,2026-04-19 17:06:54
4990,80680,4275,foreign_country,45,2026-04-25 16:03:21
4991,80732,2319,risk_score_threshold,50,2026-03-14 11:08:38
4992,80743,3130,foreign_country,85,2026-05-21 18:23:20
4993,80744,459,risk_score_threshold,65,2026-04-11 19:49:58
4994,80752,2079,risk_score_threshold,40,2026-06-15 18:43:38
4995,80755,1660,risk_score_threshold,50,2026-02-15 07:37:00
4996,80759,2684,risk_score_threshold,50,2026-05-31 22:47:16
4997,80771,3517,risk_score_threshold,50,2026-06-20 18:38:08
4998,80778,958,risk_score_threshold,40,2026-06-13 12:20:06
4999,80787,1012,risk_score_threshold,40,2026-03-22 10:19:35
5000,80824,1126,foreign_country,40,2026-02-18 22:06:22
5001,80838,3963,night_transaction;foreign_country,45,2026-05-20 05:37:25
5002,80892,3686,foreign_country,55,2026-05-03 17:59:05
5003,80901,1876,risk_score_threshold,40,2026-04-14 06:55:52
5004,80912,3951,night_transaction;foreign_country,70,2026-05-18 00:17:55
5005,80927,3146,risk_score_threshold,40,2026-02-09 10:11:53
5006,80967,879,risk_score_threshold,40,2026-03-26 08:01:17
5007,80975,1715,risk_score_threshold,40,2026-04-27 12:10:04
5008,80978,3405,risk_score_threshold,50,2026-02-18 14:31:00
5009,80986,3019,foreign_country,45,2026-05-28 12:32:03
5010,80988,3164,risk_score_threshold,50,2026-03-13 07:29:42
5011,80999,4844,high_amount;night_transaction;foreign_country,100,2026-04-30 05:55:46
5012,81000,376,foreign_country,40,2026-04-12 17:09:28
5013,81014,3642,risk_score_threshold,65,2026-03-05 19:18:05
5014,81021,2107,risk_score_threshold,40,2026-01-01 15:56:42
5015,81054,4656,foreign_country,45,2026-03-09 11:10:25
5016,81076,919,high_amount;foreign_country,90,2026-06-17 23:27:53
5017,81109,2749,foreign_country,45,2026-01-22 18:43:14
5018,81133,2773,foreign_country,70,2026-03-10 17:05:48
5019,81162,1601,high_amount;night_transaction;foreign_country,75,2026-05-08 05:27:55
5020,81177,2381,risk_score_threshold,40,2026-03-22 07:12:21
5021,81192,2064,high_amount;foreign_country,65,2026-05-05 23:14:40
5022,81193,1605,risk_score_threshold,65,2026-01-31 06:05:16
5023,81195,3181,risk_score_threshold,40,2026-06-16 20:03:04
5024,81198,2859,foreign_country,40,2026-03-24 21:06:15
5025,81227,3334,high_amount;night_transaction;foreign_country,85,2026-02-26 02:16:10
5026,81235,2695,risk_score_threshold,40,2026-04-22 09:53:54
5027,81253,1178,risk_score_threshold,50,2026-01-22 07:51:50
5028,81255,2681,foreign_country,45,2026-03-30 22:33:14
5029,81256,3282,night_transaction;foreign_country,45,2026-02-17 04:01:30
5030,81262,3126,risk_score_threshold,40,2026-01-07 15:31:09
5031,81272,2563,risk_score_threshold,40,2026-04-09 08:28:02
5032,81284,4449,risk_score_threshold,40,2026-04-19 23:37:51
5033,81290,263,foreign_country,45,2026-02-24 06:58:29
5034,81291,2237,high_amount;night_transaction;foreign_country,85,2026-01-07 00:49:37
5035,81317,893,foreign_country,45,2026-03-14 12:25:41
5036,81325,3398,risk_score_threshold,40,2026-04-15 13:33:23
5037,81341,3146,risk_score_threshold,40,2026-01-03 08:29:20
5038,81348,1322,foreign_country,45,2026-05-20 20:09:06
5039,81351,3010,high_amount;night_transaction;foreign_country,75,2026-02-09 00:29:21
5040,81357,1303,risk_score_threshold,40,2026-03-05 06:44:43
5041,81358,4161,foreign_country,45,2026-01-31 20:37:19
5042,81378,86,risk_score_threshold,40,2026-04-05 08:24:12
5043,81383,3485,foreign_country,45,2026-06-09 09:29:17
5044,81387,1428,high_amount;night_transaction;foreign_country,85,2026-02-02 02:58:19
5045,81430,3449,foreign_country,45,2026-02-11 10:32:13
5046,81452,1296,high_amount;night_transaction;foreign_country,85,2026-03-19 01:39:09
5047,81455,4119,risk_score_threshold,40,2026-03-23 16:33:19
5048,81458,758,risk_score_threshold,65,2026-03-23 09:42:00
5049,81459,764,foreign_country,45,2026-02-12 16:57:51
5050,81522,745,risk_score_threshold,65,2026-05-08 19:04:27
5051,81539,1747,high_amount;night_transaction;foreign_country,85,2026-05-03 00:32:24
5052,81548,3116,foreign_country,45,2026-03-03 13:18:37
5053,81553,1487,high_amount;foreign_country,65,2026-02-10 22:44:56
5054,81578,493,risk_score_threshold,40,2026-01-28 07:13:08
5055,81608,1091,foreign_country,45,2026-04-06 23:56:09
5056,81625,4396,risk_score_threshold,40,2026-05-19 16:00:20
5057,81631,1705,high_amount;night_transaction;foreign_country,75,2026-02-26 02:04:03
5058,81655,1139,high_amount;night_transaction;foreign_country,75,2026-02-04 00:27:24
5059,81656,230,foreign_country,45,2026-05-13 06:06:55
5060,81674,919,foreign_country,45,2026-05-01 21:36:53
5061,81691,3668,risk_score_threshold,40,2026-03-23 19:47:11
5062,81737,3964,risk_score_threshold,40,2026-06-19 21:55:18
5063,81754,4526,high_amount;night_transaction;foreign_country,75,2026-01-10 04:17:52
5064,81840,623,high_amount;night_transaction;foreign_country,75,2026-01-19 03:09:55
5065,81852,2341,foreign_country,45,2026-04-29 19:14:34
5066,81854,4034,foreign_country,45,2026-06-11 13:17:32
5067,81884,2124,foreign_country,45,2026-02-06 15:50:33
5068,81893,4119,risk_score_threshold,40,2026-01-16 12:19:57
5069,81895,3150,risk_score_threshold,50,2026-05-30 14:33:59
5070,81917,1192,high_amount;foreign_country,90,2026-05-13 22:34:55
5071,81953,2222,foreign_country,40,2026-01-27 06:19:36
5072,81957,1067,high_amount;night_transaction;foreign_country,60,2026-02-07 03:07:19
5073,81980,3293,high_amount;night_transaction;foreign_country,85,2026-01-07 00:25:27
5074,81983,1191,high_amount;night_transaction;foreign_country,75,2026-04-14 04:41:55
5075,81991,3269,night_transaction;foreign_country,45,2026-05-08 03:03:42
5076,81996,2325,risk_score_threshold,40,2026-05-14 23:10:25
5077,82013,2411,risk_score_threshold,40,2026-04-08 13:13:13
5078,82035,3605,foreign_country,45,2026-01-18 08:53:04
5079,82040,257,risk_score_threshold,65,2026-04-29 17:18:07
5080,82050,2643,risk_score_threshold,40,2026-02-25 23:27:07
5081,82062,1695,foreign_country,45,2026-06-08 19:18:56
5082,82089,3050,high_amount;night_transaction;foreign_country,75,2026-01-05 01:29:28
5083,82096,1284,risk_score_threshold,40,2026-04-30 15:12:49
5084,82142,1876,risk_score_threshold,65,2026-06-28 11:37:06
5085,82149,4820,high_amount;night_transaction;foreign_country,60,2026-04-19 04:06:46
5086,82191,4811,foreign_country,45,2026-06-02 07:07:23
5087,82197,217,risk_score_threshold,50,2026-06-08 18:54:07
5088,82207,4599,high_amount;foreign_country,65,2026-03-29 23:32:21
5089,82239,3385,foreign_country,45,2026-01-07 09:27:11
5090,82249,4858,high_amount;foreign_country,90,2026-06-03 23:24:28
5091,82263,2244,foreign_country,60,2026-05-27 23:55:04
5092,82290,2249,risk_score_threshold,50,2026-05-20 08:28:23
5093,82316,3905,risk_score_threshold,40,2026-01-07 08:59:50
5094,82329,4460,foreign_country,45,2026-04-21 17:05:04
5095,82333,1234,foreign_country,45,2026-04-10 22:31:34
5096,82337,1157,foreign_country,45,2026-02-12 19:11:41
5097,82356,453,high_amount;night_transaction;foreign_country,60,2026-03-21 00:30:28
5098,82364,2042,risk_score_threshold,40,2026-04-13 13:19:38
5099,82369,2298,night_transaction;foreign_country,65,2026-01-25 02:52:55
5100,82370,3239,high_amount;night_transaction;foreign_country,75,2026-01-02 01:47:24
5101,82380,4698,foreign_country,45,2026-04-25 13:16:54
5102,82395,2331,foreign_country,45,2026-02-04 11:58:07
5103,82405,1220,foreign_country,45,2026-06-12 07:50:09
5104,82410,4774,risk_score_threshold,40,2026-03-20 13:35:34
5105,82413,13,foreign_country,45,2026-02-25 19:28:20
5106,82424,430,risk_score_threshold,40,2026-05-08 18:20:36
5107,82458,2808,risk_score_threshold,40,2026-05-09 20:28:46
5108,82459,738,high_amount;night_transaction;foreign_country,85,2026-04-09 03:35:27
5109,82463,1881,risk_score_threshold,50,2026-06-08 06:30:17
5110,82492,2788,high_amount;night_transaction;foreign_country,75,2026-03-27 04:51:07
5111,82496,284,risk_score_threshold,40,2026-02-27 14:48:50
5112,82517,4530,high_amount;night_transaction;foreign_country,85,2026-04-07 02:24:50
5113,82530,3288,high_amount;night_transaction;foreign_country,85,2026-01-16 01:27:27
5114,82534,3612,risk_score_threshold,50,2026-04-02 17:56:19
5115,82536,3517,risk_score_threshold,40,2026-06-07 16:04:46
5116,82551,4242,foreign_country,85,2026-01-10 11:05:44
5117,82569,2268,foreign_country,40,2026-01-03 14:03:16
5118,82571,2007,foreign_country,45,2026-06-28 14:43:06
5119,82608,3431,risk_score_threshold,65,2026-06-29 15:09:04
5120,82615,2622,foreign_country,45,2026-04-10 13:03:13
5121,82621,4571,foreign_country,45,2026-03-12 22:58:37
5122,82646,4519,foreign_country,45,2026-03-10 18:49:48
5123,82654,2111,foreign_country,45,2026-01-11 12:20:41
5124,82707,2862,high_amount;night_transaction;foreign_country,75,2026-04-25 02:39:01
5125,82729,3759,high_amount;night_transaction;foreign_country,85,2026-04-01 05:43:28
5126,82732,918,risk_score_threshold,50,2026-05-31 06:47:41
5127,82775,3498,foreign_country,45,2026-04-25 21:27:04
5128,82791,397,risk_score_threshold,50,2026-06-24 11:16:19
5129,82820,2773,risk_score_threshold,40,2026-06-10 20:19:39
5130,82830,2139,risk_score_threshold,40,2026-03-01 07:23:43
5131,82840,4219,risk_score_threshold,50,2026-02-24 19:01:19
5132,82843,4779,foreign_country,45,2026-03-16 06:11:14
5133,82850,4246,foreign_country,60,2026-06-12 08:56:33
5134,82874,3517,risk_score_threshold,65,2026-04-08 21:12:34
5135,82886,584,high_amount;night_transaction;foreign_country,85,2026-01-18 04:35:11
5136,82919,4505,high_amount;night_transaction;foreign_country,75,2026-02-14 01:04:31
5137,82977,3405,risk_score_threshold,40,2026-01-09 15:51:14
5138,82987,809,foreign_country,55,2026-02-17 23:19:23
5139,83001,824,high_amount;night_transaction;foreign_country,85,2026-04-17 01:48:34
5140,83042,2727,risk_score_threshold,50,2026-06-19 06:24:46
5141,83089,1012,risk_score_threshold,65,2026-06-02 16:06:29
5142,83116,2350,foreign_country,45,2026-04-13 23:20:22
5143,83119,1761,foreign_country,40,2026-02-25 14:57:14
5144,83120,560,high_amount;foreign_country,65,2026-01-12 22:43:44
5145,83129,1345,night_transaction;foreign_country,55,2026-04-17 02:54:51
5146,83132,4122,foreign_country,45,2026-01-29 21:43:33
5147,83142,16,foreign_country,45,2026-03-20 08:30:37
5148,83167,1881,risk_score_threshold,40,2026-05-28 14:52:38
5149,83189,4259,foreign_country,45,2026-01-15 15:39:44
5150,83196,2520,high_amount;night_transaction;foreign_country,75,2026-01-31 01:26:58
5151,83223,508,high_amount;night_transaction;foreign_country,75,2026-01-05 03:31:39
5152,83267,4396,high_amount;night_transaction;foreign_country,100,2026-04-04 00:49:24
5153,83298,3624,risk_score_threshold,40,2026-03-13 14:13:12
5154,83303,4422,foreign_country,60,2026-04-05 14:49:44
5155,83322,970,foreign_country,45,2026-05-03 14:56:50
5156,83342,2770,risk_score_threshold,65,2026-02-11 21:30:36
5157,83354,390,foreign_country,45,2026-02-04 16:57:22
5158,83358,4015,foreign_country,45,2026-05-15 16:10:02
5159,83373,143,foreign_country,40,2026-05-11 06:55:01
5160,83376,3476,risk_score_threshold,40,2026-03-14 23:21:41
5161,83421,1111,foreign_country,45,2026-06-25 11:33:22
5162,83436,1863,high_amount;night_transaction;foreign_country,85,2026-05-06 00:11:53
5163,83437,2869,risk_score_threshold,50,2026-06-06 20:10:40
5164,83462,321,foreign_country,60,2026-04-01 15:16:08
5165,83480,3389,risk_score_threshold,65,2026-06-28 20:52:22
5166,83489,958,risk_score_threshold,65,2026-01-01 11:58:21
5167,83500,3146,risk_score_threshold,65,2026-04-13 15:19:40
5168,83532,339,risk_score_threshold,40,2026-06-17 16:40:47
5169,83535,1621,high_amount;night_transaction;foreign_country,75,2026-03-28 02:01:56
5170,83555,1299,risk_score_threshold,65,2026-01-11 14:41:43
5171,83599,4928,risk_score_threshold,40,2026-05-12 23:53:34
5172,83603,2225,risk_score_threshold,40,2026-01-12 09:58:19
5173,83617,3243,high_amount;night_transaction;foreign_country,85,2026-01-27 02:44:14
5174,83631,2145,high_amount;night_transaction;foreign_country,85,2026-04-19 04:34:53
5175,83645,3318,risk_score_threshold,65,2026-05-17 08:27:06
5176,83664,2290,high_amount;foreign_country,65,2026-02-21 22:53:32
5177,83676,2565,high_amount;night_transaction;foreign_country,100,2026-02-20 02:21:09
5178,83682,4166,risk_score_threshold,40,2026-06-22 16:08:26
5179,83689,4276,foreign_country,60,2026-03-17 20:36:22
5180,83718,4967,foreign_country,45,2026-02-17 16:07:56
5181,83723,4870,high_amount;night_transaction;foreign_country,100,2026-03-24 05:11:22
5182,83728,3168,high_amount;night_transaction;foreign_country,70,2026-02-04 04:11:03
5183,83775,4246,risk_score_threshold,40,2026-04-27 19:08:50
5184,83786,2739,risk_score_threshold,40,2026-05-22 22:37:42
5185,83820,2291,foreign_country,45,2026-06-27 06:18:15
5186,83829,284,foreign_country,70,2026-02-04 13:21:15
5187,83856,2969,high_amount;night_transaction;foreign_country,60,2026-01-20 05:35:52
5188,83871,2754,foreign_country,45,2026-04-29 23:34:22
5189,83877,1758,foreign_country,45,2026-03-21 16:20:31
5190,83895,493,risk_score_threshold,40,2026-02-16 17:14:53
5191,83904,2836,foreign_country,45,2026-02-18 17:07:36
5192,83912,4119,risk_score_threshold,50,2026-02-14 12:13:23
5193,83942,2330,high_amount;night_transaction;foreign_country,75,2026-06-14 04:57:04
5194,83943,4703,foreign_country,45,2026-03-27 22:31:20
5195,83944,1644,high_amount;night_transaction;foreign_country,75,2026-03-13 01:37:18
5196,84001,3796,foreign_country,45,2026-05-25 20:44:07
5197,84016,4119,risk_score_threshold,40,2026-01-30 21:17:02
5198,84017,3431,risk_score_threshold,40,2026-03-24 16:02:21
5199,84025,3598,high_amount;foreign_country,60,2026-01-07 22:22:33
5200,84053,1446,high_amount;night_transaction;foreign_country,85,2026-05-10 01:07:30
5201,84083,4486,risk_score_threshold,40,2026-06-23 20:55:52
5202,84111,2195,foreign_country,45,2026-04-22 21:41:10
5203,84136,70,risk_score_threshold,50,2026-02-23 18:55:37
5204,84143,1945,risk_score_threshold,60,2026-01-14 06:30:47
5205,84145,1789,risk_score_threshold,40,2026-05-08 09:53:38
5206,84203,3052,foreign_country,45,2026-06-21 13:02:42
5207,84206,3020,high_amount;foreign_country,90,2026-05-01 22:24:02
5208,84239,405,high_amount;foreign_country,90,2026-03-05 22:57:25
5209,84247,1197,high_amount;night_transaction;foreign_country,75,2026-05-01 00:41:36
5210,84261,141,foreign_country,40,2026-03-21 17:42:19
5211,84265,1509,high_amount;night_transaction;foreign_country,75,2026-04-27 04:44:09
5212,84268,3815,foreign_country,60,2026-04-19 08:16:08
5213,84284,852,foreign_country,40,2026-06-04 11:34:07
5214,84296,1538,foreign_country,45,2026-05-20 11:52:16
5215,84302,1296,foreign_country,55,2026-01-26 06:27:12
5216,84312,3924,risk_score_threshold,50,2026-02-23 10:57:20
5217,84314,1588,high_amount;night_transaction;foreign_country,100,2026-02-08 01:49:50
5218,84375,298,foreign_country,45,2026-02-02 13:07:11
5219,84384,4968,high_amount;night_transaction;foreign_country,70,2026-03-05 00:35:23
5220,84402,4253,risk_score_threshold,50,2026-04-24 20:49:06
5221,84413,4828,high_amount;night_transaction;foreign_country,75,2026-05-05 03:06:40
5222,84415,4431,high_amount;night_transaction;foreign_country,75,2026-01-16 02:32:43
5223,84460,2894,risk_score_threshold,40,2026-02-03 22:53:42
5224,84529,217,risk_score_threshold,40,2026-04-26 12:39:05
5225,84532,4117,foreign_country,40,2026-02-27 23:57:07
5226,84589,4928,risk_score_threshold,40,2026-06-14 23:33:42
5227,84596,60,foreign_country,45,2026-02-20 22:14:18
5228,84605,3759,high_amount;night_transaction;foreign_country,95,2026-03-13 04:50:26
5229,84612,2698,high_amount;foreign_country,65,2026-01-16 22:48:07
5230,84643,3924,foreign_country,70,2026-05-13 10:02:18
5231,84665,3456,night_transaction;foreign_country,45,2026-06-28 04:26:10
5232,84689,83,foreign_country,45,2026-05-14 06:38:18
5233,84692,1875,risk_score_threshold,40,2026-05-30 21:35:22
5234,84716,3096,risk_score_threshold,50,2026-05-07 13:48:33
5235,84719,391,high_amount;night_transaction;foreign_country,100,2026-05-30 01:31:02
5236,84727,1302,risk_score_threshold,40,2026-04-01 19:32:22
5237,84734,3879,risk_score_threshold,40,2026-03-30 16:06:11
5238,84746,1796,high_amount;night_transaction;foreign_country,80,2026-01-22 01:24:20
5239,84766,4237,high_amount;night_transaction;foreign_country,85,2026-05-29 05:07:33
5240,84817,421,foreign_country,45,2026-06-09 20:26:03
5241,84870,1341,high_amount;night_transaction;foreign_country,75,2026-01-20 05:03:14
5242,84912,3104,risk_score_threshold,40,2026-01-16 09:30:46
5243,84914,2381,risk_score_threshold,40,2026-04-04 08:14:13
5244,84943,3275,risk_score_threshold,40,2026-03-26 16:57:56
5245,84961,1437,risk_score_threshold,40,2026-04-24 06:13:17
5246,84994,3844,high_amount;night_transaction;foreign_country,100,2026-06-15 04:39:01
5247,85031,1128,risk_score_threshold,50,2026-04-28 13:06:23
5248,85107,2253,foreign_country,40,2026-06-13 09:40:43
5249,85126,2340,high_amount;foreign_country,75,2026-05-26 23:19:14
5250,85144,3877,foreign_country,45,2026-03-10 08:01:40
5251,85204,3453,night_transaction;foreign_country,85,2026-01-05 05:38:10
5252,85218,2137,high_amount;night_transaction;foreign_country,100,2026-05-01 05:09:31
5253,85221,1538,foreign_country,45,2026-03-04 14:07:52
5254,85246,2695,risk_score_threshold,40,2026-03-05 12:13:58
5255,85261,2591,foreign_country,70,2026-04-11 18:50:33
5256,85298,2695,risk_score_threshold,40,2026-04-22 16:42:47
5257,85299,512,high_amount;night_transaction;foreign_country,75,2026-04-09 00:04:57
5258,85302,2855,risk_score_threshold,40,2026-03-30 07:01:46
5259,85325,1301,risk_score_threshold,40,2026-02-21 10:05:25
5260,85328,4119,risk_score_threshold,40,2026-04-05 17:44:48
5261,85338,3739,foreign_country,60,2026-05-16 06:38:20
5262,85371,4369,foreign_country,45,2026-01-19 06:28:38
5263,85399,4019,foreign_country,45,2026-05-23 13:28:08
5264,85416,2668,foreign_country,40,2026-04-14 14:56:23
5265,85445,4118,risk_score_threshold,40,2026-06-03 08:39:50
5266,85455,2925,high_amount;night_transaction;foreign_country,70,2026-04-29 04:54:22
5267,85460,3071,high_amount;night_transaction;foreign_country,60,2026-03-25 01:24:54
5268,85500,3431,risk_score_threshold,50,2026-04-04 20:46:47
5269,85509,579,high_amount;night_transaction;foreign_country,75,2026-02-01 04:03:59
5270,85517,3298,foreign_country,45,2026-03-23 22:18:32
5271,85532,826,high_amount;foreign_country,65,2026-01-18 22:21:10
5272,85535,3473,foreign_country,45,2026-05-19 22:50:09
5273,85554,195,foreign_country,40,2026-05-03 22:17:06
5274,85566,2897,high_amount;night_transaction;foreign_country,75,2026-06-29 02:13:02
5275,85575,2727,risk_score_threshold,50,2026-04-24 20:54:08
5276,85590,958,risk_score_threshold,65,2026-02-01 23:53:41
5277,85593,3164,risk_score_threshold,40,2026-04-16 08:36:17
5278,85601,2695,risk_score_threshold,50,2026-03-03 11:36:45
5279,85611,1094,foreign_country,45,2026-02-25 21:51:46
5280,85612,3043,risk_score_threshold,40,2026-04-05 17:55:01
5281,85626,1351,risk_score_threshold,50,2026-03-03 06:26:11
5282,85637,2003,high_amount;night_transaction;foreign_country,75,2026-02-05 00:58:58
5283,85659,1881,risk_score_threshold,40,2026-06-04 06:44:32
5284,85674,3182,foreign_country,45,2026-05-30 08:13:14
5285,85681,4276,risk_score_threshold,40,2026-01-01 15:06:21
5286,85697,251,risk_score_threshold,50,2026-04-13 18:48:23
5287,85709,3275,risk_score_threshold,65,2026-05-15 09:45:05
5288,85732,2643,risk_score_threshold,40,2026-05-02 21:40:41
5289,85749,4555,foreign_country,55,2026-05-18 08:38:12
5290,85767,254,foreign_country,70,2026-04-12 20:13:19
5291,85777,4041,risk_score_threshold,50,2026-03-12 14:06:48
5292,85781,1284,risk_score_threshold,40,2026-01-21 15:44:40
5293,85785,4749,foreign_country,45,2026-02-12 20:04:42
5294,85797,1422,risk_score_threshold,40,2026-05-03 12:10:51
5295,85800,4251,foreign_country,45,2026-03-16 16:33:37
5296,85832,4540,risk_score_threshold,40,2026-01-07 07:04:24
5297,85849,1358,high_amount;night_transaction;foreign_country,75,2026-04-03 00:24:03
5298,85855,1660,risk_score_threshold,65,2026-03-26 09:05:58
5299,85872,4535,foreign_country,45,2026-04-19 23:32:08
5300,85879,4246,risk_score_threshold,40,2026-06-23 07:05:49
5301,85890,1284,risk_score_threshold,40,2026-06-11 11:28:25
5302,85901,4140,high_amount;night_transaction;foreign_country,75,2026-01-19 03:16:17
5303,85933,1775,risk_score_threshold,65,2026-06-16 13:22:57
5304,85941,2885,high_amount;foreign_country,75,2026-06-07 22:21:50
5305,85962,4746,foreign_country,45,2026-04-10 23:44:18
5306,85969,1811,foreign_country,45,2026-01-13 07:20:22
5307,85976,27,risk_score_threshold,40,2026-03-19 12:51:00
5308,85982,4253,risk_score_threshold,65,2026-01-20 13:28:00
5309,86039,4166,foreign_country,60,2026-02-05 19:35:41
5310,86061,254,risk_score_threshold,40,2026-02-13 20:01:21
5311,86067,253,high_amount;night_transaction;foreign_country,75,2026-03-16 04:37:13
5312,86070,1469,risk_score_threshold,50,2026-01-30 19:06:31
5313,86076,958,risk_score_threshold,40,2026-06-19 09:14:09
5314,86084,2543,foreign_country,45,2026-03-28 07:51:05
5315,86086,3104,risk_score_threshold,50,2026-03-10 14:39:14
5316,86090,4059,high_amount;night_transaction;foreign_country,75,2026-05-31 05:40:40
5317,86120,3121,foreign_country,45,2026-06-20 09:53:44
5318,86121,2673,high_amount;night_transaction;foreign_country,85,2026-05-21 03:15:49
5319,86128,931,risk_score_threshold,50,2026-06-21 12:42:17
5320,86164,3792,high_amount;night_transaction;foreign_country,60,2026-05-25 03:03:11
5321,86189,4694,foreign_country,45,2026-02-27 15:11:40
5322,86205,2187,foreign_country,45,2026-06-16 13:24:18
5323,86215,1358,foreign_country,45,2026-03-30 07:36:04
5324,86232,3275,risk_score_threshold,40,2026-01-22 22:26:01
5325,86270,2412,risk_score_threshold,50,2026-03-08 15:04:07
5326,86286,1474,foreign_country,60,2026-03-06 22:42:23
5327,86290,665,risk_score_threshold,65,2026-02-04 23:58:09
5328,86298,321,risk_score_threshold,40,2026-03-14 21:30:29
5329,86306,1469,risk_score_threshold,65,2026-05-03 12:26:03
5330,86309,397,risk_score_threshold,40,2026-04-08 08:00:09
5331,86321,2563,risk_score_threshold,40,2026-05-17 15:36:24
5332,86326,4387,high_amount;night_transaction;foreign_country,75,2026-04-02 04:19:44
5333,86363,1306,risk_score_threshold,65,2026-03-16 13:31:58
5334,86368,4074,high_amount;night_transaction;foreign_country,75,2026-01-27 03:35:42
5335,86375,1303,risk_score_threshold,40,2026-02-22 10:18:42
5336,86393,2456,foreign_country,45,2026-06-14 14:09:24
5337,86526,1872,risk_score_threshold,50,2026-06-25 16:45:16
5338,86541,4811,high_amount;foreign_country,90,2026-04-04 23:45:33
5339,86547,4767,risk_score_threshold,40,2026-05-31 10:34:41
5340,86560,994,high_amount;night_transaction;foreign_country,85,2026-06-03 05:33:47
5341,86572,873,foreign_country,45,2026-06-04 17:36:44
5342,86583,2713,foreign_country,45,2026-05-04 06:08:45
5343,86611,3696,risk_score_threshold,60,2026-04-16 16:52:00
5344,86630,1920,high_amount;night_transaction;foreign_country,100,2026-01-21 03:26:08
5345,86638,3034,risk_score_threshold,40,2026-03-31 17:57:39
5346,86658,195,risk_score_threshold,50,2026-02-23 18:05:54
5347,86691,2598,foreign_country,45,2026-06-01 08:19:19
5348,86699,3431,risk_score_threshold,40,2026-02-17 12:50:41
5349,86726,2806,risk_score_threshold,40,2026-01-10 21:28:38
5350,86729,4270,risk_score_threshold,50,2026-01-21 11:33:39
5351,86732,4449,risk_score_threshold,40,2026-04-03 14:42:47
5352,86733,3501,high_amount;night_transaction;foreign_country,75,2026-01-30 00:06:32
5353,86748,430,risk_score_threshold,40,2026-05-23 13:23:18
5354,86760,2137,risk_score_threshold,65,2026-03-19 15:53:34
5355,86761,1351,risk_score_threshold,65,2026-04-28 13:46:18
5356,86769,3964,risk_score_threshold,40,2026-05-19 18:57:41
5357,86771,3801,high_amount;night_transaction;foreign_country,70,2026-02-26 01:08:53
5358,86786,797,foreign_country,45,2026-06-19 12:27:46
5359,86789,1671,foreign_country,55,2026-06-20 20:58:40
5360,86801,736,foreign_country,70,2026-03-07 16:34:51
5361,86802,106,high_amount;night_transaction;foreign_country,60,2026-01-30 01:31:02
5362,86834,4266,foreign_country,45,2026-04-11 18:43:56
5363,86853,1303,risk_score_threshold,40,2026-03-19 11:16:28
5364,86858,4111,risk_score_threshold,40,2026-03-25 13:29:02
5365,86889,1042,risk_score_threshold,40,2026-05-10 14:58:10
5366,86946,3050,high_amount;night_transaction;foreign_country,75,2026-04-20 00:25:36
5367,86964,4951,foreign_country,45,2026-05-04 13:28:42
5368,86966,1491,high_amount;night_transaction;foreign_country,60,2026-05-23 03:04:09
5369,87006,1333,foreign_country,45,2026-06-08 20:09:56
5370,87037,2808,risk_score_threshold,65,2026-03-12 06:53:58
5371,87043,872,foreign_country,45,2026-06-14 15:11:29
5372,87058,713,risk_score_threshold,65,2026-06-07 11:57:54
5373,87093,4470,high_amount;night_transaction;foreign_country,75,2026-01-30 02:32:29
5374,87144,3809,risk_score_threshold,40,2026-05-10 06:10:56
5375,87154,2695,risk_score_threshold,50,2026-01-05 10:56:11
5376,87158,2788,risk_score_threshold,65,2026-03-14 06:55:03
5377,87163,3043,risk_score_threshold,40,2026-04-03 13:23:39
5378,87167,4908,foreign_country,45,2026-06-05 17:40:58
5379,87171,462,foreign_country,45,2026-01-16 20:33:41
5380,87173,3726,night_transaction;foreign_country,40,2026-06-18 00:18:42
5381,87175,4069,high_amount;night_transaction;foreign_country,85,2026-02-07 04:30:10
5382,87235,1933,foreign_country,45,2026-01-20 21:54:31
5383,87236,3696,risk_score_threshold,75,2026-05-26 20:07:05
5384,87273,1405,foreign_country,45,2026-04-01 20:33:53
5385,87298,217,foreign_country,85,2026-02-24 06:57:36
5386,87302,4718,foreign_country,45,2026-04-15 19:55:22
5387,87305,493,risk_score_threshold,65,2026-05-01 17:21:21
5388,87319,2700,risk_score_threshold,40,2026-01-01 21:23:24
5389,87369,314,high_amount;night_transaction;foreign_country,75,2026-01-08 01:43:59
5390,87384,497,risk_score_threshold,40,2026-02-27 16:33:08
5391,87392,1469,risk_score_threshold,40,2026-04-18 08:12:45
5392,87402,2806,risk_score_threshold,40,2026-02-13 21:12:12
5393,87408,397,risk_score_threshold,40,2026-05-05 06:51:22
5394,87410,3242,risk_score_threshold,40,2026-04-12 19:28:36
5395,87432,789,foreign_country,45,2026-02-11 10:00:55
5396,87439,1104,foreign_country,60,2026-02-15 18:43:47
5397,87445,4166,foreign_country,60,2026-05-29 11:14:01
5398,87468,534,high_amount;foreign_country,65,2026-04-29 23:52:42
5399,87509,4557,risk_score_threshold,40,2026-04-07 15:18:25
5400,87514,4006,high_amount;foreign_country,50,2026-04-29 22:43:33
5401,87548,4408,foreign_country,45,2026-02-15 17:31:44
5402,87550,1522,risk_score_threshold,40,2026-05-16 18:52:48
5403,87555,2806,risk_score_threshold,50,2026-06-26 20:08:32
5404,87568,4558,high_amount;foreign_country,65,2026-06-18 22:24:28
5405,87577,2215,foreign_country,45,2026-06-02 18:19:41
5406,87582,3689,foreign_country,40,2026-03-19 20:52:22
5407,87594,3098,risk_score_threshold,40,2026-04-10 07:48:30
5408,87612,2603,risk_score_threshold,40,2026-05-31 17:57:43
5409,87673,1208,high_amount;foreign_country,65,2026-04-26 23:33:14
5410,87692,1660,risk_score_threshold,40,2026-05-01 10:33:10
5411,87703,2412,risk_score_threshold,60,2026-01-15 16:16:42
5412,87729,127,high_amount;foreign_country,50,2026-04-24 22:11:40
5413,87733,3164,risk_score_threshold,40,2026-04-26 21:09:23
5414,87735,4276,risk_score_threshold,50,2026-03-29 11:43:09
5415,87764,3242,risk_score_threshold,65,2026-04-25 21:04:59
5416,87767,4317,risk_score_threshold,40,2026-02-20 14:45:19
5417,87782,3371,risk_score_threshold,65,2026-03-28 13:24:14
5418,87786,4478,risk_score_threshold,50,2026-02-23 16:19:23
5419,87789,4123,high_amount;foreign_country,60,2026-06-18 23:49:21
5420,87794,3351,high_amount;night_transaction;foreign_country,60,2026-03-22 02:14:42
5421,87795,3657,risk_score_threshold,50,2026-03-15 15:56:23
5422,87804,4166,risk_score_threshold,40,2026-05-15 16:48:59
5423,87805,1338,risk_score_threshold,65,2026-05-29 16:51:22
5424,87824,1881,risk_score_threshold,65,2026-05-29 15:01:05
5425,87856,2249,risk_score_threshold,40,2026-04-11 16:01:16
5426,87868,2424,foreign_country,45,2026-01-16 06:48:10
5427,87873,3096,foreign_country,60,2026-05-14 22:38:39
5428,87902,3685,high_amount;night_transaction;foreign_country,85,2026-02-21 01:34:42
5429,87908,2139,high_amount;night_transaction;foreign_country,100,2026-04-30 00:22:05
5430,87923,1302,foreign_country,45,2026-03-01 14:07:37
5431,87946,4473,foreign_country,45,2026-04-01 08:40:08
5432,87970,3001,foreign_country,45,2026-01-03 10:51:59
5433,87981,265,risk_score_threshold,40,2026-03-17 06:45:24
5434,87984,2894,risk_score_threshold,65,2026-04-18 12:37:54
5435,87992,2556,foreign_country,60,2026-05-15 10:57:45
5436,87995,4540,risk_score_threshold,40,2026-03-01 11:22:12
5437,88014,3146,risk_score_threshold,40,2026-03-24 13:59:06
5438,88023,2297,foreign_country,45,2026-02-14 18:27:26
5439,88062,2356,foreign_country,45,2026-02-12 21:00:30
5440,88101,321,risk_score_threshold,65,2026-01-24 22:48:59
5441,88132,3517,risk_score_threshold,40,2026-03-06 19:56:24
5442,88148,3129,foreign_country,45,2026-03-07 15:57:37
5443,88155,4094,foreign_country,45,2026-02-16 23:40:58
5444,88165,1775,risk_score_threshold,65,2026-02-28 17:04:35
5445,88208,1388,risk_score_threshold,75,2026-02-27 11:40:41
5446,88215,4756,risk_score_threshold,40,2026-06-08 21:40:46
5447,88236,1876,risk_score_threshold,65,2026-04-24 06:16:58
5448,88244,4299,foreign_country,70,2026-02-02 19:18:29
5449,88247,2784,foreign_country,45,2026-02-07 07:37:48
5450,88273,2177,high_amount;foreign_country,50,2026-03-25 22:51:29
5451,88310,2325,risk_score_threshold,40,2026-03-22 08:57:26
5452,88332,4063,foreign_country,45,2026-03-14 23:46:54
5453,88366,2855,risk_score_threshold,40,2026-05-09 22:50:48
5454,88371,4304,risk_score_threshold,40,2026-03-27 06:05:25
5455,88374,4721,foreign_country,45,2026-05-19 15:52:54
5456,88375,3276,risk_score_threshold,50,2026-03-08 06:44:14
5457,88382,4230,risk_score_threshold,40,2026-04-15 14:16:56
5458,88391,72,foreign_country,45,2026-06-26 21:43:01
5459,88394,1881,risk_score_threshold,50,2026-04-16 22:48:03
5460,88427,856,high_amount;night_transaction;foreign_country,85,2026-05-20 02:06:55
5461,88442,3879,high_amount;night_transaction;foreign_country,75,2026-01-30 01:49:52
5462,88448,4390,foreign_country,45,2026-06-16 18:12:24
5463,88460,4190,risk_score_threshold,40,2026-04-21 09:52:46
5464,88466,4901,foreign_country,55,2026-06-09 12:15:38
5465,88469,1228,risk_score_threshold,40,2026-04-28 15:45:26
5466,88482,3974,risk_score_threshold,50,2026-04-23 18:22:58
5467,88493,4041,risk_score_threshold,65,2026-06-27 08:37:37
5468,88521,339,risk_score_threshold,50,2026-04-30 22:53:05
5469,88534,2850,high_amount;night_transaction;foreign_country,60,2026-03-29 05:42:28
5470,88544,3565,risk_score_threshold,40,2026-02-18 21:17:23
5471,88554,3706,high_amount;night_transaction;foreign_country,100,2026-05-25 03:45:57
5472,88564,4396,foreign_country,70,2026-05-24 09:55:56
5473,88575,2739,risk_score_threshold,40,2026-04-25 22:38:24
5474,88581,1351,risk_score_threshold,50,2026-02-10 10:28:26
5475,88593,1470,night_transaction;foreign_country,70,2026-02-24 03:03:21
5476,88608,3668,risk_score_threshold,65,2026-04-02 06:42:38
5477,88614,1820,foreign_country,45,2026-05-14 17:09:02
5478,88617,400,risk_score_threshold,40,2026-04-07 16:46:03
5479,88729,743,risk_score_threshold,40,2026-04-08 15:51:19
5480,88735,258,foreign_country,45,2026-04-06 22:23:55
5481,88768,81,high_amount;night_transaction;foreign_country,85,2026-03-15 02:50:20
5482,88791,2592,high_amount;night_transaction;foreign_country,85,2026-01-02 05:38:01
5483,88802,2302,night_transaction;foreign_country,45,2026-01-09 04:08:28
5484,88807,538,foreign_country,45,2026-06-05 23:46:10
5485,88810,1276,high_amount;night_transaction;foreign_country,70,2026-01-17 05:01:23
5486,88826,3275,risk_score_threshold,40,2026-06-06 11:15:22
5487,88849,3701,high_amount;foreign_country,50,2026-06-13 22:20:55
5488,88865,1303,risk_score_threshold,40,2026-04-07 12:36:47
5489,88885,663,foreign_country,45,2026-06-19 16:36:30
5490,88926,339,foreign_country,85,2026-03-31 22:06:09
5491,88932,1945,risk_score_threshold,75,2026-06-10 12:12:29
5492,88963,1392,high_amount;foreign_country,70,2026-06-20 22:40:24
5493,88964,1569,foreign_country,55,2026-01-16 16:39:36
5494,88981,2057,high_amount;night_transaction;foreign_country,75,2026-06-13 04:46:58
5495,88983,400,risk_score_threshold,65,2026-01-30 23:17:13
5496,88990,3575,high_amount;night_transaction;foreign_country,85,2026-06-21 03:49:27
5497,89016,1920,risk_score_threshold,50,2026-05-08 12:38:54
5498,89018,2592,high_amount;night_transaction;foreign_country,60,2026-02-10 01:38:39
5499,89037,1306,risk_score_threshold,65,2026-04-19 08:26:18
5500,89046,4536,night_transaction;foreign_country,45,2026-03-12 01:38:49
5501,89055,2773,foreign_country,60,2026-01-22 18:13:58
5502,89057,4111,risk_score_threshold,40,2026-04-19 11:59:38
5503,89079,2738,risk_score_threshold,65,2026-02-20 18:41:57
5504,89092,1351,risk_score_threshold,50,2026-05-02 06:34:07
5505,89096,2894,risk_score_threshold,40,2026-03-22 14:52:53
5506,89111,4003,high_amount;foreign_country,90,2026-06-05 22:03:39
5507,89121,2137,foreign_country,70,2026-06-16 20:01:11
5508,89123,4767,risk_score_threshold,40,2026-04-08 15:35:11
5509,89126,3453,risk_score_threshold,65,2026-06-18 07:39:48
5510,89130,215,risk_score_threshold,40,2026-02-17 09:20:56
5511,89134,4867,risk_score_threshold,50,2026-06-14 10:36:23
5512,89141,46,high_amount;night_transaction;foreign_country,85,2026-04-07 03:28:00
5513,89144,333,foreign_country,45,2026-05-27 17:25:10
5514,89159,215,high_amount;foreign_country,90,2026-01-24 22:37:15
5515,89160,399,high_amount;night_transaction;foreign_country,70,2026-06-23 02:04:51
5516,89171,4354,high_amount;foreign_country,65,2026-06-05 22:05:56
5517,89187,2466,high_amount;night_transaction;foreign_country,85,2026-01-14 00:52:32
5518,89189,2671,risk_score_threshold,50,2026-03-26 06:54:17
5519,89198,4396,risk_score_threshold,40,2026-05-02 09:28:06
5520,89207,2868,high_amount;night_transaction;foreign_country,70,2026-06-15 04:31:46
5521,89216,650,high_amount;foreign_country,65,2026-05-13 23:09:36
5522,89218,459,risk_score_threshold,65,2026-01-08 10:35:33
5523,89225,4579,high_amount;night_transaction;foreign_country,85,2026-04-07 03:17:37
5524,89233,3361,risk_score_threshold,75,2026-02-12 10:22:35
5525,89255,3043,risk_score_threshold,65,2026-04-30 20:37:14
5526,89266,3696,risk_score_threshold,75,2026-05-22 14:19:18
5527,89309,1629,risk_score_threshold,65,2026-04-15 10:48:49
5528,89313,1301,risk_score_threshold,40,2026-06-22 16:47:05
5529,89315,3275,foreign_country,70,2026-03-29 12:08:43
5530,89316,328,high_amount;night_transaction;foreign_country,75,2026-01-13 04:31:34
5531,89335,4217,risk_score_threshold,65,2026-04-22 17:20:43
5532,89353,257,risk_score_threshold,65,2026-03-13 09:14:57
5533,89355,4486,risk_score_threshold,40,2026-02-14 14:49:54
5534,89412,665,risk_score_threshold,50,2026-01-27 17:06:57
5535,89420,3171,foreign_country,45,2026-01-11 06:58:17
5536,89442,217,risk_score_threshold,65,2026-05-20 07:18:53
5537,89464,3273,foreign_country,45,2026-01-21 14:27:57
5538,89535,179,foreign_country,45,2026-05-13 23:58:55
5539,89558,1544,foreign_country,70,2026-03-30 07:39:56
5540,89579,2031,risk_score_threshold,40,2026-05-26 19:39:05
5541,89586,756,high_amount;foreign_country,65,2026-04-30 23:35:16
5542,89591,4111,high_amount;night_transaction;foreign_country,100,2026-03-21 04:02:19
5543,89596,882,risk_score_threshold,40,2026-01-04 13:21:19
5544,89620,3905,risk_score_threshold,50,2026-01-23 12:55:59
5545,89626,4643,high_amount;foreign_country,75,2026-05-08 23:48:48
5546,89651,2604,foreign_country,45,2026-02-22 22:43:30
5547,89657,4849,risk_score_threshold,65,2026-06-16 10:00:10
5548,89671,3300,foreign_country,45,2026-06-11 08:02:11
5549,89672,3016,foreign_country,45,2026-04-28 21:02:03
5550,89700,558,foreign_country,45,2026-03-08 08:07:42
5551,89702,4048,foreign_country,45,2026-06-18 11:22:45
5552,89744,684,foreign_country,45,2026-02-24 20:51:36
5553,89748,4830,high_amount;night_transaction;foreign_country,85,2026-02-26 02:02:44
5554,89756,2194,high_amount;night_transaction;foreign_country,60,2026-06-04 04:47:33
5555,89758,2596,foreign_country,45,2026-05-18 17:31:58
5556,89761,1166,foreign_country,45,2026-02-22 11:51:08
5557,89777,2180,foreign_country,45,2026-03-03 13:41:45
5558,89785,3214,foreign_country,45,2026-06-13 10:14:39
5559,89840,1766,risk_score_threshold,60,2026-02-15 17:23:38
5560,89842,4020,risk_score_threshold,40,2026-02-19 15:55:19
5561,89843,4946,risk_score_threshold,65,2026-04-09 18:18:45
5562,89855,4925,foreign_country,45,2026-03-10 10:49:24
5563,89859,1249,high_amount;night_transaction;foreign_country,100,2026-03-01 04:46:46
5564,89880,3090,foreign_country,45,2026-06-10 06:24:13
5565,89919,3130,foreign_country,60,2026-05-19 07:33:44
5566,89920,2146,high_amount;foreign_country,75,2026-05-28 22:30:59
5567,89922,1920,risk_score_threshold,40,2026-05-23 11:35:41
5568,89942,4146,risk_score_threshold,50,2026-05-17 22:53:18
5569,89945,3275,risk_score_threshold,40,2026-03-19 11:22:09
5570,89950,2437,risk_score_threshold,40,2026-05-10 07:14:57
5571,89953,1380,risk_score_threshold,40,2026-05-29 07:45:38
5572,89973,4926,risk_score_threshold,65,2026-03-02 10:07:06
5573,89974,3096,risk_score_threshold,40,2026-05-30 19:00:08
5574,90008,2225,risk_score_threshold,40,2026-05-05 23:43:30
5575,90026,1574,foreign_country,45,2026-03-01 11:25:21
5576,90041,1524,high_amount;night_transaction;foreign_country,85,2026-06-26 04:10:27
5577,90070,3657,risk_score_threshold,40,2026-03-10 07:55:41
5578,90107,551,risk_score_threshold,65,2026-06-12 14:49:48
5579,90115,4299,high_amount;night_transaction;foreign_country,100,2026-01-12 04:37:41
5580,90117,1303,risk_score_threshold,40,2026-05-18 18:32:39
5581,90141,3994,high_amount;foreign_country,50,2026-02-01 23:35:49
5582,90144,1546,high_amount;night_transaction;foreign_country,85,2026-04-21 01:18:07
5583,90146,1634,night_transaction;foreign_country,45,2026-02-18 00:20:32
5584,90183,2603,risk_score_threshold,40,2026-04-05 07:59:20
5585,90218,3096,risk_score_threshold,50,2026-06-27 20:29:02
5586,90259,2412,risk_score_threshold,75,2026-04-13 11:35:11
5587,90313,3809,risk_score_threshold,40,2026-04-01 22:42:04
5588,90314,4413,high_amount;night_transaction;foreign_country,75,2026-04-25 01:20:03
5589,90328,2065,risk_score_threshold,40,2026-06-11 09:42:06
5590,90336,3668,risk_score_threshold,50,2026-02-23 14:14:06
5591,90345,884,high_amount;night_transaction;foreign_country,75,2026-04-07 04:11:44
5592,90376,479,foreign_country,45,2026-04-18 12:25:01
5593,90383,708,risk_score_threshold,50,2026-02-08 21:42:48
5594,90389,910,foreign_country,45,2026-03-10 23:16:34
5595,90394,3043,risk_score_threshold,50,2026-05-27 20:31:30
5596,90403,758,risk_score_threshold,40,2026-01-25 09:13:20
5597,90473,708,risk_score_threshold,40,2026-06-15 16:51:09
5598,90486,3255,foreign_country,45,2026-01-28 10:17:13
5599,90490,254,risk_score_threshold,40,2026-05-31 13:40:57
5600,90497,2834,high_amount;night_transaction;foreign_country,60,2026-05-10 02:39:43
5601,90502,3318,risk_score_threshold,40,2026-04-21 08:55:28
5602,90526,3583,high_amount;night_transaction;foreign_country,100,2026-02-19 04:21:29
5603,90560,3004,high_amount;night_transaction;foreign_country,60,2026-05-04 00:40:00
5604,90633,2042,risk_score_threshold,40,2026-02-02 21:56:13
5605,90644,4431,high_amount;foreign_country,75,2026-03-24 22:20:37
5606,90646,2432,high_amount;night_transaction;foreign_country,70,2026-01-24 03:05:36
5607,90656,3242,risk_score_threshold,40,2026-06-19 22:30:58
5608,90683,2079,risk_score_threshold,65,2026-03-19 18:45:05
5609,90686,2244,risk_score_threshold,40,2026-01-14 20:41:15
5610,90740,3096,risk_score_threshold,40,2026-06-29 16:19:50
5611,90743,516,high_amount;foreign_country,65,2026-01-10 23:25:30
5612,90748,1021,high_amount;night_transaction;foreign_country,100,2026-03-15 02:10:06
5613,90754,321,risk_score_threshold,65,2026-05-30 10:56:34
5614,90774,2803,high_amount;foreign_country,50,2026-01-17 23:08:57
5615,90793,2511,night_transaction;foreign_country,70,2026-05-17 04:48:48
5616,90800,3126,risk_score_threshold,40,2026-01-12 18:54:04
5617,90812,1521,foreign_country,45,2026-04-05 12:39:55
5618,90836,1965,risk_score_threshold,65,2026-05-11 07:21:46
5619,90876,1135,risk_score_threshold,65,2026-02-28 15:21:39
5620,90893,4972,high_amount;night_transaction;foreign_country,85,2026-05-24 05:42:54
5621,90900,1626,foreign_country,45,2026-01-06 08:45:44
5622,90910,3376,foreign_country,45,2026-03-24 08:08:43
5623,90913,496,risk_score_threshold,50,2026-06-27 21:35:38
5624,90923,4119,risk_score_threshold,65,2026-06-07 16:10:53
5625,90943,2224,high_amount;night_transaction;foreign_country,70,2026-01-31 01:40:02
5626,90951,1674,foreign_country,45,2026-02-22 11:39:07
5627,90964,2948,high_amount;night_transaction;foreign_country,85,2026-04-29 01:17:32
5628,91033,504,high_amount;night_transaction;foreign_country,85,2026-04-18 01:44:08
5629,91038,2671,risk_score_threshold,50,2026-04-23 07:48:20
5630,91042,2630,foreign_country,45,2026-03-06 17:46:29
5631,91044,1039,foreign_country,45,2026-01-21 10:03:58
5632,91064,932,risk_score_threshold,65,2026-03-09 15:35:19
5633,91067,3377,foreign_country,45,2026-04-29 19:24:53
5634,91070,3827,night_transaction;foreign_country,55,2026-02-24 03:04:23
5635,91090,4949,foreign_country,45,2026-04-10 15:33:12
5636,91111,3426,high_amount;night_transaction;foreign_country,100,2026-03-06 01:09:18
5637,91113,1925,high_amount;night_transaction;foreign_country,85,2026-03-28 01:33:45
5638,91118,2739,risk_score_threshold,40,2026-03-14 15:57:25
5639,91137,4276,risk_score_threshold,40,2026-02-13 08:23:40
5640,91142,1757,high_amount;night_transaction;foreign_country,75,2026-06-22 05:39:38
5641,91146,1260,high_amount;night_transaction;foreign_country,75,2026-04-16 03:55:56
5642,91148,1042,risk_score_threshold,40,2026-03-26 22:47:25
5643,91179,4729,high_amount;night_transaction;foreign_country,100,2026-06-24 00:25:05
5644,91186,215,risk_score_threshold,65,2026-02-13 06:54:51
5645,91205,624,risk_score_threshold,65,2026-04-21 22:44:52
5646,91252,4228,risk_score_threshold,40,2026-06-17 16:03:22
5647,91275,2336,high_amount;foreign_country,75,2026-02-11 23:20:27
5648,91279,743,risk_score_threshold,65,2026-02-18 08:20:28
5649,91283,4039,foreign_country,45,2026-01-06 21:25:08
5650,91317,1716,high_amount;night_transaction;foreign_country,75,2026-04-18 02:17:40
5651,91322,2459,risk_score_threshold,40,2026-03-05 22:56:30
5652,91350,1303,risk_score_threshold,50,2026-05-18 06:53:19
5653,91380,4824,night_transaction;foreign_country,70,2026-01-01 02:43:54
5654,91385,3254,high_amount;night_transaction;foreign_country,60,2026-05-07 00:00:43
5655,91386,2585,risk_score_threshold,50,2026-05-07 15:52:39
5656,91398,3809,risk_score_threshold,65,2026-04-20 14:15:25
5657,91419,1682,foreign_country,45,2026-02-24 21:25:24
5658,91426,321,risk_score_threshold,65,2026-05-25 11:12:56
5659,91444,1457,high_amount;night_transaction;foreign_country,85,2026-03-26 04:05:08
5660,91445,2211,foreign_country,45,2026-03-27 18:06:51
5661,91462,1238,high_amount;night_transaction;foreign_country,75,2026-03-09 01:18:02
5662,91478,4884,high_amount;foreign_country,75,2026-04-01 22:35:13
5663,91483,2793,foreign_country,45,2026-02-24 18:26:17
5664,91497,3974,risk_score_threshold,50,2026-01-31 16:22:14
5665,91500,4152,risk_score_threshold,65,2026-03-13 06:48:56
5666,91503,1920,risk_score_threshold,40,2026-01-05 09:04:01
5667,91528,1573,foreign_country,45,2026-01-29 17:12:09
5668,91537,4888,foreign_country,45,2026-05-20 07:34:11
5669,91567,479,high_amount;night_transaction;foreign_country,85,2026-02-06 05:01:11
5670,91577,4190,foreign_country,60,2026-02-08 19:42:46
5671,91585,4544,high_amount;foreign_country,75,2026-03-06 23:14:30
5672,91614,3369,high_amount;night_transaction;foreign_country,75,2026-05-05 03:19:56
5673,91621,4207,high_amount;night_transaction;foreign_country,60,2026-01-28 01:35:52
5674,91625,2325,risk_score_threshold,40,2026-02-18 20:20:49
5675,91628,1299,foreign_country,60,2026-03-13 23:16:31
5676,91656,284,risk_score_threshold,65,2026-03-25 06:10:59
5677,91671,1104,risk_score_threshold,40,2026-02-04 23:05:16
5678,91709,1469,risk_score_threshold,40,2026-05-10 11:04:20
5679,91748,4152,risk_score_threshold,40,2026-04-10 08:34:40
5680,91752,3668,risk_score_threshold,50,2026-05-14 16:45:18
5681,91759,3856,foreign_country,45,2026-06-26 09:18:25
5682,91799,4726,risk_score_threshold,50,2026-03-25 22:56:13
5683,91805,3209,foreign_country,45,2026-02-11 16:23:39
5684,91828,4111,risk_score_threshold,40,2026-01-13 09:56:27
5685,91863,1914,risk_score_threshold,65,2026-05-13 09:46:33
5686,91877,4384,foreign_country,45,2026-02-13 06:26:29
5687,91884,339,risk_score_threshold,50,2026-01-14 19:35:13
5688,91907,3377,night_transaction;foreign_country,45,2026-04-24 00:10:37
5689,91912,3151,high_amount;night_transaction;foreign_country,85,2026-03-16 00:05:23
5690,91923,2391,foreign_country,45,2026-06-15 23:00:49
5691,91932,3673,high_amount;night_transaction;foreign_country,75,2026-04-11 05:16:50
5692,91948,1991,foreign_country,45,2026-03-22 15:24:51
5693,91956,2305,risk_score_threshold,40,2026-02-22 16:47:13
5694,91966,4548,high_amount;night_transaction;foreign_country,85,2026-06-01 03:30:19
5695,91992,998,night_transaction;foreign_country,45,2026-05-04 02:35:55
5696,92006,2773,foreign_country,60,2026-01-31 09:20:43
5697,92016,891,foreign_country,45,2026-04-03 21:03:32
5698,92025,3570,foreign_country,45,2026-01-02 11:25:15
5699,92042,3765,foreign_country,45,2026-05-31 14:10:52
5700,92061,86,risk_score_threshold,65,2026-04-04 13:30:03
5701,92077,3616,high_amount;night_transaction;foreign_country,70,2026-06-05 00:53:44
5702,92079,2325,risk_score_threshold,40,2026-02-21 17:09:32
5703,92104,2819,foreign_country,45,2026-01-14 22:20:56
5704,92132,1351,risk_score_threshold,50,2026-05-20 14:54:17
5705,92140,681,high_amount;foreign_country,75,2026-02-23 22:49:52
5706,92166,4084,foreign_country,45,2026-05-06 12:46:21
5707,92196,1945,risk_score_threshold,50,2026-04-28 21:06:34
5708,92215,2806,risk_score_threshold,50,2026-04-21 09:36:01
5709,92256,1306,risk_score_threshold,50,2026-01-01 22:36:17
5710,92260,2189,foreign_country,45,2026-06-06 23:11:14
5711,92261,3709,foreign_country,45,2026-03-22 20:48:22
5712,92283,3011,risk_score_threshold,40,2026-04-05 16:51:40
5713,92293,4385,risk_score_threshold,65,2026-02-02 20:03:58
5714,92294,2327,night_transaction;foreign_country,55,2026-02-11 02:31:42
5715,92303,4916,foreign_country,45,2026-01-08 21:19:35
5716,92319,257,risk_score_threshold,40,2026-02-02 21:56:24
5717,92337,2603,risk_score_threshold,40,2026-01-14 19:00:48
5718,92339,2933,high_amount;foreign_country,50,2026-04-23 22:14:14
5719,92341,3448,high_amount;night_transaction;foreign_country,75,2026-01-26 04:42:50
5720,92352,562,foreign_country,45,2026-01-18 11:27:23
5721,92355,2137,risk_score_threshold,40,2026-06-02 10:33:46
5722,92362,2556,risk_score_threshold,40,2026-01-02 19:53:17
5723,92376,2255,risk_score_threshold,40,2026-04-27 17:47:23
5724,92383,4219,risk_score_threshold,40,2026-03-21 09:11:00
5725,92427,1365,high_amount;night_transaction;foreign_country,85,2026-02-14 03:07:55
5726,92463,1494,foreign_country,45,2026-02-25 16:25:41
5727,92479,1928,high_amount;foreign_country,90,2026-05-13 23:17:02
5728,92484,350,foreign_country,55,2026-01-31 15:38:25
5729,92535,4228,risk_score_threshold,40,2026-02-08 20:41:49
5730,92543,1273,foreign_country,45,2026-05-14 09:37:41
5731,92553,4152,risk_score_threshold,40,2026-04-22 09:36:24
5732,92569,3098,risk_score_threshold,50,2026-04-26 09:30:51
5733,92591,3096,risk_score_threshold,50,2026-06-12 17:19:44
5734,92598,2047,foreign_country,45,2026-06-14 10:30:57
5735,92638,2751,foreign_country,45,2026-06-01 21:40:56
5736,92653,1178,risk_score_threshold,40,2026-01-06 08:24:27
5737,92658,1629,risk_score_threshold,40,2026-06-19 13:33:14
5738,92662,3696,risk_score_threshold,50,2026-06-20 11:53:56
5739,92665,1469,foreign_country,70,2026-04-29 22:38:29
5740,92687,2482,foreign_country,45,2026-04-12 12:44:14
5741,92708,2249,risk_score_threshold,40,2026-01-01 22:55:10
5742,92711,882,risk_score_threshold,65,2026-06-03 11:16:40
5743,92722,1474,foreign_country,45,2026-06-14 13:50:50
5744,92729,932,risk_score_threshold,50,2026-05-28 13:26:41
5745,92736,1881,risk_score_threshold,65,2026-03-09 17:06:16
5746,92772,1903,foreign_country,45,2026-05-27 23:28:28
5747,92808,4146,risk_score_threshold,40,2026-02-18 12:38:45
5748,92818,4115,foreign_country,45,2026-05-01 23:21:29
5749,92834,106,high_amount;foreign_country,75,2026-03-23 22:49:36
5750,92837,1303,risk_score_threshold,65,2026-05-14 18:50:02
5751,92842,1094,foreign_country,45,2026-02-04 14:10:50
5752,92869,254,risk_score_threshold,40,2026-03-29 17:16:33
5753,92896,3270,foreign_country,45,2026-03-27 10:01:20
5754,92899,2109,high_amount;night_transaction;foreign_country,75,2026-01-11 00:22:44
5755,92908,4041,risk_score_threshold,40,2026-02-24 18:14:39
5756,92915,321,risk_score_threshold,65,2026-06-13 11:11:56
5757,92927,251,risk_score_threshold,40,2026-06-17 07:34:51
5758,92934,3801,high_amount;night_transaction;foreign_country,75,2026-02-12 02:00:17
5759,92935,1036,high_amount;night_transaction;foreign_country,75,2026-05-17 03:19:20
5760,92939,3143,high_amount;foreign_country,75,2026-06-25 22:56:36
5761,92967,197,risk_score_threshold,40,2026-05-05 11:56:03
5762,92991,1302,risk_score_threshold,40,2026-02-24 15:28:02
5763,93014,1660,risk_score_threshold,65,2026-04-21 10:51:13
5764,93022,2629,risk_score_threshold,65,2026-03-15 14:39:48
5765,93025,3379,high_amount;foreign_country,65,2026-04-05 22:56:33
5766,93044,1448,high_amount;foreign_country,65,2026-01-06 22:51:31
5767,93054,3565,risk_score_threshold,40,2026-05-29 17:34:59
5768,93091,3878,foreign_country,45,2026-01-05 12:56:44
5769,93110,1344,high_amount;night_transaction;foreign_country,75,2026-04-23 05:53:39
5770,93120,279,foreign_country,45,2026-06-27 12:21:01
5771,93155,397,foreign_country,60,2026-04-16 23:53:02
5772,93166,2882,foreign_country,45,2026-03-31 09:36:10
5773,93176,876,high_amount;night_transaction;foreign_country,70,2026-05-14 04:03:57
5774,93191,2449,high_amount;night_transaction;foreign_country,100,2026-02-17 02:49:42
5775,93208,3298,high_amount;night_transaction;foreign_country,85,2026-05-30 00:56:20
5776,93219,758,foreign_country,85,2026-04-26 07:39:32
5777,93228,3453,risk_score_threshold,50,2026-06-25 23:29:44
5778,93241,2381,risk_score_threshold,50,2026-03-03 10:32:44
5779,93257,4628,risk_score_threshold,40,2026-05-21 12:59:53
5780,93315,3645,high_amount;foreign_country,50,2026-04-18 23:28:33
5781,93413,2583,high_amount;night_transaction;foreign_country,70,2026-04-19 01:36:16
5782,93423,743,risk_score_threshold,50,2026-05-18 10:37:52
5783,93441,2806,risk_score_threshold,65,2026-05-24 22:55:14
5784,93451,1437,risk_score_threshold,40,2026-04-29 08:40:18
5785,93484,2033,high_amount;foreign_country,65,2026-02-22 22:53:34
5786,93514,51,foreign_country,45,2026-01-17 10:41:55
5787,93523,2249,foreign_country,60,2026-03-25 10:00:24
5788,93526,2244,risk_score_threshold,40,2026-05-06 21:02:42
5789,93529,4478,risk_score_threshold,40,2026-01-14 21:26:25
5790,93550,4178,risk_score_threshold,65,2026-04-25 18:56:20
5791,93601,4726,risk_score_threshold,50,2026-05-16 16:29:35
5792,93605,743,risk_score_threshold,40,2026-04-21 21:44:55
5793,93609,4178,risk_score_threshold,40,2026-06-13 23:38:47
5794,93655,2031,risk_score_threshold,40,2026-06-03 21:14:45
5795,93660,3708,high_amount;night_transaction;foreign_country,60,2026-04-24 05:27:09
5796,93676,3731,risk_score_threshold,50,2026-05-07 20:28:39
5797,93683,1114,high_amount;night_transaction;foreign_country,60,2026-04-23 01:16:55
5798,93763,1796,high_amount;night_transaction;foreign_country,85,2026-05-24 02:08:24
5799,93778,958,risk_score_threshold,50,2026-04-02 09:24:44
5800,93795,4396,risk_score_threshold,40,2026-03-23 14:07:49
5801,93824,1876,foreign_country,60,2026-01-23 14:24:37
5802,93857,385,risk_score_threshold,50,2026-03-12 16:17:19
5803,93861,4518,high_amount;night_transaction;foreign_country,85,2026-05-13 01:25:53
5804,93901,217,risk_score_threshold,40,2026-05-26 15:20:28
5805,93938,665,risk_score_threshold,40,2026-05-14 16:26:36
5806,93942,4651,foreign_country,45,2026-03-03 16:04:51
5807,93947,3136,high_amount;night_transaction;foreign_country,75,2026-05-27 01:11:39
5808,93990,2603,risk_score_threshold,40,2026-01-19 08:58:14
5809,94005,2563,risk_score_threshold,50,2026-05-10 17:14:36
5810,94017,3164,risk_score_threshold,50,2026-05-16 06:12:59
5811,94033,2700,risk_score_threshold,40,2026-02-09 14:19:28
5812,94034,4756,risk_score_threshold,50,2026-03-29 11:24:55
5813,94058,1315,foreign_country,45,2026-05-13 09:09:55
5814,94063,2928,foreign_country,45,2026-05-30 11:31:38
5815,94090,853,foreign_country,45,2026-03-20 22:49:34
5816,94106,2037,foreign_country,60,2026-02-02 22:48:36
5817,94120,2503,high_amount;foreign_country,90,2026-01-13 23:16:44
5818,94148,316,foreign_country,45,2026-06-23 19:46:10
5819,94150,1365,foreign_country,45,2026-03-14 11:26:19
5820,94172,3453,risk_score_threshold,40,2026-06-11 17:44:40
5821,94177,4903,high_amount;night_transaction;foreign_country,85,2026-04-10 01:20:23
5822,94181,3098,risk_score_threshold,40,2026-04-23 16:23:18
5823,94198,2274,foreign_country,40,2026-03-14 09:10:26
5824,94206,4540,risk_score_threshold,40,2026-03-23 21:27:36
5825,94218,4779,risk_score_threshold,50,2026-05-13 22:05:23
5826,94224,1351,risk_score_threshold,40,2026-04-15 20:11:34
5827,94228,4242,risk_score_threshold,50,2026-05-09 19:37:06
5828,94232,3879,foreign_country,45,2026-01-23 08:43:32
5829,94274,1920,risk_score_threshold,65,2026-01-07 12:59:54
5830,94283,2894,risk_score_threshold,65,2026-01-12 07:57:52
5831,94339,3096,risk_score_threshold,40,2026-04-19 17:11:20
5832,94340,2001,high_amount;foreign_country,75,2026-06-14 23:59:04
5833,94342,3547,risk_score_threshold,50,2026-05-14 18:24:29
5834,94356,1338,risk_score_threshold,50,2026-01-21 15:13:26
5835,94365,3898,high_amount;night_transaction;foreign_country,75,2026-02-08 05:01:48
5836,94366,2787,foreign_country,45,2026-03-07 06:14:28
5837,94369,1738,foreign_country,45,2026-02-14 18:21:08
5838,94382,551,risk_score_threshold,40,2026-06-17 21:28:30
5839,94395,3170,high_amount;foreign_country,65,2026-05-30 23:36:46
5840,94401,488,foreign_country,45,2026-02-03 10:19:52
5841,94413,3002,high_amount;night_transaction;foreign_country,85,2026-01-10 04:20:14
5842,94424,2695,risk_score_threshold,40,2026-05-16 08:08:29
5843,94453,4955,high_amount;night_transaction;foreign_country,85,2026-05-01 04:25:31
5844,94455,3316,high_amount;night_transaction;foreign_country,100,2026-01-18 00:28:11
5845,94463,4902,foreign_country,45,2026-02-18 18:52:57
5846,94513,210,high_amount;foreign_country,50,2026-02-28 23:40:04
5847,94523,2652,high_amount;night_transaction;foreign_country,60,2026-05-14 00:20:49
5848,94529,1501,foreign_country,45,2026-03-11 18:16:20
5849,94531,4020,foreign_country,60,2026-04-26 16:34:57
5850,94533,4774,risk_score_threshold,40,2026-06-25 09:40:17
5851,94535,339,risk_score_threshold,50,2026-03-18 13:25:51
5852,94548,4640,foreign_country,45,2026-04-22 06:52:49
5853,94572,1260,high_amount;night_transaction;foreign_country,60,2026-02-19 00:38:26
5854,94599,356,high_amount;night_transaction;foreign_country,75,2026-02-06 01:08:33
5855,94613,2894,risk_score_threshold,65,2026-06-20 19:13:46
5856,94631,397,risk_score_threshold,40,2026-05-04 22:20:13
5857,94650,2466,foreign_country,45,2026-06-24 20:22:28
5858,94667,2724,high_amount;night_transaction;foreign_country,100,2026-04-14 05:41:57
5859,94669,1457,night_transaction;foreign_country,55,2026-03-20 04:55:14
5860,94684,4250,risk_score_threshold,40,2026-03-07 16:57:05
5861,94704,4747,high_amount;night_transaction;foreign_country,60,2026-04-06 03:17:53
5862,94709,1563,high_amount;foreign_country,65,2026-04-29 22:10:29
5863,94710,1626,foreign_country,45,2026-02-06 11:34:26
5864,94712,3242,risk_score_threshold,65,2026-05-06 09:32:50
5865,94733,3547,risk_score_threshold,40,2026-05-18 10:26:29
5866,94738,4111,risk_score_threshold,50,2026-03-25 21:52:46
5867,94772,2013,high_amount;night_transaction;foreign_country,60,2026-06-21 02:32:11
5868,94775,42,foreign_country,45,2026-05-19 09:48:58
5869,94783,2875,night_transaction;foreign_country,45,2026-01-18 01:24:11
5870,94800,4761,high_amount;night_transaction;foreign_country,75,2026-04-07 01:19:31
5871,94854,944,foreign_country,45,2026-01-29 15:03:17
5872,94863,2444,foreign_country,45,2026-05-14 16:38:32
5873,94900,497,risk_score_threshold,50,2026-04-07 21:59:46
5874,94910,257,risk_score_threshold,40,2026-04-12 19:10:58
5875,94915,4119,risk_score_threshold,65,2026-01-07 22:52:00
5876,94924,3047,risk_score_threshold,40,2026-04-05 06:46:38
5877,94933,111,high_amount;night_transaction;foreign_country,75,2026-03-13 01:53:56
5878,94958,3276,risk_score_threshold,75,2026-02-20 22:54:02
5879,94975,4152,risk_score_threshold,40,2026-04-27 19:47:25
5880,94998,1161,high_amount;foreign_country,50,2026-05-05 22:28:26
5881,95006,3905,high_amount;night_transaction;foreign_country,100,2026-01-10 00:07:31
5882,95012,1782,high_amount;foreign_country,65,2026-05-12 23:01:30
5883,95027,493,risk_score_threshold,40,2026-04-11 08:47:17
5884,95035,3242,risk_score_threshold,40,2026-03-15 23:00:42
5885,95040,3125,foreign_country,45,2026-05-08 07:40:34
5886,95056,2739,risk_score_threshold,65,2026-02-12 06:18:18
5887,95068,2591,risk_score_threshold,40,2026-04-23 22:28:30
5888,95100,4225,foreign_country,45,2026-03-18 22:18:49
5889,95140,2042,risk_score_threshold,40,2026-05-04 18:56:15
5890,95160,891,high_amount;foreign_country,75,2026-04-28 23:39:08
5891,95189,3242,risk_score_threshold,50,2026-02-10 07:18:45
5892,95197,4713,foreign_country,45,2026-01-22 08:33:32
5893,95200,3227,foreign_country,45,2026-01-20 14:52:35
5894,95210,4797,high_amount;night_transaction;foreign_country,75,2026-03-20 04:19:26
5895,95212,724,foreign_country,45,2026-05-08 10:34:03
5896,95247,844,foreign_country,45,2026-05-04 10:36:38
5897,95270,2773,foreign_country,85,2026-02-02 08:24:36
5898,95291,1827,foreign_country,45,2026-05-01 12:45:14
5899,95298,81,high_amount;night_transaction;foreign_country,75,2026-05-18 00:10:20
5900,95332,4188,foreign_country,45,2026-01-01 11:09:48
5901,95357,4478,risk_score_threshold,40,2026-06-18 14:16:08
5902,95359,2957,foreign_country,45,2026-06-10 14:36:20
5903,95363,4179,night_transaction;foreign_country,55,2026-03-09 00:53:04
5904,95373,3457,high_amount;night_transaction;foreign_country,60,2026-02-23 02:45:57
5905,95374,3809,risk_score_threshold,40,2026-02-02 16:48:00
5906,95413,4047,foreign_country,45,2026-05-17 21:40:31
5907,95421,1823,high_amount;night_transaction;foreign_country,75,2026-04-18 01:19:31
5908,95434,193,high_amount;night_transaction;foreign_country,75,2026-04-03 00:53:59
5909,95453,4041,risk_score_threshold,50,2026-06-21 14:59:05
5910,95459,2921,foreign_country,45,2026-01-30 06:26:42
5911,95464,2037,risk_score_threshold,65,2026-05-27 12:25:34
5912,95518,2958,high_amount;night_transaction;foreign_country,75,2026-01-05 03:43:50
5913,95621,4615,high_amount;foreign_country,90,2026-05-30 23:26:39
5914,95629,2822,foreign_country,40,2026-06-26 13:25:28
5915,95650,1195,high_amount;foreign_country,65,2026-04-28 23:39:48
5916,95683,2425,risk_score_threshold,65,2026-02-06 17:42:30
5917,95695,2382,foreign_country,45,2026-03-19 20:21:42
5918,95700,1903,foreign_country,45,2026-04-03 17:19:33
5919,95745,2849,high_amount;night_transaction;foreign_country,60,2026-06-22 02:16:10
5920,95752,1420,high_amount;night_transaction;foreign_country,75,2026-04-17 04:38:30
5921,95755,1309,risk_score_threshold,40,2026-03-17 08:59:33
5922,95758,2894,risk_score_threshold,40,2026-04-25 16:01:00
5923,95759,4020,high_amount;foreign_country,75,2026-06-05 22:33:04
5924,95762,4217,risk_score_threshold,40,2026-01-03 17:37:59
5925,95772,4118,risk_score_threshold,40,2026-01-12 20:39:09
5926,95811,61,foreign_country,45,2026-04-24 15:37:00
5927,95820,4478,risk_score_threshold,50,2026-04-26 18:50:37
5928,95849,1929,high_amount;night_transaction;foreign_country,75,2026-05-05 01:19:42
5929,95902,4111,risk_score_threshold,40,2026-01-06 07:06:41
5930,95914,3809,risk_score_threshold,65,2026-04-04 09:35:43
5931,95916,1042,foreign_country,70,2026-04-22 12:47:09
5932,95925,3282,high_amount;night_transaction;foreign_country,60,2026-01-28 05:54:39
5933,95931,4190,risk_score_threshold,50,2026-02-03 13:49:17
5934,95973,2107,risk_score_threshold,50,2026-03-17 14:41:21
5935,96003,704,foreign_country,45,2026-06-13 14:50:30
5936,96042,4552,high_amount;night_transaction;foreign_country,85,2026-01-31 01:56:59
5937,96048,2381,foreign_country,70,2026-05-14 21:27:06
5938,96054,2225,risk_score_threshold,65,2026-02-11 17:50:05
5939,96055,895,foreign_country,45,2026-06-24 17:09:52
5940,96061,2561,high_amount;night_transaction;foreign_country,75,2026-03-07 00:26:32
5941,96080,3170,high_amount;night_transaction;foreign_country,100,2026-04-02 04:25:28
5942,96122,106,foreign_country,45,2026-06-02 06:30:43
5943,96132,2312,high_amount;night_transaction;foreign_country,75,2026-02-01 04:35:10
5944,96138,4533,risk_score_threshold,65,2026-02-17 13:20:11
5945,96140,2325,risk_score_threshold,50,2026-03-11 09:12:41
5946,96148,4344,foreign_country,45,2026-06-16 17:19:59
5947,96154,86,foreign_country,70,2026-03-02 13:38:03
5948,96166,4478,risk_score_threshold,50,2026-02-16 15:12:34
5949,96168,1710,high_amount;night_transaction;foreign_country,75,2026-06-27 04:05:23
5950,96173,2806,high_amount;foreign_country,100,2026-01-01 23:24:06
5951,96188,869,high_amount;night_transaction;foreign_country,60,2026-01-06 03:19:46
5952,96189,4635,foreign_country,45,2026-04-23 10:25:36
5953,96191,2007,risk_score_threshold,40,2026-02-14 07:12:31
5954,96210,1881,risk_score_threshold,40,2026-03-29 17:02:57
5955,96223,2255,risk_score_threshold,50,2026-05-05 08:37:00
5956,96293,1253,night_transaction;foreign_country,45,2026-04-11 02:01:49
5957,96315,4057,foreign_country,45,2026-06-23 06:53:02
5958,96327,3818,risk_score_threshold,50,2026-05-25 10:01:26
5959,96336,4228,foreign_country,60,2026-02-26 13:10:23
5960,96349,1147,high_amount;night_transaction;foreign_country,100,2026-03-25 04:35:53
5961,96357,3060,high_amount;night_transaction;foreign_country,75,2026-04-25 03:25:25
5962,96370,1929,night_transaction;foreign_country,45,2026-03-10 03:22:10
5963,96377,3318,risk_score_threshold,65,2026-06-11 11:27:54
5964,96408,4303,foreign_country,45,2026-03-14 16:00:30
5965,96417,4617,risk_score_threshold,65,2026-01-05 11:57:44
5966,96418,3200,foreign_country,45,2026-03-10 13:53:24
5967,96422,4928,risk_score_threshold,40,2026-05-23 08:08:35
5968,96425,4540,risk_score_threshold,40,2026-06-01 17:39:45
5969,96484,2177,foreign_country,45,2026-04-19 13:24:26
5970,96497,2806,risk_score_threshold,40,2026-01-17 14:23:34
5971,96514,4122,high_amount;night_transaction;foreign_country,100,2026-01-29 00:03:21
5972,96530,3098,foreign_country,60,2026-03-14 19:16:21
5973,96549,1469,risk_score_threshold,65,2026-05-15 21:29:46
5974,96552,4946,risk_score_threshold,50,2026-04-24 08:02:12
5975,96555,713,risk_score_threshold,50,2026-05-27 07:20:55
5976,96575,624,foreign_country,70,2026-05-29 08:09:20
5977,96618,2121,high_amount;night_transaction;foreign_country,75,2026-01-02 00:13:51
5978,96625,551,risk_score_threshold,65,2026-05-18 08:41:15
5979,96637,4317,risk_score_threshold,40,2026-01-23 07:01:45
5980,96654,2079,risk_score_threshold,50,2026-02-15 07:30:21
5981,96657,4628,risk_score_threshold,50,2026-06-27 14:41:31
5982,96741,3790,high_amount;night_transaction;foreign_country,75,2026-01-11 00:54:19
5983,96745,4086,foreign_country,45,2026-04-11 07:42:06
5984,96765,3565,risk_score_threshold,65,2026-01-01 19:02:25
5985,96798,1789,risk_score_threshold,40,2026-01-18 18:08:06
5986,96814,2894,risk_score_threshold,50,2026-02-23 13:36:23
5987,96815,3389,risk_score_threshold,40,2026-05-23 21:37:50
5988,96844,4367,foreign_country,55,2026-06-17 17:44:26
5989,96849,4217,foreign_country,60,2026-03-04 06:56:02
5990,96894,1437,risk_score_threshold,40,2026-06-01 18:52:04
5991,96937,1789,foreign_country,85,2026-02-08 18:28:17
5992,96938,4146,risk_score_threshold,65,2026-06-24 15:12:27
5993,96949,4867,risk_score_threshold,50,2026-01-13 13:08:52
5994,96956,1672,risk_score_threshold,40,2026-01-30 21:06:46
5995,96960,30,foreign_country,45,2026-01-25 17:52:08
5996,96968,2633,foreign_country,40,2026-06-07 18:02:18
5997,97003,849,risk_score_threshold,40,2026-01-03 15:27:49
5998,97011,1422,risk_score_threshold,40,2026-04-17 12:58:33
5999,97013,2312,high_amount;night_transaction;foreign_country,75,2026-03-10 02:05:03
6000,97035,583,foreign_country,45,2026-04-28 06:54:07
6001,97049,2806,foreign_country,70,2026-06-17 13:42:44
6002,97052,3790,high_amount;night_transaction;foreign_country,60,2026-06-29 02:44:23
6003,97106,584,high_amount;foreign_country,90,2026-02-05 23:16:28
6004,97121,3417,foreign_country,45,2026-01-24 23:34:12
6005,97139,1795,high_amount;foreign_country,60,2026-03-30 22:39:27
6006,97145,1773,foreign_country,55,2026-02-06 17:23:51
6007,97168,1810,foreign_country,45,2026-05-11 20:25:26
6008,97198,2399,foreign_country,45,2026-04-17 22:30:58
6009,97202,4585,risk_score_threshold,40,2026-06-16 11:59:01
6010,97205,2975,high_amount;night_transaction;foreign_country,60,2026-05-27 01:27:02
6011,97210,4253,risk_score_threshold,40,2026-03-29 12:36:41
6012,97211,1761,high_amount;night_transaction;foreign_country,95,2026-03-18 05:05:07
6013,97214,4569,foreign_country,45,2026-05-28 14:50:08
6014,97230,2244,risk_score_threshold,50,2026-01-03 10:22:31
6015,97245,4041,risk_score_threshold,40,2026-03-26 08:43:07
6016,97266,430,risk_score_threshold,40,2026-05-29 11:40:28
6017,97289,2808,risk_score_threshold,50,2026-06-17 12:24:08
6018,97301,2200,foreign_country,45,2026-03-24 06:18:50
6019,97314,4705,risk_score_threshold,40,2026-04-26 07:58:13
6020,97345,708,risk_score_threshold,40,2026-01-13 22:43:50
6021,97356,4584,high_amount;night_transaction;foreign_country,85,2026-06-15 03:16:02
6022,97361,4432,foreign_country,45,2026-03-08 23:38:11
6023,97369,272,foreign_country,45,2026-02-18 08:11:06
6024,97392,1388,risk_score_threshold,50,2026-01-24 19:26:46
6025,97421,4427,foreign_country,45,2026-06-17 17:37:42
6026,97425,2437,risk_score_threshold,50,2026-02-23 13:11:29
6027,97427,457,risk_score_threshold,50,2026-04-20 10:42:51
6028,97431,4846,high_amount;night_transaction;foreign_country,75,2026-06-11 05:28:31
6029,97445,4146,high_amount;foreign_country,65,2026-01-26 22:41:01
6030,97469,397,risk_score_threshold,40,2026-05-03 09:45:19
6031,97478,3284,foreign_country,45,2026-06-15 20:20:05
6032,97490,254,risk_score_threshold,50,2026-04-10 21:22:00
6033,97524,3644,night_transaction;foreign_country,70,2026-05-24 04:57:19
6034,97551,4327,foreign_country,45,2026-01-10 17:48:25
6035,97583,2244,risk_score_threshold,50,2026-05-24 17:28:37
6036,97597,1876,foreign_country,85,2026-03-21 10:54:36
6037,97620,4111,risk_score_threshold,40,2026-05-22 15:43:53
6038,97630,992,night_transaction;foreign_country,45,2026-04-22 00:23:51
6039,97637,3640,risk_score_threshold,50,2026-03-12 06:10:59
6040,97666,2726,foreign_country,45,2026-05-09 14:54:58
6041,97668,3265,foreign_country,45,2026-03-16 22:27:07
6042,97678,1682,foreign_country,45,2026-03-29 08:50:34
6043,97683,3668,risk_score_threshold,40,2026-02-16 20:57:58
6044,97698,3242,risk_score_threshold,40,2026-03-27 18:23:22
6045,97715,1842,foreign_country,45,2026-01-06 22:27:43
6046,97726,3275,risk_score_threshold,40,2026-01-28 14:48:00
6047,97729,4628,risk_score_threshold,50,2026-02-16 16:14:52
6048,97743,3213,foreign_country,45,2026-05-19 16:18:31
6049,97748,4335,high_amount;foreign_country,65,2026-06-24 22:28:53
6050,97753,4251,foreign_country,45,2026-02-18 13:06:57
6051,97766,2255,high_amount;night_transaction;foreign_country,75,2026-01-25 02:40:55
6052,97796,685,foreign_country,45,2026-05-18 22:07:00
6053,97811,3104,risk_score_threshold,40,2026-01-16 20:09:23
6054,97814,2486,high_amount;night_transaction;foreign_country,100,2026-05-28 00:36:47
6055,97829,1995,high_amount;night_transaction;foreign_country,100,2026-02-12 01:13:32
6056,97838,2325,risk_score_threshold,50,2026-05-11 17:43:48
6057,97849,4311,foreign_country,45,2026-03-20 10:14:41
6058,97866,1864,foreign_country,45,2026-06-17 09:34:24
6059,97869,2372,risk_score_threshold,65,2026-02-24 23:33:53
6060,97905,1633,high_amount;night_transaction;foreign_country,85,2026-06-05 02:17:04
6061,97907,143,foreign_country,55,2026-03-06 19:35:32
6062,97959,4126,high_amount;foreign_country,65,2026-03-21 23:48:19
6063,97980,538,foreign_country,45,2026-04-08 06:10:14
6064,98016,4946,risk_score_threshold,40,2026-05-15 22:44:40
6065,98021,4780,high_amount;night_transaction;foreign_country,70,2026-01-26 02:13:26
6066,98063,2247,foreign_country,45,2026-03-09 11:57:28
6067,98067,4247,foreign_country,40,2026-04-06 20:07:22
6068,98082,2213,foreign_country,45,2026-06-24 21:45:59
6069,98103,942,foreign_country,40,2026-01-17 15:55:45
6070,98109,174,night_transaction;foreign_country,55,2026-06-23 01:37:20
6071,98116,932,risk_score_threshold,40,2026-02-11 23:09:38
6072,98138,4655,high_amount;night_transaction;foreign_country,100,2026-01-21 05:54:57
6073,98152,2704,high_amount;night_transaction;foreign_country,95,2026-02-02 01:40:43
6074,98153,3533,high_amount;night_transaction;foreign_country,60,2026-03-30 00:29:40
6075,98155,1457,high_amount;night_transaction;foreign_country,75,2026-02-18 00:41:15
6076,98160,2855,risk_score_threshold,40,2026-05-02 12:00:51
6077,98162,851,foreign_country,45,2026-03-02 16:38:04
6078,98164,3895,high_amount;night_transaction;foreign_country,75,2026-05-17 05:13:50
6079,98206,3739,risk_score_threshold,40,2026-04-08 15:05:35
6080,98226,1611,high_amount;night_transaction;foreign_country,75,2026-05-08 02:29:00
6081,98230,1629,risk_score_threshold,40,2026-05-10 23:33:59
6082,98233,4839,foreign_country,45,2026-02-24 13:35:27
6083,98240,3732,high_amount;foreign_country,90,2026-02-16 23:18:39
6084,98249,4166,risk_score_threshold,65,2026-05-04 17:02:31
6085,98255,4152,risk_score_threshold,65,2026-05-16 15:40:06
6086,98287,4422,risk_score_threshold,50,2026-03-04 17:01:20
6087,98307,2305,risk_score_threshold,40,2026-01-24 23:13:45
6088,98316,1253,foreign_country,70,2026-02-18 21:04:58
6089,98318,3318,risk_score_threshold,40,2026-04-12 09:10:29
6090,98358,3898,foreign_country,45,2026-01-04 18:47:32
6091,98362,2739,risk_score_threshold,50,2026-01-03 10:14:05
6092,98364,3791,risk_score_threshold,65,2026-04-07 22:02:59
6093,98380,195,risk_score_threshold,50,2026-03-05 22:47:48
6094,98409,702,high_amount;foreign_country,65,2026-02-04 23:24:10
6095,98417,3616,high_amount;night_transaction;foreign_country,75,2026-06-12 05:39:18
6096,98420,554,risk_score_threshold,40,2026-01-09 09:24:02
6097,98422,1351,foreign_country,60,2026-01-12 21:37:04
6098,98452,2928,foreign_country,45,2026-05-28 14:59:06
6099,98453,2142,high_amount;foreign_country,65,2026-02-25 23:18:12
6100,98462,1884,risk_score_threshold,50,2026-04-25 19:17:23
6101,98491,4894,high_amount;night_transaction;foreign_country,85,2026-04-16 03:16:12
6102,98499,1875,foreign_country,85,2026-02-14 07:10:05
6103,98533,301,foreign_country,45,2026-04-18 18:36:49
6104,98534,2992,high_amount;night_transaction;foreign_country,75,2026-02-18 04:25:50
6105,98581,3784,high_amount;night_transaction;foreign_country,85,2026-05-06 02:54:29
6106,98589,1508,high_amount;night_transaction;foreign_country,85,2026-04-05 02:10:11
6107,98595,1715,high_amount;night_transaction;foreign_country,75,2026-06-08 01:37:37
6108,98621,4217,foreign_country,70,2026-05-04 10:37:41
6109,98627,4247,foreign_country,55,2026-06-14 11:46:57
6110,98638,4567,foreign_country,45,2026-06-20 11:16:33
6111,98679,88,high_amount;night_transaction;foreign_country,85,2026-04-17 00:01:22
6112,98768,4734,high_amount;night_transaction;foreign_country,70,2026-04-12 01:26:10
6113,98770,2679,high_amount;night_transaction;foreign_country,60,2026-03-23 03:27:18
6114,98771,1522,risk_score_threshold,50,2026-01-28 19:28:49
6115,98772,3739,risk_score_threshold,50,2026-03-13 23:11:49
6116,98782,4030,foreign_country,45,2026-01-26 20:24:43
6117,98827,2340,foreign_country,45,2026-06-02 17:43:41
6118,98830,4255,high_amount;foreign_country,100,2026-06-15 23:39:50
6119,98844,2124,high_amount;night_transaction;foreign_country,60,2026-04-28 01:34:45
6120,98846,2619,high_amount;foreign_country,65,2026-02-24 23:24:45
6121,98850,4705,risk_score_threshold,65,2026-06-10 08:53:47
6122,98881,2079,foreign_country,70,2026-01-28 23:32:52
6123,98882,1718,risk_score_threshold,40,2026-06-10 10:19:01
6124,98912,4228,risk_score_threshold,50,2026-02-10 13:16:21
6125,98956,4166,risk_score_threshold,40,2026-01-02 07:46:33
6126,98971,2175,risk_score_threshold,65,2026-01-14 18:37:42
6127,99013,774,high_amount;foreign_country,65,2026-04-29 23:16:13
6128,99021,4571,foreign_country,45,2026-04-29 10:30:40
6129,99068,2545,high_amount;night_transaction;foreign_country,75,2026-01-25 03:37:15
6130,99088,2806,risk_score_threshold,40,2026-04-25 17:31:59
6131,99089,4225,high_amount;foreign_country,50,2026-02-14 23:33:53
6132,99090,335,foreign_country,45,2026-01-16 12:05:41
6133,99109,2573,night_transaction;foreign_country,45,2026-06-29 04:09:16
6134,99124,971,high_amount;night_transaction;foreign_country,75,2026-04-17 01:56:57
6135,99141,2319,risk_score_threshold,40,2026-03-03 21:39:29
6136,99145,1441,night_transaction;foreign_country,45,2026-06-27 02:58:41
6137,99160,4926,risk_score_threshold,40,2026-04-14 09:21:27
6138,99178,1737,foreign_country,45,2026-01-16 18:21:37
6139,99185,4086,foreign_country,45,2026-05-11 21:19:22
6140,99202,25,high_amount;foreign_country,65,2026-04-16 23:26:58
6141,99208,4118,risk_score_threshold,40,2026-06-05 11:24:17
6142,99209,456,high_amount;night_transaction;foreign_country,70,2026-02-13 00:16:25
6143,99228,2869,risk_score_threshold,50,2026-06-17 12:47:56
6144,99247,4596,foreign_country,45,2026-06-05 19:35:37
6145,99249,3668,foreign_country,60,2026-05-03 06:30:07
6146,99260,990,foreign_country,45,2026-01-27 10:53:27
6147,99287,3476,risk_score_threshold,40,2026-01-20 08:00:12
6148,99292,4761,foreign_country,45,2026-04-04 10:38:27
6149,99338,1766,foreign_country,70,2026-03-18 15:45:05
6150,99365,1718,high_amount;night_transaction;foreign_country,100,2026-02-20 05:25:40
6151,99385,3351,high_amount;night_transaction;foreign_country,85,2026-05-07 03:12:28
6152,99422,1154,risk_score_threshold,40,2026-04-27 17:12:07
6153,99426,3680,risk_score_threshold,50,2026-04-30 18:46:10
6154,99472,4786,high_amount;night_transaction;foreign_country,60,2026-01-09 02:59:10
6155,99481,1212,high_amount;night_transaction;foreign_country,75,2026-06-11 00:17:09
6156,99490,3731,risk_score_threshold,40,2026-04-15 20:23:23
6157,99495,4134,high_amount;night_transaction;foreign_country,75,2026-01-28 02:32:42
6158,99516,1905,high_amount;foreign_country,75,2026-04-01 23:38:06
6159,99517,4304,high_amount;night_transaction;foreign_country,100,2026-02-13 03:42:14
6160,99519,385,risk_score_threshold,65,2026-05-13 22:48:00
6161,99521,4478,risk_score_threshold,40,2026-06-04 10:26:19
6162,99526,4122,high_amount;night_transaction;foreign_country,100,2026-04-09 04:03:02
6163,99549,4585,risk_score_threshold,65,2026-02-15 09:55:32
6164,99571,4616,night_transaction;foreign_country,70,2026-03-06 04:51:40
6165,99576,3784,high_amount;foreign_country,60,2026-04-18 22:14:34
6166,99578,3879,risk_score_threshold,40,2026-06-23 08:26:01
6167,99628,2468,high_amount;night_transaction;foreign_country,60,2026-06-06 04:12:43
6168,99639,4276,risk_score_threshold,50,2026-05-25 15:34:56
6169,99655,551,risk_score_threshold,40,2026-04-29 10:42:59
6170,99660,402,high_amount;night_transaction;foreign_country,75,2026-03-14 01:23:11
6171,99686,4533,foreign_country,60,2026-05-10 23:00:02
6172,99703,251,risk_score_threshold,65,2026-03-01 12:13:50
6173,99710,1435,high_amount;night_transaction;foreign_country,75,2026-06-03 01:01:24
6174,99720,950,high_amount;night_transaction;foreign_country,100,2026-01-10 05:49:31
6175,99738,4427,high_amount;night_transaction;foreign_country,60,2026-01-01 05:00:07
6176,99746,1128,risk_score_threshold,50,2026-01-15 16:35:29
6177,99748,4259,foreign_country,45,2026-06-13 11:19:18
6178,99752,931,risk_score_threshold,50,2026-06-12 07:49:06
6179,99754,1504,high_amount;night_transaction;foreign_country,60,2026-02-15 05:18:17
6180,99759,962,foreign_country,45,2026-05-23 21:46:02
6181,99790,2612,high_amount;foreign_country,75,2026-04-28 22:20:29
6182,99835,94,risk_score_threshold,50,2026-01-03 11:59:43
6183,99843,1206,high_amount;foreign_country,75,2026-03-08 23:38:56
6184,99851,818,night_transaction;foreign_country,55,2026-01-25 00:24:04
6185,99897,1732,foreign_country,45,2026-03-08 08:06:32
6186,99916,1920,risk_score_threshold,40,2026-01-20 17:46:28
6187,99923,700,foreign_country,45,2026-06-10 19:47:49
6188,99932,1800,night_transaction;foreign_country,45,2026-02-28 02:56:55
6189,99934,2172,high_amount;night_transaction;foreign_country,75,2026-04-19 03:01:16
6190,99940,107,foreign_country,45,2026-02-26 15:25:59
6191,99942,4774,risk_score_threshold,50,2026-05-31 10:43:06
6192,99975,4029,foreign_country,45,2026-01-07 23:06:54
6193,99980,2167,high_amount;night_transaction;foreign_country,85,2026-04-03 05:20:35
6194,99994,4247,foreign_country,55,2026-01-25 08:33:02
