card_id,customer_id,card_type,card_status,daily_limit
90001,475,debit,active,5000
90002,822,debit,active,3000
90003,4203,credit,active,5000
90004,2290,credit,active,1500
90005,3130,debit,active,500
90006,2139,debit,active,1500
90007,2187,debit,active,500
90008,1513,credit,active,1000
90009,3189,debit,active,5000
90010,3946,credit,active,3000
90011,3956,debit,active,500
90012,3456,credit,active,5000
90013,1944,credit,active,5000
90014,3058,debit,active,3000
90015,539,credit,active,500
90016,4088,debit,active,5000
90017,4289,credit,active,1500
90018,844,credit,active,1000
90019,367,debit,active,1000
90020,3172,credit,active,3000
90021,2103,credit,active,500
90022,4824,debit,active,1500
90023,1890,debit,active,1500
90024,4663,debit,flagged,3000
90025,127,debit,active,1500
90026,938,credit,active,500
90027,4525,debit,active,1500
90028,4577,debit,active,5000
90029,1165,credit,active,500
90030,3788,credit,active,1500
90031,2021,debit,active,3000
90032,1135,credit,flagged,3000
90033,29,debit,active,3000
90034,4681,debit,active,5000
90035,3732,credit,active,5000
90036,86,debit,active,5000
90037,1900,debit,active,1500
90038,4467,debit,active,1500
90039,1574,debit,active,1500
90040,3676,debit,active,1500
90041,692,credit,active,1500
90042,3092,debit,active,1500
90043,1001,debit,active,500
90044,2493,debit,active,500
90045,1234,debit,active,5000
90046,2707,credit,active,5000
90047,3951,debit,active,1500
90048,4939,credit,active,3000
90049,668,credit,active,1000
90050,268,credit,active,3000
90051,467,credit,active,1500
90052,3130,debit,active,3000
90053,2076,debit,active,5000
90054,4839,credit,active,3000
90055,3156,credit,active,5000
90056,3716,credit,active,3000
90057,497,debit,active,1000
90058,2541,credit,flagged,5000
90059,3728,debit,active,3000
90060,1937,debit,active,1000
90061,2165,credit,active,3000
90062,2731,credit,active,1500
90063,2788,debit,active,1500
90064,4447,credit,active,500
90065,4806,credit,active,3000
90066,1780,debit,active,1500
90067,3171,debit,active,1500
90068,1329,credit,active,5000
90069,4782,credit,active,1500
90070,3911,credit,active,500
90071,881,debit,active,5000
90072,3873,credit,active,3000
90073,2966,credit,active,1500
90074,3427,credit,active,5000
90075,4631,credit,active,3000
90076,4724,debit,active,1500
90077,2199,debit,active,5000
90078,86,credit,flagged,3000
90079,4329,credit,active,500
90080,3555,credit,active,5000
90081,1491,credit,active,5000
90082,1084,credit,active,3000
90083,277,credit,active,3000
90084,3597,credit,active,1000
90085,4666,credit,active,1000
90086,4072,credit,active,3000
90087,572,debit,active,3000
90088,1953,credit,active,5000
90089,4892,credit,active,500
90090,3334,debit,active,1000
90091,1900,debit,active,1000
90092,426,debit,active,5000
90093,1883,credit,active,500
90094,3287,debit,active,3000
90095,4637,credit,active,500
90096,3268,credit,active,1000
90097,2794,credit,active,3000
90098,2647,debit,active,500
90099,1119,credit,active,500
90100,271,credit,active,1500
90101,2080,credit,active,3000
90102,2791,debit,active,5000
90103,4263,debit,active,1500
90104,2868,credit,active,5000
90105,53,credit,active,3000
90106,3361,credit,flagged,1500
90107,2729,debit,active,3000
90108,4511,credit,active,500
90109,1479,debit,active,5000
90110,1066,debit,active,500
90111,3937,debit,active,500
90112,2671,credit,flagged,1000
90113,4849,debit,active,3000
90114,4636,credit,active,5000
90115,4072,debit,active,500
90116,2062,debit,active,5000
90117,2968,credit,active,500
90118,3883,credit,active,500
90119,3499,debit,active,1000
90120,4440,debit,active,500
90121,2656,debit,active,1000
90122,4318,credit,active,500
90123,1230,debit,active,1000
90124,30,debit,active,3000
90125,2957,credit,active,1500
90126,548,credit,active,3000
90127,1127,debit,active,1500
90128,3325,credit,active,3000
90129,2618,debit,active,1500
90130,1402,credit,active,5000
90131,3665,credit,active,500
90132,1883,credit,active,5000
90133,2799,credit,active,1000
90134,1653,debit,active,1500
90135,4159,credit,active,1000
90136,4550,debit,active,500
90137,3492,debit,active,1500
90138,2750,credit,flagged,1000
90139,1877,debit,active,500
90140,2195,credit,active,500
90141,3771,debit,active,500
90142,876,credit,active,3000
90143,1084,debit,active,1500
90144,604,debit,active,5000
90145,1268,credit,active,1000
90146,1224,credit,active,1500
90147,4714,debit,active,5000
90148,2790,debit,active,500
90149,2816,credit,active,500
90150,634,credit,active,5000
90151,3635,debit,active,1000
90152,159,credit,active,3000
90153,2480,debit,blocked,1500
90154,1504,credit,active,3000
90155,1952,credit,active,1000
90156,2834,debit,active,5000
90157,1948,debit,active,5000
90158,3849,credit,active,3000
90159,3778,credit,active,1500
90160,2434,debit,active,1000
90161,2807,credit,active,3000
90162,4251,credit,active,3000
90163,2965,credit,active,3000
90164,2519,debit,active,500
90165,1284,debit,active,1000
90166,2214,debit,active,1000
90167,2401,credit,active,3000
90168,415,debit,active,5000
90169,2352,debit,active,3000
90170,2903,credit,active,3000
90171,1045,credit,active,3000
90172,3129,debit,active,1500
90173,4866,debit,active,1000
90174,3380,debit,active,500
90175,2199,debit,active,1500
90176,1215,credit,active,500
90177,3770,debit,active,3000
90178,2546,debit,active,1500
90179,3450,debit,active,500
90180,4274,credit,active,5000
90181,1825,debit,flagged,5000
90182,4322,credit,active,1500
90183,1341,debit,active,1000
90184,2647,credit,active,3000
90185,3905,debit,flagged,1000
90186,4876,debit,active,1000
90187,3534,debit,active,3000
90188,1936,credit,active,500
90189,1662,debit,active,500
90190,4708,debit,active,500
90191,3542,credit,active,3000
90192,554,credit,active,3000
90193,4123,credit,active,1500
90194,2606,credit,active,500
90195,2328,debit,active,500
90196,3282,credit,active,500
90197,3547,credit,flagged,1500
90198,4677,debit,active,1500
90199,1894,credit,active,1500
90200,2618,debit,active,5000
90201,1501,credit,active,3000
90202,4571,debit,active,1000
90203,2033,debit,active,1000
90204,162,credit,active,1500
90205,2037,debit,active,1000
90206,3467,credit,active,1000
90207,1250,credit,active,1500
90208,178,credit,active,3000
90209,1289,debit,active,1500
90210,368,credit,active,3000
90211,395,debit,active,1000
90212,2676,debit,active,3000
90213,736,credit,flagged,1500
90214,4378,credit,active,5000
90215,2186,debit,active,1000
90216,2451,credit,active,500
90217,645,debit,active,1500
90218,718,debit,active,5000
90219,292,credit,active,500
90220,4804,debit,active,1500
90221,175,credit,active,1000
90222,2541,credit,active,500
90223,3854,debit,active,3000
90224,2573,credit,active,500
90225,3214,credit,active,1000
90226,4219,debit,flagged,3000
90227,2016,debit,active,3000
90228,986,credit,active,500
90229,4395,credit,active,3000
90230,1946,credit,active,500
90231,3754,credit,active,1500
90232,341,credit,active,1500
90233,4974,credit,active,1500
90234,3441,credit,active,500
90235,2508,debit,active,3000
90236,197,debit,active,5000
90237,311,debit,active,1500
90238,3421,debit,active,1000
90239,4915,debit,active,5000
90240,4297,debit,active,1000
90241,314,credit,active,3000
90242,939,credit,active,5000
90243,4285,debit,active,5000
90244,3876,credit,active,1500
90245,3445,debit,blocked,500
90246,4844,credit,active,3000
90247,4562,debit,active,1000
90248,4293,debit,active,1000
90249,4000,debit,active,5000
90250,920,credit,active,1000
90251,3753,debit,active,1500
90252,146,credit,active,500
90253,4371,debit,active,3000
90254,4946,credit,flagged,5000
90255,4903,credit,active,1500
90256,2840,credit,active,1000
90257,3373,credit,active,1500
90258,3175,credit,active,500
90259,3562,credit,active,3000
90260,3682,credit,active,5000
90261,2766,credit,active,500
90262,3482,credit,active,500
90263,2877,credit,active,1000
90264,2488,debit,active,500
90265,4127,debit,active,3000
90266,1717,debit,active,500
90267,1104,credit,active,1500
90268,3511,credit,active,1000
90269,1968,credit,active,3000
90270,1983,debit,active,500
90271,3101,credit,active,3000
90272,887,debit,active,500
90273,3041,credit,active,1000
90274,104,debit,active,500
90275,1135,credit,flagged,1500
90276,2761,credit,active,500
90277,2803,credit,active,500
90278,4156,debit,active,5000
90279,4511,debit,active,3000
90280,3289,credit,active,5000
90281,3919,debit,active,500
90282,3210,debit,active,1500
90283,2038,debit,active,500
90284,226,debit,active,1500
90285,1831,credit,active,1500
90286,1852,debit,active,1500
90287,872,credit,blocked,5000
90288,3382,credit,blocked,3000
90289,3175,debit,active,3000
90290,1595,credit,active,5000
90291,3094,debit,active,1000
90292,3706,credit,active,500
90293,35,debit,active,500
90294,1063,debit,active,1500
90295,320,credit,active,3000
90296,3700,debit,active,500
90297,3023,debit,active,500
90298,4232,debit,active,5000
90299,99,credit,active,3000
90300,3534,debit,active,500
90301,1473,debit,active,3000
90302,4319,credit,active,3000
90303,276,credit,active,3000
90304,680,credit,active,3000
90305,2646,credit,active,1000
90306,122,debit,active,1500
90307,4550,debit,active,5000
90308,3219,debit,active,1000
90309,3781,debit,active,1500
90310,3007,debit,active,500
90311,901,debit,active,3000
90312,3119,debit,active,500
90313,4951,debit,active,3000
90314,53,credit,active,1500
90315,3721,debit,active,5000
90316,1017,debit,active,5000
90317,1026,credit,active,3000
90318,4910,debit,active,3000
90319,3353,debit,active,500
90320,1806,credit,active,500
90321,1623,debit,active,500
90322,4607,debit,active,1500
90323,704,debit,active,500
90324,3645,debit,active,3000
90325,316,credit,active,5000
90326,2252,debit,active,3000
90327,3713,debit,active,5000
90328,3759,debit,active,1000
90329,857,credit,active,1500
90330,3193,credit,active,1000
90331,1250,credit,active,3000
90332,4913,credit,active,3000
90333,2194,debit,active,3000
90334,2176,credit,active,5000
90335,4303,credit,active,1000
90336,2023,debit,active,3000
90337,2367,debit,active,3000
90338,2462,debit,active,3000
90339,139,debit,active,3000
90340,2873,debit,flagged,5000
90341,373,credit,active,3000
90342,1978,debit,active,500
90343,666,debit,blocked,5000
90344,3327,credit,active,500
90345,1358,credit,active,500
90346,3183,credit,active,1500
90347,3612,credit,flagged,3000
90348,3801,credit,active,3000
90349,4784,credit,active,5000
90350,569,credit,active,1000
90351,3321,debit,active,500
90352,3736,credit,active,500
90353,3642,credit,flagged,1000
90354,3937,credit,active,1500
90355,4879,debit,active,500
90356,3639,debit,active,500
90357,3624,debit,active,3000
90358,427,debit,active,500
90359,1395,debit,active,1500
90360,706,credit,active,5000
90361,3465,credit,active,1000
90362,1912,credit,active,3000
90363,2806,credit,flagged,1000
90364,4650,debit,active,500
90365,1730,debit,active,500
90366,454,credit,active,5000
90367,4781,debit,active,3000
90368,2851,debit,active,500
90369,3913,credit,active,3000
90370,1774,credit,active,1000
90371,2237,credit,active,1000
90372,1607,credit,active,3000
90373,2700,debit,active,1000
90374,3926,credit,active,500
90375,2137,debit,blocked,1000
90376,2241,debit,active,3000
90377,4989,credit,active,500
90378,3527,debit,active,5000
90379,830,credit,active,1500
90380,3789,debit,active,500
90381,3184,debit,active,3000
90382,4813,debit,active,1500
90383,2155,credit,active,1000
90384,4855,credit,active,1500
90385,2685,credit,active,1000
90386,4910,debit,active,1000
90387,3895,debit,active,3000
90388,3257,debit,active,1000
90389,4951,debit,active,5000
90390,1423,credit,flagged,500
90391,393,debit,active,500
90392,454,debit,active,3000
90393,605,credit,active,5000
90394,3766,debit,active,1500
90395,4213,debit,active,500
90396,1893,debit,active,5000
90397,4195,debit,active,1000
90398,4349,credit,active,3000
90399,4694,debit,active,5000
90400,3317,credit,active,1000
90401,603,debit,active,1500
90402,4336,debit,active,3000
90403,2008,credit,active,1500
90404,2597,credit,active,1000
90405,1036,debit,active,5000
90406,4481,debit,active,500
90407,3365,debit,active,5000
90408,3258,credit,active,3000
90409,518,debit,active,1000
90410,1554,credit,active,500
90411,3575,debit,active,1000
90412,2596,debit,active,3000
90413,3560,credit,active,1000
90414,1208,debit,active,500
90415,4683,debit,active,1500
90416,1147,debit,active,3000
90417,3721,debit,active,5000
90418,1970,credit,active,5000
90419,4651,credit,active,1000
90420,1528,credit,active,5000
90421,3396,credit,active,5000
90422,2281,debit,active,3000
90423,4442,credit,active,500
90424,610,credit,active,1000
90425,1809,debit,active,500
90426,4957,debit,active,3000
90427,3924,debit,active,1500
90428,2849,debit,active,3000
90429,1368,credit,active,5000
90430,428,debit,active,5000
90431,803,debit,active,1500
90432,3197,debit,active,500
90433,3379,debit,active,3000
90434,3239,debit,active,1000
90435,2655,credit,active,500
90436,1436,credit,active,5000
90437,4829,credit,active,1000
90438,3731,debit,active,1500
90439,4005,credit,active,500
90440,4623,debit,active,3000
90441,2208,debit,active,3000
90442,1775,credit,flagged,3000
90443,98,debit,active,3000
90444,1216,credit,active,3000
90445,3532,debit,active,1500
90446,4552,credit,active,1000
90447,1682,debit,active,500
90448,4449,debit,active,1000
90449,263,debit,active,1000
90450,2071,debit,active,1000
90451,1404,debit,active,3000
90452,4274,debit,active,3000
90453,1881,credit,flagged,1500
90454,4463,credit,active,500
90455,3867,debit,active,5000
90456,3680,debit,active,1000
90457,4463,credit,active,500
90458,3579,debit,active,3000
90459,1715,credit,active,1000
90460,2681,credit,active,500
90461,151,credit,active,500
90462,4205,debit,active,5000
90463,2097,debit,active,1000
90464,1704,debit,active,3000
90465,88,credit,active,1000
90466,2640,debit,active,5000
90467,1892,debit,active,1000
90468,2226,debit,active,1500
90469,1618,credit,active,1000
90470,4705,debit,flagged,5000
90471,1160,debit,active,500
90472,3405,credit,active,3000
90473,3493,credit,active,3000
90474,2504,debit,active,500
90475,2083,credit,active,1500
90476,527,debit,active,3000
90477,3203,credit,active,500
90478,251,credit,active,1500
90479,4525,debit,active,500
90480,4013,credit,active,5000
90481,3383,debit,active,5000
90482,1062,credit,active,1500
90483,50,credit,active,5000
90484,3342,credit,active,1000
90485,1001,credit,active,1500
90486,3052,debit,active,1000
90487,1091,debit,active,5000
90488,1582,credit,active,1500
90489,1926,credit,active,500
90490,2508,credit,blocked,1000
90491,2785,debit,active,500
90492,873,debit,active,1500
90493,1304,credit,active,3000
90494,1488,credit,active,5000
90495,4524,debit,active,1000
90496,676,credit,active,5000
90497,154,debit,active,1500
90498,4372,debit,active,5000
90499,3858,debit,active,3000
90500,553,credit,active,1000
90501,1459,debit,active,1500
90502,2417,credit,active,1000
90503,371,credit,active,1500
90504,4617,credit,active,3000
90505,4063,debit,active,1000
90506,3680,debit,active,1500
90507,2715,credit,active,1000
90508,3623,credit,active,500
90509,719,credit,active,5000
90510,2922,credit,active,500
90511,894,credit,active,1000
90512,1488,debit,active,1000
90513,3105,credit,active,5000
90514,1604,credit,active,500
90515,1065,debit,active,3000
90516,2301,credit,active,500
90517,2019,credit,active,5000
90518,1038,credit,active,1500
90519,3228,debit,active,1000
90520,1731,credit,active,5000
90521,2890,debit,active,5000
90522,4196,credit,active,500
90523,4474,credit,active,5000
90524,3830,credit,active,500
90525,4657,debit,active,3000
90526,1944,credit,active,5000
90527,4771,credit,active,1500
90528,3790,credit,active,1500
90529,2271,debit,active,500
90530,3702,credit,active,1000
90531,3491,debit,active,1500
90532,2334,debit,active,3000
90533,2906,debit,active,500
90534,2123,debit,active,5000
90535,1715,credit,flagged,5000
90536,444,credit,active,5000
90537,3516,credit,active,1500
90538,3691,debit,active,3000
90539,2703,credit,active,5000
90540,591,credit,active,1500
90541,1787,credit,active,3000
90542,1725,debit,blocked,500
90543,3818,credit,flagged,500
90544,1584,credit,active,500
90545,4030,debit,active,1000
90546,1218,debit,active,5000
90547,2635,credit,active,1000
90548,3349,credit,active,5000
90549,2729,debit,active,1000
90550,713,debit,active,3000
90551,2581,debit,active,1000
90552,2569,credit,active,1500
90553,3691,debit,active,500
90554,1544,debit,flagged,1000
90555,2195,credit,active,1500
90556,3473,credit,active,5000
90557,1991,credit,active,1500
90558,3699,debit,active,1000
90559,302,debit,active,3000
90560,2061,debit,active,1500
90561,2175,credit,active,3000
90562,3209,debit,active,500
90563,4514,debit,active,5000
90564,764,debit,active,500
90565,3429,credit,active,3000
90566,847,debit,active,1000
90567,4433,debit,active,500
90568,2988,credit,active,3000
90569,4567,credit,active,500
90570,2103,credit,active,1500
90571,4757,credit,active,3000
90572,1739,credit,active,3000
90573,4084,credit,active,5000
90574,2553,debit,active,1000
90575,3999,credit,active,1000
90576,4724,debit,active,3000
90577,290,debit,active,1000
90578,3280,credit,active,1000
90579,3475,debit,active,1000
90580,1227,debit,active,1500
90581,2763,debit,active,3000
90582,4961,debit,active,3000
90583,195,debit,flagged,500
90584,1415,debit,active,5000
90585,1711,credit,active,500
90586,3745,credit,active,1000
90587,939,credit,active,500
90588,4516,debit,active,1000
90589,4819,debit,active,1000
90590,4735,credit,active,5000
90591,1202,debit,active,1500
90592,1838,debit,active,1000
90593,1420,credit,active,500
90594,4582,debit,active,5000
90595,1911,credit,active,1500
90596,1490,credit,active,1500
90597,2344,credit,active,5000
90598,4387,credit,active,5000
90599,1191,debit,active,1000
90600,1301,debit,flagged,1000
90601,3453,debit,active,1500
90602,3408,credit,active,5000
90603,2655,debit,active,1500
90604,4023,credit,active,5000
90605,3416,debit,active,1500
90606,3605,debit,active,1500
90607,2807,debit,active,1000
90608,3712,credit,active,3000
90609,4054,credit,active,500
90610,4965,credit,active,3000
90611,3835,credit,active,500
90612,3556,debit,active,5000
90613,4211,credit,flagged,1000
90614,4471,credit,active,5000
90615,503,debit,active,1000
90616,3286,debit,active,3000
90617,2107,debit,active,500
90618,2799,debit,active,500
90619,4227,credit,active,3000
90620,3259,debit,active,500
90621,3289,credit,active,3000
90622,4729,credit,active,1000
90623,3820,debit,active,1000
90624,2151,debit,active,1500
90625,1952,credit,active,1500
90626,682,credit,active,500
90627,4726,debit,flagged,5000
90628,2144,debit,active,500
90629,971,credit,active,5000
90630,3280,credit,active,500
90631,3007,debit,active,3000
90632,848,debit,active,1500
90633,477,credit,active,3000
90634,4489,credit,active,5000
90635,3108,credit,active,1500
90636,3378,debit,active,1500
90637,552,debit,active,5000
90638,5,debit,active,500
90639,870,credit,active,1500
90640,231,debit,active,500
90641,1218,credit,active,5000
90642,3880,debit,active,1000
90643,1439,debit,active,1000
90644,3856,credit,active,5000
90645,3878,credit,active,1500
90646,1885,credit,active,3000
90647,2534,credit,active,1000
90648,2839,debit,active,5000
90649,2113,debit,active,500
90650,3314,credit,active,1000
90651,3612,credit,active,1500
90652,762,debit,active,5000
90653,1883,credit,active,3000
90654,4698,credit,active,500
90655,3087,debit,active,1500
90656,2814,credit,active,3000
90657,2468,debit,active,5000
90658,2444,credit,active,500
90659,2254,credit,active,500
90660,4224,debit,active,1500
90661,4124,credit,active,500
90662,2913,credit,active,1500
90663,220,credit,active,1500
90664,3063,debit,active,3000
90665,4843,debit,active,500
90666,742,debit,active,5000
90667,3047,debit,flagged,1500
90668,3362,credit,active,5000
90669,4538,credit,active,1000
90670,626,debit,active,5000
90671,3376,debit,active,1000
90672,429,credit,active,1000
90673,2253,debit,active,500
90674,1280,debit,active,3000
90675,2169,debit,active,3000
90676,1100,debit,active,1500
90677,2429,debit,active,5000
90678,3968,debit,active,1000
90679,527,credit,active,1500
90680,4988,credit,active,3000
90681,41,credit,active,1000
90682,3733,debit,active,5000
90683,2065,credit,flagged,1000
90684,661,credit,active,3000
90685,1501,credit,active,500
90686,2224,credit,active,5000
90687,1483,credit,active,3000
90688,4125,credit,active,5000
90689,4299,credit,flagged,1500
90690,2402,credit,active,1500
90691,3703,credit,flagged,1000
90692,2275,debit,active,5000
90693,1116,debit,active,500
90694,2690,credit,active,3000
90695,2727,debit,flagged,5000
90696,1711,credit,active,1000
90697,4227,debit,active,1500
90698,4326,credit,active,3000
90699,4949,debit,active,1500
90700,3336,debit,active,500
90701,2951,credit,active,3000
90702,1115,debit,active,1000
90703,509,credit,active,3000
90704,2747,credit,active,1500
90705,1902,debit,active,1000
90706,1070,credit,active,1500
90707,1977,debit,active,3000
90708,1444,credit,active,3000
90709,1327,credit,active,1500
90710,3428,debit,active,500
90711,1066,debit,active,500
90712,4027,debit,active,3000
90713,4421,debit,active,3000
90714,636,credit,active,1500
90715,2841,credit,active,3000
90716,1898,credit,active,1500
90717,655,debit,active,5000
90718,4279,debit,active,500
90719,1404,credit,active,500
90720,2590,credit,active,5000
90721,4309,credit,active,5000
90722,1281,credit,active,500
90723,2690,debit,active,500
90724,1805,debit,active,5000
90725,4551,credit,active,1000
90726,1718,debit,active,1000
90727,3544,credit,active,1500
90728,1039,credit,active,3000
90729,4466,credit,active,5000
90730,2769,debit,active,5000
90731,3791,credit,flagged,1000
90732,1226,debit,active,3000
90733,3677,debit,active,3000
90734,656,debit,active,5000
90735,1865,debit,active,1500
90736,3017,credit,active,3000
90737,1422,debit,flagged,1000
90738,3711,credit,active,500
90739,459,credit,active,1500
90740,4348,credit,active,3000
90741,1789,debit,flagged,3000
90742,1808,debit,active,1500
90743,3672,debit,active,1000
90744,2086,debit,active,1000
90745,2713,credit,active,3000
90746,4270,debit,flagged,3000
90747,3754,debit,active,500
90748,3405,credit,flagged,5000
90749,567,credit,active,3000
90750,2339,credit,active,3000
90751,1908,credit,active,1500
90752,3114,debit,active,1500
90753,4219,credit,active,3000
90754,4092,debit,active,1000
90755,578,debit,active,5000
90756,2706,credit,active,3000
90757,238,debit,active,3000
90758,1325,debit,active,1500
90759,2563,credit,flagged,3000
90760,2250,debit,active,500
90761,4548,credit,active,500
90762,1055,debit,active,1000
90763,4718,debit,active,1000
90764,4134,credit,active,3000
90765,1178,debit,active,3000
90766,4504,debit,active,5000
90767,621,debit,active,500
90768,959,credit,active,1000
90769,3745,credit,active,1000
90770,2672,credit,active,1000
90771,3686,credit,active,3000
90772,581,credit,active,1500
90773,4982,credit,active,1500
90774,3791,credit,active,3000
90775,2791,credit,active,1500
90776,3014,debit,active,1500
90777,1967,credit,active,500
90778,3630,debit,active,1500
90779,2345,debit,active,5000
90780,2827,debit,active,1000
90781,3007,debit,active,500
90782,3713,debit,active,500
90783,3231,credit,active,500
90784,5000,debit,active,1500
90785,4026,credit,active,1500
90786,1221,debit,active,500
90787,1111,credit,active,5000
90788,2147,credit,active,5000
90789,4481,debit,active,500
90790,1545,credit,active,1000
90791,1412,debit,active,1500
90792,2341,debit,active,1000
90793,4774,debit,blocked,3000
90794,1914,credit,active,500
90795,4718,credit,active,500
90796,4520,debit,active,1000
90797,2897,credit,active,5000
90798,4655,debit,active,1500
90799,3920,credit,active,1000
90800,1261,credit,active,500
90801,708,debit,flagged,500
90802,1671,credit,active,1000
90803,2147,credit,active,1000
90804,1756,credit,active,3000
90805,3503,credit,active,3000
90806,1960,credit,active,500
90807,955,debit,active,1000
90808,708,debit,active,1000
90809,324,debit,active,1500
90810,4592,debit,active,5000
90811,4935,debit,active,5000
90812,576,credit,active,1500
90813,2953,debit,active,5000
90814,883,debit,active,500
90815,1778,debit,active,5000
90816,1695,debit,active,1000
90817,1913,credit,active,3000
90818,4007,debit,blocked,500
90819,3968,debit,active,1000
90820,4489,debit,active,5000
90821,3926,credit,active,500
90822,918,debit,active,1000
90823,188,debit,active,1500
90824,4854,credit,active,3000
90825,628,credit,active,3000
90826,3202,credit,active,3000
90827,3718,credit,active,1000
90828,2934,credit,active,500
90829,3092,debit,active,500
90830,1605,credit,flagged,5000
90831,630,debit,active,500
90832,2585,credit,flagged,500
90833,1540,credit,active,1000
90834,496,credit,active,3000
90835,187,debit,active,5000
90836,2302,credit,active,3000
90837,3254,debit,active,1000
90838,2031,debit,active,500
90839,240,credit,active,1500
90840,4284,debit,active,5000
90841,4059,debit,active,500
90842,4583,credit,active,1000
90843,1772,credit,active,500
90844,3328,credit,active,3000
90845,2402,credit,active,5000
90846,4311,debit,active,1000
90847,1994,credit,active,500
90848,4734,credit,active,5000
90849,2663,debit,active,5000
90850,2767,credit,active,500
90851,1734,debit,active,3000
90852,197,debit,active,5000
90853,1353,debit,active,5000
90854,4595,debit,active,3000
90855,1602,credit,active,1000
90856,1191,debit,active,500
90857,2115,debit,active,3000
90858,2983,credit,active,1500
90859,4238,credit,active,1500
90860,805,credit,active,500
90861,1068,debit,active,500
90862,3747,credit,active,1000
90863,4712,credit,active,500
90864,999,credit,active,1500
90865,40,debit,active,1500
90866,2074,debit,active,1000
90867,4457,debit,active,1000
90868,3107,debit,active,5000
90869,3123,debit,active,3000
90870,255,debit,active,500
90871,732,debit,active,500
90872,2727,credit,active,1500
90873,3106,credit,active,1000
90874,3263,debit,active,1500
90875,1897,credit,active,1500
90876,224,debit,active,1500
90877,2579,credit,blocked,5000
90878,2902,credit,active,500
90879,73,debit,blocked,500
90880,760,credit,active,1000
90881,1247,credit,active,1000
90882,4282,credit,active,3000
90883,2188,debit,active,3000
90884,1702,credit,active,1000
90885,4384,credit,active,500
90886,4759,credit,active,3000
90887,176,debit,active,5000
90888,4699,debit,active,1500
90889,272,debit,active,3000
90890,2127,debit,active,5000
90891,2064,credit,active,3000
90892,3797,debit,active,3000
90893,1415,credit,active,1500
90894,4722,credit,active,500
90895,2498,debit,active,1500
90896,2090,credit,active,3000
90897,3505,credit,active,500
90898,3900,credit,active,1000
90899,3889,credit,active,500
90900,99,debit,active,500
90901,3661,debit,active,3000
90902,4752,credit,active,1500
90903,4793,debit,active,500
90904,3353,debit,active,1000
90905,3462,credit,active,5000
90906,4965,credit,active,500
90907,435,debit,active,3000
90908,4557,debit,active,5000
90909,2326,credit,active,500
90910,1962,debit,active,5000
90911,2472,credit,active,1500
90912,1424,debit,active,1500
90913,1227,debit,active,3000
90914,1385,credit,active,3000
90915,4030,debit,active,500
90916,1135,credit,active,3000
90917,2244,credit,flagged,3000
90918,786,debit,active,5000
90919,1065,debit,active,3000
90920,308,credit,active,500
90921,3995,debit,active,3000
90922,977,debit,active,3000
90923,2112,credit,active,500
90924,845,debit,active,5000
90925,3748,credit,active,1000
90926,2474,credit,active,5000
90927,4478,credit,flagged,1000
90928,1976,credit,blocked,3000
90929,2396,credit,active,500
90930,3841,debit,active,1500
90931,1985,debit,active,500
90932,1285,debit,active,5000
90933,253,debit,active,3000
90934,3958,debit,active,3000
90935,3375,debit,active,3000
90936,2954,debit,active,1000
90937,4679,credit,active,3000
90938,2519,credit,active,5000
90939,1095,debit,active,500
90940,114,debit,active,3000
90941,79,debit,active,1000
90942,3993,debit,active,5000
90943,3416,credit,active,5000
90944,1842,debit,active,500
90945,4675,debit,active,1500
90946,4865,debit,active,3000
90947,4029,credit,active,3000
90948,1442,credit,active,3000
90949,2347,credit,active,3000
90950,2595,credit,active,3000
90951,3238,credit,active,500
90952,4900,debit,active,3000
90953,4801,credit,active,5000
90954,2868,debit,active,500
90955,1588,credit,active,1000
90956,1222,debit,active,1000
90957,3254,debit,active,1000
90958,3187,credit,active,1500
90959,3632,debit,active,5000
90960,271,credit,active,1500
90961,322,credit,active,500
90962,3545,credit,active,1000
90963,2227,credit,active,3000
90964,3016,debit,active,5000
90965,1640,credit,active,5000
90966,4863,debit,active,1500
90967,1720,credit,active,3000
90968,4920,debit,active,3000
90969,3560,debit,active,1500
90970,1062,debit,active,1500
90971,3279,debit,active,5000
90972,1892,credit,active,1000
90973,4074,debit,active,5000
90974,1704,debit,active,1000
90975,3863,debit,active,5000
90976,2558,debit,active,1500
90977,279,debit,active,500
90978,2189,debit,active,1000
90979,1015,debit,active,1500
90980,3266,debit,active,3000
90981,4485,debit,active,1000
90982,3604,debit,active,1500
90983,932,credit,flagged,5000
90984,3160,debit,active,3000
90985,2424,credit,active,1500
90986,2517,credit,active,1000
90987,786,credit,active,5000
90988,1823,credit,active,1000
90989,3565,credit,active,1000
90990,1192,credit,active,5000
90991,3512,credit,active,1500
90992,1088,debit,active,5000
90993,312,debit,active,5000
90994,4975,credit,active,5000
90995,1784,debit,active,1500
90996,188,debit,active,5000
90997,4177,credit,active,3000
90998,2830,credit,active,500
90999,1047,credit,active,3000
91000,3559,credit,active,500
91001,3304,credit,active,1500
91002,4049,credit,active,1500
91003,4656,credit,active,5000
91004,4781,credit,active,500
91005,8,debit,active,1000
91006,2543,debit,active,3000
91007,1384,debit,active,1500
91008,4637,credit,active,3000
91009,2417,debit,active,3000
91010,1867,credit,active,5000
91011,2368,debit,active,5000
91012,2850,credit,active,1500
91013,3398,credit,active,1500
91014,1626,debit,active,5000
91015,4019,debit,active,1000
91016,746,debit,active,3000
91017,1672,credit,active,1000
91018,1375,credit,active,3000
91019,1679,debit,active,1000
91020,2336,credit,active,1000
91021,4903,debit,active,3000
91022,42,debit,active,500
91023,4942,debit,active,5000
91024,3530,credit,active,500
91025,3624,debit,flagged,1000
91026,3387,credit,active,3000
91027,4569,debit,active,5000
91028,2928,credit,active,1500
91029,749,credit,blocked,500
91030,191,debit,active,3000
91031,2398,credit,active,5000
91032,881,debit,active,3000
91033,2023,credit,active,5000
91034,2459,credit,active,1000
91035,1916,credit,active,500
91036,2668,debit,active,5000
91037,246,credit,active,1500
91038,720,debit,active,1500
91039,3682,credit,active,5000
91040,4422,debit,flagged,1500
91041,2012,credit,active,5000
91042,3304,credit,active,5000
91043,333,credit,active,1500
91044,474,debit,active,5000
91045,4675,credit,active,5000
91046,1355,credit,active,1500
91047,1903,credit,active,3000
91048,4874,credit,active,500
91049,1530,debit,active,3000
91050,264,debit,active,500
91051,42,debit,active,1500
91052,3438,credit,active,500
91053,2455,debit,active,3000
91054,2127,credit,active,3000
91055,4775,debit,active,500
91056,3491,debit,active,500
91057,2770,debit,flagged,1000
91058,4707,credit,active,1500
91059,4516,credit,active,500
91060,4613,debit,active,1500
91061,1005,credit,active,1000
91062,1761,debit,active,5000
91063,3408,credit,active,1000
91064,4224,credit,active,500
91065,213,debit,active,3000
91066,1582,debit,active,500
91067,562,debit,active,1500
91068,3815,debit,flagged,500
91069,3071,debit,active,500
91070,4897,credit,active,5000
91071,950,debit,active,1500
91072,297,credit,active,5000
91073,778,debit,active,5000
91074,3374,credit,active,3000
91075,4035,debit,active,5000
91076,94,credit,active,1000
91077,4895,debit,active,5000
91078,2996,debit,active,500
91079,4917,credit,active,5000
91080,1803,debit,active,500
91081,1596,credit,active,1000
91082,1105,debit,active,1500
91083,339,debit,flagged,1000
91084,3916,debit,active,3000
91085,4064,credit,active,1500
91086,3157,debit,active,1500
91087,4432,debit,active,500
91088,560,debit,active,1000
91089,269,debit,active,3000
91090,4849,credit,flagged,3000
91091,2606,credit,active,1000
91092,903,debit,active,500
91093,520,debit,active,1000
91094,1885,debit,active,1000
91095,2659,credit,active,5000
91096,4058,debit,active,1000
91097,1812,debit,active,1500
91098,4916,credit,active,5000
91099,4959,debit,active,5000
91100,3170,debit,active,3000
91101,4486,debit,flagged,1500
91102,253,credit,active,500
91103,1155,debit,active,3000
91104,49,debit,active,1500
91105,846,debit,active,3000
91106,349,debit,active,3000
91107,838,credit,active,5000
91108,1935,credit,active,1500
91109,2160,credit,active,1500
91110,245,credit,active,1500
91111,4109,debit,active,1000
91112,3742,credit,active,3000
91113,4868,debit,active,5000
91114,2854,debit,active,1000
91115,4984,credit,active,1000
91116,132,credit,active,3000
91117,3630,credit,active,1000
91118,4372,credit,active,3000
91119,4955,debit,active,1500
91120,1600,debit,active,1500
91121,4059,debit,active,3000
91122,1012,credit,flagged,3000
91123,4250,credit,active,500
91124,1104,credit,active,3000
91125,3180,debit,active,3000
91126,3170,debit,active,5000
91127,3269,credit,active,1000
91128,2527,debit,active,3000
91129,4493,credit,active,500
91130,1024,credit,active,1000
91131,4077,credit,active,1500
91132,368,debit,active,1500
91133,4074,debit,active,1000
91134,2641,debit,active,1000
91135,2787,debit,active,3000
91136,278,debit,active,5000
91137,2531,credit,active,3000
91138,1473,debit,active,500
91139,2782,debit,active,1500
91140,1866,credit,active,500
91141,1544,debit,active,1500
91142,3390,debit,active,5000
91143,1884,credit,active,1000
91144,1225,debit,active,500
91145,55,debit,active,5000
91146,2219,credit,active,1000
91147,893,credit,active,500
91148,2303,debit,active,5000
91149,3978,debit,active,1000
91150,3815,credit,active,5000
91151,1239,credit,active,1000
91152,792,debit,active,5000
91153,1207,debit,active,3000
91154,4636,debit,active,500
91155,350,credit,active,1500
91156,1333,credit,active,3000
91157,4255,credit,active,1500
91158,2963,credit,active,1500
91159,2842,debit,active,1500
91160,4115,debit,active,3000
91161,1222,credit,active,1000
91162,1051,credit,active,500
91163,554,credit,flagged,5000
91164,1529,debit,active,1000
91165,2063,credit,active,5000
91166,4320,debit,active,3000
91167,1302,debit,flagged,3000
91168,3250,credit,active,3000
91169,363,debit,active,3000
91170,2452,credit,active,5000
91171,3660,debit,active,1000
91172,456,credit,active,500
91173,1763,credit,active,5000
91174,1554,debit,active,1000
91175,3246,debit,active,500
91176,3939,credit,active,500
91177,2105,credit,active,500
91178,125,credit,active,1500
91179,2913,debit,active,5000
91180,3129,credit,active,3000
91181,2555,credit,active,1000
91182,567,credit,active,500
91183,2969,debit,active,1000
91184,2267,credit,active,3000
91185,3829,debit,active,500
91186,1688,credit,active,1500
91187,4914,credit,active,5000
91188,2916,credit,active,5000
91189,4289,debit,active,3000
91190,4193,credit,active,1000
91191,948,credit,active,1000
91192,4089,credit,active,3000
91193,1799,debit,active,1500
91194,4779,debit,flagged,1000
91195,1757,debit,active,1000
91196,1877,credit,active,500
91197,3597,debit,active,1000
91198,964,credit,active,5000
91199,1789,credit,active,1500
91200,3767,credit,active,3000
91201,2096,debit,active,1000
91202,3299,credit,active,1500
91203,3295,debit,active,3000
91204,3094,debit,active,5000
91205,1267,debit,active,1000
91206,4414,debit,active,1000
91207,4125,credit,active,5000
91208,1352,credit,active,1500
91209,3608,debit,active,1000
91210,4905,debit,active,500
91211,2453,credit,active,3000
91212,4669,debit,active,500
91213,3296,credit,active,3000
91214,266,credit,active,1000
91215,775,debit,active,1500
91216,1685,credit,active,1500
91217,4738,debit,active,5000
91218,2534,credit,active,1000
91219,2142,debit,active,3000
91220,1926,credit,active,500
91221,3882,debit,active,1000
91222,3083,credit,active,5000
91223,777,debit,active,1500
91224,4747,credit,active,5000
91225,3050,credit,active,5000
91226,2022,credit,active,1000
91227,856,debit,active,3000
91228,1585,credit,active,3000
91229,1453,credit,active,3000
91230,4258,credit,active,1500
91231,4653,debit,active,5000
91232,3483,debit,active,1500
91233,732,credit,active,5000
91234,598,credit,active,5000
91235,193,credit,active,3000
91236,1068,debit,active,5000
91237,107,credit,active,500
91238,2977,debit,active,500
91239,672,debit,active,1500
91240,2523,debit,active,1000
91241,1629,credit,flagged,3000
91242,1281,debit,active,5000
91243,4946,debit,active,5000
91244,3226,debit,active,3000
91245,2049,credit,active,500
91246,2555,debit,active,3000
91247,1837,debit,active,5000
91248,4689,credit,active,1000
91249,3172,credit,active,500
91250,4785,credit,active,1000
91251,1587,credit,active,1500
91252,1833,debit,active,5000
91253,3170,credit,flagged,1500
91254,2975,credit,active,1500
91255,2965,credit,active,1000
91256,4006,credit,active,500
91257,2750,credit,active,500
91258,3822,credit,active,1000
91259,3390,debit,active,5000
91260,3474,credit,active,5000
91261,4392,credit,active,500
91262,4291,credit,active,3000
91263,1643,credit,active,3000
91264,4843,credit,active,1000
91265,3365,credit,active,3000
91266,419,debit,active,1000
91267,4015,credit,active,3000
91268,2873,credit,active,1500
91269,2743,credit,active,3000
91270,3155,credit,active,1500
91271,3626,debit,active,1000
91272,2254,credit,active,1500
91273,296,debit,active,1500
91274,1978,credit,active,5000
91275,46,credit,active,5000
91276,3264,credit,active,5000
91277,2120,credit,active,1000
91278,3613,credit,active,500
91279,3949,debit,active,5000
91280,1769,debit,active,1500
91281,3301,debit,active,5000
91282,991,debit,active,3000
91283,2482,debit,active,1500
91284,240,credit,active,1000
91285,454,credit,active,500
91286,3165,debit,active,1500
91287,241,credit,active,1000
91288,3340,credit,active,5000
91289,3703,credit,active,1500
91290,3233,credit,active,3000
91291,2183,credit,active,500
91292,2029,debit,active,1000
91293,3979,debit,active,5000
91294,3888,credit,active,5000
91295,1202,debit,active,5000
91296,2324,debit,active,500
91297,174,debit,active,3000
91298,368,credit,active,500
91299,4886,credit,active,1500
91300,4242,credit,active,3000
91301,3898,credit,active,1000
91302,1934,debit,active,1500
91303,2062,debit,active,3000
91304,3041,credit,active,3000
91305,4327,debit,active,500
91306,2818,debit,active,1000
91307,3829,debit,active,5000
91308,3854,credit,active,3000
91309,496,credit,active,5000
91310,981,debit,active,1000
91311,3270,debit,active,5000
91312,900,debit,active,3000
91313,2078,credit,active,5000
91314,4268,credit,flagged,500
91315,1697,debit,active,5000
91316,3653,debit,active,5000
91317,96,credit,active,500
91318,3314,credit,active,500
91319,3501,credit,active,500
91320,3728,debit,active,1500
91321,3616,credit,active,1000
91322,88,debit,active,1500
91323,3789,debit,active,1500
91324,2333,debit,active,1500
91325,1060,credit,active,500
91326,82,debit,active,3000
91327,4540,debit,active,3000
91328,2100,debit,active,500
91329,3507,credit,active,1500
91330,4118,credit,flagged,1500
91331,342,credit,blocked,5000
91332,1767,debit,active,1000
91333,276,credit,active,1500
91334,3570,debit,active,1500
91335,1266,credit,active,500
91336,1018,credit,active,500
91337,1068,credit,active,1000
91338,175,debit,active,1500
91339,3274,credit,active,500
91340,2006,debit,active,5000
91341,962,credit,active,500
91342,1475,credit,active,1000
91343,211,debit,active,5000
91344,2927,debit,active,1500
91345,36,debit,active,1000
91346,643,debit,active,3000
91347,4237,debit,active,500
91348,2466,debit,active,500
91349,4642,debit,active,500
91350,2840,credit,active,3000
91351,1782,credit,active,3000
91352,4916,credit,active,5000
91353,4305,debit,active,1500
91354,2683,debit,active,500
91355,3070,debit,active,3000
91356,1191,debit,active,1000
91357,3577,credit,active,5000
91358,2909,debit,active,1000
91359,2969,credit,active,3000
91360,4325,debit,active,1500
91361,4848,debit,active,5000
91362,1016,credit,active,5000
91363,2690,credit,active,5000
91364,3715,credit,active,1500
91365,123,credit,active,1500
91366,4794,debit,active,1500
91367,250,debit,active,1500
91368,3336,credit,active,1500
91369,220,credit,active,3000
91370,4880,credit,active,1500
91371,4927,debit,active,1500
91372,4165,debit,active,5000
91373,1099,debit,active,1500
91374,2458,credit,active,3000
91375,4069,credit,active,5000
91376,1474,credit,active,500
91377,1034,debit,active,1000
91378,2364,debit,active,3000
91379,316,debit,active,1500
91380,2712,credit,active,1500
91381,4485,credit,active,3000
91382,3784,credit,active,500
91383,3575,credit,active,5000
91384,2793,credit,active,3000
91385,962,debit,active,5000
91386,1811,credit,active,1000
91387,3690,credit,active,5000
91388,171,credit,active,1000
91389,1254,credit,active,3000
91390,3255,credit,active,500
91391,2319,credit,flagged,1000
91392,2264,debit,active,500
91393,458,credit,active,1500
91394,2756,debit,active,1500
91395,2914,credit,active,1500
91396,3565,debit,flagged,3000
91397,4574,debit,active,3000
91398,3397,credit,active,5000
91399,2918,debit,active,5000
91400,751,debit,active,500
91401,2407,debit,active,500
91402,3036,credit,active,5000
91403,2631,debit,active,5000
91404,3743,debit,active,5000
91405,3144,debit,active,5000
91406,1988,debit,active,3000
91407,296,credit,active,500
91408,721,debit,active,5000
91409,1614,debit,active,1500
91410,1677,debit,active,3000
91411,2336,debit,active,1000
91412,1945,debit,flagged,3000
91413,1991,credit,active,1000
91414,20,debit,active,3000
91415,4250,debit,flagged,500
91416,4585,debit,active,1500
91417,3685,debit,active,3000
91418,3710,credit,active,1500
91419,1107,debit,active,1500
91420,4199,debit,active,1000
91421,3316,credit,active,1500
91422,1220,credit,active,500
91423,2111,credit,active,1000
91424,1364,credit,active,3000
91425,3330,debit,active,1500
91426,4246,debit,active,5000
91427,3887,credit,active,1500
91428,2234,debit,active,5000
91429,3653,debit,active,1500
91430,3146,debit,flagged,5000
91431,2744,debit,active,1500
91432,2706,credit,active,1000
91433,1606,credit,active,1000
91434,3104,debit,active,5000
91435,3073,credit,active,5000
91436,3184,credit,active,5000
91437,524,debit,active,5000
91438,1492,debit,active,1000
91439,1991,debit,active,5000
91440,4020,debit,active,500
91441,1856,credit,active,3000
91442,4572,credit,active,3000
91443,527,debit,active,3000
91444,2465,credit,active,1000
91445,422,credit,active,1500
91446,4786,credit,active,1500
91447,3682,credit,active,1500
91448,3772,credit,active,500
91449,444,credit,active,1000
91450,3241,credit,active,1500
91451,2093,credit,active,3000
91452,1837,debit,active,1500
91453,3368,debit,active,3000
91454,2910,debit,active,1500
91455,1455,debit,active,1000
91456,720,credit,active,3000
91457,818,credit,active,1000
91458,2669,debit,active,500
91459,4683,credit,active,500
91460,2788,credit,active,500
91461,1929,debit,active,5000
91462,2618,debit,active,1500
91463,1537,debit,active,5000
91464,4102,credit,active,3000
91465,1678,debit,active,5000
91466,391,credit,active,1000
91467,4489,debit,active,500
91468,4141,debit,active,3000
91469,355,debit,active,1000
91470,4941,debit,active,1500
91471,3762,credit,active,3000
91472,2965,debit,active,1000
91473,3876,debit,active,1500
91474,3517,debit,flagged,1500
91475,1766,credit,active,5000
91476,1588,debit,active,500
91477,3965,credit,active,1500
91478,1012,debit,active,500
91479,89,debit,active,1000
91480,891,credit,active,3000
91481,2356,credit,active,1000
91482,3768,debit,active,3000
91483,1960,debit,active,1000
91484,678,debit,active,1000
91485,713,debit,active,3000
91486,2879,credit,active,1000
91487,1816,debit,active,3000
91488,2915,credit,active,3000
91489,1193,credit,active,1500
91490,2772,debit,active,1000
91491,444,debit,active,3000
91492,471,debit,active,1500
91493,924,debit,active,1500
91494,3577,credit,active,5000
91495,23,credit,active,500
91496,582,debit,active,5000
91497,749,credit,active,5000
91498,1660,debit,flagged,1500
91499,1538,debit,active,1000
91500,137,credit,active,1500
91501,4774,credit,flagged,3000
91502,2711,credit,active,3000
91503,4766,credit,active,500
91504,4326,debit,active,1500
91505,1448,credit,active,3000
91506,4329,credit,active,1500
91507,905,debit,active,500
91508,2496,debit,active,500
91509,2646,credit,active,500
91510,2590,debit,active,1000
91511,1560,credit,active,1500
91512,2031,debit,flagged,1000
91513,1951,debit,active,1500
91514,2480,debit,active,500
91515,24,credit,active,1500
91516,1912,credit,active,500
91517,1202,debit,active,500
91518,2209,credit,active,1000
91519,2794,debit,active,1000
91520,1739,credit,active,5000
91521,3065,credit,active,3000
91522,3102,credit,active,1500
91523,4951,debit,active,1000
91524,4611,debit,active,500
91525,469,credit,active,5000
91526,688,credit,active,5000
91527,1550,debit,active,500
91528,3999,debit,blocked,3000
91529,2356,credit,active,5000
91530,2112,credit,active,1500
91531,2425,credit,active,1500
91532,4678,debit,active,1500
91533,3827,debit,active,3000
91534,3021,debit,active,3000
91535,1474,debit,active,1500
91536,3485,debit,active,1000
91537,3688,debit,active,1000
91538,3365,debit,active,3000
91539,532,debit,active,5000
91540,164,debit,active,5000
91541,1805,credit,active,5000
91542,558,credit,active,500
91543,4553,debit,active,500
91544,402,debit,blocked,3000
91545,3328,debit,active,1500
91546,4292,credit,active,3000
91547,4062,debit,active,5000
91548,3803,debit,active,5000
91549,1061,debit,active,1500
91550,3497,credit,active,500
91551,4022,credit,active,1500
91552,4872,credit,active,5000
91553,919,debit,active,1500
91554,985,debit,active,1000
91555,4661,credit,active,5000
91556,4996,debit,active,500
91557,4064,credit,active,3000
91558,2177,credit,active,1000
91559,2975,debit,active,500
91560,4015,credit,active,3000
91561,2312,credit,active,1000
91562,3063,credit,active,1500
91563,1771,debit,active,5000
91564,4741,credit,active,1000
91565,2873,debit,active,500
91566,1640,debit,active,1500
91567,3489,debit,active,3000
91568,917,debit,active,5000
91569,4713,debit,active,1000
91570,308,debit,active,1000
91571,4548,credit,active,500
91572,2630,credit,active,5000
91573,3912,credit,active,1500
91574,2716,debit,active,1000
91575,437,debit,active,1500
91576,4497,credit,active,5000
91577,1015,debit,active,1000
91578,3304,debit,active,1500
91579,1002,credit,active,1000
91580,1045,debit,active,500
91581,3609,credit,active,1500
91582,67,debit,active,1500
91583,3600,credit,active,500
91584,2591,credit,flagged,3000
91585,3953,debit,active,1000
91586,608,debit,active,1000
91587,2473,credit,active,1000
91588,4120,debit,active,1500
91589,4055,credit,active,5000
91590,1153,credit,active,5000
91591,2226,debit,active,1000
91592,3118,credit,active,1500
91593,3422,debit,active,1500
91594,1615,debit,active,3000
91595,4390,credit,active,3000
91596,40,credit,active,3000
91597,4691,credit,active,5000
91598,2234,credit,active,500
91599,553,debit,active,3000
91600,4858,credit,active,1000
91601,2858,credit,active,1000
91602,940,debit,active,5000
91603,582,credit,active,5000
91604,931,debit,flagged,5000
91605,2011,credit,active,1500
91606,1722,credit,active,500
91607,826,debit,active,3000
91608,308,debit,active,1500
91609,3241,debit,active,3000
91610,2346,debit,active,1500
91611,2739,credit,active,1000
91612,27,debit,flagged,1000
91613,2800,credit,active,5000
91614,1390,debit,active,5000
91615,2331,debit,active,500
91616,3644,debit,active,1000
91617,2263,credit,active,500
91618,2790,credit,active,500
91619,415,credit,active,1000
91620,4676,debit,active,5000
91621,2929,debit,active,1500
91622,1094,debit,active,500
91623,1453,debit,active,1000
91624,2385,debit,active,3000
91625,552,credit,active,5000
91626,2765,credit,active,500
91627,4332,credit,active,1000
91628,1789,debit,active,1500
91629,102,debit,active,5000
91630,552,credit,active,1500
91631,4522,debit,active,5000
91632,811,credit,active,5000
91633,1397,debit,active,1000
91634,2491,debit,active,5000
91635,952,debit,active,1000
91636,4673,credit,active,1500
91637,903,credit,active,500
91638,1773,credit,active,3000
91639,4729,debit,active,1500
91640,1380,credit,active,500
91641,989,debit,active,500
91642,886,credit,active,500
91643,1247,debit,active,5000
91644,2480,credit,active,5000
91645,4207,credit,active,5000
91646,2436,debit,active,1000
91647,3796,debit,active,5000
91648,1021,debit,active,3000
91649,2679,debit,active,1500
91650,2238,debit,blocked,1500
91651,1568,debit,active,5000
91652,209,debit,active,500
91653,4239,credit,active,1000
91654,839,credit,active,5000
91655,1400,debit,active,5000
91656,2054,debit,active,1000
91657,2063,credit,active,3000
91658,3905,debit,active,1000
91659,83,debit,active,1500
91660,1302,debit,active,3000
91661,323,credit,active,500
91662,2548,debit,active,1000
91663,4834,credit,active,3000
91664,3237,credit,active,5000
91665,4090,credit,active,500
91666,326,credit,active,1000
91667,2393,debit,active,1000
91668,294,credit,active,500
91669,4902,credit,flagged,1000
91670,2324,credit,active,1000
91671,2824,credit,active,1500
91672,2371,debit,active,5000
91673,4855,debit,active,3000
91674,3559,debit,active,1500
91675,1518,debit,active,500
91676,4517,debit,active,5000
91677,4724,debit,active,1000
91678,1364,credit,active,3000
91679,4227,debit,active,500
91680,2247,debit,active,1000
91681,2886,credit,active,1000
91682,648,credit,active,500
91683,661,credit,active,5000
91684,1533,debit,active,1500
91685,2044,credit,active,500
91686,2836,debit,active,500
91687,4061,credit,active,5000
91688,4519,credit,active,5000
91689,4993,credit,active,1500
91690,3737,credit,active,3000
91691,1027,debit,active,500
91692,2666,credit,active,1500
91693,4526,credit,active,1500
91694,1404,debit,active,5000
91695,2727,credit,active,1000
91696,284,credit,active,1500
91697,2410,debit,active,1000
91698,2904,debit,active,500
91699,213,credit,active,1500
91700,879,debit,flagged,3000
91701,1880,credit,active,5000
91702,81,credit,active,1500
91703,532,credit,active,1000
91704,1153,debit,active,3000
91705,3989,credit,active,500
91706,1628,debit,active,5000
91707,918,debit,active,3000
91708,518,debit,active,1500
91709,3631,credit,active,500
91710,579,debit,active,1500
91711,4763,credit,active,3000
91712,1782,debit,active,5000
91713,1687,debit,blocked,500
91714,133,credit,active,1000
91715,442,credit,active,1500
91716,4764,credit,active,500
91717,220,debit,active,5000
91718,783,debit,active,3000
91719,2440,credit,active,500
91720,365,debit,active,1000
91721,2495,debit,active,500
91722,4457,debit,active,1000
91723,4242,credit,flagged,500
91724,3479,credit,active,1000
91725,1506,debit,active,5000
91726,4702,credit,active,500
91727,1718,debit,flagged,1500
91728,1538,credit,active,1500
91729,1746,debit,active,1000
91730,856,debit,active,500
91731,369,debit,active,3000
91732,16,debit,active,1500
91733,906,debit,active,1500
91734,3002,credit,flagged,3000
91735,4680,credit,active,3000
91736,1203,debit,active,5000
91737,2928,credit,active,3000
91738,1069,debit,active,500
91739,4283,credit,active,3000
91740,4024,credit,active,3000
91741,3040,debit,active,3000
91742,3807,debit,active,1000
91743,4969,debit,active,5000
91744,1829,credit,active,1000
91745,342,credit,active,1000
91746,319,credit,active,5000
91747,2072,credit,active,5000
91748,3358,debit,active,3000
91749,1830,credit,active,5000
91750,251,credit,flagged,5000
91751,3300,credit,active,500
91752,2032,debit,active,3000
91753,2614,credit,active,5000
91754,869,credit,active,3000
91755,1149,debit,active,1500
91756,2505,debit,active,5000
91757,1497,credit,active,5000
91758,2591,credit,active,3000
91759,1867,credit,active,3000
91760,70,debit,flagged,3000
91761,612,credit,active,5000
91762,2287,debit,active,1500
91763,2942,credit,active,1000
91764,2619,credit,active,500
91765,3688,credit,active,5000
91766,4306,debit,active,1000
91767,868,debit,active,3000
91768,1146,debit,active,500
91769,2543,credit,active,500
91770,1023,debit,active,500
91771,3634,credit,active,5000
91772,128,credit,active,500
91773,2545,credit,active,500
91774,4275,credit,active,1500
91775,1221,credit,active,1500
91776,2463,credit,active,1500
91777,4612,credit,active,500
91778,129,debit,active,3000
91779,113,debit,active,1500
91780,3795,debit,active,1500
91781,1837,debit,active,1000
91782,2523,credit,active,5000
91783,4640,credit,active,1500
91784,4922,debit,active,500
91785,2137,debit,active,500
91786,3802,credit,active,5000
91787,4833,debit,active,5000
91788,1318,credit,active,1500
91789,4321,debit,active,1000
91790,485,debit,active,1500
91791,2008,debit,active,1500
91792,2927,credit,active,500
91793,4179,debit,active,1500
91794,4872,debit,active,3000
91795,466,debit,active,1000
91796,3771,credit,active,1000
91797,2901,credit,active,3000
91798,2425,debit,flagged,1500
91799,1721,credit,active,500
91800,1269,debit,active,1500
91801,2113,debit,active,500
91802,4849,debit,active,500
91803,3107,debit,active,1000
91804,3294,debit,active,500
91805,2954,debit,active,1500
91806,2170,debit,active,3000
91807,3586,debit,active,1500
91808,1640,credit,active,1500
91809,3477,debit,active,3000
91810,891,credit,active,5000
91811,4677,credit,active,1000
91812,3385,debit,active,1500
91813,2578,debit,active,1500
91814,4386,debit,active,1000
91815,3021,debit,active,1500
91816,4756,credit,flagged,1000
91817,1569,debit,active,5000
91818,3035,debit,active,5000
91819,459,debit,flagged,1500
91820,1405,debit,active,3000
91821,2590,debit,active,5000
91822,722,credit,active,1500
91823,2124,credit,active,1500
91824,1482,credit,active,3000
91825,4034,credit,active,1500
91826,2241,credit,active,5000
91827,2010,debit,active,1500
91828,434,debit,active,3000
91829,4656,debit,active,5000
91830,3559,debit,flagged,3000
91831,2984,credit,active,3000
91832,3790,debit,active,5000
91833,2881,credit,active,3000
91834,170,debit,active,500
91835,2083,debit,active,1500
91836,2075,credit,active,5000
91837,3565,debit,active,3000
91838,496,debit,active,1500
91839,3840,debit,active,1000
91840,3254,debit,active,500
91841,3907,credit,active,3000
91842,466,debit,active,500
91843,1894,credit,active,5000
91844,4166,credit,flagged,1000
91845,3768,credit,active,1000
91846,3502,debit,active,3000
91847,4846,credit,active,1500
91848,2754,credit,active,1500
91849,2901,credit,active,500
91850,1420,credit,active,500
91851,4039,credit,active,1000
91852,3600,debit,active,1000
91853,1189,credit,active,1000
91854,1748,debit,active,1000
91855,3898,credit,active,3000
91856,2217,debit,active,1500
91857,332,credit,active,3000
91858,2756,credit,active,1000
91859,4526,credit,active,500
91860,1006,debit,active,1000
91861,1076,debit,active,1500
91862,2774,credit,active,5000
91863,1105,credit,active,3000
91864,4018,credit,active,1000
91865,1690,debit,active,1500
91866,1778,debit,active,3000
91867,1586,debit,active,5000
91868,1770,credit,active,5000
91869,1533,debit,active,1500
91870,981,debit,active,3000
91871,12,credit,active,1000
91872,555,credit,active,1500
91873,4276,credit,flagged,5000
91874,3135,credit,active,3000
91875,560,credit,active,3000
91876,2037,debit,flagged,1500
91877,1487,debit,active,5000
91878,1594,debit,active,1000
91879,249,credit,active,5000
91880,1717,debit,active,1000
91881,864,debit,active,1000
91882,2255,debit,active,5000
91883,2785,debit,active,1000
91884,3719,credit,active,500
91885,4305,debit,active,500
91886,3,debit,active,1000
91887,226,credit,active,1000
91888,994,credit,active,1000
91889,4885,credit,active,500
91890,1077,debit,active,1500
91891,4228,credit,flagged,500
91892,3771,credit,active,5000
91893,243,debit,active,500
91894,4513,debit,active,500
91895,4957,credit,active,3000
91896,2755,debit,active,1500
91897,998,debit,active,500
91898,3635,credit,active,1500
91899,4225,credit,active,5000
91900,2770,debit,active,5000
91901,795,credit,active,1500
91902,3586,debit,active,3000
91903,3378,credit,active,1000
91904,3649,debit,active,1500
91905,856,debit,active,1000
91906,323,credit,active,1000
91907,4534,credit,active,1500
91908,377,credit,active,1000
91909,869,credit,active,1500
91910,1585,credit,active,1000
91911,4703,credit,active,3000
91912,3680,credit,flagged,3000
91913,4555,credit,active,1500
91914,4366,credit,active,5000
91915,618,debit,active,3000
91916,3750,debit,flagged,1500
91917,751,credit,active,5000
91918,3687,credit,active,3000
91919,430,debit,flagged,1500
91920,4711,debit,active,500
91921,3533,credit,active,5000
91922,4273,debit,active,1500
91923,2023,credit,active,1500
91924,3608,debit,active,3000
91925,4827,debit,active,500
91926,4170,credit,active,5000
91927,1462,credit,active,5000
91928,1144,debit,active,1000
91929,1303,credit,flagged,1500
91930,4066,debit,active,3000
91931,3964,debit,flagged,1000
91932,2042,debit,active,1500
91933,3751,credit,active,500
91934,3010,debit,active,1500
91935,1488,credit,active,3000
91936,162,debit,active,500
91937,2734,credit,active,1000
91938,3337,debit,active,1000
91939,253,debit,active,1500
91940,600,debit,active,3000
91941,2772,debit,active,5000
91942,2648,credit,active,5000
91943,2187,credit,active,3000
91944,227,credit,active,3000
91945,361,debit,active,3000
91946,814,credit,active,1000
91947,3647,debit,blocked,1500
91948,4844,debit,active,3000
91949,2531,credit,active,5000
91950,3586,debit,active,3000
91951,1953,credit,active,500
91952,2931,credit,active,1500
91953,51,credit,active,1500
91954,4110,credit,active,5000
91955,1223,credit,active,3000
91956,2520,debit,active,3000
91957,4145,credit,active,500
91958,2054,debit,active,5000
91959,4122,credit,active,1000
91960,2116,debit,active,1000
91961,1118,debit,active,5000
91962,4795,debit,active,5000
91963,196,debit,active,500
91964,1734,debit,active,500
91965,2372,credit,flagged,1500
91966,2877,credit,active,3000
91967,583,credit,active,1500
91968,905,credit,active,3000
91969,3200,debit,active,3000
91970,4490,debit,active,500
91971,3293,credit,active,3000
91972,4027,credit,active,3000
91973,3052,credit,active,3000
91974,3284,credit,active,3000
91975,384,credit,active,5000
91976,2802,debit,active,1500
91977,2700,credit,active,500
91978,4023,credit,active,5000
91979,4402,credit,active,5000
91980,4574,credit,blocked,3000
91981,2954,credit,active,1000
91982,1365,debit,active,5000
91983,2964,debit,active,5000
91984,1395,credit,active,1000
91985,4311,credit,active,1500
91986,285,debit,active,3000
91987,1145,credit,active,3000
91988,1657,debit,active,500
91989,2105,debit,active,500
91990,4457,debit,blocked,1000
91991,1981,debit,active,500
91992,918,credit,active,3000
91993,2898,credit,active,1500
91994,2811,credit,active,1000
91995,2372,credit,active,3000
91996,855,credit,active,1000
91997,3376,credit,active,1500
91998,3726,debit,active,3000
91999,4685,debit,active,3000
92000,730,debit,active,3000
92001,3476,credit,flagged,1000
92002,1666,credit,active,5000
92003,3583,credit,active,5000
92004,1154,credit,flagged,3000
92005,377,debit,active,5000
92006,909,credit,active,3000
92007,4938,credit,active,3000
92008,1378,debit,active,5000
92009,2327,debit,active,1500
92010,958,credit,flagged,3000
92011,1567,credit,active,5000
92012,399,debit,active,500
92013,1075,credit,active,5000
92014,477,credit,active,1000
92015,74,debit,active,3000
92016,1302,debit,active,500
92017,2993,debit,active,1500
92018,2883,credit,active,1500
92019,2218,credit,active,1000
92020,293,debit,active,3000
92021,3343,debit,active,1000
92022,4929,debit,flagged,1500
92023,299,debit,active,1000
92024,3140,debit,active,5000
92025,749,credit,active,500
92026,4052,credit,active,5000
92027,4318,credit,active,1500
92028,1308,debit,active,1500
92029,4336,credit,active,1500
92030,404,credit,active,500
92031,4918,debit,active,1000
92032,1509,debit,active,5000
92033,4982,credit,active,1500
92034,2211,debit,active,1000
92035,705,debit,active,500
92036,3835,credit,active,5000
92037,1425,debit,active,1000
92038,1059,credit,active,1000
92039,4011,credit,active,1500
92040,3612,credit,active,1000
92041,3636,credit,active,1000
92042,2766,credit,active,500
92043,2361,credit,active,1000
92044,3192,credit,active,1500
92045,2024,debit,active,5000
92046,1045,credit,active,500
92047,1138,debit,active,500
92048,1702,credit,active,1000
92049,2045,debit,active,3000
92050,4421,credit,active,1500
92051,3658,credit,active,5000
92052,573,debit,active,5000
92053,356,debit,active,500
92054,4920,debit,active,3000
92055,2840,debit,active,1500
92056,2581,credit,active,500
92057,2358,debit,active,500
92058,3453,debit,flagged,500
92059,3208,credit,active,500
92060,32,credit,active,1000
92061,3227,credit,active,3000
92062,2188,credit,active,1000
92063,4616,credit,active,1500
92064,1208,debit,active,500
92065,462,credit,active,1000
92066,3617,credit,active,1000
92067,2615,debit,active,500
92068,4156,credit,active,1500
92069,3952,debit,active,1000
92070,1544,credit,active,500
92071,358,debit,active,3000
92072,1735,debit,active,3000
92073,3899,credit,active,1500
92074,3298,credit,active,500
92075,3928,debit,active,1500
92076,3789,debit,active,1500
92077,3451,debit,active,1500
92078,3102,credit,active,3000
92079,4329,credit,active,500
92080,2738,credit,active,1000
92081,2728,debit,active,3000
92082,1672,credit,flagged,500
92083,4217,credit,active,3000
92084,3244,credit,active,5000
92085,2957,credit,active,3000
92086,104,debit,active,1000
92087,1794,credit,active,1000
92088,1494,credit,active,5000
92089,2100,debit,active,5000
92090,1309,debit,flagged,1000
92091,2672,debit,active,1500
92092,2893,credit,active,1500
92093,1622,credit,active,1000
92094,3971,credit,active,1500
92095,575,credit,active,3000
92096,2515,debit,active,5000
92097,3866,debit,active,1000
92098,3987,debit,active,5000
92099,1170,debit,active,1000
92100,2964,debit,active,1000
92101,4966,debit,active,1500
92102,270,debit,active,1500
92103,4652,credit,active,5000
92104,2133,debit,active,3000
92105,4847,credit,active,500
92106,4471,credit,active,1000
92107,2409,credit,active,5000
92108,197,debit,flagged,3000
92109,4144,debit,active,3000
92110,3531,credit,active,1500
92111,4604,debit,active,500
92112,4630,credit,active,3000
92113,4142,debit,active,1500
92114,135,credit,active,1000
92115,2738,credit,active,3000
92116,1511,credit,active,1000
92117,1727,debit,active,1000
92118,3997,debit,active,1500
92119,3383,debit,active,500
92120,2216,credit,active,1000
92121,2076,credit,active,3000
92122,3410,credit,active,1500
92123,821,credit,active,3000
92124,713,debit,flagged,5000
92125,3243,debit,active,5000
92126,3164,credit,flagged,5000
92127,1388,credit,flagged,5000
92128,2088,debit,active,5000
92129,2951,debit,active,3000
92130,2655,credit,active,1000
92131,2456,credit,active,5000
92132,4426,debit,active,1000
92133,832,debit,active,500
92134,3237,debit,active,3000
92135,4798,debit,active,1000
92136,4047,credit,active,1000
92137,4997,debit,active,1000
92138,1311,debit,active,1000
92139,785,credit,active,500
92140,1256,debit,active,1500
92141,1245,debit,active,1000
92142,1986,credit,active,1000
92143,546,credit,active,5000
92144,4533,debit,active,3000
92145,373,debit,active,5000
92146,4873,credit,active,500
92147,921,debit,active,5000
92148,149,debit,active,3000
92149,3981,credit,active,5000
92150,113,debit,active,500
92151,4767,debit,flagged,3000
92152,2808,debit,active,1000
92153,2409,credit,active,1500
92154,1792,credit,active,500
92155,2561,credit,active,1500
92156,3567,debit,active,500
92157,4526,credit,active,3000
92158,1153,debit,active,1500
92159,437,debit,active,5000
92160,80,debit,active,5000
92161,935,debit,active,1000
92162,928,credit,active,500
92163,205,credit,active,1000
92164,1458,credit,active,5000
92165,1913,debit,active,1500
92166,1532,credit,active,1500
92167,1209,debit,active,500
92168,1805,debit,active,3000
92169,4621,credit,active,1000
92170,4335,debit,active,3000
92171,4048,debit,active,500
92172,3285,credit,active,500
92173,3548,credit,active,5000
92174,3371,debit,flagged,500
92175,1471,credit,active,1000
92176,4155,credit,active,1000
92177,3542,credit,active,500
92178,1398,debit,active,5000
92179,2449,debit,active,1500
92180,1710,debit,active,500
92181,2958,debit,active,5000
92182,2303,debit,active,1500
92183,226,credit,active,1500
92184,22,credit,active,1000
92185,4488,credit,active,3000
92186,3659,debit,active,3000
92187,4131,credit,active,5000
92188,4032,debit,active,5000
92189,1862,debit,active,3000
92190,2234,credit,active,1500
92191,4178,debit,active,500
92192,690,credit,active,3000
92193,1369,credit,active,3000
92194,1986,debit,active,5000
92195,212,debit,active,5000
92196,1936,debit,active,500
92197,738,debit,active,1000
92198,2095,debit,active,1000
92199,3141,debit,active,5000
92200,4887,debit,active,1000
92201,2481,debit,active,500
92202,542,credit,active,1500
92203,3889,debit,active,3000
92204,402,credit,active,1500
92205,3604,credit,active,5000
92206,3323,debit,active,500
92207,1340,credit,active,3000
92208,4950,debit,active,1500
92209,4449,debit,flagged,5000
92210,4270,debit,active,500
92211,818,credit,active,1500
92212,3334,credit,active,3000
92213,3808,credit,active,500
92214,4788,credit,active,5000
92215,3270,debit,active,500
92216,4656,debit,active,3000
92217,3459,credit,active,3000
92218,3824,debit,active,1000
92219,1685,debit,active,1500
92220,1885,credit,active,1000
92221,3608,credit,active,1500
92222,1554,debit,active,1500
92223,4818,debit,active,5000
92224,4621,credit,active,1500
92225,4113,credit,active,3000
92226,1405,debit,active,1500
92227,3872,debit,active,1500
92228,246,debit,active,3000
92229,3471,debit,active,5000
92230,2526,credit,active,1500
92231,2184,debit,active,1000
92232,4797,debit,active,3000
92233,2842,debit,active,5000
92234,635,credit,active,3000
92235,1361,debit,active,1500
92236,1850,debit,active,500
92237,3199,debit,active,500
92238,3368,credit,active,1500
92239,485,debit,active,1000
92240,753,credit,active,1000
92241,2093,credit,active,3000
92242,1735,credit,active,5000
92243,4560,credit,active,1000
92244,1598,credit,active,1500
92245,2261,credit,active,500
92246,2511,debit,active,1500
92247,1207,debit,active,3000
92248,2782,credit,active,1500
92249,2401,credit,active,1500
92250,1366,debit,active,5000
92251,2452,debit,active,1500
92252,3102,debit,active,1500
92253,612,debit,active,500
92254,3342,credit,active,5000
92255,1423,credit,active,1500
92256,1459,credit,active,3000
92257,1674,credit,active,5000
92258,4328,credit,active,5000
92259,969,credit,active,500
92260,501,credit,active,500
92261,2139,credit,flagged,500
92262,4334,debit,active,3000
92263,4660,debit,active,1000
92264,400,credit,flagged,5000
92265,1406,credit,active,1000
92266,625,debit,active,500
92267,1150,credit,active,1500
92268,1955,credit,active,3000
92269,1377,credit,active,500
92270,582,credit,active,500
92271,3488,credit,active,5000
92272,3189,debit,active,3000
92273,4874,credit,active,3000
92274,2536,debit,active,1000
92275,524,credit,active,500
92276,3161,credit,active,500
92277,2182,credit,active,5000
92278,74,debit,active,1000
92279,2609,debit,active,1000
92280,667,credit,active,1500
92281,432,debit,active,3000
92282,1353,credit,active,5000
92283,1859,debit,active,1000
92284,493,credit,active,1500
92285,4490,credit,active,500
92286,3786,credit,active,5000
92287,4953,credit,active,1500
92288,1343,debit,active,500
92289,2343,debit,active,1500
92290,1118,credit,active,3000
92291,1826,credit,active,5000
92292,3467,debit,active,1500
92293,4742,credit,active,1500
92294,4907,credit,active,1500
92295,3855,credit,active,3000
92296,4988,debit,active,500
92297,2786,credit,active,5000
92298,3844,debit,active,3000
92299,130,credit,active,500
92300,331,credit,active,5000
92301,2234,debit,active,1500
92302,1884,debit,flagged,1500
92303,3553,debit,active,5000
92304,2913,credit,active,3000
92305,3486,debit,active,3000
92306,1733,credit,active,3000
92307,3218,debit,active,1500
92308,671,debit,active,500
92309,4100,credit,active,1000
92310,1121,credit,active,1500
92311,851,debit,active,1000
92312,2273,credit,active,500
92313,4111,credit,flagged,5000
92314,1919,credit,active,1000
92315,2756,debit,active,1000
92316,3856,credit,active,5000
92317,2711,debit,active,3000
92318,2970,credit,active,1000
92319,3981,credit,active,1500
92320,1268,credit,active,1000
92321,2712,credit,active,5000
92322,421,debit,active,1500
92323,1392,debit,active,5000
92324,1435,credit,active,3000
92325,2685,debit,active,5000
92326,3256,credit,active,5000
92327,4619,debit,active,1000
92328,4236,credit,active,3000
92329,8,debit,active,500
92330,2806,debit,flagged,1500
92331,1176,credit,active,1500
92332,3849,credit,active,5000
92333,2792,debit,active,1000
92334,4983,credit,active,1000
92335,2734,debit,active,3000
92336,577,credit,active,3000
92337,1373,debit,active,5000
92338,2902,debit,active,1000
92339,1676,credit,active,500
92340,565,credit,active,1000
92341,3677,debit,active,3000
92342,2862,debit,active,5000
92343,337,credit,active,5000
92344,541,credit,active,3000
92345,396,debit,active,1000
92346,501,credit,active,500
92347,4335,credit,active,3000
92348,445,debit,active,5000
92349,1632,debit,active,5000
92350,4427,debit,active,500
92351,258,debit,active,3000
92352,3385,credit,active,3000
92353,3727,debit,active,1500
92354,3737,credit,active,1500
92355,2448,credit,active,500
92356,1705,credit,active,5000
92357,908,credit,active,1500
92358,1656,credit,active,500
92359,884,debit,active,5000
92360,1674,credit,active,1000
92361,404,debit,active,1000
92362,1545,debit,active,500
92363,2551,credit,active,500
92364,3806,debit,active,1500
92365,143,credit,active,3000
92366,117,credit,active,500
92367,2621,debit,active,1500
92368,2505,credit,active,500
92369,3442,credit,active,1000
92370,2089,debit,active,5000
92371,3716,debit,active,5000
92372,2310,debit,active,1500
92373,3916,debit,active,500
92374,1292,debit,active,1500
92375,4156,debit,active,500
92376,1318,credit,active,5000
92377,2167,debit,active,5000
92378,2459,credit,flagged,3000
92379,2735,debit,active,5000
92380,2264,credit,active,3000
92381,2402,credit,active,1500
92382,1183,debit,active,500
92383,248,credit,active,1500
92384,1392,credit,active,5000
92385,3078,credit,active,1500
92386,2095,credit,active,500
92387,4114,credit,active,5000
92388,2840,debit,active,1500
92389,3079,credit,active,5000
92390,1872,credit,active,1500
92391,365,debit,active,500
92392,470,credit,active,3000
92393,3962,debit,active,3000
92394,1977,credit,active,3000
92395,352,debit,active,500
92396,1816,credit,active,3000
92397,4813,debit,active,500
92398,3157,credit,active,1500
92399,1454,credit,active,1000
92400,4120,debit,active,5000
92401,3274,credit,active,5000
92402,2773,debit,flagged,500
92403,3465,credit,active,5000
92404,576,credit,active,3000
92405,900,credit,active,3000
92406,3412,debit,active,3000
92407,4585,credit,flagged,5000
92408,1963,credit,active,1000
92409,3179,credit,active,500
92410,2799,credit,active,3000
92411,955,debit,active,5000
92412,2738,credit,flagged,1000
92413,1079,credit,active,500
92414,4185,debit,active,5000
92415,3311,debit,active,500
92416,1191,credit,active,3000
92417,2556,credit,active,5000
92418,2492,credit,active,5000
92419,4969,credit,active,500
92420,4683,credit,active,500
92421,2847,debit,active,500
92422,2129,debit,active,1000
92423,1479,credit,active,500
92424,3457,credit,active,500
92425,988,debit,active,3000
92426,4804,debit,active,3000
92427,1670,debit,active,500
92428,4675,credit,active,500
92429,4294,credit,active,1000
92430,3182,debit,active,1000
92431,1424,debit,active,1000
92432,2854,credit,active,1500
92433,4017,credit,active,5000
92434,2371,debit,active,5000
92435,2535,debit,active,1500
92436,69,debit,active,1000
92437,3841,debit,active,1000
92438,2528,debit,active,1500
92439,3121,debit,active,1500
92440,1044,debit,active,3000
92441,663,debit,active,1000
92442,106,debit,active,5000
92443,28,credit,active,5000
92444,2700,credit,flagged,500
92445,4606,credit,active,500
92446,844,debit,active,1000
92447,4117,debit,active,5000
92448,246,debit,active,3000
92449,3154,credit,active,5000
92450,2489,credit,active,500
92451,2018,debit,active,1500
92452,4764,credit,active,1000
92453,1648,credit,active,1000
92454,4926,credit,flagged,500
92455,1843,credit,active,1500
92456,1622,debit,active,1000
92457,2056,credit,active,3000
92458,2704,credit,active,500
92459,4769,credit,active,1000
92460,447,credit,active,3000
92461,4551,debit,active,500
92462,1031,credit,active,1500
92463,2393,debit,active,1000
92464,4911,debit,active,1000
92465,33,debit,active,1500
92466,4810,credit,active,3000
92467,2198,debit,active,500
92468,3345,credit,active,1500
92469,1128,debit,flagged,3000
92470,890,credit,active,5000
92471,195,debit,active,5000
92472,2159,credit,active,1500
92473,2621,credit,active,3000
92474,3237,debit,active,1000
92475,4443,credit,active,1500
92476,135,debit,active,5000
92477,741,credit,active,3000
92478,3634,debit,active,1000
92479,4623,credit,flagged,5000
92480,1543,credit,active,500
92481,4745,credit,active,3000
92482,252,credit,active,5000
92483,2681,debit,active,5000
92484,4037,debit,blocked,3000
92485,1113,debit,active,500
92486,1831,debit,active,5000
92487,821,debit,active,5000
92488,3498,credit,active,3000
92489,1801,credit,active,500
92490,1634,credit,active,1500
92491,4123,debit,flagged,3000
92492,2963,credit,active,3000
92493,825,debit,active,1500
92494,4018,credit,active,1000
92495,4825,credit,active,500
92496,2603,credit,active,3000
92497,1649,debit,active,1500
92498,4891,debit,active,1500
92499,2217,credit,active,5000
92500,4057,debit,active,500
92501,2899,credit,active,500
92502,1318,credit,active,500
92503,1120,debit,active,3000
92504,1047,credit,active,3000
92505,4165,debit,active,5000
92506,2686,debit,active,500
92507,2408,credit,active,1500
92508,4984,credit,active,500
92509,335,debit,active,5000
92510,456,debit,active,5000
92511,4149,credit,active,3000
92512,1899,credit,active,1500
92513,1999,credit,active,1000
92514,4701,debit,active,1500
92515,858,debit,active,5000
92516,2605,credit,active,5000
92517,1795,debit,active,500
92518,2869,credit,active,5000
92519,2074,debit,active,500
92520,849,debit,flagged,5000
92521,343,debit,active,5000
92522,2460,debit,active,1000
92523,4731,credit,active,1000
92524,2569,credit,active,5000
92525,298,debit,active,1000
92526,2023,credit,active,3000
92527,3189,credit,active,3000
92528,1355,credit,active,500
92529,1655,credit,active,1000
92530,4622,credit,active,5000
92531,3778,credit,active,1000
92532,175,debit,active,3000
92533,1957,debit,active,5000
92534,1676,credit,active,1000
92535,3153,credit,active,1000
92536,37,credit,active,1500
92537,4582,debit,active,500
92538,1823,debit,active,500
92539,637,credit,active,500
92540,2795,credit,active,3000
92541,3706,credit,active,1000
92542,4577,debit,active,1000
92543,484,debit,active,3000
92544,2619,credit,active,1500
92545,4125,debit,active,500
92546,1714,credit,active,3000
92547,4005,credit,active,1000
92548,2182,credit,active,1000
92549,3097,credit,active,3000
92550,526,debit,active,1500
92551,4721,credit,active,1500
92552,2978,debit,active,1500
92553,2592,debit,active,1000
92554,2912,credit,active,1500
92555,4246,debit,flagged,1500
92556,1143,credit,active,5000
92557,4698,debit,active,5000
92558,2993,debit,active,500
92559,920,credit,active,3000
92560,2046,debit,active,1500
92561,611,credit,active,1500
92562,3445,credit,blocked,1500
92563,494,credit,active,5000
92564,76,debit,active,1000
92565,555,debit,active,1500
92566,496,debit,active,1500
92567,4171,credit,active,1500
92568,2819,credit,active,1000
92569,1693,debit,active,5000
92570,2946,debit,active,1500
92571,3704,debit,active,1500
92572,2763,credit,active,1000
92573,3297,debit,active,500
92574,1660,debit,flagged,1000
92575,3801,debit,active,5000
92576,3193,debit,active,5000
92577,3096,credit,flagged,1500
92578,3944,credit,active,1000
92579,1767,credit,active,5000
92580,2823,credit,active,3000
92581,1519,credit,active,5000
92582,1551,debit,active,1000
92583,1466,credit,active,1000
92584,1827,debit,active,500
92585,3210,debit,active,5000
92586,2054,debit,active,1500
92587,2250,credit,active,500
92588,4417,debit,active,5000
92589,1959,debit,active,500
92590,420,debit,active,1000
92591,230,debit,active,1000
92592,4138,debit,active,1000
92593,2674,credit,active,500
92594,2527,credit,active,5000
92595,3116,credit,active,3000
92596,4127,credit,active,500
92597,1595,debit,active,1500
92598,489,credit,active,5000
92599,3341,credit,active,1000
92600,2442,credit,active,5000
92601,4410,debit,active,5000
92602,1393,credit,active,1000
92603,4266,credit,active,1000
92604,3219,debit,active,1000
92605,2000,debit,active,1500
92606,3174,debit,active,1000
92607,3229,debit,active,500
92608,1931,debit,active,3000
92609,2553,debit,active,1500
92610,4093,credit,active,500
92611,3549,debit,active,1000
92612,284,debit,flagged,500
92613,803,credit,active,3000
92614,3536,debit,flagged,1000
92615,4294,credit,active,1500
92616,2507,debit,active,500
92617,4370,credit,active,3000
92618,1248,debit,active,1500
92619,623,debit,active,5000
92620,2558,credit,active,3000
92621,3397,debit,active,500
92622,1497,credit,active,1500
92623,3432,debit,active,3000
92624,2146,credit,active,5000
92625,868,credit,active,1000
92626,2559,credit,active,500
92627,3412,credit,active,5000
92628,4460,credit,active,3000
92629,1810,debit,active,3000
92630,2861,debit,active,1500
92631,1253,debit,active,5000
92632,1598,credit,active,1500
92633,115,credit,active,500
92634,126,credit,active,5000
92635,4226,credit,active,1000
92636,210,credit,active,500
92637,3487,credit,active,1500
92638,4431,credit,active,1000
92639,1632,debit,active,500
92640,2087,credit,active,1500
92641,2924,credit,active,500
92642,1399,debit,active,5000
92643,1457,debit,active,1000
92644,4159,debit,active,1000
92645,390,credit,active,3000
92646,3216,debit,active,1000
92647,3417,credit,active,500
92648,2684,debit,active,1000
92649,1114,credit,active,5000
92650,520,debit,active,1500
92651,1955,debit,active,1000
92652,2994,debit,active,1000
92653,3985,credit,active,1000
92654,1964,debit,active,1500
92655,2423,debit,active,1000
92656,3948,credit,active,1000
92657,4884,credit,active,5000
92658,2920,debit,active,500
92659,4283,credit,active,500
92660,2356,credit,active,1000
92661,4840,debit,active,500
92662,2726,debit,active,1500
92663,4188,credit,active,1500
92664,4789,debit,active,500
92665,4564,debit,active,3000
92666,4000,debit,active,5000
92667,426,credit,active,1500
92668,3855,debit,active,500
92669,3864,debit,active,1500
92670,81,debit,active,1500
92671,2921,credit,active,5000
92672,2270,credit,active,3000
92673,1705,credit,active,1500
92674,4906,credit,active,500
92675,3625,debit,active,3000
92676,476,credit,active,3000
92677,2158,debit,active,5000
92678,866,debit,active,5000
92679,4868,debit,active,1000
92680,2913,debit,active,5000
92681,2311,debit,active,5000
92682,2024,credit,active,500
92683,1121,credit,active,1500
92684,3958,credit,active,3000
92685,3431,credit,flagged,500
92686,1778,debit,active,3000
92687,3850,debit,active,1000
92688,2144,debit,active,1000
92689,3994,credit,active,1000
92690,4996,debit,active,1000
92691,94,debit,flagged,1500
92692,1969,credit,active,3000
92693,343,credit,active,5000
92694,4579,credit,active,1500
92695,248,debit,active,5000
92696,4935,credit,active,1500
92697,3730,credit,active,3000
92698,1653,credit,active,500
92699,2257,debit,active,3000
92700,3759,debit,active,1500
92701,3190,credit,active,3000
92702,1909,credit,active,500
92703,1644,credit,active,3000
92704,1685,credit,active,5000
92705,792,debit,active,500
92706,2404,debit,active,3000
92707,2571,credit,active,1500
92708,1758,debit,active,1000
92709,853,credit,active,500
92710,3477,debit,active,5000
92711,3790,debit,active,1000
92712,2525,debit,active,1500
92713,4408,credit,active,5000
92714,3438,credit,active,500
92715,1192,credit,active,3000
92716,1310,debit,active,1000
92717,4808,debit,active,3000
92718,4606,credit,active,1000
92719,2116,debit,active,3000
92720,212,credit,active,1500
92721,4590,credit,active,1000
92722,3811,debit,active,1500
92723,1758,credit,active,1000
92724,1016,credit,active,3000
92725,4048,debit,active,500
92726,3566,credit,active,500
92727,2220,credit,active,500
92728,2227,debit,active,1500
92729,3362,debit,active,500
92730,418,credit,active,500
92731,3642,credit,active,3000
92732,4294,debit,active,5000
92733,4124,credit,active,1500
92734,1261,credit,active,1500
92735,2119,credit,active,5000
92736,1223,credit,active,5000
92737,3936,debit,active,3000
92738,2636,credit,active,1500
92739,4168,credit,active,1000
92740,3968,debit,active,1500
92741,1537,debit,active,5000
92742,452,credit,active,3000
92743,3765,debit,active,1000
92744,3288,debit,active,500
92745,3896,credit,active,500
92746,2107,debit,flagged,1000
92747,2869,credit,flagged,500
92748,383,credit,active,500
92749,3351,credit,active,3000
92750,2885,debit,active,500
92751,3587,debit,blocked,3000
92752,4716,credit,active,3000
92753,1745,credit,active,1500
92754,1462,credit,active,5000
92755,193,credit,active,5000
92756,825,credit,active,3000
92757,3784,credit,active,1000
92758,3592,debit,active,1500
92759,2556,debit,flagged,3000
92760,1902,debit,active,1500
92761,3449,credit,active,1000
92762,2749,credit,active,1500
92763,3146,credit,flagged,5000
92764,1291,debit,active,3000
92765,176,credit,active,500
92766,2624,credit,active,1000
92767,3219,debit,active,500
92768,3861,debit,active,1000
92769,1268,debit,active,3000
92770,3145,credit,active,1500
92771,2347,debit,active,1000
92772,2276,debit,active,500
92773,3375,credit,active,1000
92774,1366,credit,active,3000
92775,4507,debit,active,500
92776,1965,debit,flagged,3000
92777,1838,debit,active,3000
92778,3634,credit,active,1500
92779,3050,debit,active,1500
92780,977,debit,active,1500
92781,2994,credit,active,1000
92782,3060,debit,active,5000
92783,4037,credit,active,1000
92784,1565,credit,active,5000
92785,4773,credit,active,1500
92786,4599,credit,active,3000
92787,2020,credit,active,500
92788,3137,debit,active,1500
92789,516,credit,active,5000
92790,3660,credit,active,5000
92791,1645,credit,active,1500
92792,4817,credit,active,1000
92793,3722,debit,active,1500
92794,2739,debit,active,5000
92795,4035,credit,active,500
92796,1617,credit,active,500
92797,3250,credit,active,500
92798,2621,debit,active,3000
92799,2748,debit,active,1000
92800,1045,credit,active,3000
92801,321,debit,flagged,500
92802,879,credit,active,500
92803,1375,credit,active,5000
92804,4385,credit,active,5000
92805,4925,credit,active,1500
92806,4537,debit,active,3000
92807,4222,debit,active,5000
92808,2046,debit,active,5000
92809,149,credit,active,5000
92810,4981,debit,active,5000
92811,343,debit,active,1000
92812,1775,credit,active,500
92813,2785,debit,active,500
92814,396,credit,active,1000
92815,2796,credit,active,5000
92816,4836,debit,active,500
92817,1933,debit,active,3000
92818,4657,credit,active,1000
92819,616,debit,active,1500
92820,3524,credit,active,1500
92821,1182,debit,active,1500
92822,4637,debit,active,1000
92823,423,credit,active,1500
92824,4172,credit,active,1500
92825,4906,debit,active,3000
92826,37,debit,active,1000
92827,648,credit,active,1500
92828,3419,credit,active,500
92829,3438,credit,active,5000
92830,791,debit,active,5000
92831,2830,debit,active,5000
92832,4668,credit,active,500
92833,3260,credit,active,5000
92834,3159,debit,active,5000
92835,2646,debit,active,1000
92836,1042,debit,active,1000
92837,2222,credit,active,500
92838,1527,credit,active,1000
92839,4658,credit,active,1500
92840,4015,credit,active,3000
92841,972,debit,active,5000
92842,1640,debit,active,500
92843,4245,debit,active,1500
92844,1154,credit,active,1500
92845,4626,debit,active,500
92846,3551,credit,active,5000
92847,1607,debit,active,5000
92848,3398,debit,flagged,3000
92849,1338,debit,active,5000
92850,1933,debit,active,3000
92851,2790,debit,active,500
92852,4362,debit,active,5000
92853,2822,credit,active,3000
92854,4596,debit,active,1000
92855,4211,debit,active,3000
92856,4073,debit,active,500
92857,3445,debit,active,1500
92858,146,debit,active,5000
92859,2346,credit,active,1500
92860,1750,credit,active,1500
92861,2022,debit,active,1000
92862,1526,debit,active,500
92863,4331,credit,active,3000
92864,3840,debit,active,3000
92865,3985,credit,active,1000
92866,424,debit,active,500
92867,2419,debit,active,5000
92868,2051,debit,active,5000
92869,1421,credit,active,500
92870,4475,credit,active,3000
92871,2833,debit,active,1500
92872,1168,debit,active,5000
92873,1852,debit,active,1000
92874,2950,credit,active,1000
92875,3736,credit,active,3000
92876,2778,debit,active,500
92877,4270,credit,active,500
92878,2310,credit,active,500
92879,1862,credit,active,1000
92880,4772,credit,active,5000
92881,4008,credit,active,500
92882,2338,credit,active,5000
92883,4592,debit,active,5000
92884,4867,credit,active,3000
92885,459,credit,active,1000
92886,4832,debit,active,1000
92887,1072,debit,active,1500
92888,2544,credit,active,3000
92889,3885,credit,active,3000
92890,3705,debit,active,5000
92891,4234,credit,active,3000
92892,643,debit,active,1500
92893,2381,credit,flagged,5000
92894,1107,debit,active,5000
92895,2747,credit,active,1500
92896,424,debit,active,3000
92897,1752,credit,active,3000
92898,1128,credit,active,5000
92899,4780,credit,active,1500
92900,2393,credit,active,5000
92901,704,credit,active,1000
92902,1108,debit,active,500
92903,191,debit,active,1500
92904,1458,credit,active,5000
92905,473,credit,active,500
92906,2637,credit,active,1500
92907,883,credit,active,500
92908,4629,credit,active,500
92909,4189,debit,active,1500
92910,2893,credit,active,1500
92911,1284,debit,active,1500
92912,4827,credit,active,1000
92913,2437,debit,active,1500
92914,942,credit,active,3000
92915,1273,credit,active,1000
92916,2098,debit,active,1000
92917,2684,debit,flagged,3000
92918,3057,credit,active,3000
92919,3640,debit,active,1000
92920,3179,credit,active,3000
92921,2644,debit,active,500
92922,75,credit,active,5000
92923,3585,debit,active,3000
92924,3911,debit,active,1000
92925,4178,debit,flagged,3000
92926,700,debit,active,1500
92927,3231,credit,active,3000
92928,4950,credit,active,1500
92929,3888,debit,active,500
92930,3764,debit,active,1000
92931,2375,debit,active,3000
92932,4100,debit,active,500
92933,1787,debit,active,1000
92934,3170,credit,active,1500
92935,2670,credit,active,3000
92936,4011,debit,active,500
92937,3888,debit,active,3000
92938,1441,debit,active,1500
92939,3779,credit,active,3000
92940,590,debit,active,500
92941,2133,debit,active,1000
92942,880,credit,active,3000
92943,2735,credit,active,1500
92944,1827,debit,active,500
92945,4958,credit,active,3000
92946,1784,debit,active,3000
92947,1646,credit,active,500
92948,441,credit,active,3000
92949,2122,debit,active,3000
92950,455,credit,active,5000
92951,886,debit,active,1500
92952,1601,credit,active,1000
92953,4951,credit,active,1000
92954,3955,debit,active,5000
92955,2597,credit,active,3000
92956,502,credit,active,5000
92957,4856,debit,active,1000
92958,4816,credit,active,5000
92959,788,credit,active,5000
92960,1500,credit,active,1000
92961,4702,debit,active,500
92962,1738,debit,active,5000
92963,1598,credit,active,3000
92964,162,debit,active,3000
92965,4465,credit,active,3000
92966,3949,debit,active,5000
92967,553,credit,active,1500
92968,518,credit,active,500
92969,3875,credit,active,1500
92970,2753,debit,active,1500
92971,2962,debit,active,1500
92972,4558,credit,active,3000
92973,1598,debit,active,1000
92974,1212,debit,active,1000
92975,1930,credit,flagged,5000
92976,3595,credit,active,1000
92977,2874,credit,active,1000
92978,3364,credit,active,3000
92979,2180,credit,active,1500
92980,2630,debit,active,1000
92981,4260,debit,active,500
92982,1007,credit,active,500
92983,4312,debit,active,3000
92984,2590,credit,active,1500
92985,210,credit,active,500
92986,2622,debit,active,5000
92987,4556,credit,active,3000
92988,2130,credit,active,500
92989,4820,debit,active,5000
92990,3497,credit,active,3000
92991,2423,credit,active,1000
92992,1797,debit,active,3000
92993,3627,credit,active,3000
92994,1875,debit,flagged,5000
92995,1212,debit,active,3000
92996,1395,debit,active,500
92997,2826,debit,active,3000
92998,2378,debit,active,3000
92999,2007,credit,flagged,500
93000,2648,debit,active,1500
93001,72,credit,active,500
93002,2069,credit,active,3000
93003,217,credit,active,5000
93004,3499,debit,active,1500
93005,2912,credit,active,3000
93006,3094,debit,active,1500
93007,4757,debit,active,500
93008,3597,credit,active,1000
93009,3186,credit,active,5000
93010,3615,credit,active,1500
93011,4145,credit,active,1500
93012,3709,debit,active,5000
93013,4385,credit,flagged,1500
93014,4923,credit,active,3000
93015,1992,credit,active,3000
93016,2056,credit,active,1500
93017,1942,credit,active,500
93018,1161,debit,active,5000
93019,3729,credit,active,500
93020,667,credit,active,3000
93021,4855,debit,active,1000
93022,4872,debit,active,500
93023,490,credit,active,1500
93024,2349,credit,active,3000
93025,1886,credit,active,1500
93026,2330,debit,active,5000
93027,551,debit,active,1000
93028,2380,credit,active,3000
93029,845,debit,active,1000
93030,2024,debit,active,3000
93031,2755,debit,active,1000
93032,3019,credit,active,5000
93033,4438,debit,active,1000
93034,4127,debit,active,500
93035,4870,credit,active,5000
93036,4015,credit,active,1500
93037,3856,debit,active,3000
93038,1560,credit,active,3000
93039,2028,debit,active,3000
93040,3733,debit,active,5000
93041,2026,credit,active,3000
93042,224,credit,active,3000
93043,4123,credit,active,500
93044,453,credit,active,1500
93045,380,credit,active,5000
93046,3275,debit,flagged,500
93047,670,debit,active,5000
93048,1895,debit,active,1000
93049,3316,credit,active,5000
93050,1298,credit,active,1000
93051,129,credit,active,500
93052,2878,credit,active,500
93053,3759,credit,active,5000
93054,4515,credit,active,1500
93055,4536,debit,active,5000
93056,4531,credit,active,5000
93057,4103,credit,active,1500
93058,2584,debit,active,500
93059,2987,debit,active,1500
93060,3910,debit,active,1000
93061,3039,debit,active,500
93062,2861,debit,active,500
93063,3349,credit,active,500
93064,1053,debit,active,5000
93065,1986,credit,active,1000
93066,3961,credit,active,5000
93067,4561,debit,active,5000
93068,1398,credit,active,3000
93069,848,credit,active,3000
93070,1575,debit,active,5000
93071,3048,debit,active,5000
93072,2137,debit,flagged,3000
93073,4227,debit,active,1000
93074,1630,credit,active,3000
93075,377,credit,active,1500
93076,2867,credit,active,1000
93077,2680,credit,active,500
93078,2609,credit,active,1000
93079,2899,debit,active,1000
93080,2689,debit,active,5000
93081,2623,credit,active,1000
93082,1731,credit,active,1500
93083,2948,credit,active,500
93084,4313,debit,active,500
93085,135,credit,active,500
93086,3825,credit,active,500
93087,3327,credit,active,500
93088,3508,debit,active,1500
93089,3133,credit,active,1500
93090,137,credit,active,1500
93091,369,debit,active,1500
93092,2751,credit,active,5000
93093,4811,debit,active,3000
93094,190,credit,active,5000
93095,305,credit,active,1500
93096,1983,credit,active,1500
93097,4147,debit,active,1000
93098,3226,debit,active,3000
93099,2400,credit,active,1000
93100,2494,credit,active,5000
93101,797,credit,active,1000
93102,1931,credit,active,1500
93103,1508,credit,active,5000
93104,3334,credit,active,5000
93105,289,debit,active,1500
93106,2925,debit,active,5000
93107,149,credit,active,5000
93108,4455,credit,active,1000
93109,2591,debit,active,5000
93110,3085,debit,active,500
93111,4626,credit,active,3000
93112,114,debit,active,3000
93113,4369,debit,active,500
93114,1883,credit,active,500
93115,1480,debit,active,500
93116,3122,credit,active,3000
93117,3155,debit,active,1000
93118,916,debit,active,1000
93119,3455,debit,active,3000
93120,4862,credit,active,1000
93121,4785,credit,active,5000
93122,2532,credit,active,500
93123,4550,debit,active,5000
93124,3698,debit,active,1000
93125,1807,debit,active,3000
93126,771,credit,active,1500
93127,1414,credit,active,500
93128,2172,credit,active,3000
93129,2728,debit,active,1500
93130,859,credit,active,1500
93131,2326,credit,active,5000
93132,1176,credit,active,1500
93133,3024,credit,active,5000
93134,939,debit,active,3000
93135,4569,debit,active,5000
93136,3974,credit,active,5000
93137,1552,debit,active,5000
93138,3213,credit,active,1500
93139,1423,credit,active,500
93140,3981,credit,active,500
93141,2548,credit,active,1500
93142,28,debit,active,500
93143,1560,credit,active,1000
93144,2667,credit,active,500
93145,4563,debit,active,3000
93146,1249,debit,active,1500
93147,1007,credit,active,500
93148,4716,credit,active,1000
93149,2966,debit,active,1500
93150,55,credit,active,5000
93151,4124,debit,active,1500
93152,4306,debit,active,3000
93153,1281,credit,active,3000
93154,1542,debit,active,1000
93155,1736,credit,active,500
93156,2034,debit,active,1000
93157,3698,debit,active,3000
93158,1028,credit,active,3000
93159,3597,credit,active,5000
93160,2751,debit,active,1500
93161,3153,credit,active,3000
93162,2411,debit,flagged,1500
93163,2200,debit,active,1000
93164,3417,credit,active,3000
93165,1287,credit,active,1500
93166,4945,debit,active,1500
93167,1884,credit,active,3000
93168,4108,debit,active,500
93169,1568,debit,active,1000
93170,880,credit,active,500
93171,2798,debit,active,1000
93172,4544,debit,active,500
93173,2613,debit,active,500
93174,3261,credit,active,500
93175,1291,debit,active,5000
93176,478,debit,active,1000
93177,4103,credit,flagged,500
93178,904,credit,active,1000
93179,4616,credit,active,500
93180,2945,credit,active,500
93181,2602,debit,active,3000
93182,3493,debit,active,1000
93183,1931,credit,active,1500
93184,3254,debit,flagged,3000
93185,1431,debit,active,3000
93186,4524,debit,active,1500
93187,859,debit,active,3000
93188,814,debit,active,3000
93189,1028,debit,active,1500
93190,272,debit,active,3000
93191,4768,credit,active,500
93192,3234,debit,active,5000
93193,527,debit,active,5000
93194,3913,credit,active,3000
93195,4350,credit,active,1500
93196,407,debit,active,500
93197,3206,debit,active,500
93198,3626,debit,active,1000
93199,442,credit,active,1500
93200,1620,debit,active,500
93201,4938,debit,active,500
93202,2796,credit,active,500
93203,3952,debit,active,1500
93204,4035,credit,active,1500
93205,3678,debit,active,1000
93206,3784,debit,active,1500
93207,1427,debit,active,1000
93208,1417,debit,active,1000
93209,2687,credit,active,1500
93210,4856,debit,active,1500
93211,4009,credit,active,500
93212,4145,credit,active,1500
93213,4917,credit,active,500
93214,471,credit,active,5000
93215,1423,credit,active,1000
93216,3276,credit,flagged,5000
93217,1984,credit,active,1500
93218,2995,debit,active,1500
93219,4458,debit,active,1500
93220,317,debit,active,3000
93221,3808,debit,active,500
93222,1543,debit,active,1000
93223,779,debit,active,1500
93224,4814,debit,active,1000
93225,1938,debit,active,1500
93226,3446,credit,active,500
93227,400,debit,active,500
93228,743,debit,flagged,1000
93229,2678,debit,active,3000
93230,1363,debit,active,3000
93231,447,debit,active,3000
93232,2264,debit,active,3000
93233,1858,debit,active,500
93234,2399,debit,active,1000
93235,1559,debit,active,3000
93236,703,credit,active,5000
93237,2418,credit,active,1500
93238,379,credit,active,5000
93239,4692,credit,active,500
93240,4899,debit,active,1500
93241,3384,credit,active,1000
93242,2934,debit,active,1000
93243,2989,credit,active,3000
93244,1955,credit,active,500
93245,1965,debit,active,1000
93246,4320,credit,active,500
93247,446,credit,active,3000
93248,178,debit,active,1000
93249,1584,credit,active,3000
93250,3636,credit,active,1500
93251,4752,debit,active,500
93252,4083,credit,active,1000
93253,4064,credit,active,1500
93254,1338,credit,flagged,1500
93255,4317,credit,flagged,5000
93256,4294,debit,active,5000
93257,2043,debit,active,500
93258,2599,debit,active,1500
93259,1332,credit,active,1500
93260,4103,credit,blocked,1500
93261,3412,credit,active,1000
93262,3635,debit,active,3000
93263,2161,debit,active,500
93264,3358,credit,active,1500
93265,2601,debit,active,3000
93266,41,debit,active,500
93267,744,credit,active,500
93268,3781,debit,active,1000
93269,302,debit,active,1000
93270,3703,debit,active,500
93271,4280,debit,active,500
93272,2003,credit,active,3000
93273,2930,credit,active,500
93274,522,debit,active,1500
93275,2382,debit,active,500
93276,3586,debit,active,500
93277,1008,credit,active,1000
93278,2222,debit,active,500
93279,1001,credit,active,3000
93280,2598,credit,active,3000
93281,1184,credit,active,5000
93282,1195,debit,active,500
93283,3486,credit,active,500
93284,650,credit,active,1500
93285,3280,debit,active,5000
93286,2849,debit,active,1500
93287,1220,debit,active,3000
93288,3203,credit,active,3000
93289,2349,credit,active,1000
93290,1914,debit,flagged,1500
93291,4756,credit,active,500
93292,2651,credit,active,1000
93293,3898,debit,active,1500
93294,3484,debit,active,500
93295,4067,debit,active,5000
93296,3509,credit,active,3000
93297,439,debit,active,5000
93298,1864,debit,active,1500
93299,2280,credit,active,3000
93300,1970,debit,active,1000
93301,3041,credit,active,5000
93302,3915,debit,active,3000
93303,4113,credit,active,1500
93304,1978,debit,active,3000
93305,2620,debit,active,500
93306,4617,debit,active,500
93307,947,credit,active,5000
93308,4689,credit,active,500
93309,2937,debit,active,1500
93310,2903,debit,active,3000
93311,4674,debit,active,5000
93312,2187,credit,active,3000
93313,3263,debit,active,1000
93314,4968,debit,active,3000
93315,778,debit,active,1500
93316,289,credit,active,3000
93317,4201,debit,active,5000
93318,442,credit,active,1000
93319,730,debit,active,500
93320,3772,credit,active,5000
93321,1217,debit,active,500
93322,1519,credit,active,3000
93323,1123,credit,active,1000
93324,4253,credit,flagged,3000
93325,1010,credit,active,3000
93326,952,credit,active,1500
93327,1430,credit,active,3000
93328,1546,debit,active,3000
93329,1905,credit,active,1000
93330,830,credit,active,500
93331,4991,credit,active,3000
93332,4866,debit,active,1500
93333,917,credit,active,3000
93334,537,credit,active,500
93335,2698,debit,active,1500
93336,1854,debit,active,5000
93337,2984,credit,active,5000
93338,4028,credit,active,5000
93339,1833,credit,active,1000
93340,4003,debit,active,1500
93341,3718,debit,active,500
93342,3460,debit,active,1000
93343,697,debit,active,500
93344,604,debit,active,500
93345,876,debit,active,1000
93346,3056,debit,active,1500
93347,3318,credit,flagged,1500
93348,849,debit,active,1000
93349,1486,debit,active,500
93350,4569,credit,active,5000
93351,2636,credit,active,5000
93352,2494,debit,active,500
93353,2037,credit,active,5000
93354,2894,credit,flagged,1000
93355,3930,debit,active,500
93356,3476,debit,active,500
93357,4226,debit,active,5000
93358,1714,credit,active,500
93359,1900,debit,active,5000
93360,2471,credit,active,5000
93361,4581,debit,active,1000
93362,3640,credit,flagged,3000
93363,1895,debit,active,1000
93364,3649,debit,active,5000
93365,2184,credit,active,1500
93366,2566,credit,active,3000
93367,125,debit,active,1000
93368,2917,credit,active,5000
93369,4250,debit,active,1500
93370,4521,debit,active,5000
93371,225,debit,active,1000
93372,4240,credit,active,1000
93373,4383,credit,active,5000
93374,4533,debit,flagged,5000
93375,3984,credit,active,500
93376,3041,credit,active,500
93377,2631,debit,active,500
93378,3656,debit,active,3000
93379,4043,debit,active,3000
93380,1747,debit,active,5000
93381,566,credit,active,500
93382,4836,credit,active,1000
93383,210,debit,active,500
93384,1560,credit,active,1000
93385,3995,credit,active,3000
93386,69,debit,active,1000
93387,226,credit,active,5000
93388,4758,debit,active,500
93389,2350,credit,active,500
93390,3907,debit,active,3000
93391,1496,credit,active,1500
93392,1041,credit,active,1500
93393,3918,debit,active,1500
93394,497,credit,flagged,1000
93395,4715,debit,active,1000
93396,3151,credit,active,500
93397,1060,debit,active,1000
93398,281,credit,active,5000
93399,186,debit,active,1500
93400,92,debit,active,3000
93401,4421,credit,active,3000
93402,2676,credit,blocked,5000
93403,651,credit,active,1000
93404,276,credit,active,1500
93405,696,credit,active,1500
93406,3440,credit,active,1500
93407,79,debit,active,3000
93408,4084,credit,active,5000
93409,1989,debit,active,500
93410,587,debit,active,500
93411,2484,debit,active,5000
93412,428,credit,active,500
93413,4677,debit,active,1500
93414,3551,credit,active,1500
93415,46,debit,active,1500
93416,307,debit,active,3000
93417,2088,credit,active,3000
93418,3155,debit,active,5000
93419,3611,credit,active,3000
93420,156,credit,blocked,5000
93421,4760,debit,active,3000
93422,3482,debit,active,3000
93423,496,debit,flagged,5000
93424,324,credit,active,500
93425,731,debit,active,500
93426,3147,credit,active,1500
93427,491,debit,active,1500
93428,4929,debit,active,500
93429,2771,debit,active,500
93430,4074,credit,active,3000
93431,2249,credit,flagged,3000
93432,3173,debit,active,500
93433,327,debit,active,1000
93434,2028,debit,active,3000
93435,3866,debit,active,1500
93436,3079,debit,active,1500
93437,2397,credit,active,3000
93438,2318,credit,active,5000
93439,4973,debit,active,1500
93440,689,debit,active,500
93441,722,debit,active,1000
93442,2228,credit,active,5000
93443,1288,credit,active,1500
93444,4708,debit,active,1500
93445,2453,credit,active,500
93446,4706,credit,active,5000
93447,2090,credit,active,5000
93448,1268,credit,active,5000
93449,4050,debit,active,3000
93450,1999,credit,active,3000
93451,3425,credit,active,3000
93452,1686,credit,active,1500
93453,2034,credit,active,1500
93454,914,debit,active,3000
93455,1005,credit,active,5000
93456,4683,credit,active,3000
93457,3750,credit,active,3000
93458,470,debit,active,5000
93459,1555,credit,active,1500
93460,1034,credit,active,5000
93461,1726,debit,active,5000
93462,4066,debit,active,1500
93463,3445,credit,active,500
93464,215,credit,active,3000
93465,1742,credit,active,1500
93466,2274,credit,active,3000
93467,910,credit,active,3000
93468,3835,debit,active,1500
93469,150,debit,active,1500
93470,2098,credit,active,5000
93471,4410,credit,active,1500
93472,1083,credit,active,1000
93473,4020,credit,flagged,1500
93474,4503,credit,active,1500
93475,3879,credit,flagged,3000
93476,1725,debit,active,1500
93477,1506,debit,active,1500
93478,217,credit,flagged,500
93479,3681,debit,active,3000
93480,1072,debit,active,5000
93481,2679,credit,active,5000
93482,4761,credit,active,1000
93483,3493,credit,active,3000
93484,3471,debit,active,1000
93485,3807,credit,active,1500
93486,2165,debit,active,5000
93487,2339,debit,active,500
93488,464,credit,active,3000
93489,841,credit,active,3000
93490,4062,credit,active,1500
93491,1144,credit,active,3000
93492,2359,debit,active,3000
93493,1582,credit,active,500
93494,3857,debit,active,1000
93495,2821,debit,active,5000
93496,606,credit,active,3000
93497,4344,debit,active,5000
93498,1163,debit,active,500
93499,174,debit,active,1500
93500,4748,debit,active,3000
93501,2455,debit,active,3000
93502,4704,debit,active,1500
93503,2306,debit,active,500
93504,3108,credit,active,5000
93505,966,debit,active,1000
93506,4689,credit,active,1500
93507,323,debit,active,500
93508,4444,debit,active,5000
93509,774,credit,active,1500
93510,4835,credit,active,500
93511,1189,debit,active,1000
93512,4612,debit,blocked,5000
93513,3153,credit,active,5000
93514,2080,debit,active,1500
93515,1548,debit,active,1500
93516,2352,debit,active,1500
93517,3154,debit,active,3000
93518,1977,credit,active,1500
93519,440,debit,active,1000
93520,3675,credit,active,500
93521,3719,debit,active,3000
93522,1298,credit,active,1500
93523,2888,debit,active,3000
93524,4968,debit,active,1500
93525,4187,debit,active,1000
93526,3233,credit,active,3000
93527,4827,debit,active,5000
93528,4665,credit,active,500
93529,1405,credit,active,5000
93530,3995,credit,active,5000
93531,3143,debit,active,500
93532,3630,credit,active,1000
93533,4890,credit,active,3000
93534,2569,debit,active,1500
93535,822,credit,active,500
93536,4209,debit,active,1500
93537,166,credit,active,500
93538,3770,debit,active,1000
93539,4876,credit,active,1000
93540,3739,debit,flagged,1000
93541,3460,credit,active,500
93542,2385,credit,active,1500
93543,2604,debit,active,1000
93544,3032,debit,active,500
93545,249,debit,active,5000
93546,2476,credit,active,1000
93547,751,debit,active,500
93548,538,credit,active,1000
93549,756,credit,active,500
93550,4094,debit,active,500
93551,3648,debit,active,1000
93552,4879,credit,active,500
93553,684,debit,active,1500
93554,4635,debit,active,500
93555,4519,debit,active,1000
93556,2139,debit,flagged,3000
93557,634,debit,active,1500
93558,2212,credit,active,500
93559,1402,credit,active,1500
93560,2045,credit,active,500
93561,2268,credit,active,5000
93562,254,debit,flagged,1500
93563,431,debit,active,1000
93564,574,debit,active,1500
93565,3330,debit,active,1000
93566,3948,credit,active,1000
93567,2245,credit,blocked,5000
93568,3581,credit,active,1500
93569,2103,credit,active,1500
93570,3869,credit,active,1500
93571,1386,debit,active,1500
93572,467,credit,active,1500
93573,4098,credit,active,3000
93574,2765,credit,active,5000
93575,1306,credit,active,500
93576,949,credit,active,500
93577,3135,debit,active,5000
93578,173,debit,active,1500
93579,2901,credit,active,1000
93580,3290,credit,active,3000
93581,2672,debit,active,1500
93582,749,credit,active,1500
93583,1126,credit,active,3000
93584,4045,debit,active,500
93585,2839,debit,active,500
93586,1863,credit,active,3000
93587,1449,credit,active,5000
93588,3640,debit,active,1500
93589,515,credit,active,5000
93590,954,credit,active,500
93591,3648,credit,active,500
93592,3598,debit,active,5000
93593,638,credit,active,1500
93594,4725,credit,active,1000
93595,4883,credit,active,500
93596,389,credit,active,3000
93597,685,credit,active,3000
93598,3543,debit,active,3000
93599,2850,debit,active,5000
93600,49,debit,active,3000
93601,4536,credit,active,1500
93602,3013,credit,active,500
93603,4338,credit,active,3000
93604,375,credit,active,1000
93605,757,debit,active,1000
93606,4533,debit,active,500
93607,2122,debit,active,5000
93608,1238,debit,active,3000
93609,1448,credit,active,5000
93610,1820,debit,active,3000
93611,2297,debit,active,5000
93612,838,debit,active,500
93613,2829,credit,active,3000
93614,3204,debit,active,1000
93615,2804,credit,active,500
93616,4360,debit,active,500
93617,4583,debit,active,3000
93618,316,debit,active,1000
93619,388,credit,active,3000
93620,511,debit,active,1500
93621,2882,debit,active,3000
93622,3590,credit,active,3000
93623,3387,debit,flagged,3000
93624,2845,credit,active,1000
93625,3161,debit,active,1500
93626,1995,credit,active,1000
93627,1183,debit,active,1000
93628,2673,credit,active,5000
93629,161,credit,active,500
93630,3598,credit,active,5000
93631,4080,debit,active,5000
93632,1640,credit,active,500
93633,417,debit,active,1500
93634,4423,credit,active,1000
93635,4617,debit,flagged,500
93636,2267,credit,active,1500
93637,3393,debit,active,5000
93638,4068,debit,active,5000
93639,2007,credit,active,500
93640,2332,credit,active,5000
93641,418,credit,active,1000
93642,473,credit,active,1000
93643,4003,debit,active,3000
93644,3486,credit,active,1000
93645,36,debit,active,500
93646,969,credit,active,1500
93647,2448,credit,active,5000
93648,4162,debit,active,1000
93649,3971,credit,active,1000
93650,4183,debit,active,500
93651,3641,debit,active,1000
93652,1506,debit,active,1000
93653,4393,credit,active,1500
93654,460,debit,active,1000
93655,2072,credit,active,3000
93656,4530,credit,active,1500
93657,111,credit,active,5000
93658,987,credit,active,500
93659,2940,debit,active,500
93660,1042,debit,flagged,500
93661,4036,credit,active,500
93662,2252,credit,active,3000
93663,4756,debit,active,1000
93664,3874,credit,active,1000
93665,3135,credit,active,5000
93666,3814,debit,active,1000
93667,3029,debit,active,5000
93668,397,credit,flagged,1500
93669,3382,debit,active,500
93670,3596,debit,active,500
93671,1668,credit,active,1500
93672,710,debit,active,5000
93673,570,debit,active,3000
93674,4740,credit,active,3000
93675,2437,debit,flagged,1500
93676,1598,debit,active,1500
93677,4884,credit,active,3000
93678,4522,debit,active,5000
93679,4782,credit,blocked,1500
93680,3126,debit,active,500
93681,4376,credit,active,5000
93682,3924,credit,active,1000
93683,380,debit,active,1500
93684,1276,debit,active,1000
93685,4245,debit,active,5000
93686,3167,debit,active,1500
93687,222,debit,active,1500
93688,48,debit,active,1000
93689,4476,credit,active,3000
93690,4220,credit,active,3000
93691,1252,credit,active,1000
93692,3802,credit,active,5000
93693,4965,credit,flagged,1000
93694,3386,debit,active,3000
93695,1586,debit,active,5000
93696,1207,debit,active,500
93697,4623,credit,active,5000
93698,4758,debit,active,3000
93699,413,credit,active,5000
93700,3246,debit,active,5000
93701,4154,credit,active,3000
93702,3772,debit,active,500
93703,3471,credit,active,3000
93704,3269,debit,active,1000
93705,3985,debit,active,1000
93706,3027,debit,active,1500
93707,3092,credit,active,500
93708,3460,debit,active,5000
93709,1100,debit,active,500
93710,4995,credit,blocked,3000
93711,69,debit,active,5000
93712,511,debit,active,500
93713,4474,credit,active,1500
93714,2109,credit,active,500
93715,2226,debit,active,3000
93716,2608,credit,active,3000
93717,1110,credit,active,500
93718,1774,debit,active,5000
93719,243,credit,active,3000
93720,2439,debit,active,5000
93721,4735,credit,active,1500
93722,1824,debit,active,5000
93723,71,debit,active,1000
93724,2740,debit,active,1000
93725,3427,credit,active,500
93726,2734,credit,active,500
93727,1925,credit,active,500
93728,2325,debit,flagged,500
93729,3916,credit,active,1000
93730,2213,credit,active,1500
93731,2065,debit,active,500
93732,4070,debit,active,500
93733,2883,credit,active,1000
93734,263,credit,active,3000
93735,4267,credit,active,3000
93736,2074,debit,active,1500
93737,3623,credit,active,3000
93738,1138,debit,active,3000
93739,4187,credit,active,1500
93740,1026,credit,active,1500
93741,1227,credit,active,3000
93742,3293,credit,active,1000
93743,4691,debit,blocked,1000
93744,1109,credit,active,1500
93745,358,credit,active,500
93746,2576,credit,active,5000
93747,1341,credit,active,1000
93748,4564,credit,active,5000
93749,1792,debit,active,1000
93750,4395,credit,active,1500
93751,2072,credit,active,3000
93752,1530,credit,active,500
93753,495,debit,active,1500
93754,4074,credit,active,500
93755,4584,credit,active,500
93756,2502,debit,active,3000
93757,1900,credit,active,3000
93758,258,debit,active,1000
93759,3506,credit,active,3000
93760,298,credit,active,5000
93761,298,debit,active,5000
93762,872,credit,active,5000
93763,2647,credit,active,1500
93764,2037,debit,active,3000
93765,4252,credit,active,1000
93766,4022,credit,active,1000
93767,35,credit,active,1000
93768,2785,credit,active,1000
93769,463,credit,active,1000
93770,1294,debit,active,3000
93771,3060,credit,active,500
93772,376,credit,active,5000
93773,3310,debit,active,3000
93774,764,debit,active,1500
93775,8,debit,active,500
93776,3336,credit,active,3000
93777,3445,credit,active,5000
93778,2512,credit,active,3000
93779,2918,debit,active,1000
93780,2331,credit,active,1500
93781,652,debit,blocked,500
93782,1286,credit,active,1500
93783,1575,credit,active,5000
93784,4596,credit,active,5000
93785,1535,debit,active,500
93786,2821,credit,active,5000
93787,1350,debit,active,500
93788,3272,credit,active,500
93789,2017,debit,active,3000
93790,3752,credit,active,1500
93791,1862,debit,active,1000
93792,4860,credit,active,3000
93793,4304,credit,flagged,3000
93794,2314,debit,active,3000
93795,3723,debit,active,3000
93796,2245,credit,active,5000
93797,1730,credit,active,500
93798,3360,credit,active,500
93799,179,debit,active,3000
93800,4580,credit,active,1000
93801,4161,debit,active,1000
93802,541,credit,active,1000
93803,993,debit,active,3000
93804,2913,credit,flagged,3000
93805,413,debit,active,5000
93806,586,debit,active,1500
93807,3847,debit,active,5000
93808,2139,debit,active,1500
93809,3104,credit,flagged,1000
93810,1827,credit,active,1500
93811,2255,debit,active,3000
93812,220,debit,active,1000
93813,583,debit,active,5000
93814,2396,debit,active,3000
93815,4423,credit,active,5000
93816,169,credit,active,500
93817,1279,debit,active,500
93818,585,debit,active,1000
93819,776,debit,active,1500
93820,4062,debit,active,3000
93821,425,credit,active,500
93822,3637,debit,active,500
93823,3295,debit,active,1000
93824,1520,credit,active,1500
93825,1657,debit,active,3000
93826,1253,debit,flagged,3000
93827,4968,debit,active,3000
93828,329,credit,active,1000
93829,3613,credit,active,1500
93830,1336,debit,active,5000
93831,3561,debit,active,500
93832,4254,credit,active,1500
93833,882,debit,flagged,1500
93834,3706,debit,active,3000
93835,1203,debit,active,1500
93836,858,credit,active,5000
93837,2570,debit,active,1500
93838,3657,credit,flagged,1500
93839,2716,debit,active,1000
93840,579,credit,active,1000
93841,584,debit,active,3000
93842,2700,credit,active,5000
93843,3466,debit,active,3000
93844,2956,debit,active,500
93845,168,debit,active,5000
93846,3475,credit,active,5000
93847,2923,credit,active,500
93848,2876,debit,active,1500
93849,1863,debit,active,3000
93850,1584,debit,active,500
93851,2711,debit,active,3000
93852,4900,debit,active,5000
93853,3832,debit,active,3000
93854,2351,credit,active,1000
93855,3238,credit,active,500
93856,629,credit,active,1500
93857,1691,credit,active,500
93858,3642,credit,active,1000
93859,795,credit,active,1500
93860,2057,credit,active,500
93861,4864,credit,active,1500
93862,4708,credit,active,1500
93863,1659,credit,active,5000
93864,1156,credit,active,500
93865,2907,credit,active,1000
93866,3392,credit,active,3000
93867,482,credit,active,5000
93868,1279,credit,active,500
93869,251,debit,active,5000
93870,3560,credit,active,500
93871,3907,credit,active,1500
93872,2276,credit,active,500
93873,3344,credit,active,3000
93874,79,debit,active,500
93875,2215,debit,active,500
93876,665,debit,flagged,3000
93877,3048,credit,active,1500
93878,3781,credit,active,3000
93879,2972,credit,active,1000
93880,4817,credit,active,1500
93881,685,debit,active,3000
93882,4257,credit,active,1000
93883,1977,debit,active,1500
93884,3492,debit,active,3000
93885,192,credit,active,3000
93886,2740,debit,active,3000
93887,1801,debit,active,1500
93888,1351,debit,flagged,5000
93889,576,credit,active,1000
93890,512,credit,active,500
93891,3924,debit,active,500
93892,3538,credit,active,5000
93893,448,debit,active,3000
93894,473,credit,active,1500
93895,971,debit,active,5000
93896,3845,credit,active,1000
93897,852,credit,active,500
93898,4651,credit,active,5000
93899,3779,credit,active,500
93900,1219,debit,active,5000
93901,1794,debit,active,3000
93902,4433,credit,active,3000
93903,4614,debit,active,1000
93904,3730,credit,active,5000
93905,3209,credit,blocked,3000
93906,2078,debit,active,1000
93907,101,debit,active,3000
93908,531,credit,active,1500
93909,4837,credit,active,1000
93910,1771,credit,active,1000
93911,720,debit,active,3000
93912,3655,debit,active,5000
93913,1306,debit,flagged,3000
93914,2528,debit,active,3000
93915,654,credit,active,500
93916,4653,credit,active,1000
93917,1775,debit,active,5000
93918,3345,debit,active,5000
93919,703,debit,active,5000
93920,514,credit,active,500
93921,1977,credit,active,500
93922,216,credit,active,5000
93923,395,credit,active,1500
93924,2306,credit,active,1500
93925,4476,debit,active,5000
93926,1825,credit,active,3000
93927,4586,debit,blocked,500
93928,1316,credit,active,5000
93929,4887,debit,active,5000
93930,3490,debit,active,5000
93931,595,credit,active,500
93932,3514,credit,active,3000
93933,787,debit,active,3000
93934,1247,credit,active,500
93935,3353,credit,active,500
93936,2805,credit,active,1500
93937,96,credit,active,3000
93938,3970,credit,active,1000
93939,2334,debit,active,500
93940,1617,debit,active,5000
93941,3389,debit,active,5000
93942,4575,credit,active,1000
93943,2541,credit,active,3000
93944,3436,credit,active,500
93945,4998,credit,active,1500
93946,4146,debit,active,1500
93947,617,debit,active,1000
93948,3306,debit,active,5000
93949,1097,debit,active,3000
93950,3879,debit,active,5000
93951,2507,debit,active,1000
93952,1924,credit,active,1500
93953,1627,credit,active,1000
93954,749,debit,active,500
93955,961,debit,active,1500
93956,3910,credit,active,500
93957,3037,debit,active,5000
93958,2970,credit,active,1000
93959,1287,debit,active,500
93960,4131,debit,active,1000
93961,962,credit,active,1000
93962,2620,debit,active,1000
93963,1206,credit,active,1000
93964,787,debit,active,3000
93965,4720,credit,active,3000
93966,1359,debit,active,1000
93967,3063,debit,active,1500
93968,2669,credit,active,500
93969,2498,debit,active,1500
93970,342,credit,active,5000
93971,1305,credit,active,1500
93972,4273,credit,active,5000
93973,1551,credit,active,3000
93974,1289,credit,active,3000
93975,1783,credit,active,500
93976,3009,credit,active,1000
93977,3425,debit,active,500
93978,3349,credit,active,500
93979,521,debit,active,1000
93980,3681,debit,flagged,1000
93981,2464,debit,active,1500
93982,3636,credit,active,3000
93983,4464,credit,active,3000
93984,736,debit,flagged,5000
93985,4816,credit,active,500
93986,2727,debit,active,5000
93987,4779,debit,active,1000
93988,1827,credit,active,1500
93989,3711,credit,active,3000
93990,3187,credit,active,1500
93991,933,debit,active,3000
93992,1268,debit,active,5000
93993,1684,credit,active,1500
93994,2203,debit,active,3000
93995,1000,debit,active,3000
93996,616,credit,active,3000
93997,4672,debit,active,1500
93998,2785,debit,active,3000
93999,4336,debit,active,1000
94000,1155,debit,active,5000
94001,4230,credit,active,1000
94002,3972,credit,active,500
94003,469,debit,active,1000
94004,103,credit,active,1500
94005,3402,debit,active,500
94006,4762,credit,active,500
94007,1149,debit,active,5000
94008,4332,debit,active,5000
94009,4215,credit,active,5000
94010,562,debit,active,500
94011,3772,debit,active,1000
94012,1674,credit,active,3000
94013,4189,debit,active,1500
94014,4575,credit,active,1500
94015,1716,credit,active,500
94016,1626,debit,active,3000
94017,4062,credit,active,5000
94018,1833,debit,active,500
94019,4132,debit,active,1000
94020,4199,credit,active,500
94021,4844,credit,active,3000
94022,2699,credit,active,1500
94023,1447,debit,active,5000
94024,270,debit,active,3000
94025,2288,credit,active,500
94026,1872,debit,active,3000
94027,2923,credit,active,500
94028,1780,debit,active,1000
94029,876,debit,active,5000
94030,929,credit,active,500
94031,2527,debit,active,1000
94032,4047,credit,active,5000
94033,753,debit,active,5000
94034,1367,debit,active,500
94035,2144,debit,active,1000
94036,3716,debit,active,500
94037,4533,debit,active,1500
94038,1846,debit,active,500
94039,569,credit,active,1000
94040,2654,debit,active,1000
94041,1279,debit,active,500
94042,616,debit,active,500
94043,1447,debit,active,5000
94044,746,credit,active,1500
94045,3180,credit,active,1000
94046,3302,debit,active,3000
94047,1171,credit,active,1500
94048,2986,debit,active,5000
94049,4518,debit,active,1000
94050,2875,debit,active,1000
94051,2969,debit,active,3000
94052,1536,credit,active,500
94053,293,credit,active,5000
94054,2230,credit,active,3000
94055,2001,debit,active,1500
94056,612,credit,active,1000
94057,1029,debit,active,3000
94058,1664,debit,active,5000
94059,1228,credit,flagged,3000
94060,2535,debit,active,1000
94061,2769,credit,active,1000
94062,1938,debit,active,3000
94063,1846,credit,active,1000
94064,1813,debit,active,5000
94065,160,debit,active,5000
94066,2445,debit,active,3000
94067,3999,credit,active,1500
94068,3527,debit,active,1500
94069,3206,credit,active,500
94070,1845,credit,active,1500
94071,2956,credit,active,1500
94072,1322,debit,active,500
94073,4898,debit,active,1000
94074,18,debit,active,1500
94075,862,debit,active,500
94076,4865,debit,active,1500
94077,265,credit,flagged,500
94078,4739,debit,active,3000
94079,3877,credit,active,1500
94080,3287,debit,active,1000
94081,1191,credit,blocked,5000
94082,3534,credit,active,5000
94083,4089,debit,active,500
94084,2107,credit,active,500
94085,1863,credit,active,1500
94086,1864,credit,active,1500
94087,725,credit,active,1000
94088,3843,debit,active,5000
94089,3587,credit,active,500
94090,2430,credit,active,1500
94091,126,debit,active,5000
94092,152,credit,active,1500
94093,2499,credit,active,1500
94094,3480,credit,active,3000
94095,1139,credit,active,500
94096,312,debit,active,1000
94097,2139,credit,active,5000
94098,954,credit,active,1500
94099,3621,debit,active,1000
94100,3428,debit,active,500
94101,4031,debit,active,500
94102,1372,debit,active,1500
94103,2647,debit,active,500
94104,1542,credit,active,3000
94105,3451,debit,blocked,5000
94106,231,credit,active,500
94107,4029,credit,active,500
94108,789,credit,active,3000
94109,297,credit,active,1500
94110,4543,debit,active,3000
94111,1540,debit,active,5000
94112,3327,debit,active,5000
94113,1341,credit,active,1500
94114,3556,debit,active,500
94115,3136,credit,active,3000
94116,3929,credit,active,5000
94117,2914,credit,active,500
94118,4548,credit,active,500
94119,637,credit,active,5000
94120,4755,debit,active,500
94121,4753,debit,active,500
94122,68,debit,active,1500
94123,878,credit,active,1000
94124,2641,credit,active,1000
94125,1521,credit,active,5000
94126,966,debit,active,5000
94127,4335,debit,active,1000
94128,4343,debit,active,500
94129,2776,debit,active,3000
94130,4006,debit,active,5000
94131,1844,debit,active,5000
94132,2372,debit,active,3000
94133,3890,credit,active,5000
94134,1166,debit,active,500
94135,143,credit,active,3000
94136,832,credit,active,1500
94137,3974,credit,flagged,1500
94138,2854,credit,active,3000
94139,4843,debit,active,1000
94140,4177,credit,active,3000
94141,1698,credit,active,1500
94142,3053,credit,active,5000
94143,2577,credit,active,5000
94144,3090,debit,active,1000
94145,1345,credit,active,1500
94146,1871,credit,active,1000
94147,646,debit,active,3000
94148,2631,debit,active,1500
94149,516,debit,active,500
94150,3673,credit,active,1000
94151,1232,credit,active,5000
94152,704,credit,active,1500
94153,711,debit,active,500
94154,1312,credit,active,1000
94155,3505,debit,active,1000
94156,3789,debit,active,500
94157,1785,debit,active,1500
94158,1580,credit,active,1500
94159,3945,debit,active,5000
94160,1171,credit,active,500
94161,2351,credit,active,1000
94162,207,credit,active,3000
94163,4413,credit,active,1000
94164,2817,credit,active,1500
94165,2859,credit,active,3000
94166,1590,debit,active,3000
94167,4194,credit,active,3000
94168,3297,debit,active,500
94169,114,credit,active,1000
94170,372,debit,active,1500
94171,3883,debit,active,3000
94172,81,debit,active,1500
94173,562,debit,active,1000
94174,2305,credit,flagged,1000
94175,4553,debit,active,3000
94176,1682,credit,active,500
94177,4466,credit,active,3000
94178,1652,debit,active,1000
94179,768,debit,active,1000
94180,1243,debit,active,500
94181,2503,credit,active,1000
94182,27,debit,active,500
94183,663,credit,active,3000
94184,2090,debit,active,1000
94185,4595,credit,active,500
94186,1667,debit,active,3000
94187,1078,debit,active,5000
94188,846,debit,active,1000
94189,4749,debit,active,5000
94190,4383,debit,active,1000
94191,724,debit,active,500
94192,3344,debit,active,1000
94193,4126,credit,active,3000
94194,4269,credit,active,1000
94195,4186,credit,active,500
94196,3868,debit,active,1500
94197,4348,debit,active,500
94198,2034,debit,active,5000
94199,611,debit,active,1000
94200,3640,debit,active,5000
94201,2695,debit,flagged,500
94202,4557,debit,flagged,1000
94203,3671,debit,active,5000
94204,2854,debit,active,1000
94205,3455,debit,active,1000
94206,351,credit,active,1500
94207,4192,credit,active,500
94208,2791,credit,active,1000
94209,1894,debit,active,3000
94210,4083,debit,active,5000
94211,2290,credit,active,500
94212,2269,debit,active,5000
94213,8,credit,active,500
94214,1299,debit,flagged,1000
94215,3440,debit,active,3000
94216,2520,credit,active,1000
94217,3676,credit,active,3000
94218,1814,debit,active,3000
94219,3337,debit,active,1000
94220,2719,debit,active,3000
94221,4566,debit,active,3000
94222,2391,debit,active,5000
94223,4496,credit,active,3000
94224,3316,debit,active,3000
94225,3044,credit,active,5000
94226,2232,credit,active,3000
94227,3711,credit,active,5000
94228,2968,debit,active,1500
94229,2779,debit,active,5000
94230,4203,debit,active,1500
94231,4435,debit,active,5000
94232,3092,debit,active,1500
94233,2188,credit,active,1500
94234,3195,credit,active,1000
94235,988,credit,active,1000
94236,2727,debit,active,500
94237,28,debit,active,3000
94238,1707,debit,active,500
94239,1826,debit,active,3000
94240,2093,debit,active,3000
94241,4497,debit,active,3000
94242,2612,credit,active,500
94243,4293,credit,active,500
94244,4863,credit,active,500
94245,4064,debit,active,1000
94246,656,debit,active,1500
94247,265,debit,active,1500
94248,4818,credit,active,500
94249,541,credit,active,1500
94250,2990,credit,active,5000
94251,3097,debit,active,5000
94252,584,debit,active,3000
94253,27,credit,active,1500
94254,2577,credit,active,1500
94255,949,debit,active,500
94256,235,credit,active,500
94257,3343,debit,active,1000
94258,650,credit,active,500
94259,1348,credit,active,1500
94260,3086,credit,active,500
94261,4181,debit,active,1000
94262,3171,credit,active,1500
94263,2966,credit,active,500
94264,3150,debit,active,1000
94265,3424,debit,active,1000
94266,4300,debit,active,1500
94267,4981,credit,active,3000
94268,412,debit,active,1500
94269,4240,debit,active,1500
94270,161,debit,active,1000
94271,2506,credit,active,500
94272,1132,credit,active,5000
94273,1976,credit,active,1000
94274,1296,debit,active,5000
94275,2386,credit,active,500
94276,1338,debit,active,1500
94277,2651,credit,active,5000
94278,4888,debit,active,3000
94279,1520,credit,active,5000
94280,3975,debit,active,500
94281,3126,debit,flagged,1500
94282,3660,debit,active,500
94283,3034,debit,flagged,500
94284,2334,debit,active,3000
94285,3731,credit,flagged,3000
94286,4967,credit,active,1000
94287,1054,debit,active,5000
94288,3138,credit,active,500
94289,4828,credit,active,1500
94290,3700,debit,active,500
94291,4955,credit,active,500
94292,1338,credit,active,1000
94293,4587,debit,active,5000
94294,3661,credit,active,500
94295,1930,credit,active,1500
94296,4473,credit,active,5000
94297,4777,credit,active,500
94298,4255,credit,active,1000
94299,4628,debit,flagged,1500
94300,1002,debit,active,500
94301,2338,debit,active,1500
94302,2134,credit,active,3000
94303,437,credit,active,1500
94304,2234,credit,active,3000
94305,4594,credit,active,5000
94306,2737,credit,active,1000
94307,4503,credit,active,500
94308,3739,credit,flagged,5000
94309,2013,debit,active,3000
94310,60,debit,active,1000
94311,4579,debit,active,3000
94312,4287,debit,active,500
94313,4587,credit,active,3000
94314,3761,debit,active,3000
94315,2935,debit,active,5000
94316,1766,debit,flagged,3000
94317,3702,credit,active,1500
94318,3232,debit,active,3000
94319,3952,debit,active,1000
94320,3329,credit,active,5000
94321,3369,debit,active,1000
94322,1856,credit,active,5000
94323,978,debit,active,1000
94324,1167,credit,active,5000
94325,4225,credit,active,5000
94326,2072,credit,active,1500
94327,4646,credit,active,1500
94328,1844,credit,active,1000
94329,2103,credit,active,1000
94330,893,credit,active,500
94331,4431,debit,active,1000
94332,4351,debit,active,5000
94333,1340,debit,active,5000
94334,1335,debit,active,3000
94335,2633,debit,active,1500
94336,3272,credit,active,5000
94337,324,debit,active,5000
94338,1388,debit,active,1500
94339,1090,credit,active,1500
94340,1007,credit,active,1500
94341,4211,credit,active,1000
94342,3787,credit,active,500
94343,1430,credit,active,5000
94344,1617,debit,active,1500
94345,3571,credit,active,500
94346,768,credit,active,1500
94347,3668,credit,flagged,500
94348,3393,debit,active,1500
94349,435,credit,active,500
94350,1752,debit,active,500
94351,3989,debit,active,3000
94352,3020,debit,active,3000
94353,3027,credit,active,500
94354,1045,debit,active,5000
94355,2298,credit,active,1000
94356,3569,credit,active,500
94357,624,debit,active,5000
94358,4929,debit,active,1000
94359,2736,debit,active,1500
94360,1476,credit,active,3000
94361,1028,credit,active,500
94362,4068,debit,active,1000
94363,4152,credit,flagged,3000
94364,2729,debit,active,1500
94365,356,credit,active,5000
94366,723,credit,active,5000
94367,1136,credit,active,1500
94368,2583,credit,active,1500
94369,640,debit,active,5000
94370,190,credit,active,5000
94371,2858,credit,active,3000
94372,1275,credit,active,500
94373,1901,debit,active,1500
94374,3102,credit,active,5000
94375,2051,credit,active,1000
94376,4482,debit,active,1500
94377,139,debit,active,1000
94378,1727,debit,active,500
94379,3869,credit,active,1500
94380,1548,debit,active,1000
94381,2225,debit,flagged,5000
94382,1304,credit,active,1500
94383,2985,credit,active,3000
94384,1210,credit,active,1500
94385,3151,credit,active,3000
94386,4476,debit,active,1000
94387,4869,debit,active,1500
94388,1701,debit,active,1500
94389,651,credit,active,5000
94390,3604,debit,active,5000
94391,124,credit,active,5000
94392,1985,credit,active,500
94393,584,credit,active,5000
94394,4282,credit,active,500
94395,3694,credit,active,3000
94396,1290,credit,active,3000
94397,3832,debit,active,1000
94398,3666,debit,active,5000
94399,3664,credit,active,1500
94400,438,debit,active,500
94401,3979,credit,active,1000
94402,374,credit,active,5000
94403,385,credit,flagged,1000
94404,4760,debit,active,1500
94405,4367,credit,active,3000
94406,1558,debit,active,1500
94407,2093,credit,active,3000
94408,1930,debit,active,500
94409,4436,debit,active,1000
94410,475,debit,active,3000
94411,1473,debit,active,5000
94412,2070,debit,active,500
94413,3214,credit,active,1500
94414,3961,debit,blocked,3000
94415,4696,debit,active,3000
94416,2799,credit,active,500
94417,4455,debit,active,1000
94418,94,debit,active,3000
94419,656,debit,active,1500
94420,1298,debit,active,3000
94421,2419,debit,active,3000
94422,3093,credit,active,500
94423,4505,credit,active,1500
94424,1216,debit,active,3000
94425,1150,debit,active,1500
94426,3130,credit,flagged,3000
94427,948,debit,active,3000
94428,503,credit,active,1000
94429,4026,credit,active,5000
94430,1348,debit,active,5000
94431,966,debit,active,1000
94432,4982,debit,active,1500
94433,3858,debit,active,500
94434,3737,debit,active,3000
94435,2224,credit,active,3000
94436,2712,credit,active,1500
94437,3686,debit,active,1000
94438,3265,credit,active,1500
94439,4826,credit,active,5000
94440,681,debit,active,5000
94441,4784,debit,active,3000
94442,4336,credit,active,3000
94443,2577,debit,active,500
94444,4408,debit,active,1000
94445,1586,credit,active,500
94446,2161,debit,active,3000
94447,265,debit,active,3000
94448,3839,credit,active,3000
94449,2845,debit,active,5000
94450,3557,credit,active,500
94451,3477,debit,active,1500
94452,661,debit,active,1000
94453,1658,debit,active,1500
94454,4153,debit,active,1000
94455,3181,debit,active,500
94456,4458,debit,active,1500
94457,4534,debit,active,5000
94458,3517,debit,active,1500
94459,4114,debit,active,1000
94460,493,credit,flagged,3000
94461,3963,debit,active,1000
94462,3648,debit,active,5000
94463,866,debit,active,500
94464,3719,credit,active,1000
94465,3011,debit,active,1000
94466,3427,credit,active,3000
94467,939,debit,active,500
94468,3236,credit,active,3000
94469,2246,credit,blocked,1500
94470,827,credit,active,1000
94471,2867,credit,active,5000
94472,2750,debit,active,1500
94473,1522,credit,active,3000
94474,3640,credit,active,5000
94475,4025,credit,active,1000
94476,4691,credit,active,3000
94477,279,debit,active,1000
94478,3936,debit,active,500
94479,2892,debit,active,500
94480,2877,debit,active,3000
94481,1823,debit,active,1500
94482,3995,credit,active,5000
94483,3429,debit,active,1500
94484,4986,credit,active,1000
94485,1886,credit,active,1000
94486,4749,debit,active,5000
94487,4169,debit,active,3000
94488,3258,debit,active,1000
94489,219,debit,active,500
94490,4277,debit,active,1000
94491,2246,debit,active,1500
94492,3565,debit,active,5000
94493,4086,credit,active,1000
94494,2330,credit,active,1500
94495,771,credit,active,1000
94496,773,credit,active,1000
94497,169,credit,active,1500
94498,1069,debit,active,5000
94499,1936,credit,active,500
94500,4949,debit,active,1500
94501,854,credit,active,5000
94502,4827,debit,active,1500
94503,2170,debit,active,3000
94504,3906,debit,active,1000
94505,2766,debit,active,5000
94506,3809,credit,flagged,1000
94507,2179,debit,active,500
94508,3624,credit,active,3000
94509,3485,credit,active,1000
94510,2486,credit,active,3000
94511,4228,credit,flagged,500
94512,3377,debit,active,1500
94513,592,credit,active,1500
94514,1177,credit,active,3000
94515,239,credit,active,500
94516,2904,credit,active,1500
94517,4314,debit,active,3000
94518,2560,credit,active,500
94519,1851,debit,active,3000
94520,3570,debit,active,1000
94521,1610,credit,active,5000
94522,1446,debit,active,1500
94523,1039,credit,active,5000
94524,4398,debit,active,500
94525,1549,credit,active,1500
94526,884,credit,active,1500
94527,2552,credit,active,1500
94528,809,debit,active,5000
94529,895,debit,active,1500
94530,3789,debit,active,500
94531,1388,debit,flagged,1500
94532,4259,credit,active,500
94533,812,debit,active,500
94534,1110,credit,flagged,500
94535,2636,credit,active,1500
94536,1595,debit,active,500
94537,3694,credit,active,5000
94538,2068,debit,active,500
94539,1576,debit,active,5000
94540,4876,debit,active,500
94541,3297,credit,active,5000
94542,3188,credit,active,1500
94543,270,debit,active,1000
94544,3806,credit,active,1000
94545,3408,credit,active,1000
94546,4299,debit,active,1000
94547,4507,credit,active,1000
94548,3392,debit,flagged,5000
94549,67,credit,active,500
94550,985,debit,active,1000
94551,1,debit,active,1000
94552,3737,debit,active,3000
94553,4292,credit,active,1000
94554,419,debit,active,500
94555,504,debit,active,3000
94556,4679,debit,active,1000
94557,4836,credit,active,3000
94558,1371,debit,active,500
94559,2855,debit,flagged,5000
94560,488,credit,active,1000
94561,3722,debit,active,1000
94562,4869,credit,active,1000
94563,4577,credit,active,5000
94564,1948,credit,active,3000
94565,1641,credit,active,1500
94566,2653,credit,active,500
94567,4993,debit,active,1000
94568,1965,credit,active,5000
94569,4131,credit,active,1000
94570,4223,debit,active,1000
94571,4225,debit,active,500
94572,4915,debit,active,5000
94573,4000,credit,active,1000
94574,4809,credit,active,5000
94575,4928,debit,flagged,5000
94576,2439,debit,active,5000
94577,2685,debit,active,1000
94578,3803,debit,active,1500
94579,4436,debit,active,5000
94580,992,credit,active,5000
94581,2291,credit,active,1500
94582,4392,credit,active,1500
94583,352,debit,active,1000
94584,3448,debit,active,5000
94585,3260,credit,active,500
94586,4041,debit,flagged,500
94587,4567,debit,active,500
94588,659,credit,active,1000
94589,2637,credit,active,1000
94590,1056,credit,active,1500
94591,3455,debit,active,5000
94592,2200,credit,active,500
94593,12,debit,active,5000
94594,912,debit,active,3000
94595,1249,credit,active,1500
94596,2339,credit,active,500
94597,1110,credit,active,500
94598,3221,credit,active,1500
94599,2207,credit,active,1500
94600,3876,credit,active,1500
94601,4364,credit,active,3000
94602,3165,debit,flagged,500
94603,4354,debit,active,1000
94604,4396,debit,flagged,500
94605,466,debit,active,3000
94606,2047,credit,active,1500
94607,660,debit,active,1000
94608,374,debit,active,500
94609,2589,credit,active,3000
94610,2042,debit,flagged,3000
94611,4549,debit,active,3000
94612,3098,credit,flagged,1500
94613,2927,credit,active,5000
94614,3389,credit,flagged,5000
94615,2950,debit,active,3000
94616,3150,credit,flagged,5000
94617,3908,debit,active,1500
94618,4180,credit,active,500
94619,421,debit,active,1500
94620,2140,credit,active,1500
94621,2043,debit,active,5000
94622,4176,credit,active,1500
94623,4168,credit,active,500
94624,2349,debit,active,1500
94625,3047,debit,active,3000
94626,1737,debit,active,3000
94627,4943,credit,active,500
94628,4281,debit,active,500
94629,1621,credit,active,1500
94630,2853,credit,active,1000
94631,1460,debit,active,1000
94632,1244,credit,active,5000
94633,3771,credit,active,500
94634,4259,debit,active,3000
94635,3617,credit,active,1000
94636,3105,debit,active,5000
94637,21,credit,active,3000
94638,814,credit,active,3000
94639,4698,credit,active,5000
94640,1684,credit,active,3000
94641,4234,debit,active,3000
94642,668,credit,active,500
94643,4313,credit,active,3000
94644,2516,credit,active,500
94645,4421,credit,active,5000
94646,3394,credit,active,500
94647,3663,debit,active,500
94648,2632,debit,active,1000
94649,3440,debit,active,3000
94650,2451,debit,active,5000
94651,2474,credit,active,5000
94652,3620,credit,active,1500
94653,4631,debit,active,3000
94654,4226,debit,active,3000
94655,4247,debit,active,1000
94656,895,debit,active,1500
94657,894,debit,active,1500
94658,2686,debit,active,1500
94659,4230,debit,flagged,1000
94660,2368,credit,active,3000
94661,636,debit,active,1000
94662,3812,credit,active,1500
94663,842,credit,active,5000
94664,3373,debit,active,500
94665,1261,debit,active,1500
94666,273,debit,active,500
94667,365,credit,active,3000
94668,3178,debit,active,1500
94669,1703,debit,active,3000
94670,17,debit,active,3000
94671,1705,debit,active,3000
94672,2276,debit,active,1000
94673,4854,credit,active,1000
94674,2710,debit,active,500
94675,2204,debit,flagged,500
94676,3890,debit,active,3000
94677,4157,credit,active,1500
94678,4391,credit,active,500
94679,1161,debit,active,3000
94680,1260,debit,active,1500
94681,2951,debit,active,3000
94682,630,debit,blocked,5000
94683,140,debit,active,5000
94684,4951,debit,active,1000
94685,1609,credit,active,3000
94686,293,credit,active,1000
94687,1794,credit,active,1500
94688,3292,debit,active,5000
94689,4546,debit,active,1000
94690,4560,credit,active,5000
94691,4619,credit,active,3000
94692,4751,debit,active,1500
94693,2946,credit,active,1000
94694,1659,debit,active,1000
94695,3327,credit,active,1500
94696,83,credit,active,1500
94697,215,debit,active,1500
94698,128,credit,active,3000
94699,2843,credit,active,5000
94700,319,credit,active,3000
94701,4840,credit,active,1000
94702,1342,debit,active,1000
94703,346,credit,active,500
94704,3272,debit,active,5000
94705,861,debit,active,5000
94706,3845,debit,active,1000
94707,3128,debit,active,500
94708,745,credit,flagged,1000
94709,405,debit,active,500
94710,1095,debit,active,5000
94711,3369,debit,active,1000
94712,2356,credit,active,1000
94713,2141,debit,active,1000
94714,184,debit,active,1000
94715,457,debit,active,1000
94716,1061,credit,active,5000
94717,1404,debit,active,1000
94718,2728,debit,active,3000
94719,4647,debit,active,1000
94720,2750,debit,active,5000
94721,2644,credit,active,3000
94722,3366,debit,active,5000
94723,2252,credit,active,3000
94724,2342,debit,active,5000
94725,4884,credit,active,1500
94726,1766,credit,active,1500
94727,29,debit,active,3000
94728,326,debit,active,1000
94729,3087,debit,active,1000
94730,1000,credit,active,1000
94731,3453,debit,active,1000
94732,3518,debit,active,1500
94733,2632,credit,active,3000
94734,1602,debit,active,1000
94735,4117,debit,active,3000
94736,1362,debit,active,1000
94737,4343,debit,active,500
94738,1613,credit,active,1000
94739,1782,credit,active,500
94740,3153,debit,active,500
94741,4759,credit,active,500
94742,786,credit,active,1000
94743,2552,credit,active,1000
94744,4836,debit,active,1500
94745,3178,credit,active,5000
94746,4648,debit,active,1000
94747,2855,debit,active,1000
94748,1550,debit,active,3000
94749,2281,debit,active,1000
94750,2802,debit,active,5000
94751,3661,credit,active,500
94752,4993,debit,active,500
94753,4746,credit,active,3000
94754,2961,credit,active,1000
94755,2830,credit,active,1000
94756,1566,debit,active,500
94757,4584,credit,active,500
94758,4568,credit,active,1500
94759,4121,credit,active,3000
94760,2336,credit,active,1500
94761,1378,debit,active,1000
94762,3005,credit,active,500
94763,4555,credit,active,1000
94764,3753,debit,active,1500
94765,1067,credit,active,1500
94766,847,debit,active,500
94767,3015,credit,active,1000
94768,2485,debit,active,3000
94769,3652,credit,active,5000
94770,215,credit,flagged,1500
94771,4657,credit,active,500
94772,2035,debit,active,1500
94773,1397,credit,active,1500
94774,1627,debit,active,1500
94775,2218,debit,active,3000
94776,551,credit,flagged,1500
94777,481,debit,active,1500
94778,1224,credit,active,500
94779,353,debit,active,3000
94780,4371,debit,active,500
94781,2992,debit,active,500
94782,1527,debit,blocked,1000
94783,3292,credit,active,1500
94784,3589,credit,active,3000
94785,3124,credit,active,5000
94786,3389,debit,active,500
94787,3770,debit,active,500
94788,301,debit,active,1500
94789,4291,debit,active,5000
94790,2436,debit,active,5000
94791,3952,credit,active,500
94792,210,credit,active,500
94793,448,debit,active,1000
94794,585,credit,active,1000
94795,253,credit,active,1000
94796,134,credit,active,1500
94797,702,debit,active,3000
94798,329,credit,active,1000
94799,615,debit,active,1500
94800,77,debit,active,5000
94801,4208,credit,active,500
94802,3171,credit,active,3000
94803,3645,credit,active,1500
94804,951,credit,active,1500
94805,590,credit,active,5000
94806,2877,debit,active,1000
94807,3751,credit,active,1000
94808,533,credit,active,5000
94809,3181,debit,active,1500
94810,1001,debit,active,3000
94811,1427,credit,active,1500
94812,1703,credit,active,1500
94813,917,debit,active,3000
94814,2668,debit,active,3000
94815,1531,credit,active,500
94816,296,credit,active,500
94817,1532,debit,active,1000
94818,2638,debit,active,1500
94819,2629,debit,active,500
94820,4496,credit,active,500
94821,4995,credit,active,1000
94822,2602,debit,active,3000
94823,320,debit,active,5000
94824,4712,debit,active,5000
94825,806,credit,active,500
94826,4875,debit,active,5000
94827,3701,debit,blocked,5000
94828,1112,debit,active,3000
94829,2506,debit,active,5000
94830,2105,debit,active,1500
94831,1571,credit,active,500
94832,1218,credit,active,1000
94833,3926,debit,active,3000
94834,4877,credit,active,1500
94835,4495,debit,active,500
94836,2739,debit,flagged,1000
94837,4633,debit,active,3000
94838,1216,credit,active,3000
94839,4037,credit,active,5000
94840,1914,credit,active,5000
94841,546,debit,active,5000
94842,1104,credit,flagged,5000
94843,4995,debit,active,500
94844,1794,debit,active,500
94845,2912,credit,active,500
94846,4604,debit,active,3000
94847,3157,debit,active,3000
94848,1344,debit,active,1000
94849,4831,credit,active,1000
94850,3125,credit,active,5000
94851,3429,credit,active,500
94852,164,credit,active,1000
94853,221,debit,active,3000
94854,3204,credit,active,3000
94855,170,credit,active,1000
94856,1791,credit,active,3000
94857,3313,credit,active,1500
94858,2902,debit,active,500
94859,303,credit,active,500
94860,4985,debit,active,500
94861,3409,debit,active,5000
94862,4138,debit,active,1500
94863,3532,credit,active,500
94864,4793,credit,active,1000
94865,2141,debit,active,3000
94866,395,credit,active,1000
94867,4885,debit,active,500
94868,4762,debit,active,5000
94869,898,credit,active,5000
94870,1725,credit,active,1500
94871,4997,debit,active,500
94872,3686,credit,active,500
94873,975,credit,active,1500
94874,3043,debit,flagged,500
94875,2287,debit,active,1500
94876,1631,debit,active,3000
94877,2904,debit,active,5000
94878,2640,debit,active,1000
94879,4579,credit,active,1000
94880,4778,debit,active,3000
94881,2385,credit,active,1500
94882,3242,credit,flagged,1000
94883,2663,debit,active,1000
94884,2120,credit,active,5000
94885,1120,credit,active,500
94886,1400,debit,active,500
94887,212,debit,active,500
94888,18,debit,active,1000
94889,46,debit,active,1500
94890,794,credit,active,5000
94891,202,credit,active,5000
94892,4381,credit,active,3000
94893,3266,debit,active,3000
94894,3247,credit,active,5000
94895,394,credit,active,5000
94896,2367,credit,active,3000
94897,1158,debit,active,3000
94898,3637,debit,active,500
94899,2790,credit,active,500
94900,1388,credit,active,1000
94901,4287,credit,active,3000
94902,2914,credit,active,500
94903,4346,credit,active,5000
94904,3283,credit,active,5000
94905,4720,debit,active,5000
94906,3685,credit,active,5000
94907,520,debit,active,5000
94908,2409,credit,active,1500
94909,2488,credit,active,1000
94910,3615,debit,active,500
94911,508,credit,active,1000
94912,3833,credit,active,1000
94913,858,debit,active,1000
94914,4690,debit,active,1500
94915,4864,debit,active,5000
94916,2801,debit,active,1500
94917,3273,debit,active,1000
94918,913,credit,active,500
94919,4285,credit,active,500
94920,3098,credit,active,5000
94921,3652,debit,active,1000
94922,3028,credit,active,1000
94923,4724,debit,active,1500
94924,2053,debit,active,1500
94925,2414,credit,active,1000
94926,4705,credit,active,1000
94927,2079,credit,flagged,3000
94928,4938,debit,active,1500
94929,2411,credit,blocked,1000
94930,4957,credit,active,1000
94931,1502,debit,active,1500
94932,1650,debit,active,3000
94933,4923,debit,active,1500
94934,4317,credit,active,500
94935,621,credit,active,1000
94936,1956,credit,active,500
94937,1470,debit,active,1500
94938,2844,credit,active,5000
94939,1710,debit,active,5000
94940,4268,debit,active,3000
94941,2520,debit,active,500
94942,3751,credit,active,1000
94943,376,debit,active,500
94944,455,credit,active,3000
94945,3658,credit,active,500
94946,2629,debit,flagged,1500
94947,3967,credit,active,1000
94948,3216,credit,active,3000
94949,557,credit,active,1500
94950,3865,credit,active,1500
94951,764,credit,active,1000
94952,2589,credit,active,500
94953,2255,debit,flagged,1500
94954,1984,credit,active,1500
94955,616,credit,active,3000
94956,2963,credit,active,500
94957,3169,debit,active,3000
94958,242,debit,active,1500
94959,705,credit,active,500
94960,504,debit,active,5000
94961,1657,credit,active,3000
94962,1036,credit,active,5000
94963,3882,credit,active,1500
94964,2136,debit,active,1500
94965,3860,debit,active,500
94966,1584,credit,active,500
94967,1047,debit,active,1500
94968,3536,credit,active,1000
94969,3084,credit,active,1000
94970,3722,credit,active,1500
94971,2118,debit,active,1500
94972,4786,debit,active,1500
94973,2933,credit,active,1500
94974,1389,debit,active,5000
94975,2147,credit,active,1500
94976,2130,credit,active,1500
94977,4132,debit,active,500
94978,558,credit,active,5000
94979,1347,credit,active,1000
94980,4190,credit,active,1000
94981,4256,credit,active,1500
94982,4242,debit,active,1500
94983,1841,debit,active,5000
94984,3819,debit,active,1500
94985,2215,debit,active,500
94986,1277,credit,active,5000
94987,61,credit,active,5000
94988,4303,credit,active,5000
94989,4571,debit,active,3000
94990,3282,debit,active,1500
94991,1427,credit,active,3000
94992,3813,debit,active,3000
94993,4505,credit,active,5000
94994,697,credit,active,500
94995,3307,debit,active,3000
94996,1734,credit,active,500
94997,1922,credit,active,1500
94998,165,debit,active,5000
94999,962,credit,active,500
95000,3476,debit,active,3000
95001,4470,credit,active,3000
95002,1412,debit,active,1000
95003,2557,credit,active,1000
95004,1032,credit,active,5000
95005,3471,credit,active,3000
95006,840,credit,active,500
95007,2193,credit,active,1000
95008,2736,credit,active,1000
95009,1576,credit,blocked,5000
95010,4119,debit,flagged,500
95011,1550,credit,active,1000
95012,3617,debit,active,1500
95013,1054,credit,active,500
95014,537,credit,active,5000
95015,1522,debit,flagged,5000
95016,928,credit,active,500
95017,4946,debit,active,500
95018,3562,credit,active,3000
95019,4963,debit,active,500
95020,1717,debit,active,3000
95021,2440,credit,active,1000
95022,1583,credit,active,1000
95023,2858,credit,flagged,1000
95024,2956,debit,active,1000
95025,726,debit,active,1500
95026,2457,credit,active,5000
95027,566,credit,active,5000
95028,2935,credit,active,1000
95029,781,credit,active,3000
95030,4366,debit,active,1000
95031,1529,debit,active,1500
95032,1773,credit,active,3000
95033,1581,credit,active,5000
95034,4181,debit,active,3000
95035,1928,credit,active,1500
95036,2556,credit,active,5000
95037,960,debit,active,1000
95038,1084,credit,active,1000
95039,4625,debit,active,3000
95040,189,credit,active,5000
95041,2413,debit,active,1000
95042,626,debit,active,1000
95043,2182,credit,active,1000
95044,2796,debit,active,3000
95045,4436,debit,active,5000
95046,1697,credit,active,500
95047,774,debit,active,1000
95048,4192,debit,active,5000
95049,4140,debit,active,5000
95050,336,debit,active,500
95051,3011,credit,flagged,3000
95052,3489,debit,active,500
95053,3181,debit,flagged,500
95054,2543,debit,active,1500
95055,2213,credit,active,500
95056,1644,debit,active,1500
95057,1731,debit,active,1500
95058,4044,credit,active,500
95059,883,debit,active,1500
95060,2180,credit,active,5000
95061,1066,debit,active,3000
95062,4877,debit,active,5000
95063,387,debit,active,1500
95064,539,credit,active,1500
95065,4662,debit,active,1500
95066,4702,credit,active,1000
95067,3260,debit,active,500
95068,611,credit,active,500
95069,880,debit,active,1000
95070,3411,debit,active,1500
95071,1723,credit,active,1000
95072,2186,credit,active,500
95073,25,credit,active,500
95074,3045,debit,active,500
95075,2940,debit,active,1500
95076,3540,debit,active,5000
95077,4480,debit,active,1500
95078,4882,credit,active,3000
95079,2264,credit,active,500
95080,3314,debit,active,1500
95081,259,credit,active,3000
95082,2370,debit,active,5000
95083,1679,credit,active,500
95084,13,debit,active,5000
95085,603,credit,active,3000
95086,4077,credit,active,5000
95087,2952,debit,active,5000
95088,2722,credit,active,500
95089,2140,debit,active,1000
95090,4833,debit,active,5000
95091,4351,debit,active,5000
95092,2658,credit,active,1000
95093,4987,debit,active,500
95094,1756,credit,active,500
95095,1257,debit,active,5000
95096,4547,credit,active,1500
95097,4255,credit,active,500
95098,3744,credit,active,5000
95099,637,debit,active,500
95100,4854,credit,active,500
95101,2243,debit,active,500
95102,4535,debit,active,3000
95103,615,credit,active,500
95104,305,credit,active,1500
95105,2494,debit,active,1000
95106,1576,credit,active,500
95107,69,credit,active,1000
95108,2608,credit,active,5000
95109,3156,debit,active,1500
95110,3534,debit,active,500
95111,1273,credit,active,500
95112,1563,debit,active,1000
95113,4824,credit,active,3000
95114,898,debit,active,1500
95115,4220,debit,active,500
95116,4907,credit,active,1000
95117,3370,debit,active,3000
95118,3383,credit,active,500
95119,16,debit,active,1000
95120,1797,debit,active,3000
95121,4749,credit,active,1500
95122,3197,credit,active,1000
95123,1814,debit,active,1500
95124,815,credit,active,1500
95125,3221,debit,active,5000
95126,186,credit,active,5000
95127,457,credit,flagged,5000
95128,4681,debit,active,5000
95129,3009,debit,active,1500
95130,1326,debit,active,1000
95131,3255,debit,active,3000
95132,4030,debit,active,5000
95133,4018,debit,active,500
95134,413,credit,active,1500
95135,3773,debit,active,1500
95136,747,credit,active,1500
95137,1372,credit,active,1500
95138,1152,debit,active,1000
95139,1051,credit,active,5000
95140,3929,debit,active,500
95141,1328,debit,active,5000
95142,624,credit,flagged,3000
95143,2576,debit,active,1000
95144,2153,debit,active,1500
95145,4020,debit,flagged,1000
95146,875,credit,active,3000
95147,1124,credit,active,1000
95148,496,debit,active,500
95149,1800,debit,active,500
95150,1728,debit,active,1500
95151,2519,debit,active,1000
95152,3810,credit,active,500
95153,3042,credit,active,5000
95154,1132,debit,active,3000
95155,193,debit,active,1500
95156,4616,credit,active,3000
95157,4782,credit,active,1500
95158,3301,credit,active,1500
95159,638,debit,active,500
95160,3669,credit,active,5000
95161,3116,credit,active,3000
95162,3301,debit,active,3000
95163,4146,debit,flagged,3000
95164,928,debit,active,1500
95165,4089,credit,active,1500
95166,1508,debit,active,500
95167,1180,credit,active,500
95168,2310,debit,active,1500
95169,4669,debit,active,1000
95170,1723,debit,active,1000
95171,1739,debit,active,500
95172,3534,credit,active,5000
95173,3864,credit,active,3000
95174,4770,credit,active,500
95175,918,credit,active,500
95176,965,credit,active,3000
95177,1052,debit,active,1000
95178,4053,debit,active,1500
95179,4226,credit,active,3000
95180,2470,debit,active,1000
95181,2477,credit,active,5000
95182,2340,credit,active,1000
95183,3654,debit,active,3000
95184,4518,credit,active,500
95185,4253,debit,active,3000
95186,537,debit,active,3000
95187,4331,credit,active,1500
95188,403,debit,active,3000
95189,2134,credit,active,1500
95190,1893,credit,active,1000
95191,3327,credit,active,500
95192,2348,credit,active,3000
95193,3757,debit,active,5000
95194,623,credit,active,1000
95195,4013,credit,active,1500
95196,3649,credit,active,3000
95197,3590,credit,active,1000
95198,3792,debit,active,1000
95199,839,debit,active,3000
95200,2680,credit,active,1000
95201,2746,credit,active,1500
95202,2815,credit,active,500
95203,3771,debit,active,3000
95204,453,credit,active,1500
95205,2764,debit,active,500
95206,584,credit,active,1500
95207,855,debit,active,1500
95208,4815,debit,active,1000
95209,4708,credit,active,1000
95210,2117,debit,active,1500
95211,1332,credit,active,500
95212,4081,credit,active,5000
95213,2910,credit,active,3000
95214,2524,debit,active,1500
95215,1770,credit,active,5000
95216,1108,debit,active,1000
95217,421,credit,active,3000
95218,2397,credit,active,1000
95219,3081,credit,active,500
95220,876,credit,active,3000
95221,386,credit,active,1000
95222,3598,debit,active,500
95223,4699,debit,blocked,500
95224,4694,credit,active,5000
95225,1599,debit,active,500
95226,3461,credit,active,5000
95227,3181,debit,active,1500
95228,4432,credit,active,1500
95229,1038,debit,active,5000
95230,2166,debit,active,500
95231,273,debit,active,5000
95232,3075,credit,active,500
95233,2437,debit,flagged,3000
95234,1178,debit,flagged,500
95235,2971,debit,active,3000
95236,2581,debit,active,3000
95237,4836,debit,active,3000
95238,225,credit,active,1500
95239,1920,debit,flagged,1000
95240,2216,debit,active,3000
95241,383,credit,active,500
95242,3731,credit,active,1000
95243,4599,credit,active,5000
95244,2724,debit,active,3000
95245,2401,debit,active,3000
95246,271,debit,active,3000
95247,3860,credit,flagged,5000
95248,4227,debit,active,500
95249,1693,debit,active,1000
95250,4756,debit,flagged,5000
95251,1823,credit,active,1000
95252,1212,debit,active,1500
95253,363,credit,active,5000
95254,246,credit,active,1000
95255,2163,credit,active,5000
95256,3270,credit,active,1500
95257,899,debit,active,3000
95258,3002,credit,active,1000
95259,3827,debit,active,5000
95260,4677,credit,active,500
95261,2440,credit,active,3000
95262,286,credit,active,3000
95263,597,debit,active,5000
95264,3501,credit,active,500
95265,4809,debit,active,1500
95266,1626,credit,active,500
95267,1368,credit,active,500
95268,2705,debit,active,3000
95269,1380,debit,flagged,1000
95270,2247,credit,active,1500
95271,3255,debit,active,1500
95272,708,debit,active,500
95273,3315,credit,active,1000
95274,1442,debit,active,3000
95275,4958,debit,active,500
95276,4026,credit,active,1500
95277,4938,debit,active,1000
95278,4766,debit,active,1500
95279,1144,debit,active,5000
95280,1164,credit,active,1500
95281,580,credit,active,3000
95282,3198,debit,active,1500
95283,3970,debit,active,1500
95284,2983,debit,active,500
95285,4094,debit,active,1500
95286,391,debit,active,1000
95287,3866,debit,active,500
95288,2881,debit,active,3000
95289,4280,credit,active,5000
95290,194,debit,active,1500
95291,3417,credit,active,500
95292,406,debit,active,3000
95293,2987,debit,active,3000
95294,130,credit,active,500
95295,1273,debit,active,1000
95296,3708,debit,active,500
95297,1769,credit,active,1000
95298,4087,debit,active,1000
95299,3340,credit,active,1500
95300,2131,debit,active,3000
95301,1032,debit,active,1000
95302,3238,debit,active,1500
95303,244,credit,active,5000
95304,701,credit,active,500
95305,3412,debit,active,500
95306,4830,debit,active,5000
95307,512,credit,active,1000
95308,1894,credit,active,3000
95309,1201,credit,active,1500
95310,1041,debit,active,5000
95311,2122,debit,active,1000
95312,1097,credit,active,1000
95313,835,credit,blocked,1000
95314,1197,credit,active,500
95315,3215,debit,active,1000
95316,4643,credit,active,500
95317,700,credit,active,500
95318,3458,debit,active,1000
95319,2427,credit,active,1000
95320,1633,credit,active,500
95321,2794,credit,active,1000
95322,4711,credit,active,1500
95323,3924,debit,flagged,500
95324,4195,debit,active,1000
95325,32,credit,active,5000
95326,973,debit,active,3000
95327,2701,credit,active,3000
95328,1781,credit,active,5000
95329,2788,debit,flagged,3000
95330,3445,credit,active,5000
95331,4756,debit,flagged,5000
95332,3106,credit,active,3000
95333,504,debit,active,3000
95334,2251,credit,active,5000
95335,2847,debit,active,1000
95336,3689,debit,active,1000
95337,2064,debit,active,500
95338,3426,debit,active,500
95339,4076,credit,active,1500
95340,2240,debit,active,500
95341,1524,credit,active,500
95342,4837,credit,active,5000
95343,759,debit,active,1500
95344,3636,debit,active,1500
95345,827,debit,active,5000
95346,2993,debit,active,1500
95347,121,debit,active,3000
95348,829,debit,active,1000
95349,2643,debit,flagged,1500
95350,3494,debit,flagged,1500
95351,1845,debit,active,500
95352,4960,debit,active,3000
95353,1887,debit,active,1500
95354,3656,debit,active,1500
95355,1730,debit,active,5000
95356,1363,credit,active,3000
95357,3361,debit,active,1000
95358,268,credit,active,1000
95359,4667,credit,active,5000
95360,341,debit,active,1500
95361,2840,credit,active,5000
95362,3422,debit,active,5000
95363,699,credit,active,1500
95364,2404,debit,active,1500
95365,2640,debit,active,1500
95366,818,debit,active,5000
95367,3553,debit,active,3000
95368,3818,credit,active,500
95369,3532,debit,active,500
95370,2611,credit,active,3000
95371,163,credit,active,1000
95372,3134,credit,active,3000
95373,2128,credit,active,5000
95374,3071,debit,active,1000
95375,885,credit,active,5000
95376,2479,debit,active,3000
95377,3696,debit,flagged,3000
95378,3657,debit,active,1500
95379,730,credit,active,1000
95380,534,debit,active,3000
95381,4522,credit,active,5000
95382,3155,credit,active,1500
95383,117,debit,active,1000
95384,2979,credit,active,500
95385,3712,credit,active,500
95386,2134,credit,active,3000
95387,920,credit,active,5000
95388,2228,debit,active,3000
95389,1030,credit,active,1500
95390,2832,credit,active,5000
95391,471,credit,active,1000
95392,2915,debit,active,3000
95393,1611,credit,active,500
95394,1787,credit,active,1000
95395,4155,debit,active,1000
95396,1218,credit,active,1000
95397,2529,debit,active,5000
95398,2989,debit,active,3000
95399,3819,credit,active,1500
95400,4193,credit,active,5000
95401,1213,debit,active,1500
95402,1857,credit,active,1000
95403,3449,credit,active,3000
95404,795,debit,active,500
95405,3582,credit,active,1500
95406,4891,credit,active,1000
95407,4961,credit,active,500
95408,3482,credit,active,1000
95409,4972,credit,active,1000
95410,501,credit,active,5000
95411,2733,credit,active,1500
95412,995,credit,active,5000
95413,2452,debit,active,5000
95414,973,credit,active,500
95415,2919,credit,active,500
95416,4750,credit,active,3000
95417,1205,credit,active,5000
95418,2956,credit,active,1500
95419,186,credit,active,3000
95420,3812,debit,active,1500
95421,3784,credit,active,1000
95422,410,credit,active,3000
95423,4673,credit,active,500
95424,4775,debit,active,1500
95425,807,credit,active,1000
95426,1872,credit,flagged,3000
95427,841,credit,active,1500
95428,970,debit,active,5000
95429,1253,debit,active,5000
95430,1176,credit,active,1000
95431,233,debit,active,1500
95432,367,debit,active,500
95433,2490,credit,active,3000
95434,1446,debit,active,1500
95435,2638,debit,active,5000
95436,1539,debit,active,3000
95437,2826,credit,active,1500
95438,2567,credit,active,1500
95439,2323,debit,active,1000
95440,1603,debit,active,1000
95441,4572,credit,active,3000
95442,2807,debit,active,500
95443,1698,credit,active,500
95444,4581,debit,active,1000
95445,338,debit,active,500
95446,3323,credit,active,1500
95447,4765,debit,active,5000
95448,1992,credit,active,500
95449,3976,credit,active,1000
95450,1671,credit,active,1000
95451,348,credit,active,1000
95452,819,debit,active,3000
95453,139,credit,active,5000
95454,1352,debit,active,3000
95455,3780,debit,active,500
95456,4457,debit,active,1000
95457,4438,debit,active,5000
95458,3930,debit,active,1000
95459,2916,credit,active,1500
95460,1965,credit,active,1500
95461,523,debit,active,1000
95462,2857,credit,active,3000
95463,1515,credit,active,5000
95464,3213,debit,active,500
95465,1285,debit,active,1500
95466,1179,debit,active,3000
95467,2827,debit,active,500
95468,4975,debit,active,500
95469,1567,credit,active,1000
95470,4270,credit,active,5000
95471,2786,debit,active,500
95472,202,credit,active,3000
95473,1856,debit,active,5000
95474,1510,credit,active,1500
95475,1773,credit,active,500
95476,1459,credit,active,3000
95477,4270,debit,active,5000
95478,2968,credit,active,1000
95479,223,debit,active,500
95480,2984,credit,active,1500
95481,4511,credit,active,1000
95482,33,credit,active,1500
95483,859,credit,active,1000
95484,1104,debit,active,3000
95485,3738,credit,active,500
95486,1098,credit,active,5000
95487,4339,debit,active,500
95488,1711,debit,active,1500
95489,867,debit,active,3000
95490,1076,debit,active,1000
95491,4895,credit,active,1500
95492,3671,credit,blocked,500
95493,1276,credit,active,500
95494,457,credit,active,3000
95495,1734,debit,active,1000
95496,1298,credit,active,3000
95497,3518,credit,active,5000
95498,1428,debit,active,3000
95499,2341,credit,active,1000
95500,1754,credit,active,1500
95501,4602,debit,active,1500
95502,3260,credit,active,500
95503,4752,debit,active,1500
95504,4901,debit,active,5000
95505,2490,credit,active,1500
95506,4084,credit,active,3000
95507,3503,debit,active,5000
95508,1437,credit,flagged,1500
95509,4162,credit,active,1500
95510,4078,credit,active,1500
95511,2649,credit,active,500
95512,2635,debit,active,1500
95513,429,credit,active,5000
95514,3388,credit,active,500
95515,815,credit,active,500
95516,2565,debit,active,1500
95517,3382,credit,active,1000
95518,3480,credit,active,5000
95519,4093,credit,active,5000
95520,386,credit,active,3000
95521,56,credit,active,1000
95522,4134,credit,active,1500
95523,838,credit,active,3000
95524,2706,debit,active,1000
95525,227,debit,active,1000
95526,901,debit,active,1000
95527,4597,debit,active,1500
95528,2175,credit,flagged,1000
95529,4036,credit,active,500
95530,2406,credit,active,3000
95531,751,credit,active,1000
95532,4894,credit,active,5000
95533,4902,debit,active,5000
95534,2566,debit,active,1000
95535,2716,credit,active,5000
95536,546,credit,active,1000
95537,2853,credit,active,5000
95538,3879,credit,active,500
95539,4681,debit,active,500
95540,4068,credit,active,3000
95541,2044,debit,active,1500
95542,4975,credit,active,3000
95543,209,debit,active,500
95544,2577,debit,active,1500
95545,4958,credit,active,500
95546,3706,credit,active,1500
95547,4021,credit,active,1000
95548,2145,credit,active,1500
95549,1377,debit,active,1500
95550,1335,debit,active,1500
95551,736,debit,active,3000
95552,2626,credit,active,3000
95553,4483,credit,active,1500
95554,286,credit,active,1500
95555,990,debit,active,3000
95556,3029,credit,active,500
95557,3628,credit,active,500
95558,3293,debit,active,3000
95559,4809,credit,active,1500
95560,824,debit,active,1500
95561,4560,debit,active,5000
95562,2566,credit,active,1500
95563,4409,debit,active,500
95564,3353,debit,active,3000
95565,4908,debit,active,3000
95566,4615,credit,active,3000
95567,171,debit,active,500
95568,160,debit,active,1000
95569,2901,debit,active,500
95570,2121,credit,blocked,3000
95571,4781,debit,active,3000
95572,1684,credit,active,1000
95573,4608,credit,active,3000
95574,1642,debit,active,5000
95575,4194,credit,active,500
95576,1989,credit,active,5000
95577,4080,debit,active,5000
95578,726,debit,active,1000
95579,1915,credit,active,1000
95580,1708,debit,active,1000
95581,1364,credit,active,3000
95582,103,credit,active,500
95583,1185,credit,active,5000
95584,3410,debit,active,5000
95585,3976,debit,active,500
95586,1573,debit,active,500
95587,4158,debit,active,500
95588,2501,credit,active,1000
95589,2606,debit,active,5000
95590,4603,debit,active,1500
95591,4802,credit,active,500
95592,2384,debit,active,1500
95593,4844,debit,active,1000
95594,4188,credit,active,1500
95595,799,credit,active,500
95596,4417,debit,active,500
95597,1955,credit,active,1500
95598,1718,credit,active,500
95599,2797,credit,active,1500
95600,745,credit,active,1000
95601,2847,debit,active,5000
95602,1338,debit,active,1500
95603,1278,credit,active,5000
95604,3015,credit,active,500
95605,758,credit,flagged,500
95606,439,credit,active,5000
95607,1122,debit,active,1500
95608,81,credit,active,3000
95609,3545,credit,active,1500
95610,1746,credit,active,5000
95611,1048,debit,active,1000
95612,2726,debit,active,500
95613,860,debit,active,5000
95614,3089,credit,active,1000
95615,4616,debit,active,5000
95616,2338,credit,active,5000
95617,2278,credit,active,1500
95618,3820,debit,active,500
95619,2367,credit,active,1500
95620,1029,debit,active,1500
95621,3375,debit,active,5000
95622,16,credit,active,1500
95623,827,credit,active,1500
95624,3446,credit,active,5000
95625,559,credit,active,1000
95626,2598,debit,active,5000
95627,4185,credit,active,1500
95628,141,debit,active,1500
95629,1952,debit,active,5000
95630,2407,debit,active,5000
95631,803,debit,active,5000
95632,4090,credit,active,1000
95633,1759,credit,active,1000
95634,3616,debit,blocked,1500
95635,1242,debit,active,1000
95636,2600,debit,active,5000
95637,1725,credit,active,1000
95638,2360,credit,active,1000
95639,3730,debit,active,1500
95640,564,credit,active,3000
95641,404,debit,active,1000
95642,1321,debit,active,5000
95643,4564,credit,active,1000
95644,1853,credit,active,500
95645,4350,credit,active,1000
95646,3769,credit,active,5000
95647,1469,credit,flagged,1000
95648,718,credit,active,1500
95649,820,debit,active,1500
95650,4157,debit,active,500
95651,4929,credit,active,500
95652,4071,debit,active,500
95653,3373,credit,active,5000
95654,2615,credit,active,1500
95655,1602,debit,active,3000
95656,810,credit,active,500
95657,2216,debit,active,5000
95658,1768,debit,active,1500
95659,1606,debit,active,5000
95660,664,credit,active,3000
95661,1579,debit,active,1000
95662,32,credit,active,1000
95663,2505,credit,active,1000
95664,4693,debit,active,500
95665,1109,debit,active,1000
95666,2997,credit,active,5000
95667,4818,credit,active,500
95668,409,debit,active,500
95669,4661,debit,active,1000
95670,2302,credit,active,1500
95671,1446,debit,active,5000
95672,4776,debit,active,5000
95673,1725,debit,active,5000
95674,3798,credit,active,1500
95675,875,credit,active,500
95676,874,debit,active,1500
95677,2432,debit,active,3000
95678,3585,credit,active,1000
95679,1821,debit,active,1500
95680,3862,credit,active,500
95681,159,debit,active,3000
95682,4403,credit,active,1500
95683,1960,credit,blocked,1000
95684,4495,credit,active,3000
95685,747,credit,active,1500
95686,4120,debit,active,1000
95687,389,debit,active,5000
95688,638,debit,active,1000
95689,3888,debit,active,500
95690,765,debit,active,5000
95691,257,debit,flagged,500
95692,432,debit,active,1000
95693,3610,debit,active,3000
95694,3723,credit,active,1000
95695,2871,debit,active,1000
95696,4717,debit,active,3000
95697,2758,credit,active,1000
95698,630,credit,active,1500
95699,3036,credit,active,500
95700,1691,credit,active,1500
95701,2312,debit,active,1000
95702,3613,debit,flagged,1500
95703,3580,credit,active,3000
95704,1030,debit,active,3000
95705,3194,debit,active,3000
95706,4818,debit,active,1500
95707,2748,debit,active,1500
95708,1399,debit,active,3000
95709,2136,debit,active,5000
95710,3686,debit,active,1000
95711,3951,debit,active,3000
95712,328,debit,active,5000
95713,3980,debit,active,3000
95714,381,debit,active,1500
95715,1922,credit,active,500
95716,786,credit,active,1000
95717,2090,debit,active,500
95718,2140,debit,active,3000
95719,499,credit,active,500
95720,4352,debit,active,1500
95721,2886,debit,active,1500
95722,2154,credit,active,5000
95723,3678,credit,active,1500
95724,2396,debit,active,500
95725,2485,debit,active,1000
95726,3912,credit,active,1500
95727,4794,credit,active,5000
95728,2686,debit,active,3000
95729,4281,credit,active,3000
95730,1486,credit,active,5000
95731,877,credit,active,5000
95732,3311,credit,active,5000
95733,2143,credit,active,5000
95734,1823,debit,active,3000
95735,3952,debit,active,5000
95736,4862,debit,active,1000
95737,1773,credit,active,500
95738,70,debit,active,5000
95739,3016,credit,active,500
95740,4584,credit,active,500
95741,3001,debit,active,500
95742,4610,debit,active,1000
95743,165,debit,active,3000
95744,2242,debit,active,3000
95745,1292,credit,active,500
95746,1732,credit,active,5000
95747,117,credit,active,1000
95748,1260,credit,active,500
95749,3737,debit,active,500
95750,2036,credit,active,3000
95751,831,credit,active,3000
95752,4842,debit,active,3000
95753,1918,credit,active,500
95754,3410,debit,active,5000
95755,1388,credit,active,500
95756,691,debit,active,3000
95757,4992,credit,active,500
95758,14,credit,active,5000
95759,1765,debit,active,3000
95760,3124,debit,active,3000
95761,769,debit,active,1500
95762,1997,credit,active,3000
95763,511,debit,active,1000
95764,1151,debit,active,1000
95765,3243,debit,active,5000
95766,343,credit,active,500
95767,999,debit,active,5000
95768,559,credit,active,1500
95769,4818,debit,active,3000
95770,3795,credit,active,3000
95771,531,debit,active,500
95772,2307,credit,active,3000
95773,1880,debit,active,1000
95774,2973,debit,active,1500
95775,1107,credit,active,3000
95776,996,credit,active,500
95777,516,credit,active,1000
95778,2677,credit,active,5000
95779,3199,credit,active,1000
95780,2257,debit,active,500
95781,4246,debit,active,1500
95782,4300,debit,active,3000
95783,2829,credit,active,1000
95784,2412,debit,flagged,1000
95785,3432,debit,active,1500
95786,1470,debit,active,3000
95787,2625,credit,active,3000
95788,1024,debit,active,1000
95789,137,credit,active,1000
95790,1068,debit,active,5000
95791,3403,credit,active,3000
95792,2295,credit,active,1000
95793,1458,credit,active,3000
95794,1600,debit,active,1500
95795,3543,debit,active,5000
95796,3168,credit,active,3000
95797,3580,debit,active,500
95798,1284,credit,flagged,1500
95799,4997,debit,active,500
95800,2106,credit,active,3000
95801,2440,credit,active,1500
95802,4114,credit,active,3000
95803,2820,credit,active,500
95804,2009,credit,active,1000
95805,2087,debit,active,5000
95806,1736,debit,active,3000
95807,1762,debit,active,1000
95808,3838,credit,active,1500
95809,2106,credit,active,1500
95810,4867,credit,flagged,1500
95811,2808,credit,active,1000
95812,247,debit,active,500
95813,2460,debit,active,1500
95814,4616,credit,active,1000
95815,4540,debit,flagged,1000
95816,1118,debit,active,1500
95817,2005,debit,active,3000
95818,4217,debit,flagged,5000
95819,4905,credit,active,3000
95820,3020,credit,active,1000
95821,44,debit,active,5000
95822,4483,debit,active,1000
95823,3824,credit,active,5000
95824,639,credit,active,3000
95825,66,debit,active,500
95826,944,debit,active,5000
95827,885,credit,active,1000
95828,567,credit,active,1500
95829,1315,debit,active,5000
95830,3791,credit,active,5000
95831,526,credit,active,5000
95832,3675,credit,active,3000
95833,4961,debit,active,1500
95834,528,debit,active,5000
95835,4561,debit,active,5000
95836,2170,credit,active,500
95837,1140,credit,active,1000
95838,116,credit,active,5000
95839,2369,debit,active,3000
95840,1546,debit,active,5000
95841,1419,credit,active,1000
95842,3225,credit,active,1000
95843,823,debit,active,500
95844,504,credit,active,5000
95845,4121,credit,blocked,1500
95846,892,credit,active,1000
95847,3538,credit,active,1000
95848,252,credit,active,1500
95849,3125,debit,active,1000
95850,4147,debit,active,5000
95851,519,credit,active,1000
95852,4426,credit,active,500
95853,2915,credit,active,1500
95854,2017,credit,active,1500
95855,1095,credit,active,1000
95856,2501,credit,active,3000
95857,4620,debit,active,1500
95858,2785,credit,active,500
95859,2291,debit,active,500
95860,924,credit,active,5000
95861,3273,debit,active,3000
95862,3650,credit,active,1500
95863,1711,debit,active,3000
95864,4477,credit,active,1000
95865,3532,debit,active,1000
95866,1941,credit,active,500
95867,267,debit,active,1500
95868,1601,credit,active,1000
95869,3025,credit,active,3000
95870,3994,debit,active,1500
95871,1296,credit,active,3000
95872,262,debit,active,500
95873,959,debit,active,500
95874,4019,debit,active,1500
95875,4565,debit,active,1500
95876,4614,debit,active,500
95877,2784,credit,active,1500
95878,1805,credit,active,3000
95879,573,credit,active,1000
95880,2652,debit,active,5000
95881,4789,debit,active,1500
95882,2283,debit,active,1000
95883,3965,debit,active,1500
95884,1632,debit,active,3000
95885,676,debit,active,5000
95886,1157,credit,active,3000
95887,4575,credit,active,3000
95888,3944,credit,active,1000
95889,3253,credit,active,500
95890,4833,credit,active,1500
95891,296,credit,active,5000
95892,851,debit,blocked,5000
95893,2571,credit,active,5000
95894,2256,credit,active,1500
95895,4685,debit,active,500
95896,714,credit,active,5000
95897,2603,credit,flagged,1000
95898,3169,debit,active,500
95899,3221,debit,active,3000
95900,2047,debit,active,1500
95901,1003,credit,active,1000
95902,4872,debit,active,1500
95903,3269,debit,active,500
95904,3607,debit,active,5000
95905,3587,debit,active,1500
95906,4188,credit,active,1500
95907,2523,debit,active,3000
95908,2395,credit,active,3000
95909,4004,credit,active,500
95910,2405,credit,active,1500
95911,822,debit,active,1000
95912,1644,debit,active,1000
95913,1985,credit,active,1500
95914,3742,credit,active,5000
95915,3111,credit,active,3000
95916,479,debit,active,1500
95917,191,credit,active,3000
95918,3504,credit,active,3000
95919,4716,credit,active,1500
95920,1213,credit,active,500
95921,3448,credit,active,1000
95922,1114,credit,active,1500
95923,4067,credit,active,1500
95924,526,debit,active,500
95925,2130,debit,active,5000
95926,2323,debit,active,3000
95927,411,debit,active,500
95928,4524,debit,active,5000
95929,4000,debit,active,1000
95930,4352,debit,active,5000
95931,1189,credit,active,500
95932,4145,debit,active,500
95933,4377,credit,active,1000
95934,790,credit,active,500
95935,4299,debit,active,1500
95936,3741,credit,active,500
95937,4190,debit,flagged,3000
95938,3601,credit,active,1000
95939,3371,debit,active,500
95940,2735,debit,active,5000
95941,1842,debit,active,3000
95942,3576,credit,active,500
95943,3994,credit,active,1000
95944,684,credit,active,5000
95945,2016,debit,active,1000
95946,4006,credit,active,1500
95947,2808,debit,flagged,3000
95948,3031,debit,active,5000
95949,1045,credit,active,3000
95950,2766,debit,active,5000
95951,899,credit,active,500
95952,2702,credit,active,1000
95953,3387,debit,active,1000
95954,2354,debit,active,1500
95955,193,debit,active,3000
95956,102,credit,active,5000
95957,3407,credit,active,1500
95958,2423,credit,active,1500
95959,2073,debit,active,3000
95960,1784,debit,active,1000
95961,2703,credit,active,3000
95962,3860,credit,active,1500
95963,476,debit,active,1500
95964,544,debit,active,3000
95965,3060,debit,active,3000
95966,2648,credit,active,3000
95967,1796,credit,active,1500
95968,3927,credit,active,1500
95969,711,debit,active,1000
95970,4249,debit,active,500
95971,209,credit,active,3000
95972,1109,credit,active,3000
95973,3004,credit,active,500
95974,3449,credit,active,1000
95975,4972,debit,active,3000
95976,3610,credit,active,1500
95977,778,debit,active,5000
95978,2064,debit,active,500
95979,918,debit,flagged,500
95980,101,debit,active,1500
95981,289,debit,active,5000
95982,1501,credit,active,500
95983,3979,debit,active,1000
95984,435,debit,active,500
95985,3582,credit,active,3000
95986,2947,debit,active,5000
95987,2186,credit,active,5000
95988,4083,credit,active,5000
95989,2495,credit,active,3000
95990,2913,credit,active,3000
95991,699,debit,active,5000
95992,710,credit,active,5000
95993,2407,credit,active,5000
95994,444,credit,active,1000
95995,1846,credit,active,5000
95996,1673,debit,active,5000
95997,3259,credit,active,3000
95998,4441,credit,active,500
95999,1876,debit,flagged,1500
96000,496,debit,blocked,1500
