customer_id,name,home_country,risk_profile,avg_transaction_amount,created_at
1,Customer_1,France,low,47.5,2025-04-05 19:06:00
2,Customer_2,Romania,low,62.19,2025-01-03 11:14:00
3,Customer_3,Romania,low,76.12,2025-12-21 19:34:00
4,Customer_4,Austria,low,78.93,2025-01-25 20:10:00
5,Customer_5,Austria,low,35.55,2025-06-04 09:24:00
6,Customer_6,France,low,54.4,2025-05-26 08:46:00
7,Customer_7,Poland,low,117.31,2025-07-03 16:18:00
8,Customer_8,United Kingdom,medium,159.56,2025-04-23 09:02:00
9,Customer_9,Spain,medium,296.75,2025-04-28 09:24:00
10,Customer_10,Netherlands,low,103.41,2025-03-12 13:13:00
11,Customer_11,Netherlands,low,88.35,2025-02-20 18:10:00
12,Customer_12,Romania,low,36.34,2025-07-09 18:44:00
13,Customer_13,Romania,low,52.43,2025-01-08 08:51:00
14,Customer_14,Belgium,low,26.62,2025-10-23 13:13:00
15,Customer_15,Poland,low,111.45,2025-08-05 12:08:00
16,Customer_16,Spain,low,73.9,2025-12-19 14:57:00
17,Customer_17,United Kingdom,low,41.93,2025-03-17 15:05:00
18,Customer_18,Italy,medium,113.63,2025-03-26 18:27:00
19,Customer_19,United Kingdom,low,58.16,2025-08-17 12:35:00
20,Customer_20,Italy,low,31.46,2025-09-25 12:49:00
21,Customer_21,Belgium,low,63.48,2025-08-01 19:56:00
22,Customer_22,Netherlands,high,657.18,2025-09-04 18:19:00
23,Customer_23,Romania,low,35.28,2025-03-18 20:59:00
24,Customer_24,Romania,medium,211.77,2025-08-01 09:59:00
25,Customer_25,Belgium,medium,262.97,2025-05-08 08:15:00
26,Customer_26,United Kingdom,medium,98.84,2025-08-27 09:48:00
27,Customer_27,Romania,medium,108.25,2025-08-18 10:16:00
28,Customer_28,Romania,medium,173.09,2025-04-18 20:46:00
29,Customer_29,Spain,low,59.9,2025-11-21 13:28:00
30,Customer_30,Romania,low,44.79,2025-02-11 08:37:00
31,Customer_31,Romania,low,42.02,2025-02-23 18:03:00
32,Customer_32,Spain,low,23.14,2025-06-03 16:15:00
33,Customer_33,Netherlands,low,41.42,2025-03-24 17:36:00
34,Customer_34,Poland,low,67.3,2025-07-07 09:06:00
35,Customer_35,Austria,low,61.11,2025-12-02 18:41:00
36,Customer_36,France,low,92.82,2025-02-08 11:12:00
37,Customer_37,Romania,low,62.19,2025-05-15 11:55:00
38,Customer_38,France,low,106.13,2025-09-04 08:41:00
39,Customer_39,Romania,medium,293.18,2025-04-06 14:31:00
40,Customer_40,Poland,low,60.1,2025-01-06 14:00:00
41,Customer_41,Austria,low,98.41,2025-08-10 14:44:00
42,Customer_42,Romania,low,68.67,2025-04-10 11:03:00
43,Customer_43,United Kingdom,low,26.1,2025-06-02 08:37:00
44,Customer_44,Poland,low,105.27,2025-03-02 16:05:00
45,Customer_45,Germany,low,26.8,2025-04-13 09:56:00
46,Customer_46,United Kingdom,low,79.45,2025-10-03 14:42:00
47,Customer_47,United Kingdom,low,51.64,2025-05-07 18:45:00
48,Customer_48,Belgium,low,59.58,2025-11-21 12:29:00
49,Customer_49,Belgium,medium,285.86,2025-01-15 17:36:00
50,Customer_50,France,low,41.32,2025-05-05 13:56:00
51,Customer_51,France,medium,161.3,2025-03-15 16:45:00
52,Customer_52,Netherlands,low,118.72,2025-11-17 08:42:00
53,Customer_53,Romania,low,86.34,2025-03-09 09:56:00
54,Customer_54,France,low,35.54,2025-05-20 11:45:00
55,Customer_55,Belgium,low,83.42,2025-05-17 15:16:00
56,Customer_56,Italy,low,62.36,2025-05-02 08:21:00
57,Customer_57,Germany,low,46.2,2025-12-15 16:45:00
58,Customer_58,Austria,low,31.19,2025-12-05 16:02:00
59,Customer_59,Belgium,low,34.81,2025-03-02 12:23:00
60,Customer_60,Italy,medium,126.22,2025-04-22 09:22:00
61,Customer_61,Romania,medium,169.4,2025-10-24 10:59:00
62,Customer_62,Spain,medium,294.77,2025-03-14 08:11:00
63,Customer_63,Belgium,medium,170.58,2025-11-28 19:51:00
64,Customer_64,Spain,low,98.74,2025-02-13 08:54:00
65,Customer_65,Poland,low,101.66,2025-08-12 12:52:00
66,Customer_66,Spain,low,86.0,2025-07-11 12:55:00
67,Customer_67,France,high,367.47,2025-11-17 14:43:00
68,Customer_68,Romania,low,22.76,2025-05-06 17:16:00
69,Customer_69,Italy,low,63.46,2025-12-26 13:27:00
70,Customer_70,United Kingdom,high,269.39,2025-10-07 12:02:00
71,Customer_71,Austria,low,112.56,2025-09-22 19:47:00
72,Customer_72,Spain,low,27.0,2025-11-11 17:20:00
73,Customer_73,France,low,50.03,2025-05-22 14:20:00
74,Customer_74,Austria,low,75.44,2025-04-14 18:24:00
75,Customer_75,Germany,low,50.09,2025-09-27 08:19:00
76,Customer_76,Netherlands,low,98.58,2025-10-21 13:29:00
77,Customer_77,Poland,low,41.37,2025-08-26 20:47:00
78,Customer_78,Germany,low,48.38,2025-11-21 17:21:00
79,Customer_79,France,medium,245.25,2025-11-10 11:51:00
80,Customer_80,Spain,low,24.62,2025-08-20 20:04:00
81,Customer_81,Poland,low,82.98,2025-04-23 19:24:00
82,Customer_82,Poland,low,34.76,2025-12-01 20:55:00
83,Customer_83,France,medium,128.15,2025-12-17 15:03:00
84,Customer_84,Romania,low,104.83,2025-08-05 20:29:00
85,Customer_85,Romania,high,557.27,2025-08-20 19:57:00
86,Customer_86,Romania,low,110.69,2025-08-06 19:55:00
87,Customer_87,Poland,low,95.18,2025-11-09 20:49:00
88,Customer_88,Romania,low,43.92,2025-08-03 19:18:00
89,Customer_89,Spain,low,51.97,2025-09-03 10:09:00
90,Customer_90,Spain,low,35.28,2025-04-03 14:26:00
91,Customer_91,Belgium,low,61.58,2025-04-27 14:24:00
92,Customer_92,United Kingdom,medium,84.3,2025-10-13 15:00:00
93,Customer_93,Belgium,low,59.0,2025-07-18 19:47:00
94,Customer_94,Romania,medium,277.52,2025-08-08 12:27:00
95,Customer_95,Poland,low,53.61,2025-11-26 14:46:00
96,Customer_96,Germany,medium,282.3,2025-10-18 08:58:00
97,Customer_97,Austria,low,86.3,2025-02-21 14:08:00
98,Customer_98,Poland,low,46.02,2025-06-07 15:20:00
99,Customer_99,Belgium,medium,163.41,2025-07-09 09:30:00
100,Customer_100,Italy,low,25.21,2025-06-08 18:04:00
101,Customer_101,Italy,medium,288.91,2025-04-27 08:39:00
102,Customer_102,Germany,low,67.36,2025-02-19 11:29:00
103,Customer_103,Netherlands,medium,116.91,2025-10-24 19:07:00
104,Customer_104,Germany,high,264.86,2025-01-10 17:43:00
105,Customer_105,Austria,low,91.5,2025-02-19 19:53:00
106,Customer_106,Spain,low,97.25,2025-11-20 20:07:00
107,Customer_107,United Kingdom,medium,156.38,2025-07-22 13:04:00
108,Customer_108,Romania,low,21.27,2025-07-27 15:06:00
109,Customer_109,Austria,high,581.35,2025-08-23 10:27:00
110,Customer_110,Germany,low,116.55,2025-05-20 20:58:00
111,Customer_111,Romania,medium,182.27,2025-12-19 12:20:00
112,Customer_112,Spain,medium,99.07,2025-08-08 20:29:00
113,Customer_113,United Kingdom,low,57.9,2025-01-16 13:11:00
114,Customer_114,Poland,low,99.78,2025-06-09 17:44:00
115,Customer_115,Netherlands,low,71.66,2025-04-03 11:46:00
116,Customer_116,Austria,low,95.82,2025-12-16 18:45:00
117,Customer_117,Poland,low,21.72,2025-05-08 14:44:00
118,Customer_118,Spain,low,78.16,2025-08-18 16:22:00
119,Customer_119,Austria,high,530.23,2025-06-23 15:17:00
120,Customer_120,Netherlands,low,32.07,2025-04-11 09:47:00
121,Customer_121,Romania,high,614.1,2025-04-07 19:30:00
122,Customer_122,Netherlands,low,117.66,2025-09-20 12:06:00
123,Customer_123,Spain,low,56.09,2025-05-01 19:34:00
124,Customer_124,Germany,low,117.43,2025-09-10 19:08:00
125,Customer_125,Poland,low,21.23,2025-05-16 15:28:00
126,Customer_126,Belgium,low,25.14,2025-08-04 09:25:00
127,Customer_127,Poland,low,82.94,2025-01-05 10:51:00
128,Customer_128,United Kingdom,medium,98.74,2025-04-04 16:48:00
129,Customer_129,Austria,low,99.07,2025-04-25 16:24:00
130,Customer_130,Poland,medium,145.42,2025-10-14 12:36:00
131,Customer_131,United Kingdom,low,116.01,2025-02-25 11:40:00
132,Customer_132,Spain,low,28.12,2025-04-06 16:04:00
133,Customer_133,Germany,low,65.05,2025-10-16 12:02:00
134,Customer_134,Spain,low,48.27,2025-08-03 18:14:00
135,Customer_135,Netherlands,medium,217.51,2025-11-26 11:27:00
136,Customer_136,France,low,84.76,2025-05-27 10:04:00
137,Customer_137,Italy,low,50.76,2025-12-27 17:58:00
138,Customer_138,Netherlands,low,66.87,2025-05-23 14:17:00
139,Customer_139,Romania,low,63.78,2025-10-02 14:47:00
140,Customer_140,Belgium,low,22.59,2025-04-22 17:37:00
141,Customer_141,Italy,high,603.37,2025-05-19 08:48:00
142,Customer_142,Germany,low,85.15,2025-05-06 17:27:00
143,Customer_143,Poland,high,482.01,2025-07-11 13:42:00
144,Customer_144,France,medium,152.56,2025-12-16 12:42:00
145,Customer_145,Austria,medium,201.02,2025-08-03 13:16:00
146,Customer_146,Belgium,low,97.25,2025-09-27 08:42:00
147,Customer_147,Romania,low,25.42,2025-09-12 17:48:00
148,Customer_148,Poland,low,96.0,2025-04-09 16:08:00
149,Customer_149,Netherlands,low,89.83,2025-02-01 18:38:00
150,Customer_150,Spain,low,51.08,2025-01-18 14:05:00
151,Customer_151,Spain,high,747.76,2025-08-04 18:53:00
152,Customer_152,Germany,low,91.66,2025-09-23 12:26:00
153,Customer_153,Poland,high,346.24,2025-09-05 14:12:00
154,Customer_154,United Kingdom,low,107.93,2025-02-09 20:50:00
155,Customer_155,Austria,low,98.77,2025-05-27 08:18:00
156,Customer_156,Netherlands,medium,207.58,2025-11-16 10:28:00
157,Customer_157,Romania,low,53.24,2025-09-13 15:59:00
158,Customer_158,Belgium,medium,295.77,2025-04-19 14:14:00
159,Customer_159,Austria,low,94.47,2025-12-26 14:24:00
160,Customer_160,Germany,low,23.7,2025-09-19 13:55:00
161,Customer_161,France,medium,176.87,2025-09-15 08:46:00
162,Customer_162,Germany,low,85.48,2025-03-03 15:50:00
163,Customer_163,Netherlands,low,89.27,2025-11-03 13:54:00
164,Customer_164,Romania,low,51.67,2025-12-25 15:55:00
165,Customer_165,Romania,low,26.84,2025-11-22 12:14:00
166,Customer_166,France,low,29.84,2025-11-23 09:28:00
167,Customer_167,Germany,low,110.34,2025-01-11 20:03:00
168,Customer_168,Netherlands,low,63.07,2025-04-17 14:36:00
169,Customer_169,Germany,low,27.9,2025-07-20 18:15:00
170,Customer_170,Poland,medium,111.49,2025-08-21 12:29:00
171,Customer_171,Netherlands,low,109.89,2025-08-10 18:34:00
172,Customer_172,Germany,low,114.52,2025-10-10 18:27:00
173,Customer_173,Netherlands,low,50.21,2025-07-28 15:06:00
174,Customer_174,Spain,low,55.9,2025-05-23 12:01:00
175,Customer_175,Austria,low,76.59,2025-11-25 19:03:00
176,Customer_176,United Kingdom,low,103.28,2025-05-25 20:14:00
177,Customer_177,United Kingdom,medium,128.18,2025-04-20 12:43:00
178,Customer_178,Germany,low,110.34,2025-11-02 12:50:00
179,Customer_179,Poland,low,56.49,2025-03-03 12:20:00
180,Customer_180,Austria,low,33.22,2025-09-12 16:32:00
181,Customer_181,Netherlands,medium,136.53,2025-08-26 12:47:00
182,Customer_182,Belgium,medium,183.03,2025-02-05 20:14:00
183,Customer_183,Austria,high,682.75,2025-06-03 20:25:00
184,Customer_184,Italy,low,32.36,2025-06-22 19:43:00
185,Customer_185,Netherlands,low,102.24,2025-06-04 18:14:00
186,Customer_186,Poland,low,108.42,2025-09-11 17:14:00
187,Customer_187,France,low,66.43,2025-12-10 18:26:00
188,Customer_188,France,low,114.63,2025-05-16 09:06:00
189,Customer_189,Spain,medium,109.85,2025-08-12 18:47:00
190,Customer_190,Romania,low,94.23,2025-03-14 18:06:00
191,Customer_191,Poland,low,113.91,2025-05-02 19:23:00
192,Customer_192,Spain,low,115.06,2025-06-04 18:23:00
193,Customer_193,Romania,medium,221.86,2025-01-13 12:12:00
194,Customer_194,France,medium,261.32,2025-02-22 11:41:00
195,Customer_195,United Kingdom,high,230.35,2025-06-08 10:50:00
196,Customer_196,United Kingdom,low,102.98,2025-09-07 17:13:00
197,Customer_197,Spain,low,34.76,2025-10-01 12:54:00
198,Customer_198,Germany,high,524.13,2025-03-04 18:55:00
199,Customer_199,Italy,low,55.82,2025-04-19 13:01:00
200,Customer_200,Germany,low,32.68,2025-07-17 09:47:00
201,Customer_201,France,low,97.8,2025-09-19 09:28:00
202,Customer_202,Romania,low,81.51,2025-12-26 18:33:00
203,Customer_203,Netherlands,low,116.4,2025-01-16 14:27:00
204,Customer_204,France,low,110.97,2025-02-03 13:38:00
205,Customer_205,Germany,low,47.5,2025-11-19 16:45:00
206,Customer_206,Belgium,low,79.74,2025-05-15 16:38:00
207,Customer_207,Austria,low,90.18,2025-11-21 20:35:00
208,Customer_208,Spain,low,108.81,2025-07-11 15:25:00
209,Customer_209,Austria,low,51.25,2025-06-22 12:23:00
210,Customer_210,Germany,low,67.43,2025-02-27 09:05:00
211,Customer_211,Austria,low,93.88,2025-03-18 08:37:00
212,Customer_212,Romania,low,87.0,2025-07-12 18:48:00
213,Customer_213,Austria,medium,238.63,2025-05-20 12:22:00
214,Customer_214,France,low,41.27,2025-11-16 11:54:00
215,Customer_215,France,low,75.63,2025-02-25 12:36:00
216,Customer_216,Spain,medium,265.93,2025-10-20 18:41:00
217,Customer_217,Romania,low,112.91,2025-12-09 08:11:00
218,Customer_218,Netherlands,low,50.9,2025-06-12 08:11:00
219,Customer_219,Germany,low,60.08,2025-03-24 18:01:00
220,Customer_220,France,low,41.51,2025-07-15 13:10:00
221,Customer_221,Belgium,low,52.44,2025-10-20 09:56:00
222,Customer_222,Italy,low,95.44,2025-01-22 09:17:00
223,Customer_223,Poland,low,68.57,2025-08-14 12:13:00
224,Customer_224,Romania,low,62.99,2025-05-22 18:37:00
225,Customer_225,Poland,low,50.84,2025-04-13 17:03:00
226,Customer_226,Italy,low,114.53,2025-03-25 12:18:00
227,Customer_227,Belgium,low,69.74,2025-07-06 10:24:00
228,Customer_228,Romania,low,70.03,2025-11-26 13:04:00
229,Customer_229,Austria,medium,89.31,2025-01-15 09:55:00
230,Customer_230,Belgium,low,77.34,2025-12-21 14:18:00
231,Customer_231,France,low,116.62,2025-03-26 17:29:00
232,Customer_232,Belgium,low,104.45,2025-04-14 17:25:00
233,Customer_233,Romania,low,107.05,2025-12-11 11:21:00
234,Customer_234,Germany,low,83.32,2025-09-17 11:57:00
235,Customer_235,Belgium,low,115.82,2025-11-27 10:15:00
236,Customer_236,France,low,39.73,2025-10-05 20:48:00
237,Customer_237,France,low,97.28,2025-08-15 20:36:00
238,Customer_238,United Kingdom,low,112.42,2025-10-21 18:39:00
239,Customer_239,Belgium,medium,217.99,2025-03-15 09:30:00
240,Customer_240,Poland,low,99.63,2025-10-02 13:32:00
241,Customer_241,France,low,65.19,2025-01-12 12:04:00
242,Customer_242,France,low,70.71,2025-08-19 16:50:00
243,Customer_243,Italy,low,100.98,2025-11-07 13:38:00
244,Customer_244,Poland,low,115.77,2025-08-04 20:57:00
245,Customer_245,Belgium,high,250.6,2025-11-06 08:15:00
246,Customer_246,Poland,high,514.44,2025-10-06 13:23:00
247,Customer_247,Netherlands,low,97.45,2025-11-20 08:50:00
248,Customer_248,Belgium,low,29.45,2025-11-13 12:16:00
249,Customer_249,United Kingdom,medium,153.34,2025-10-22 10:58:00
250,Customer_250,Belgium,low,85.61,2025-11-13 10:38:00
251,Customer_251,France,low,57.67,2025-06-27 10:42:00
252,Customer_252,Romania,low,87.05,2025-09-12 08:23:00
253,Customer_253,Netherlands,low,41.42,2025-08-07 11:08:00
254,Customer_254,Germany,low,104.44,2025-02-17 20:34:00
255,Customer_255,Romania,low,53.68,2025-10-05 17:24:00
256,Customer_256,Germany,low,103.13,2025-10-26 10:46:00
257,Customer_257,Poland,low,56.43,2025-12-08 15:39:00
258,Customer_258,Netherlands,medium,252.44,2025-04-18 11:19:00
259,Customer_259,Poland,medium,122.68,2025-11-19 15:29:00
260,Customer_260,Netherlands,medium,190.64,2025-07-06 11:51:00
261,Customer_261,United Kingdom,low,45.0,2025-11-16 13:35:00
262,Customer_262,France,low,71.59,2025-02-10 09:48:00
263,Customer_263,Germany,low,110.53,2025-03-27 14:05:00
264,Customer_264,Spain,medium,274.62,2025-01-14 08:25:00
265,Customer_265,Romania,low,58.62,2025-02-12 11:01:00
266,Customer_266,Belgium,medium,264.62,2025-11-11 20:09:00
267,Customer_267,Germany,low,111.74,2025-08-23 10:48:00
268,Customer_268,Poland,low,20.53,2025-02-01 12:13:00
269,Customer_269,Germany,low,92.72,2025-09-14 09:49:00
270,Customer_270,Netherlands,low,32.18,2025-04-14 18:50:00
271,Customer_271,United Kingdom,low,31.09,2025-08-20 16:01:00
272,Customer_272,Romania,low,91.85,2025-05-14 08:39:00
273,Customer_273,Belgium,low,61.66,2025-11-22 09:33:00
274,Customer_274,Belgium,low,72.61,2025-09-26 16:35:00
275,Customer_275,Italy,low,67.01,2025-11-13 13:16:00
276,Customer_276,Italy,low,26.76,2025-04-24 18:40:00
277,Customer_277,France,medium,241.74,2025-06-05 08:22:00
278,Customer_278,Romania,low,84.28,2025-11-15 19:30:00
279,Customer_279,Germany,medium,93.88,2025-08-02 12:12:00
280,Customer_280,Italy,medium,274.87,2025-06-10 16:25:00
281,Customer_281,Romania,low,23.66,2025-11-07 12:22:00
282,Customer_282,Italy,medium,153.02,2025-02-26 13:27:00
283,Customer_283,Austria,low,109.46,2025-07-11 10:31:00
284,Customer_284,Poland,low,99.73,2025-05-26 09:46:00
285,Customer_285,Austria,low,80.25,2025-03-18 12:20:00
286,Customer_286,France,low,86.09,2025-05-15 17:45:00
287,Customer_287,Austria,low,64.39,2025-08-02 19:55:00
288,Customer_288,Belgium,low,63.49,2025-11-26 08:04:00
289,Customer_289,Austria,low,100.11,2025-11-06 08:09:00
290,Customer_290,United Kingdom,low,63.82,2025-03-03 11:49:00
291,Customer_291,Belgium,low,114.95,2025-01-20 10:43:00
292,Customer_292,Poland,medium,161.84,2025-02-19 10:33:00
293,Customer_293,Belgium,low,84.96,2025-04-04 08:47:00
294,Customer_294,Germany,low,58.7,2025-09-04 12:49:00
295,Customer_295,Netherlands,low,41.46,2025-10-10 19:58:00
296,Customer_296,Poland,low,33.57,2025-02-15 10:57:00
297,Customer_297,Poland,high,686.31,2025-06-22 13:45:00
298,Customer_298,France,low,49.04,2025-05-28 10:45:00
299,Customer_299,Germany,medium,191.93,2025-02-07 20:08:00
300,Customer_300,Spain,medium,85.78,2025-09-19 13:29:00
301,Customer_301,Romania,low,108.42,2025-02-10 14:45:00
302,Customer_302,Poland,low,96.92,2025-10-03 10:20:00
303,Customer_303,France,low,88.01,2025-06-05 20:35:00
304,Customer_304,United Kingdom,low,116.63,2025-07-17 08:53:00
305,Customer_305,France,low,50.41,2025-03-11 19:14:00
306,Customer_306,Belgium,medium,194.16,2025-05-28 09:16:00
307,Customer_307,Spain,low,75.08,2025-03-21 12:39:00
308,Customer_308,Romania,low,84.1,2025-10-19 10:10:00
309,Customer_309,United Kingdom,low,80.51,2025-10-02 08:05:00
310,Customer_310,Italy,medium,249.62,2025-05-21 11:49:00
311,Customer_311,United Kingdom,low,83.9,2025-08-21 16:18:00
312,Customer_312,Netherlands,low,100.47,2025-11-13 12:29:00
313,Customer_313,France,low,35.81,2025-07-16 15:13:00
314,Customer_314,Belgium,low,51.26,2025-12-11 19:55:00
315,Customer_315,Belgium,high,278.46,2025-06-17 16:06:00
316,Customer_316,Belgium,low,32.25,2025-08-08 10:06:00
317,Customer_317,Italy,low,58.41,2025-10-14 11:55:00
318,Customer_318,Germany,medium,285.43,2025-12-11 11:48:00
319,Customer_319,Germany,low,71.47,2025-08-10 15:01:00
320,Customer_320,France,medium,191.2,2025-04-07 17:22:00
321,Customer_321,Italy,low,69.49,2025-11-22 15:18:00
322,Customer_322,Romania,low,30.75,2025-03-09 19:23:00
323,Customer_323,Austria,low,60.06,2025-10-18 11:23:00
324,Customer_324,Romania,low,58.63,2025-08-25 16:17:00
325,Customer_325,United Kingdom,low,31.88,2025-02-13 13:50:00
326,Customer_326,Belgium,low,56.56,2025-03-07 17:32:00
327,Customer_327,Austria,low,24.53,2025-03-23 13:51:00
328,Customer_328,Poland,low,34.89,2025-09-05 13:59:00
329,Customer_329,United Kingdom,low,59.3,2025-10-24 12:37:00
330,Customer_330,Belgium,low,70.97,2025-08-23 17:19:00
331,Customer_331,Poland,medium,161.04,2025-11-04 14:37:00
332,Customer_332,Netherlands,medium,239.57,2025-12-21 08:38:00
333,Customer_333,Poland,low,85.56,2025-10-19 11:46:00
334,Customer_334,Italy,low,37.05,2025-11-24 17:49:00
335,Customer_335,Austria,low,88.07,2025-01-19 19:07:00
336,Customer_336,Spain,low,51.37,2025-03-14 19:13:00
337,Customer_337,Austria,low,81.15,2025-08-28 19:46:00
338,Customer_338,Italy,low,71.87,2025-09-11 18:30:00
339,Customer_339,Romania,low,115.67,2025-08-18 13:34:00
340,Customer_340,Belgium,low,106.77,2025-11-21 20:44:00
341,Customer_341,Netherlands,low,39.23,2025-04-09 16:19:00
342,Customer_342,Spain,medium,296.1,2025-05-23 11:44:00
343,Customer_343,Poland,low,54.88,2025-12-09 12:07:00
344,Customer_344,United Kingdom,low,57.97,2025-07-27 13:49:00
345,Customer_345,Germany,low,48.76,2025-12-03 13:59:00
346,Customer_346,Poland,low,94.73,2025-04-07 16:17:00
347,Customer_347,Romania,low,33.73,2025-10-24 17:15:00
348,Customer_348,Spain,low,110.52,2025-04-21 11:03:00
349,Customer_349,France,low,91.74,2025-02-22 20:08:00
350,Customer_350,Italy,high,786.75,2025-03-14 18:59:00
351,Customer_351,Poland,low,39.95,2025-05-11 12:41:00
352,Customer_352,Italy,medium,99.68,2025-10-08 16:47:00
353,Customer_353,Italy,medium,118.51,2025-03-02 14:50:00
354,Customer_354,Poland,low,94.9,2025-05-02 08:19:00
355,Customer_355,United Kingdom,low,112.85,2025-06-10 15:41:00
356,Customer_356,Romania,low,108.93,2025-03-28 16:29:00
357,Customer_357,Netherlands,low,31.26,2025-03-24 15:41:00
358,Customer_358,Netherlands,low,21.41,2025-06-26 12:36:00
359,Customer_359,Spain,low,105.61,2025-07-27 14:32:00
360,Customer_360,Belgium,low,86.93,2025-03-05 15:20:00
361,Customer_361,Spain,low,58.36,2025-08-25 12:21:00
362,Customer_362,Netherlands,low,77.29,2025-05-21 13:44:00
363,Customer_363,Spain,low,31.82,2025-05-06 14:43:00
364,Customer_364,Romania,medium,275.32,2025-05-23 09:40:00
365,Customer_365,Netherlands,low,42.08,2025-03-16 10:29:00
366,Customer_366,United Kingdom,low,90.19,2025-08-25 16:51:00
367,Customer_367,Spain,medium,229.68,2025-10-28 20:05:00
368,Customer_368,Romania,low,90.38,2025-02-19 09:03:00
369,Customer_369,Romania,medium,124.47,2025-09-05 10:20:00
370,Customer_370,Romania,low,88.03,2025-12-19 15:05:00
371,Customer_371,Romania,low,25.56,2025-03-17 14:29:00
372,Customer_372,United Kingdom,low,66.24,2025-05-24 08:25:00
373,Customer_373,Netherlands,medium,244.08,2025-10-03 08:27:00
374,Customer_374,Belgium,low,74.12,2025-01-03 15:02:00
375,Customer_375,Netherlands,low,96.9,2025-11-24 18:26:00
376,Customer_376,Belgium,high,429.49,2025-07-13 09:43:00
377,Customer_377,Romania,low,106.03,2025-02-06 16:25:00
378,Customer_378,Romania,low,117.87,2025-01-25 08:19:00
379,Customer_379,Poland,low,74.44,2025-09-13 11:15:00
380,Customer_380,Poland,low,47.56,2025-12-25 09:02:00
381,Customer_381,Austria,low,113.62,2025-01-08 11:04:00
382,Customer_382,France,low,64.64,2025-11-23 08:15:00
383,Customer_383,Italy,low,43.43,2025-04-25 20:03:00
384,Customer_384,Germany,low,48.93,2025-12-19 13:36:00
385,Customer_385,United Kingdom,medium,260.04,2025-04-10 10:42:00
386,Customer_386,Romania,low,50.05,2025-01-18 17:56:00
387,Customer_387,Germany,low,62.72,2025-08-02 13:41:00
388,Customer_388,Austria,medium,150.12,2025-07-14 10:19:00
389,Customer_389,Austria,low,73.79,2025-04-28 11:19:00
390,Customer_390,Germany,medium,281.24,2025-09-14 14:35:00
391,Customer_391,Romania,low,44.29,2025-04-11 18:05:00
392,Customer_392,Poland,medium,100.34,2025-12-27 11:03:00
393,Customer_393,Netherlands,low,80.5,2025-01-28 09:12:00
394,Customer_394,United Kingdom,low,75.89,2025-08-07 13:19:00
395,Customer_395,Italy,low,39.0,2025-12-04 19:48:00
396,Customer_396,Poland,medium,233.04,2025-12-07 14:58:00
397,Customer_397,Spain,low,97.55,2025-07-15 16:41:00
398,Customer_398,Belgium,low,55.96,2025-08-15 09:51:00
399,Customer_399,Poland,medium,150.45,2025-04-12 13:26:00
400,Customer_400,Italy,low,42.13,2025-03-01 12:35:00
401,Customer_401,United Kingdom,low,61.76,2025-03-07 13:14:00
402,Customer_402,Austria,low,44.57,2025-09-21 18:21:00
403,Customer_403,Netherlands,medium,187.5,2025-12-21 19:31:00
404,Customer_404,Poland,low,99.5,2025-03-05 19:34:00
405,Customer_405,Poland,low,108.94,2025-11-02 16:02:00
406,Customer_406,France,medium,227.01,2025-01-14 10:53:00
407,Customer_407,Spain,low,35.1,2025-04-17 15:23:00
408,Customer_408,Italy,low,86.68,2025-10-16 18:31:00
409,Customer_409,Italy,low,75.16,2025-01-01 16:46:00
410,Customer_410,Netherlands,low,48.67,2025-09-27 19:43:00
411,Customer_411,Austria,medium,280.15,2025-02-04 16:09:00
412,Customer_412,Spain,low,72.65,2025-06-09 20:25:00
413,Customer_413,France,low,60.6,2025-10-08 19:14:00
414,Customer_414,Netherlands,low,104.79,2025-11-28 18:48:00
415,Customer_415,Italy,low,57.93,2025-09-16 08:40:00
416,Customer_416,Italy,low,28.27,2025-07-21 20:21:00
417,Customer_417,United Kingdom,high,784.3,2025-09-02 11:13:00
418,Customer_418,United Kingdom,low,24.66,2025-02-22 12:57:00
419,Customer_419,Romania,low,23.29,2025-06-01 11:37:00
420,Customer_420,Germany,medium,236.8,2025-07-03 12:10:00
421,Customer_421,United Kingdom,low,103.47,2025-07-22 16:21:00
422,Customer_422,Austria,medium,110.79,2025-12-24 09:32:00
423,Customer_423,Belgium,low,63.71,2025-02-11 17:49:00
424,Customer_424,United Kingdom,high,438.02,2025-06-01 18:17:00
425,Customer_425,Poland,low,55.58,2025-07-14 10:43:00
426,Customer_426,United Kingdom,low,28.57,2025-10-10 20:15:00
427,Customer_427,France,low,35.42,2025-12-26 18:09:00
428,Customer_428,Austria,low,30.66,2025-01-10 15:23:00
429,Customer_429,Netherlands,low,28.73,2025-07-15 16:35:00
430,Customer_430,Romania,low,22.63,2025-06-18 09:38:00
431,Customer_431,United Kingdom,medium,270.02,2025-01-10 14:24:00
432,Customer_432,France,low,75.95,2025-04-19 16:10:00
433,Customer_433,Austria,low,46.89,2025-05-16 10:04:00
434,Customer_434,Germany,low,62.11,2025-08-26 09:23:00
435,Customer_435,Netherlands,medium,238.6,2025-08-20 17:12:00
436,Customer_436,Poland,low,50.47,2025-07-11 17:24:00
437,Customer_437,Belgium,low,63.06,2025-11-20 10:19:00
438,Customer_438,Belgium,low,89.53,2025-08-11 10:25:00
439,Customer_439,Belgium,low,89.5,2025-08-19 20:15:00
440,Customer_440,Belgium,low,101.65,2025-07-12 09:59:00
441,Customer_441,United Kingdom,low,119.73,2025-03-22 20:35:00
442,Customer_442,Italy,high,476.97,2025-12-07 15:51:00
443,Customer_443,Netherlands,medium,95.21,2025-07-22 15:08:00
444,Customer_444,Netherlands,low,85.87,2025-12-14 20:24:00
445,Customer_445,France,low,79.79,2025-10-13 16:32:00
446,Customer_446,Austria,low,99.07,2025-06-23 20:34:00
447,Customer_447,United Kingdom,low,28.5,2025-04-22 18:22:00
448,Customer_448,Germany,low,24.43,2025-11-22 18:25:00
449,Customer_449,Belgium,high,458.27,2025-01-04 12:14:00
450,Customer_450,Romania,low,75.8,2025-12-19 11:28:00
451,Customer_451,Belgium,low,97.23,2025-10-23 16:09:00
452,Customer_452,Belgium,high,489.66,2025-05-14 09:07:00
453,Customer_453,Germany,low,54.31,2025-04-17 15:22:00
454,Customer_454,Poland,low,92.2,2025-08-11 09:19:00
455,Customer_455,Italy,medium,105.32,2025-06-21 09:43:00
456,Customer_456,Germany,medium,242.91,2025-09-06 16:10:00
457,Customer_457,Belgium,low,115.85,2025-04-26 14:40:00
458,Customer_458,Germany,low,85.73,2025-07-01 19:39:00
459,Customer_459,Spain,low,62.96,2025-01-23 11:13:00
460,Customer_460,Netherlands,medium,257.92,2025-02-19 09:51:00
461,Customer_461,Romania,low,52.6,2025-08-04 12:42:00
462,Customer_462,Poland,low,83.91,2025-10-13 17:25:00
463,Customer_463,United Kingdom,low,55.2,2025-08-20 10:52:00
464,Customer_464,Netherlands,medium,209.84,2025-11-05 13:07:00
465,Customer_465,Spain,low,38.3,2025-12-05 16:24:00
466,Customer_466,Austria,low,77.48,2025-07-06 15:40:00
467,Customer_467,Romania,low,84.53,2025-03-18 10:31:00
468,Customer_468,Netherlands,low,51.46,2025-08-20 08:55:00
469,Customer_469,Belgium,high,490.77,2025-04-27 14:35:00
470,Customer_470,Romania,low,60.91,2025-08-14 19:53:00
471,Customer_471,Poland,low,28.27,2025-01-26 20:14:00
472,Customer_472,Netherlands,low,42.48,2025-05-06 20:29:00
473,Customer_473,United Kingdom,low,96.59,2025-09-17 09:36:00
474,Customer_474,France,low,74.31,2025-06-18 20:02:00
475,Customer_475,Poland,low,118.98,2025-02-24 18:48:00
476,Customer_476,Spain,low,119.93,2025-08-09 13:55:00
477,Customer_477,France,low,119.4,2025-04-07 20:47:00
478,Customer_478,United Kingdom,low,106.1,2025-10-21 14:10:00
479,Customer_479,United Kingdom,low,40.66,2025-04-26 08:36:00
480,Customer_480,Belgium,low,79.69,2025-03-11 19:18:00
481,Customer_481,Netherlands,low,115.24,2025-09-22 09:08:00
482,Customer_482,Austria,medium,298.35,2025-11-05 19:55:00
483,Customer_483,Germany,low,91.14,2025-04-25 18:25:00
484,Customer_484,Poland,low,83.24,2025-11-14 14:28:00
485,Customer_485,France,low,108.01,2025-02-13 16:47:00
486,Customer_486,Netherlands,low,107.73,2025-08-16 13:37:00
487,Customer_487,Italy,medium,266.38,2025-02-24 15:40:00
488,Customer_488,Belgium,medium,255.05,2025-07-07 14:52:00
489,Customer_489,Spain,low,52.29,2025-05-11 16:36:00
490,Customer_490,Germany,low,68.53,2025-06-22 20:03:00
491,Customer_491,Italy,low,98.39,2025-08-01 09:59:00
492,Customer_492,Germany,low,20.07,2025-07-07 19:58:00
493,Customer_493,Germany,medium,146.41,2025-05-03 18:23:00
494,Customer_494,Netherlands,low,86.45,2025-11-06 08:25:00
495,Customer_495,Netherlands,low,95.52,2025-07-21 09:45:00
496,Customer_496,France,low,67.68,2025-03-19 11:33:00
497,Customer_497,Poland,low,89.56,2025-02-28 14:44:00
498,Customer_498,Germany,low,42.89,2025-02-24 20:06:00
499,Customer_499,France,low,108.1,2025-03-13 20:52:00
500,Customer_500,Germany,low,87.71,2025-02-17 17:00:00
501,Customer_501,United Kingdom,low,64.01,2025-12-07 18:47:00
502,Customer_502,Germany,medium,215.54,2025-08-28 11:05:00
503,Customer_503,France,low,32.32,2025-12-13 13:27:00
504,Customer_504,Belgium,medium,134.51,2025-11-03 11:35:00
505,Customer_505,United Kingdom,low,80.76,2025-12-01 18:56:00
506,Customer_506,Netherlands,low,80.69,2025-04-24 14:18:00
507,Customer_507,Italy,medium,254.63,2025-04-16 14:07:00
508,Customer_508,Spain,low,79.39,2025-09-01 13:59:00
509,Customer_509,Belgium,low,106.08,2025-10-14 13:34:00
510,Customer_510,Germany,medium,289.98,2025-02-01 17:04:00
511,Customer_511,Italy,low,23.98,2025-01-26 14:32:00
512,Customer_512,Netherlands,low,70.1,2025-07-14 19:25:00
513,Customer_513,France,low,73.77,2025-03-09 09:19:00
514,Customer_514,France,low,40.32,2025-03-18 13:25:00
515,Customer_515,United Kingdom,low,103.45,2025-11-21 09:19:00
516,Customer_516,Austria,low,104.65,2025-01-08 09:59:00
517,Customer_517,Austria,low,81.23,2025-01-10 18:47:00
518,Customer_518,Germany,low,90.79,2025-12-01 10:31:00
519,Customer_519,Belgium,low,98.3,2025-12-09 10:23:00
520,Customer_520,Germany,low,107.35,2025-12-04 20:57:00
521,Customer_521,Italy,low,62.93,2025-09-03 12:45:00
522,Customer_522,United Kingdom,low,69.61,2025-09-12 08:31:00
523,Customer_523,United Kingdom,low,35.73,2025-02-19 18:46:00
524,Customer_524,France,low,70.88,2025-01-28 08:15:00
525,Customer_525,Italy,low,58.3,2025-03-06 08:35:00
526,Customer_526,Austria,low,44.83,2025-12-11 12:52:00
527,Customer_527,France,low,31.94,2025-11-02 10:14:00
528,Customer_528,Romania,high,772.45,2025-02-15 12:49:00
529,Customer_529,Netherlands,low,75.31,2025-01-12 11:18:00
530,Customer_530,United Kingdom,medium,242.71,2025-04-15 13:37:00
531,Customer_531,Poland,high,665.53,2025-12-18 20:50:00
532,Customer_532,Spain,low,113.24,2025-01-08 16:22:00
533,Customer_533,Italy,high,200.88,2025-11-13 19:46:00
534,Customer_534,Netherlands,low,72.98,2025-04-14 15:03:00
535,Customer_535,Germany,low,29.3,2025-04-28 16:26:00
536,Customer_536,Belgium,low,94.79,2025-10-04 16:08:00
537,Customer_537,Austria,low,76.78,2025-07-22 10:15:00
538,Customer_538,Netherlands,low,51.5,2025-07-23 19:20:00
539,Customer_539,Belgium,low,43.36,2025-04-05 20:49:00
540,Customer_540,United Kingdom,low,30.57,2025-08-15 13:26:00
541,Customer_541,France,low,116.46,2025-04-15 12:29:00
542,Customer_542,Netherlands,medium,99.89,2025-11-10 19:44:00
543,Customer_543,United Kingdom,low,103.59,2025-06-05 09:45:00
544,Customer_544,Spain,high,437.75,2025-01-22 12:16:00
545,Customer_545,Germany,low,60.44,2025-08-18 19:35:00
546,Customer_546,Spain,low,30.19,2025-03-04 08:03:00
547,Customer_547,Spain,low,102.37,2025-06-22 18:41:00
548,Customer_548,France,low,45.88,2025-02-01 09:12:00
549,Customer_549,Poland,medium,100.24,2025-06-04 08:29:00
550,Customer_550,Italy,low,77.39,2025-12-13 15:01:00
551,Customer_551,Austria,low,37.28,2025-04-06 12:17:00
552,Customer_552,Poland,medium,87.62,2025-10-20 11:41:00
553,Customer_553,Netherlands,low,108.28,2025-08-02 09:17:00
554,Customer_554,Austria,low,39.95,2025-09-08 18:51:00
555,Customer_555,Romania,medium,297.67,2025-12-12 15:34:00
556,Customer_556,Poland,low,76.57,2025-06-13 12:11:00
557,Customer_557,Italy,low,41.9,2025-05-02 20:30:00
558,Customer_558,Romania,low,78.4,2025-04-06 09:15:00
559,Customer_559,Spain,low,101.63,2025-12-02 20:14:00
560,Customer_560,United Kingdom,medium,255.43,2025-06-27 10:11:00
561,Customer_561,Spain,low,100.62,2025-12-12 17:01:00
562,Customer_562,Belgium,medium,203.99,2025-10-07 20:56:00
563,Customer_563,Poland,low,37.56,2025-01-03 08:14:00
564,Customer_564,United Kingdom,low,72.64,2025-01-11 17:12:00
565,Customer_565,Germany,low,37.75,2025-06-02 08:09:00
566,Customer_566,United Kingdom,low,34.17,2025-02-28 16:55:00
567,Customer_567,Belgium,high,424.15,2025-11-13 17:06:00
568,Customer_568,Belgium,low,33.65,2025-03-24 14:50:00
569,Customer_569,Poland,low,37.42,2025-09-23 17:50:00
570,Customer_570,Belgium,low,78.9,2025-03-13 12:46:00
571,Customer_571,Netherlands,low,92.88,2025-12-19 14:54:00
572,Customer_572,United Kingdom,low,80.24,2025-10-08 18:36:00
573,Customer_573,France,medium,110.94,2025-12-03 11:22:00
574,Customer_574,Belgium,low,108.53,2025-02-27 19:42:00
575,Customer_575,Belgium,low,46.52,2025-04-23 09:22:00
576,Customer_576,Netherlands,medium,238.49,2025-01-13 15:46:00
577,Customer_577,Austria,high,730.73,2025-08-13 13:34:00
578,Customer_578,Austria,low,67.95,2025-10-21 20:43:00
579,Customer_579,Spain,low,27.37,2025-01-10 08:20:00
580,Customer_580,Netherlands,high,244.52,2025-03-13 10:46:00
581,Customer_581,France,low,109.81,2025-02-11 17:39:00
582,Customer_582,Poland,low,63.13,2025-11-06 17:56:00
583,Customer_583,Austria,low,30.13,2025-04-07 14:44:00
584,Customer_584,Romania,low,93.0,2025-05-22 12:19:00
585,Customer_585,Spain,low,59.29,2025-09-27 15:09:00
586,Customer_586,Italy,low,62.76,2025-05-27 18:40:00
587,Customer_587,United Kingdom,low,29.7,2025-04-06 18:18:00
588,Customer_588,France,low,31.55,2025-07-16 15:57:00
589,Customer_589,Netherlands,low,74.41,2025-03-12 14:23:00
590,Customer_590,Germany,low,46.33,2025-08-09 11:53:00
591,Customer_591,Netherlands,low,35.11,2025-12-22 09:05:00
592,Customer_592,Belgium,medium,171.08,2025-10-08 16:03:00
593,Customer_593,Austria,medium,172.1,2025-09-22 15:36:00
594,Customer_594,Spain,low,27.9,2025-12-02 16:36:00
595,Customer_595,Romania,medium,229.06,2025-10-05 09:48:00
596,Customer_596,Poland,low,118.44,2025-04-26 11:08:00
597,Customer_597,Italy,low,118.83,2025-07-07 18:09:00
598,Customer_598,United Kingdom,low,111.08,2025-02-03 14:35:00
599,Customer_599,Austria,low,105.66,2025-09-15 08:50:00
600,Customer_600,United Kingdom,low,98.17,2025-02-14 10:09:00
601,Customer_601,United Kingdom,low,95.84,2025-02-04 17:49:00
602,Customer_602,France,medium,270.84,2025-06-14 12:24:00
603,Customer_603,Poland,low,67.3,2025-03-09 14:09:00
604,Customer_604,United Kingdom,low,89.37,2025-01-13 13:44:00
605,Customer_605,Spain,low,67.52,2025-05-12 08:21:00
606,Customer_606,Netherlands,low,104.28,2025-12-22 09:55:00
607,Customer_607,Spain,low,117.42,2025-08-25 13:17:00
608,Customer_608,Austria,low,28.93,2025-08-07 14:47:00
609,Customer_609,Poland,medium,270.78,2025-01-17 20:10:00
610,Customer_610,France,low,70.68,2025-03-25 16:56:00
611,Customer_611,United Kingdom,low,39.28,2025-04-27 08:15:00
612,Customer_612,Italy,low,111.8,2025-12-07 12:23:00
613,Customer_613,Poland,low,83.54,2025-02-22 08:15:00
614,Customer_614,Belgium,low,64.61,2025-08-19 16:22:00
615,Customer_615,Belgium,low,109.45,2025-12-27 19:05:00
616,Customer_616,Netherlands,low,24.97,2025-10-25 11:54:00
617,Customer_617,Spain,low,87.77,2025-05-21 14:32:00
618,Customer_618,Italy,medium,292.77,2025-11-01 15:58:00
619,Customer_619,Germany,low,80.11,2025-01-08 12:38:00
620,Customer_620,Netherlands,low,90.94,2025-05-14 14:54:00
621,Customer_621,Belgium,low,41.82,2025-05-22 16:52:00
622,Customer_622,United Kingdom,low,30.23,2025-09-22 13:35:00
623,Customer_623,United Kingdom,low,49.85,2025-02-16 09:21:00
624,Customer_624,Netherlands,low,106.15,2025-05-21 19:57:00
625,Customer_625,Netherlands,low,71.73,2025-04-02 20:54:00
626,Customer_626,United Kingdom,low,51.96,2025-03-24 08:41:00
627,Customer_627,Poland,high,355.66,2025-07-13 14:47:00
628,Customer_628,Italy,low,119.48,2025-04-11 19:45:00
629,Customer_629,Spain,low,83.83,2025-08-22 13:32:00
630,Customer_630,Netherlands,medium,264.94,2025-09-06 12:06:00
631,Customer_631,Poland,low,45.87,2025-09-25 10:43:00
632,Customer_632,Belgium,low,42.23,2025-04-24 12:26:00
633,Customer_633,Belgium,low,78.56,2025-08-28 09:30:00
634,Customer_634,Italy,medium,208.39,2025-10-03 15:56:00
635,Customer_635,Spain,low,106.75,2025-07-17 12:26:00
636,Customer_636,Italy,medium,113.17,2025-04-11 14:36:00
637,Customer_637,Poland,low,106.24,2025-03-25 09:31:00
638,Customer_638,Belgium,low,37.68,2025-11-02 08:28:00
639,Customer_639,Netherlands,low,97.35,2025-10-25 10:31:00
640,Customer_640,France,low,63.37,2025-07-13 14:30:00
641,Customer_641,Austria,low,73.38,2025-12-12 08:57:00
642,Customer_642,Belgium,medium,196.83,2025-01-22 08:40:00
643,Customer_643,Spain,low,107.7,2025-05-05 09:24:00
644,Customer_644,Romania,low,36.7,2025-01-10 12:29:00
645,Customer_645,Romania,low,53.78,2025-11-05 13:57:00
646,Customer_646,Poland,low,38.84,2025-07-01 11:14:00
647,Customer_647,Germany,low,22.19,2025-09-06 09:23:00
648,Customer_648,Italy,low,84.03,2025-09-20 08:38:00
649,Customer_649,Italy,low,85.36,2025-01-02 19:07:00
650,Customer_650,Austria,low,32.36,2025-05-16 19:09:00
651,Customer_651,Spain,low,83.03,2025-05-14 18:06:00
652,Customer_652,Romania,low,80.56,2025-03-14 09:32:00
653,Customer_653,United Kingdom,low,31.4,2025-02-16 11:38:00
654,Customer_654,Spain,medium,262.93,2025-04-12 19:26:00
655,Customer_655,Netherlands,low,74.81,2025-04-23 15:21:00
656,Customer_656,Spain,low,87.16,2025-02-27 17:42:00
657,Customer_657,Poland,low,29.01,2025-09-03 19:46:00
658,Customer_658,France,medium,221.75,2025-08-10 12:29:00
659,Customer_659,Italy,low,37.47,2025-01-28 12:23:00
660,Customer_660,Belgium,low,31.59,2025-01-01 10:42:00
661,Customer_661,Germany,low,109.45,2025-10-09 19:05:00
662,Customer_662,Belgium,medium,120.23,2025-07-13 15:17:00
663,Customer_663,Austria,low,67.82,2025-07-21 20:10:00
664,Customer_664,France,low,92.64,2025-03-04 14:58:00
665,Customer_665,United Kingdom,low,76.89,2025-08-06 17:24:00
666,Customer_666,Belgium,low,106.26,2025-12-05 15:58:00
667,Customer_667,Poland,low,61.13,2025-01-03 12:41:00
668,Customer_668,Belgium,low,106.83,2025-09-25 19:36:00
669,Customer_669,United Kingdom,low,115.58,2025-06-17 16:44:00
670,Customer_670,United Kingdom,low,86.17,2025-04-16 13:42:00
671,Customer_671,Austria,low,102.64,2025-10-02 08:41:00
672,Customer_672,Germany,low,66.93,2025-08-28 10:04:00
673,Customer_673,Poland,low,53.09,2025-05-02 16:14:00
674,Customer_674,Romania,low,60.33,2025-04-03 15:28:00
675,Customer_675,United Kingdom,low,105.66,2025-08-11 09:31:00
676,Customer_676,Italy,low,61.23,2025-09-18 08:52:00
677,Customer_677,France,medium,291.9,2025-11-10 16:35:00
678,Customer_678,Spain,low,65.62,2025-06-12 08:52:00
679,Customer_679,Spain,medium,153.03,2025-10-20 15:45:00
680,Customer_680,Belgium,low,31.4,2025-11-08 08:21:00
681,Customer_681,Belgium,medium,292.18,2025-05-18 16:23:00
682,Customer_682,France,low,36.42,2025-03-27 19:47:00
683,Customer_683,Austria,low,81.09,2025-04-04 14:13:00
684,Customer_684,Poland,medium,121.93,2025-06-04 20:26:00
685,Customer_685,Italy,medium,264.24,2025-10-04 20:57:00
686,Customer_686,Poland,low,78.93,2025-09-05 15:00:00
687,Customer_687,Romania,low,75.32,2025-07-27 17:30:00
688,Customer_688,Romania,medium,280.24,2025-12-19 10:46:00
689,Customer_689,Germany,low,85.75,2025-10-11 16:56:00
690,Customer_690,Austria,low,80.9,2025-12-25 11:17:00
691,Customer_691,Austria,high,782.29,2025-08-26 10:08:00
692,Customer_692,Austria,low,108.64,2025-09-10 19:35:00
693,Customer_693,Belgium,low,113.55,2025-11-07 11:13:00
694,Customer_694,United Kingdom,low,88.66,2025-11-05 19:41:00
695,Customer_695,Germany,low,89.43,2025-06-23 09:48:00
696,Customer_696,Belgium,low,78.28,2025-11-23 14:43:00
697,Customer_697,Romania,low,104.73,2025-01-17 09:01:00
698,Customer_698,Austria,low,87.03,2025-04-09 20:50:00
699,Customer_699,Germany,high,610.03,2025-03-27 08:44:00
700,Customer_700,Netherlands,low,74.12,2025-06-27 15:06:00
701,Customer_701,United Kingdom,medium,242.69,2025-04-24 18:35:00
702,Customer_702,Austria,low,98.43,2025-12-10 19:42:00
703,Customer_703,Italy,medium,165.26,2025-11-11 16:03:00
704,Customer_704,Italy,low,40.31,2025-08-27 11:58:00
705,Customer_705,Belgium,medium,200.26,2025-10-07 20:46:00
706,Customer_706,Spain,low,37.74,2025-11-03 10:11:00
707,Customer_707,Romania,low,24.06,2025-05-18 12:08:00
708,Customer_708,Germany,low,45.5,2025-06-15 19:59:00
709,Customer_709,Germany,low,112.86,2025-10-02 20:59:00
710,Customer_710,United Kingdom,medium,146.25,2025-10-18 13:04:00
711,Customer_711,Belgium,low,115.7,2025-09-03 20:32:00
712,Customer_712,Germany,low,73.7,2025-02-12 11:56:00
713,Customer_713,Spain,low,53.11,2025-05-07 20:39:00
714,Customer_714,Romania,low,76.13,2025-11-01 09:42:00
715,Customer_715,Belgium,low,110.45,2025-10-20 11:02:00
716,Customer_716,Belgium,low,99.62,2025-02-13 12:34:00
717,Customer_717,Netherlands,low,71.69,2025-06-17 20:32:00
718,Customer_718,Poland,low,49.64,2025-11-07 13:32:00
719,Customer_719,France,medium,116.83,2025-09-18 08:40:00
720,Customer_720,France,low,82.95,2025-04-28 18:27:00
721,Customer_721,France,low,102.87,2025-12-25 14:41:00
722,Customer_722,France,low,35.38,2025-08-23 13:02:00
723,Customer_723,France,low,37.8,2025-05-18 09:36:00
724,Customer_724,Spain,medium,169.68,2025-08-21 14:27:00
725,Customer_725,Belgium,low,87.33,2025-09-01 18:46:00
726,Customer_726,United Kingdom,low,94.6,2025-01-23 09:22:00
727,Customer_727,Romania,low,98.69,2025-05-20 09:18:00
728,Customer_728,Poland,low,102.21,2025-01-16 10:34:00
729,Customer_729,Spain,low,59.1,2025-09-10 18:09:00
730,Customer_730,Netherlands,low,111.42,2025-12-21 13:00:00
731,Customer_731,Romania,medium,111.1,2025-01-01 17:38:00
732,Customer_732,Austria,low,114.7,2025-05-07 19:47:00
733,Customer_733,Belgium,low,110.56,2025-09-05 10:11:00
734,Customer_734,Spain,low,45.27,2025-02-06 18:51:00
735,Customer_735,United Kingdom,medium,267.31,2025-09-15 18:35:00
736,Customer_736,France,low,26.74,2025-02-07 19:37:00
737,Customer_737,Poland,high,414.28,2025-11-21 11:06:00
738,Customer_738,Netherlands,low,110.01,2025-06-16 15:21:00
739,Customer_739,United Kingdom,low,89.35,2025-03-19 17:23:00
740,Customer_740,Belgium,high,301.18,2025-06-08 20:14:00
741,Customer_741,Austria,low,55.95,2025-11-24 13:56:00
742,Customer_742,Poland,low,55.87,2025-05-16 16:06:00
743,Customer_743,Germany,low,28.2,2025-05-28 10:57:00
744,Customer_744,Romania,low,93.35,2025-11-03 19:04:00
745,Customer_745,Italy,medium,218.96,2025-10-19 14:49:00
746,Customer_746,United Kingdom,low,23.67,2025-05-18 16:30:00
747,Customer_747,Germany,low,42.33,2025-10-24 12:08:00
748,Customer_748,Poland,low,29.06,2025-06-17 08:42:00
749,Customer_749,Spain,medium,257.44,2025-10-22 10:48:00
750,Customer_750,Romania,low,35.92,2025-10-19 18:55:00
751,Customer_751,Germany,low,68.35,2025-06-02 11:48:00
752,Customer_752,Poland,low,46.44,2025-04-02 18:13:00
753,Customer_753,Romania,medium,159.48,2025-08-15 08:02:00
754,Customer_754,Belgium,low,116.84,2025-11-27 12:53:00
755,Customer_755,Netherlands,low,77.02,2025-07-21 14:23:00
756,Customer_756,United Kingdom,low,103.55,2025-09-09 14:58:00
757,Customer_757,Spain,low,55.29,2025-06-16 20:30:00
758,Customer_758,United Kingdom,low,108.2,2025-08-06 11:04:00
759,Customer_759,Romania,low,41.15,2025-03-06 13:38:00
760,Customer_760,France,low,61.46,2025-06-24 09:30:00
761,Customer_761,Poland,low,79.08,2025-11-27 14:01:00
762,Customer_762,Spain,low,77.35,2025-03-05 18:32:00
763,Customer_763,Italy,medium,112.31,2025-03-09 10:33:00
764,Customer_764,Austria,low,76.36,2025-01-24 19:42:00
765,Customer_765,Netherlands,medium,127.65,2025-10-16 15:10:00
766,Customer_766,Spain,medium,212.18,2025-10-27 20:11:00
767,Customer_767,United Kingdom,low,46.45,2025-12-22 13:59:00
768,Customer_768,Poland,low,26.88,2025-07-13 10:06:00
769,Customer_769,Italy,low,105.96,2025-09-22 14:52:00
770,Customer_770,Germany,low,37.74,2025-10-20 08:56:00
771,Customer_771,Romania,low,31.75,2025-08-22 10:57:00
772,Customer_772,United Kingdom,low,20.12,2025-11-21 14:33:00
773,Customer_773,Austria,low,24.34,2025-09-14 11:51:00
774,Customer_774,Poland,medium,163.87,2025-10-26 19:58:00
775,Customer_775,United Kingdom,low,33.39,2025-08-25 11:58:00
776,Customer_776,France,low,107.68,2025-07-09 11:00:00
777,Customer_777,Italy,low,31.78,2025-01-13 18:13:00
778,Customer_778,Belgium,low,30.66,2025-07-21 17:16:00
779,Customer_779,Netherlands,medium,173.18,2025-06-20 12:43:00
780,Customer_780,Austria,medium,170.91,2025-09-16 10:23:00
781,Customer_781,Romania,low,45.38,2025-05-19 13:49:00
782,Customer_782,Austria,low,105.5,2025-11-04 19:14:00
783,Customer_783,Poland,medium,288.83,2025-02-07 16:25:00
784,Customer_784,Belgium,medium,215.09,2025-11-23 08:10:00
785,Customer_785,Austria,high,203.17,2025-02-27 10:30:00
786,Customer_786,United Kingdom,low,26.41,2025-04-12 09:38:00
787,Customer_787,Italy,low,113.07,2025-07-20 18:33:00
788,Customer_788,Netherlands,low,79.75,2025-03-21 15:28:00
789,Customer_789,Italy,low,85.69,2025-09-10 11:02:00
790,Customer_790,United Kingdom,low,89.84,2025-10-06 18:02:00
791,Customer_791,Belgium,low,20.03,2025-03-03 12:49:00
792,Customer_792,Austria,low,59.51,2025-10-07 16:00:00
793,Customer_793,France,medium,200.91,2025-12-27 16:58:00
794,Customer_794,United Kingdom,low,116.33,2025-05-08 17:12:00
795,Customer_795,Poland,medium,206.48,2025-05-06 14:32:00
796,Customer_796,France,low,70.32,2025-06-04 20:32:00
797,Customer_797,Netherlands,medium,258.89,2025-10-09 19:28:00
798,Customer_798,Austria,low,97.0,2025-06-25 15:43:00
799,Customer_799,Poland,medium,269.65,2025-08-04 12:04:00
800,Customer_800,Austria,low,119.42,2025-11-23 11:51:00
801,Customer_801,Belgium,low,55.31,2025-09-01 19:53:00
802,Customer_802,Netherlands,low,29.3,2025-11-24 13:04:00
803,Customer_803,Romania,medium,184.84,2025-06-07 17:17:00
804,Customer_804,Germany,medium,230.28,2025-04-16 19:12:00
805,Customer_805,Spain,low,107.27,2025-04-08 11:53:00
806,Customer_806,Spain,medium,158.33,2025-02-04 09:43:00
807,Customer_807,Poland,low,96.42,2025-09-02 15:23:00
808,Customer_808,United Kingdom,low,109.81,2025-10-28 12:31:00
809,Customer_809,Germany,high,749.6,2025-05-13 11:48:00
810,Customer_810,United Kingdom,low,72.57,2025-07-16 16:02:00
811,Customer_811,Romania,low,106.04,2025-03-15 09:44:00
812,Customer_812,Romania,low,88.92,2025-01-22 11:24:00
813,Customer_813,United Kingdom,low,56.16,2025-05-06 16:16:00
814,Customer_814,Spain,low,115.85,2025-06-12 10:31:00
815,Customer_815,Austria,low,90.07,2025-06-12 14:17:00
816,Customer_816,Poland,low,33.11,2025-10-22 11:52:00
817,Customer_817,France,low,100.41,2025-09-14 14:12:00
818,Customer_818,Germany,medium,242.48,2025-08-26 08:11:00
819,Customer_819,Austria,low,119.56,2025-11-17 16:46:00
820,Customer_820,Belgium,medium,146.01,2025-09-28 17:03:00
821,Customer_821,Austria,low,36.33,2025-04-27 12:30:00
822,Customer_822,France,low,53.47,2025-06-12 16:35:00
823,Customer_823,Netherlands,low,61.18,2025-06-28 18:38:00
824,Customer_824,Spain,low,84.99,2025-09-06 20:18:00
825,Customer_825,Belgium,low,71.04,2025-12-15 09:24:00
826,Customer_826,United Kingdom,low,83.17,2025-03-28 10:40:00
827,Customer_827,Belgium,low,81.23,2025-07-28 09:05:00
828,Customer_828,Germany,low,51.35,2025-11-10 19:17:00
829,Customer_829,United Kingdom,low,47.12,2025-08-25 13:47:00
830,Customer_830,United Kingdom,low,65.03,2025-03-06 08:08:00
831,Customer_831,Spain,low,114.04,2025-12-24 09:13:00
832,Customer_832,Germany,low,29.56,2025-08-18 08:01:00
833,Customer_833,Austria,low,119.6,2025-02-09 17:09:00
834,Customer_834,France,low,108.55,2025-05-08 11:47:00
835,Customer_835,Netherlands,low,32.64,2025-09-27 10:01:00
836,Customer_836,Italy,low,106.04,2025-06-28 15:29:00
837,Customer_837,Romania,medium,200.68,2025-03-23 16:11:00
838,Customer_838,United Kingdom,low,83.1,2025-11-19 14:33:00
839,Customer_839,Romania,low,54.72,2025-09-08 20:05:00
840,Customer_840,Poland,low,61.22,2025-03-10 08:00:00
841,Customer_841,Romania,medium,266.55,2025-06-10 15:34:00
842,Customer_842,Italy,low,69.19,2025-08-10 08:49:00
843,Customer_843,Austria,medium,211.34,2025-01-18 13:12:00
844,Customer_844,Austria,medium,176.16,2025-04-06 19:47:00
845,Customer_845,Austria,medium,128.53,2025-02-14 18:15:00
846,Customer_846,Romania,medium,280.19,2025-12-22 12:18:00
847,Customer_847,Romania,medium,170.84,2025-02-06 10:18:00
848,Customer_848,France,low,81.77,2025-05-23 17:31:00
849,Customer_849,Spain,low,35.21,2025-09-01 10:06:00
850,Customer_850,Netherlands,low,91.52,2025-12-01 11:05:00
851,Customer_851,Germany,low,41.72,2025-07-10 20:51:00
852,Customer_852,Poland,high,478.21,2025-01-11 09:53:00
853,Customer_853,Germany,low,97.57,2025-02-18 15:11:00
854,Customer_854,Spain,medium,135.02,2025-07-27 08:07:00
855,Customer_855,Spain,low,117.5,2025-04-24 08:12:00
856,Customer_856,Poland,low,29.4,2025-11-07 15:24:00
857,Customer_857,Netherlands,medium,114.89,2025-12-02 19:59:00
858,Customer_858,Romania,low,45.33,2025-11-10 11:23:00
859,Customer_859,Italy,medium,127.91,2025-02-08 18:27:00
860,Customer_860,Belgium,low,99.44,2025-10-04 14:50:00
861,Customer_861,Spain,low,24.2,2025-12-16 19:38:00
862,Customer_862,Germany,low,28.95,2025-03-16 09:43:00
863,Customer_863,United Kingdom,low,116.97,2025-11-02 08:22:00
864,Customer_864,Germany,low,99.15,2025-03-16 11:20:00
865,Customer_865,Romania,medium,246.47,2025-08-24 11:01:00
866,Customer_866,Austria,low,33.47,2025-01-16 19:28:00
867,Customer_867,Romania,low,89.7,2025-04-19 10:34:00
868,Customer_868,Belgium,low,66.84,2025-10-28 16:10:00
869,Customer_869,France,low,64.94,2025-05-18 13:29:00
870,Customer_870,Italy,medium,191.31,2025-12-06 08:39:00
871,Customer_871,Belgium,medium,132.53,2025-12-03 18:34:00
872,Customer_872,Austria,low,88.32,2025-09-05 17:18:00
873,Customer_873,Belgium,low,52.2,2025-02-17 18:04:00
874,Customer_874,Italy,medium,108.55,2025-01-07 09:31:00
875,Customer_875,Spain,low,77.1,2025-07-22 15:33:00
876,Customer_876,United Kingdom,low,45.59,2025-06-08 17:45:00
877,Customer_877,France,low,112.1,2025-11-16 09:29:00
878,Customer_878,Italy,low,94.35,2025-07-27 13:50:00
879,Customer_879,Italy,medium,138.48,2025-01-24 09:53:00
880,Customer_880,Netherlands,low,41.59,2025-09-04 09:46:00
881,Customer_881,Spain,low,38.95,2025-09-22 11:36:00
882,Customer_882,Germany,low,75.81,2025-12-04 20:40:00
883,Customer_883,United Kingdom,low,65.87,2025-11-14 09:10:00
884,Customer_884,Germany,low,70.47,2025-11-06 16:38:00
885,Customer_885,Poland,medium,278.55,2025-09-11 13:26:00
886,Customer_886,Austria,medium,151.16,2025-04-19 16:13:00
887,Customer_887,Austria,medium,283.75,2025-05-12 15:28:00
888,Customer_888,Austria,low,23.47,2025-05-20 08:33:00
889,Customer_889,Germany,high,381.1,2025-05-08 11:54:00
890,Customer_890,Belgium,low,102.19,2025-12-27 12:58:00
891,Customer_891,Romania,low,77.07,2025-10-05 09:02:00
892,Customer_892,Poland,low,33.84,2025-06-19 11:14:00
893,Customer_893,Netherlands,medium,100.22,2025-07-19 11:46:00
894,Customer_894,France,low,99.29,2025-03-16 19:44:00
895,Customer_895,United Kingdom,medium,100.98,2025-11-10 08:46:00
896,Customer_896,United Kingdom,low,98.01,2025-06-12 14:26:00
897,Customer_897,France,medium,129.88,2025-11-28 17:59:00
898,Customer_898,Italy,low,83.22,2025-01-10 16:02:00
899,Customer_899,Belgium,low,34.96,2025-09-23 11:09:00
900,Customer_900,Italy,low,119.74,2025-08-25 17:36:00
901,Customer_901,Romania,low,63.19,2025-07-05 10:21:00
902,Customer_902,France,low,94.53,2025-09-13 12:05:00
903,Customer_903,Austria,low,97.38,2025-03-25 10:30:00
904,Customer_904,Romania,low,59.53,2025-10-07 16:39:00
905,Customer_905,Romania,low,27.16,2025-07-11 18:59:00
906,Customer_906,United Kingdom,low,87.17,2025-07-12 13:12:00
907,Customer_907,Belgium,low,85.54,2025-05-06 13:39:00
908,Customer_908,Poland,low,64.05,2025-04-07 18:23:00
909,Customer_909,Germany,medium,267.61,2025-02-24 08:15:00
910,Customer_910,United Kingdom,medium,271.13,2025-05-01 13:44:00
911,Customer_911,France,low,67.12,2025-06-07 19:34:00
912,Customer_912,Spain,low,72.33,2025-05-18 15:39:00
913,Customer_913,Germany,low,86.83,2025-07-19 18:33:00
914,Customer_914,Italy,low,26.01,2025-04-26 19:39:00
915,Customer_915,Netherlands,low,85.48,2025-01-03 14:42:00
916,Customer_916,Netherlands,low,111.29,2025-06-28 09:01:00
917,Customer_917,Netherlands,medium,222.87,2025-04-13 16:45:00
918,Customer_918,France,medium,186.63,2025-10-18 09:11:00
919,Customer_919,Spain,low,65.8,2025-12-01 08:15:00
920,Customer_920,Romania,low,68.99,2025-12-06 08:22:00
921,Customer_921,Belgium,low,50.23,2025-09-09 20:03:00
922,Customer_922,Netherlands,medium,275.89,2025-01-18 12:14:00
923,Customer_923,Germany,low,59.28,2025-03-03 19:24:00
924,Customer_924,Romania,high,567.47,2025-11-22 11:26:00
925,Customer_925,Spain,low,62.65,2025-05-20 13:28:00
926,Customer_926,Romania,low,85.25,2025-10-18 18:51:00
927,Customer_927,Spain,medium,147.98,2025-12-17 10:27:00
928,Customer_928,Germany,low,76.48,2025-03-11 09:35:00
929,Customer_929,Romania,medium,106.05,2025-06-27 10:46:00
930,Customer_930,Italy,medium,273.63,2025-07-14 12:28:00
931,Customer_931,Netherlands,low,38.79,2025-03-06 08:48:00
932,Customer_932,United Kingdom,low,80.56,2025-10-08 17:14:00
933,Customer_933,Spain,low,55.93,2025-12-25 15:08:00
934,Customer_934,Romania,medium,183.13,2025-11-12 10:54:00
935,Customer_935,Austria,low,33.75,2025-04-08 08:26:00
936,Customer_936,Italy,medium,289.04,2025-04-24 18:12:00
937,Customer_937,Spain,low,112.71,2025-08-28 17:31:00
938,Customer_938,Belgium,medium,275.27,2025-07-13 20:02:00
939,Customer_939,United Kingdom,low,58.04,2025-06-13 17:47:00
940,Customer_940,United Kingdom,low,72.52,2025-12-26 08:33:00
941,Customer_941,France,low,102.7,2025-01-08 16:34:00
942,Customer_942,Austria,high,223.55,2025-07-17 20:40:00
943,Customer_943,Italy,low,63.96,2025-05-25 12:29:00
944,Customer_944,Germany,low,81.31,2025-01-23 16:57:00
945,Customer_945,Germany,low,84.61,2025-02-24 16:07:00
946,Customer_946,Germany,medium,286.33,2025-12-18 10:25:00
947,Customer_947,Austria,low,22.49,2025-08-19 19:57:00
948,Customer_948,Spain,medium,99.84,2025-06-23 18:58:00
949,Customer_949,Germany,low,32.35,2025-02-23 15:40:00
950,Customer_950,Belgium,low,90.73,2025-12-26 16:39:00
951,Customer_951,Germany,low,58.06,2025-03-11 17:55:00
952,Customer_952,Germany,low,34.46,2025-12-02 14:19:00
953,Customer_953,Netherlands,low,116.1,2025-05-21 10:07:00
954,Customer_954,Germany,high,202.12,2025-05-01 15:31:00
955,Customer_955,Poland,low,20.58,2025-08-08 11:37:00
956,Customer_956,Poland,low,64.19,2025-10-20 08:15:00
957,Customer_957,Romania,low,82.86,2025-04-02 10:09:00
958,Customer_958,Italy,low,23.67,2025-01-22 17:53:00
959,Customer_959,United Kingdom,low,112.04,2025-01-04 14:11:00
960,Customer_960,Germany,low,81.11,2025-12-23 17:36:00
961,Customer_961,Romania,low,65.53,2025-10-12 08:05:00
962,Customer_962,Netherlands,low,109.75,2025-02-25 14:53:00
963,Customer_963,Romania,low,67.08,2025-02-23 12:21:00
964,Customer_964,Romania,low,40.98,2025-04-20 08:06:00
965,Customer_965,United Kingdom,low,82.9,2025-02-16 19:44:00
966,Customer_966,United Kingdom,medium,296.98,2025-05-14 17:54:00
967,Customer_967,Belgium,low,77.51,2025-10-12 10:39:00
968,Customer_968,United Kingdom,low,92.92,2025-08-16 20:11:00
969,Customer_969,United Kingdom,low,49.05,2025-04-01 09:01:00
970,Customer_970,Poland,low,31.79,2025-04-26 17:26:00
971,Customer_971,Austria,low,54.97,2025-11-07 08:40:00
972,Customer_972,Spain,low,45.44,2025-02-10 12:32:00
973,Customer_973,Romania,low,20.61,2025-11-11 13:25:00
974,Customer_974,United Kingdom,low,22.91,2025-03-07 13:53:00
975,Customer_975,Belgium,medium,185.4,2025-08-26 08:41:00
976,Customer_976,Germany,low,82.72,2025-09-11 15:50:00
977,Customer_977,Austria,medium,92.32,2025-09-10 17:46:00
978,Customer_978,Belgium,low,21.87,2025-10-22 13:51:00
979,Customer_979,Belgium,low,34.93,2025-01-11 14:40:00
980,Customer_980,Romania,medium,205.62,2025-07-06 17:07:00
981,Customer_981,Netherlands,low,51.45,2025-01-09 14:05:00
982,Customer_982,Poland,medium,161.75,2025-05-07 16:19:00
983,Customer_983,Germany,low,98.49,2025-04-03 15:32:00
984,Customer_984,Italy,medium,279.09,2025-03-07 13:59:00
985,Customer_985,Poland,low,72.36,2025-06-05 20:55:00
986,Customer_986,France,medium,286.37,2025-11-05 11:46:00
987,Customer_987,Italy,low,91.37,2025-09-04 08:19:00
988,Customer_988,Italy,low,79.43,2025-02-11 15:56:00
989,Customer_989,Italy,low,96.62,2025-12-10 08:36:00
990,Customer_990,Netherlands,low,40.98,2025-04-07 12:17:00
991,Customer_991,Romania,low,64.11,2025-02-09 10:10:00
992,Customer_992,Netherlands,low,115.83,2025-09-17 09:13:00
993,Customer_993,Romania,low,51.85,2025-03-23 20:18:00
994,Customer_994,United Kingdom,low,27.12,2025-10-11 16:28:00
995,Customer_995,Italy,low,67.07,2025-11-02 09:24:00
996,Customer_996,Italy,low,59.19,2025-12-20 17:40:00
997,Customer_997,Poland,low,51.24,2025-04-23 20:42:00
998,Customer_998,Romania,low,112.28,2025-08-19 10:05:00
999,Customer_999,Poland,low,51.04,2025-11-23 20:29:00
1000,Customer_1000,Poland,low,42.38,2025-10-09 13:25:00
1001,Customer_1001,Germany,low,86.52,2025-06-15 15:01:00
1002,Customer_1002,France,low,55.14,2025-08-28 10:18:00
1003,Customer_1003,Belgium,low,32.74,2025-02-13 19:50:00
1004,Customer_1004,France,low,84.95,2025-05-18 15:25:00
1005,Customer_1005,United Kingdom,low,82.09,2025-09-06 15:24:00
1006,Customer_1006,France,low,101.39,2025-10-14 20:27:00
1007,Customer_1007,United Kingdom,medium,199.8,2025-04-06 18:42:00
1008,Customer_1008,France,low,91.19,2025-08-04 17:38:00
1009,Customer_1009,Poland,low,29.77,2025-08-06 12:25:00
1010,Customer_1010,France,low,88.55,2025-10-25 14:20:00
1011,Customer_1011,Poland,low,26.15,2025-04-27 10:56:00
1012,Customer_1012,United Kingdom,medium,219.95,2025-01-25 10:42:00
1013,Customer_1013,Germany,low,49.15,2025-10-19 15:12:00
1014,Customer_1014,Spain,low,51.66,2025-10-26 18:19:00
1015,Customer_1015,Austria,low,111.51,2025-02-19 08:39:00
1016,Customer_1016,Romania,low,32.76,2025-05-02 13:57:00
1017,Customer_1017,Romania,high,200.51,2025-09-27 13:07:00
1018,Customer_1018,Netherlands,medium,131.75,2025-12-19 14:40:00
1019,Customer_1019,Belgium,low,60.6,2025-07-18 11:42:00
1020,Customer_1020,Germany,low,38.82,2025-07-27 13:53:00
1021,Customer_1021,Austria,low,119.75,2025-11-05 10:00:00
1022,Customer_1022,France,low,34.4,2025-08-22 14:08:00
1023,Customer_1023,France,low,100.59,2025-08-26 19:38:00
1024,Customer_1024,Austria,low,65.44,2025-07-18 15:24:00
1025,Customer_1025,Belgium,low,62.48,2025-01-19 15:54:00
1026,Customer_1026,Spain,low,46.93,2025-09-19 13:02:00
1027,Customer_1027,Italy,low,90.49,2025-02-19 15:44:00
1028,Customer_1028,France,low,93.13,2025-05-15 16:05:00
1029,Customer_1029,Romania,medium,99.46,2025-08-21 19:42:00
1030,Customer_1030,France,low,73.92,2025-10-10 17:03:00
1031,Customer_1031,Belgium,low,21.08,2025-08-17 15:36:00
1032,Customer_1032,Belgium,low,116.06,2025-05-10 10:02:00
1033,Customer_1033,United Kingdom,low,92.7,2025-10-09 08:40:00
1034,Customer_1034,Poland,low,77.29,2025-11-10 20:47:00
1035,Customer_1035,United Kingdom,low,68.48,2025-03-17 09:54:00
1036,Customer_1036,Netherlands,low,81.58,2025-05-28 12:00:00
1037,Customer_1037,France,low,111.01,2025-12-05 18:28:00
1038,Customer_1038,Belgium,medium,137.48,2025-12-08 15:11:00
1039,Customer_1039,Romania,medium,155.43,2025-02-05 17:59:00
1040,Customer_1040,Germany,medium,245.61,2025-07-25 14:15:00
1041,Customer_1041,Poland,low,36.73,2025-10-24 13:03:00
1042,Customer_1042,Netherlands,medium,105.52,2025-03-15 14:30:00
1043,Customer_1043,Netherlands,low,114.83,2025-09-08 14:43:00
1044,Customer_1044,Austria,low,34.51,2025-07-01 12:59:00
1045,Customer_1045,Poland,low,51.57,2025-09-22 08:06:00
1046,Customer_1046,Romania,low,115.62,2025-07-20 18:54:00
1047,Customer_1047,Netherlands,low,46.71,2025-02-09 18:37:00
1048,Customer_1048,Austria,low,87.53,2025-04-24 18:37:00
1049,Customer_1049,Spain,low,87.77,2025-03-11 16:00:00
1050,Customer_1050,Italy,medium,82.63,2025-02-17 09:43:00
1051,Customer_1051,Poland,low,92.53,2025-05-07 08:01:00
1052,Customer_1052,United Kingdom,low,113.85,2025-11-27 11:38:00
1053,Customer_1053,France,low,32.0,2025-10-05 14:42:00
1054,Customer_1054,United Kingdom,medium,120.65,2025-02-23 10:16:00
1055,Customer_1055,Netherlands,low,113.62,2025-11-15 12:49:00
1056,Customer_1056,Austria,low,86.76,2025-06-09 10:49:00
1057,Customer_1057,France,low,26.24,2025-07-11 08:16:00
1058,Customer_1058,Netherlands,low,26.94,2025-04-20 14:11:00
1059,Customer_1059,Poland,low,74.06,2025-07-07 17:41:00
1060,Customer_1060,France,medium,237.39,2025-02-02 09:04:00
1061,Customer_1061,United Kingdom,low,97.72,2025-01-16 10:41:00
1062,Customer_1062,Italy,medium,226.21,2025-05-05 19:21:00
1063,Customer_1063,Austria,low,71.54,2025-08-16 14:25:00
1064,Customer_1064,France,low,20.33,2025-12-27 20:30:00
1065,Customer_1065,France,low,113.5,2025-06-11 18:19:00
1066,Customer_1066,Austria,low,119.7,2025-11-03 13:34:00
1067,Customer_1067,Belgium,low,65.96,2025-05-21 11:11:00
1068,Customer_1068,Romania,low,58.42,2025-04-10 19:24:00
1069,Customer_1069,France,low,55.93,2025-02-21 15:47:00
1070,Customer_1070,Spain,low,39.31,2025-12-19 11:31:00
1071,Customer_1071,Austria,low,74.06,2025-05-16 16:53:00
1072,Customer_1072,Poland,high,209.85,2025-06-02 13:50:00
1073,Customer_1073,Italy,low,41.17,2025-11-22 16:29:00
1074,Customer_1074,Romania,low,77.93,2025-02-02 19:09:00
1075,Customer_1075,Poland,low,67.12,2025-10-02 11:44:00
1076,Customer_1076,Germany,low,83.27,2025-05-27 20:06:00
1077,Customer_1077,Poland,low,103.54,2025-02-27 09:07:00
1078,Customer_1078,Poland,low,81.56,2025-02-26 11:27:00
1079,Customer_1079,Belgium,medium,296.08,2025-11-13 13:07:00
1080,Customer_1080,United Kingdom,low,52.16,2025-04-25 08:37:00
1081,Customer_1081,Germany,low,32.07,2025-03-25 14:10:00
1082,Customer_1082,Belgium,low,63.87,2025-10-02 10:06:00
1083,Customer_1083,United Kingdom,low,35.78,2025-08-03 08:00:00
1084,Customer_1084,Germany,medium,235.48,2025-10-10 14:44:00
1085,Customer_1085,Poland,low,40.62,2025-11-09 16:28:00
1086,Customer_1086,Austria,low,37.45,2025-12-02 17:11:00
1087,Customer_1087,Poland,low,28.8,2025-05-12 14:00:00
1088,Customer_1088,Romania,low,31.75,2025-09-04 17:23:00
1089,Customer_1089,Romania,low,66.42,2025-11-22 11:17:00
1090,Customer_1090,Italy,low,99.66,2025-11-28 15:31:00
1091,Customer_1091,Germany,low,112.27,2025-01-21 13:18:00
1092,Customer_1092,Spain,low,53.43,2025-08-02 09:47:00
1093,Customer_1093,Italy,medium,118.7,2025-01-16 16:07:00
1094,Customer_1094,France,medium,238.71,2025-10-19 13:26:00
1095,Customer_1095,Spain,low,109.84,2025-04-25 09:20:00
1096,Customer_1096,Spain,low,93.77,2025-04-13 11:04:00
1097,Customer_1097,Poland,low,25.43,2025-07-05 11:59:00
1098,Customer_1098,United Kingdom,low,58.73,2025-03-15 19:12:00
1099,Customer_1099,Belgium,high,321.33,2025-03-02 19:36:00
1100,Customer_1100,Italy,low,31.11,2025-08-15 14:10:00
1101,Customer_1101,Belgium,low,49.52,2025-03-26 20:40:00
1102,Customer_1102,United Kingdom,medium,207.19,2025-09-28 11:05:00
1103,Customer_1103,Austria,medium,187.63,2025-04-19 15:53:00
1104,Customer_1104,Poland,low,93.0,2025-12-28 11:15:00
1105,Customer_1105,Belgium,low,42.24,2025-10-05 17:57:00
1106,Customer_1106,Italy,low,24.42,2025-08-24 20:32:00
1107,Customer_1107,Italy,low,59.43,2025-12-27 09:28:00
1108,Customer_1108,Poland,low,75.85,2025-01-23 19:26:00
1109,Customer_1109,Spain,low,49.58,2025-11-03 08:30:00
1110,Customer_1110,Netherlands,low,65.93,2025-10-24 17:01:00
1111,Customer_1111,Poland,low,33.86,2025-12-13 10:50:00
1112,Customer_1112,Belgium,low,90.39,2025-01-28 18:04:00
1113,Customer_1113,Austria,medium,153.24,2025-01-10 14:48:00
1114,Customer_1114,Netherlands,low,81.25,2025-10-26 11:50:00
1115,Customer_1115,France,low,53.57,2025-01-17 18:23:00
1116,Customer_1116,Italy,low,56.56,2025-10-02 13:23:00
1117,Customer_1117,Germany,low,90.49,2025-09-23 20:13:00
1118,Customer_1118,Germany,high,343.18,2025-02-21 15:47:00
1119,Customer_1119,United Kingdom,medium,234.63,2025-12-25 11:20:00
1120,Customer_1120,Belgium,medium,190.78,2025-07-09 08:04:00
1121,Customer_1121,Belgium,low,68.62,2025-09-27 09:30:00
1122,Customer_1122,Romania,low,73.29,2025-05-15 17:23:00
1123,Customer_1123,France,low,108.4,2025-02-03 14:57:00
1124,Customer_1124,Germany,low,115.66,2025-02-06 12:07:00
1125,Customer_1125,Germany,low,107.5,2025-09-21 08:18:00
1126,Customer_1126,Austria,high,524.86,2025-03-16 13:26:00
1127,Customer_1127,Poland,low,22.15,2025-04-03 08:55:00
1128,Customer_1128,Spain,medium,194.32,2025-06-14 17:21:00
1129,Customer_1129,Belgium,low,86.59,2025-09-27 16:28:00
1130,Customer_1130,Poland,low,33.2,2025-05-06 20:16:00
1131,Customer_1131,Spain,low,117.07,2025-01-05 13:18:00
1132,Customer_1132,Poland,high,571.18,2025-03-23 16:18:00
1133,Customer_1133,Germany,high,703.6,2025-12-22 20:09:00
1134,Customer_1134,Germany,low,24.12,2025-06-19 10:28:00
1135,Customer_1135,Netherlands,low,40.52,2025-12-02 18:20:00
1136,Customer_1136,Belgium,low,64.84,2025-03-18 12:07:00
1137,Customer_1137,Italy,low,69.94,2025-03-15 13:09:00
1138,Customer_1138,Italy,high,527.69,2025-09-11 18:45:00
1139,Customer_1139,Netherlands,low,48.98,2025-10-22 10:51:00
1140,Customer_1140,United Kingdom,low,112.23,2025-06-23 09:46:00
1141,Customer_1141,Poland,medium,110.67,2025-09-04 12:01:00
1142,Customer_1142,Austria,low,42.04,2025-06-03 13:03:00
1143,Customer_1143,United Kingdom,low,78.34,2025-04-26 20:17:00
1144,Customer_1144,Spain,low,73.84,2025-08-22 18:05:00
1145,Customer_1145,Romania,low,69.05,2025-10-20 16:03:00
1146,Customer_1146,Belgium,low,91.6,2025-07-12 14:23:00
1147,Customer_1147,Italy,low,55.14,2025-08-28 16:05:00
1148,Customer_1148,Spain,low,64.42,2025-07-26 15:18:00
1149,Customer_1149,Germany,medium,293.48,2025-07-24 14:08:00
1150,Customer_1150,United Kingdom,low,34.36,2025-05-16 16:21:00
1151,Customer_1151,France,medium,209.95,2025-07-03 08:26:00
1152,Customer_1152,Netherlands,low,75.58,2025-12-19 20:58:00
1153,Customer_1153,Germany,low,103.23,2025-05-18 15:02:00
1154,Customer_1154,Netherlands,medium,146.86,2025-09-24 15:14:00
1155,Customer_1155,Italy,medium,113.89,2025-05-21 18:30:00
1156,Customer_1156,France,low,109.27,2025-07-06 15:58:00
1157,Customer_1157,Spain,low,96.47,2025-08-03 17:47:00
1158,Customer_1158,Belgium,low,76.56,2025-05-21 18:30:00
1159,Customer_1159,France,low,93.3,2025-01-28 12:10:00
1160,Customer_1160,United Kingdom,low,51.97,2025-12-05 13:10:00
1161,Customer_1161,Italy,low,61.95,2025-06-02 12:18:00
1162,Customer_1162,Romania,low,27.68,2025-04-25 18:11:00
1163,Customer_1163,France,low,36.71,2025-06-28 13:52:00
1164,Customer_1164,Netherlands,low,89.8,2025-06-04 16:37:00
1165,Customer_1165,Belgium,medium,82.84,2025-09-10 13:49:00
1166,Customer_1166,Poland,low,112.09,2025-03-04 11:09:00
1167,Customer_1167,Romania,low,38.84,2025-09-20 19:53:00
1168,Customer_1168,Romania,medium,236.76,2025-12-25 20:07:00
1169,Customer_1169,Austria,low,27.64,2025-03-01 15:22:00
1170,Customer_1170,Netherlands,low,33.9,2025-08-20 16:48:00
1171,Customer_1171,Belgium,low,50.47,2025-12-27 09:14:00
1172,Customer_1172,Germany,medium,111.32,2025-04-10 10:13:00
1173,Customer_1173,Germany,high,454.88,2025-02-03 08:49:00
1174,Customer_1174,Poland,medium,89.35,2025-02-02 20:42:00
1175,Customer_1175,Romania,low,66.91,2025-05-02 09:19:00
1176,Customer_1176,Italy,medium,252.12,2025-10-07 17:57:00
1177,Customer_1177,Spain,low,55.15,2025-02-05 19:17:00
1178,Customer_1178,United Kingdom,low,36.06,2025-09-25 19:39:00
1179,Customer_1179,Spain,low,26.83,2025-10-25 08:33:00
1180,Customer_1180,Spain,low,116.43,2025-03-25 16:00:00
1181,Customer_1181,France,medium,282.5,2025-12-16 13:44:00
1182,Customer_1182,United Kingdom,low,87.35,2025-02-06 13:24:00
1183,Customer_1183,Austria,low,42.76,2025-02-25 13:07:00
1184,Customer_1184,Poland,low,33.59,2025-06-23 12:35:00
1185,Customer_1185,Italy,low,69.37,2025-07-10 15:38:00
1186,Customer_1186,Netherlands,low,104.11,2025-04-18 14:18:00
1187,Customer_1187,Austria,low,26.96,2025-08-22 13:11:00
1188,Customer_1188,Italy,high,494.99,2025-02-13 15:33:00
1189,Customer_1189,France,low,59.48,2025-12-19 09:47:00
1190,Customer_1190,Germany,low,117.52,2025-06-07 17:54:00
1191,Customer_1191,Austria,low,103.81,2025-12-16 12:48:00
1192,Customer_1192,United Kingdom,low,95.63,2025-11-13 13:30:00
1193,Customer_1193,United Kingdom,high,792.51,2025-09-09 10:49:00
1194,Customer_1194,Poland,low,45.07,2025-08-08 18:08:00
1195,Customer_1195,Italy,low,25.29,2025-02-16 18:01:00
1196,Customer_1196,Germany,low,87.92,2025-03-10 17:39:00
1197,Customer_1197,France,medium,225.44,2025-09-25 15:50:00
1198,Customer_1198,Poland,low,86.21,2025-08-17 12:34:00
1199,Customer_1199,Belgium,medium,198.92,2025-01-25 08:27:00
1200,Customer_1200,France,low,51.46,2025-07-15 15:02:00
1201,Customer_1201,Italy,low,85.94,2025-05-23 10:31:00
1202,Customer_1202,Austria,low,91.57,2025-08-25 09:36:00
1203,Customer_1203,Poland,low,88.54,2025-10-16 15:35:00
1204,Customer_1204,Germany,low,59.14,2025-08-19 14:39:00
1205,Customer_1205,Belgium,medium,142.58,2025-01-01 17:02:00
1206,Customer_1206,Germany,medium,156.75,2025-12-19 08:48:00
1207,Customer_1207,Belgium,low,62.81,2025-06-14 13:03:00
1208,Customer_1208,Spain,low,84.81,2025-10-03 19:04:00
1209,Customer_1209,Netherlands,low,36.98,2025-09-11 08:29:00
1210,Customer_1210,Austria,low,110.14,2025-05-01 19:30:00
1211,Customer_1211,United Kingdom,low,51.65,2025-10-13 13:36:00
1212,Customer_1212,France,medium,102.01,2025-11-07 13:31:00
1213,Customer_1213,Romania,medium,226.83,2025-03-20 12:23:00
1214,Customer_1214,Austria,low,83.54,2025-02-27 16:13:00
1215,Customer_1215,Netherlands,low,49.73,2025-10-13 20:14:00
1216,Customer_1216,United Kingdom,low,29.2,2025-10-04 17:21:00
1217,Customer_1217,Netherlands,low,100.12,2025-08-14 11:22:00
1218,Customer_1218,France,low,50.18,2025-05-14 18:34:00
1219,Customer_1219,Belgium,low,60.23,2025-10-17 15:42:00
1220,Customer_1220,Romania,low,21.86,2025-12-17 10:36:00
1221,Customer_1221,Poland,low,116.21,2025-12-15 12:59:00
1222,Customer_1222,Romania,medium,267.61,2025-07-19 19:40:00
1223,Customer_1223,Italy,low,56.43,2025-03-08 10:47:00
1224,Customer_1224,Netherlands,medium,170.26,2025-02-21 11:54:00
1225,Customer_1225,Austria,low,48.7,2025-03-09 18:38:00
1226,Customer_1226,Spain,low,31.36,2025-04-01 11:51:00
1227,Customer_1227,Netherlands,low,75.98,2025-07-14 18:57:00
1228,Customer_1228,Italy,low,47.27,2025-01-09 20:51:00
1229,Customer_1229,Netherlands,low,37.6,2025-01-24 15:50:00
1230,Customer_1230,Italy,low,109.65,2025-06-20 12:55:00
1231,Customer_1231,France,medium,169.54,2025-06-22 18:56:00
1232,Customer_1232,France,low,103.98,2025-03-08 09:36:00
1233,Customer_1233,Romania,medium,194.83,2025-10-25 16:16:00
1234,Customer_1234,Poland,medium,132.38,2025-02-25 20:20:00
1235,Customer_1235,Belgium,medium,242.19,2025-12-24 11:59:00
1236,Customer_1236,Austria,low,30.68,2025-04-09 15:26:00
1237,Customer_1237,Netherlands,medium,92.3,2025-09-12 19:07:00
1238,Customer_1238,Belgium,low,67.49,2025-04-09 20:59:00
1239,Customer_1239,Germany,low,91.57,2025-05-01 18:57:00
1240,Customer_1240,United Kingdom,low,93.94,2025-01-23 20:42:00
1241,Customer_1241,Spain,low,58.47,2025-11-23 13:57:00
1242,Customer_1242,France,low,43.64,2025-08-13 08:58:00
1243,Customer_1243,Austria,medium,281.94,2025-05-03 20:15:00
1244,Customer_1244,Netherlands,low,109.02,2025-08-21 13:56:00
1245,Customer_1245,Austria,medium,140.29,2025-02-27 20:31:00
1246,Customer_1246,Poland,low,112.65,2025-06-23 14:56:00
1247,Customer_1247,France,medium,233.67,2025-09-03 13:26:00
1248,Customer_1248,United Kingdom,low,74.77,2025-06-15 19:01:00
1249,Customer_1249,Italy,low,38.37,2025-08-26 18:08:00
1250,Customer_1250,Italy,low,82.83,2025-06-19 09:07:00
1251,Customer_1251,Germany,low,91.36,2025-11-25 10:54:00
1252,Customer_1252,United Kingdom,low,99.26,2025-06-15 15:55:00
1253,Customer_1253,Germany,low,88.75,2025-06-26 12:12:00
1254,Customer_1254,France,low,38.19,2025-07-27 17:14:00
1255,Customer_1255,Italy,medium,283.08,2025-11-20 18:14:00
1256,Customer_1256,France,high,318.96,2025-12-28 10:03:00
1257,Customer_1257,Austria,low,80.04,2025-03-03 13:10:00
1258,Customer_1258,United Kingdom,low,91.86,2025-07-25 15:52:00
1259,Customer_1259,Poland,low,91.36,2025-04-28 20:17:00
1260,Customer_1260,Netherlands,low,58.21,2025-07-28 11:38:00
1261,Customer_1261,Spain,high,369.78,2025-11-07 14:11:00
1262,Customer_1262,Austria,medium,86.33,2025-05-08 17:28:00
1263,Customer_1263,Spain,low,88.43,2025-08-03 08:30:00
1264,Customer_1264,Germany,medium,294.37,2025-07-22 11:45:00
1265,Customer_1265,Austria,low,93.61,2025-05-03 09:35:00
1266,Customer_1266,Italy,low,113.11,2025-08-12 17:42:00
1267,Customer_1267,United Kingdom,low,100.99,2025-01-09 16:39:00
1268,Customer_1268,Austria,low,59.47,2025-06-05 16:02:00
1269,Customer_1269,United Kingdom,low,36.99,2025-08-11 15:08:00
1270,Customer_1270,France,low,73.04,2025-03-09 09:20:00
1271,Customer_1271,Italy,high,499.53,2025-05-24 13:59:00
1272,Customer_1272,Austria,low,107.69,2025-10-27 20:59:00
1273,Customer_1273,Netherlands,low,63.58,2025-03-11 19:31:00
1274,Customer_1274,Germany,low,112.29,2025-11-26 15:03:00
1275,Customer_1275,Spain,low,42.99,2025-01-16 12:10:00
1276,Customer_1276,Poland,low,119.52,2025-08-02 15:22:00
1277,Customer_1277,Romania,low,69.3,2025-12-28 10:07:00
1278,Customer_1278,Belgium,low,106.82,2025-03-27 10:47:00
1279,Customer_1279,Romania,medium,203.91,2025-11-19 11:37:00
1280,Customer_1280,Italy,low,77.08,2025-07-03 11:49:00
1281,Customer_1281,Poland,low,108.74,2025-01-10 18:43:00
1282,Customer_1282,France,low,79.03,2025-02-27 13:09:00
1283,Customer_1283,Italy,low,103.07,2025-11-16 15:40:00
1284,Customer_1284,Netherlands,low,20.58,2025-01-21 17:28:00
1285,Customer_1285,Belgium,medium,299.96,2025-10-05 11:55:00
1286,Customer_1286,Italy,medium,142.25,2025-01-24 09:35:00
1287,Customer_1287,United Kingdom,low,59.89,2025-03-08 20:55:00
1288,Customer_1288,Austria,low,105.23,2025-03-13 20:25:00
1289,Customer_1289,Netherlands,low,115.44,2025-03-04 12:31:00
1290,Customer_1290,Austria,low,112.17,2025-11-20 10:22:00
1291,Customer_1291,France,medium,192.78,2025-08-15 14:30:00
1292,Customer_1292,Netherlands,low,62.31,2025-07-26 13:39:00
1293,Customer_1293,Germany,low,62.6,2025-01-17 13:29:00
1294,Customer_1294,Spain,low,91.36,2025-08-17 18:41:00
1295,Customer_1295,Romania,low,66.82,2025-02-26 15:19:00
1296,Customer_1296,Germany,high,610.59,2025-05-27 11:33:00
1297,Customer_1297,Austria,low,24.77,2025-02-02 16:06:00
1298,Customer_1298,Romania,low,29.45,2025-11-24 17:52:00
1299,Customer_1299,Netherlands,low,78.56,2025-09-01 09:47:00
1300,Customer_1300,Poland,low,38.22,2025-07-02 09:26:00
1301,Customer_1301,Netherlands,low,92.41,2025-11-15 17:51:00
1302,Customer_1302,Netherlands,low,111.81,2025-03-07 10:05:00
1303,Customer_1303,United Kingdom,low,87.34,2025-07-18 08:00:00
1304,Customer_1304,Austria,low,37.17,2025-08-15 19:25:00
1305,Customer_1305,United Kingdom,low,50.28,2025-10-12 19:43:00
1306,Customer_1306,Austria,medium,99.28,2025-03-01 11:07:00
1307,Customer_1307,Italy,low,38.82,2025-01-07 15:41:00
1308,Customer_1308,Germany,low,63.58,2025-11-28 20:34:00
1309,Customer_1309,Spain,low,96.97,2025-03-16 14:01:00
1310,Customer_1310,France,low,35.24,2025-12-15 15:30:00
1311,Customer_1311,Italy,medium,208.75,2025-04-10 17:53:00
1312,Customer_1312,Austria,low,20.79,2025-11-28 19:27:00
1313,Customer_1313,Austria,medium,242.16,2025-10-24 16:18:00
1314,Customer_1314,Italy,low,68.61,2025-10-24 17:59:00
1315,Customer_1315,Poland,low,26.07,2025-01-14 17:20:00
1316,Customer_1316,Romania,low,109.29,2025-07-16 09:31:00
1317,Customer_1317,United Kingdom,medium,156.29,2025-12-14 08:10:00
1318,Customer_1318,Netherlands,low,66.92,2025-08-08 16:14:00
1319,Customer_1319,United Kingdom,medium,154.61,2025-10-28 19:42:00
1320,Customer_1320,Poland,low,49.34,2025-12-13 14:53:00
1321,Customer_1321,Belgium,medium,255.95,2025-03-20 11:18:00
1322,Customer_1322,France,low,32.91,2025-04-06 17:31:00
1323,Customer_1323,France,medium,287.47,2025-08-10 11:13:00
1324,Customer_1324,Romania,low,21.81,2025-05-12 18:10:00
1325,Customer_1325,Germany,medium,276.78,2025-01-26 09:21:00
1326,Customer_1326,Austria,low,42.67,2025-09-08 15:16:00
1327,Customer_1327,Belgium,medium,249.26,2025-09-09 10:54:00
1328,Customer_1328,Romania,low,30.41,2025-01-15 20:29:00
1329,Customer_1329,France,high,668.99,2025-10-26 09:52:00
1330,Customer_1330,Romania,low,30.54,2025-11-04 11:58:00
1331,Customer_1331,Belgium,low,49.21,2025-08-25 16:31:00
1332,Customer_1332,France,low,56.37,2025-03-04 11:28:00
1333,Customer_1333,Austria,medium,81.45,2025-08-11 12:32:00
1334,Customer_1334,Germany,low,57.24,2025-07-12 18:42:00
1335,Customer_1335,Spain,low,95.35,2025-07-26 11:08:00
1336,Customer_1336,Austria,low,60.93,2025-08-28 16:50:00
1337,Customer_1337,Belgium,medium,177.37,2025-01-23 20:33:00
1338,Customer_1338,France,low,51.48,2025-03-14 08:25:00
1339,Customer_1339,Italy,low,84.15,2025-10-02 18:45:00
1340,Customer_1340,Romania,high,451.58,2025-11-23 16:55:00
1341,Customer_1341,Netherlands,low,51.37,2025-06-01 12:57:00
1342,Customer_1342,Romania,low,34.69,2025-07-15 18:13:00
1343,Customer_1343,Romania,low,81.82,2025-08-23 13:56:00
1344,Customer_1344,Austria,medium,273.81,2025-02-02 16:21:00
1345,Customer_1345,Austria,low,94.01,2025-03-17 16:18:00
1346,Customer_1346,Spain,low,75.18,2025-09-11 20:40:00
1347,Customer_1347,Germany,low,109.03,2025-09-19 12:15:00
1348,Customer_1348,Netherlands,low,118.7,2025-02-24 08:53:00
1349,Customer_1349,Belgium,low,70.75,2025-02-02 20:41:00
1350,Customer_1350,France,low,77.24,2025-01-15 13:15:00
1351,Customer_1351,United Kingdom,low,109.43,2025-11-22 16:54:00
1352,Customer_1352,United Kingdom,low,49.92,2025-11-26 19:36:00
1353,Customer_1353,Germany,low,71.97,2025-04-04 13:33:00
1354,Customer_1354,United Kingdom,low,97.85,2025-08-04 10:45:00
1355,Customer_1355,Austria,medium,98.03,2025-01-14 10:30:00
1356,Customer_1356,Spain,low,56.93,2025-09-13 17:35:00
1357,Customer_1357,Romania,medium,271.84,2025-10-16 18:27:00
1358,Customer_1358,Poland,low,114.78,2025-12-14 10:09:00
1359,Customer_1359,Romania,low,91.12,2025-03-23 16:55:00
1360,Customer_1360,Romania,low,41.26,2025-08-02 19:10:00
1361,Customer_1361,Romania,low,115.18,2025-10-28 14:07:00
1362,Customer_1362,France,low,48.96,2025-09-05 09:23:00
1363,Customer_1363,Netherlands,high,381.96,2025-08-01 20:09:00
1364,Customer_1364,Germany,medium,172.79,2025-05-10 11:11:00
1365,Customer_1365,Poland,low,74.75,2025-02-28 08:26:00
1366,Customer_1366,Poland,low,76.58,2025-06-26 14:30:00
1367,Customer_1367,United Kingdom,low,33.85,2025-11-15 20:28:00
1368,Customer_1368,Poland,low,92.79,2025-02-26 17:42:00
1369,Customer_1369,United Kingdom,low,43.28,2025-07-11 16:02:00
1370,Customer_1370,Poland,low,84.59,2025-03-23 08:36:00
1371,Customer_1371,Netherlands,low,32.38,2025-09-03 11:39:00
1372,Customer_1372,Romania,low,25.29,2025-10-17 11:48:00
1373,Customer_1373,Poland,low,21.87,2025-11-18 10:01:00
1374,Customer_1374,Netherlands,medium,133.96,2025-12-27 17:28:00
1375,Customer_1375,France,medium,213.51,2025-07-19 08:31:00
1376,Customer_1376,Italy,low,38.05,2025-01-28 16:20:00
1377,Customer_1377,Austria,low,31.46,2025-02-18 10:18:00
1378,Customer_1378,Germany,low,96.83,2025-03-10 14:43:00
1379,Customer_1379,Germany,low,116.11,2025-03-01 19:03:00
1380,Customer_1380,Netherlands,low,52.0,2025-07-11 12:24:00
1381,Customer_1381,France,low,43.96,2025-10-19 11:31:00
1382,Customer_1382,Romania,medium,164.71,2025-02-09 08:20:00
1383,Customer_1383,Poland,low,26.55,2025-01-14 18:14:00
1384,Customer_1384,Italy,low,116.35,2025-11-04 11:48:00
1385,Customer_1385,Romania,low,32.56,2025-10-14 15:05:00
1386,Customer_1386,Romania,low,116.79,2025-06-18 10:50:00
1387,Customer_1387,Spain,low,62.38,2025-09-15 08:00:00
1388,Customer_1388,Poland,high,572.44,2025-11-06 08:03:00
1389,Customer_1389,Poland,low,45.09,2025-11-13 13:53:00
1390,Customer_1390,Spain,low,71.03,2025-01-06 19:34:00
1391,Customer_1391,United Kingdom,low,28.97,2025-12-04 10:46:00
1392,Customer_1392,Romania,high,726.97,2025-04-20 16:51:00
1393,Customer_1393,Belgium,medium,287.99,2025-11-09 20:45:00
1394,Customer_1394,Poland,low,86.23,2025-06-11 11:29:00
1395,Customer_1395,United Kingdom,low,111.4,2025-03-21 08:38:00
1396,Customer_1396,Poland,low,20.96,2025-03-14 16:57:00
1397,Customer_1397,Poland,medium,198.39,2025-11-21 09:34:00
1398,Customer_1398,Italy,medium,259.53,2025-08-22 09:22:00
1399,Customer_1399,Austria,medium,158.75,2025-03-27 20:51:00
1400,Customer_1400,Italy,low,57.05,2025-04-15 08:14:00
1401,Customer_1401,Italy,medium,229.72,2025-12-12 11:05:00
1402,Customer_1402,United Kingdom,low,100.84,2025-04-08 15:23:00
1403,Customer_1403,Italy,low,110.45,2025-12-20 11:00:00
1404,Customer_1404,Spain,high,583.06,2025-02-28 12:36:00
1405,Customer_1405,Romania,low,75.18,2025-11-24 17:43:00
1406,Customer_1406,United Kingdom,low,26.54,2025-03-24 09:08:00
1407,Customer_1407,Netherlands,medium,268.21,2025-09-24 20:17:00
1408,Customer_1408,Spain,medium,85.09,2025-12-22 16:39:00
1409,Customer_1409,Netherlands,low,108.31,2025-01-14 18:43:00
1410,Customer_1410,Italy,medium,151.06,2025-07-09 09:43:00
1411,Customer_1411,Romania,low,56.15,2025-01-24 11:03:00
1412,Customer_1412,Netherlands,medium,197.13,2025-06-01 14:12:00
1413,Customer_1413,Belgium,low,77.18,2025-01-24 11:44:00
1414,Customer_1414,Austria,high,750.2,2025-04-06 13:19:00
1415,Customer_1415,France,low,29.67,2025-08-14 20:01:00
1416,Customer_1416,United Kingdom,medium,285.71,2025-05-08 09:30:00
1417,Customer_1417,Spain,high,699.51,2025-06-17 20:15:00
1418,Customer_1418,France,medium,216.3,2025-02-21 15:37:00
1419,Customer_1419,France,low,26.07,2025-01-13 13:56:00
1420,Customer_1420,France,medium,93.64,2025-08-02 12:39:00
1421,Customer_1421,Austria,low,87.76,2025-09-02 12:54:00
1422,Customer_1422,Austria,low,81.73,2025-07-08 17:50:00
1423,Customer_1423,United Kingdom,low,58.39,2025-07-20 17:06:00
1424,Customer_1424,Belgium,low,87.58,2025-01-15 16:21:00
1425,Customer_1425,United Kingdom,low,30.27,2025-10-23 09:37:00
1426,Customer_1426,Spain,medium,107.72,2025-09-09 13:26:00
1427,Customer_1427,Poland,low,64.46,2025-04-05 20:02:00
1428,Customer_1428,Italy,low,78.45,2025-09-21 20:22:00
1429,Customer_1429,Netherlands,low,74.11,2025-03-05 15:19:00
1430,Customer_1430,United Kingdom,low,56.88,2025-01-17 17:42:00
1431,Customer_1431,Germany,low,70.71,2025-09-28 08:27:00
1432,Customer_1432,Belgium,low,40.04,2025-04-26 09:21:00
1433,Customer_1433,Spain,low,89.48,2025-08-20 19:21:00
1434,Customer_1434,United Kingdom,low,53.57,2025-05-14 13:10:00
1435,Customer_1435,France,low,98.92,2025-01-16 11:58:00
1436,Customer_1436,Italy,low,89.32,2025-08-20 11:15:00
1437,Customer_1437,Poland,low,115.26,2025-06-26 19:24:00
1438,Customer_1438,Spain,low,102.61,2025-01-12 08:04:00
1439,Customer_1439,Belgium,low,31.52,2025-05-15 11:40:00
1440,Customer_1440,United Kingdom,medium,159.18,2025-01-07 11:18:00
1441,Customer_1441,Germany,low,46.2,2025-03-11 16:15:00
1442,Customer_1442,Germany,low,37.61,2025-05-04 08:53:00
1443,Customer_1443,Germany,low,98.74,2025-02-11 11:19:00
1444,Customer_1444,Poland,low,100.95,2025-11-06 16:51:00
1445,Customer_1445,United Kingdom,medium,273.25,2025-02-04 10:56:00
1446,Customer_1446,Germany,medium,122.17,2025-07-23 13:20:00
1447,Customer_1447,United Kingdom,low,83.61,2025-01-25 17:37:00
1448,Customer_1448,Spain,medium,144.72,2025-03-11 11:03:00
1449,Customer_1449,Netherlands,medium,267.33,2025-10-16 11:46:00
1450,Customer_1450,France,medium,254.02,2025-10-03 10:32:00
1451,Customer_1451,Austria,medium,221.92,2025-09-12 15:33:00
1452,Customer_1452,Poland,low,91.25,2025-09-23 15:45:00
1453,Customer_1453,Poland,low,78.12,2025-11-26 17:41:00
1454,Customer_1454,Italy,low,109.49,2025-08-28 11:25:00
1455,Customer_1455,Spain,low,108.87,2025-10-06 13:16:00
1456,Customer_1456,Romania,low,95.16,2025-05-15 16:22:00
1457,Customer_1457,Spain,low,66.53,2025-10-11 14:28:00
1458,Customer_1458,Poland,low,56.75,2025-08-11 12:24:00
1459,Customer_1459,Italy,low,43.38,2025-11-03 13:57:00
1460,Customer_1460,France,low,70.18,2025-09-21 09:50:00
1461,Customer_1461,Netherlands,medium,101.65,2025-02-12 08:34:00
1462,Customer_1462,Spain,low,87.51,2025-05-10 19:52:00
1463,Customer_1463,Netherlands,low,80.4,2025-03-28 20:45:00
1464,Customer_1464,Romania,medium,81.88,2025-05-10 13:50:00
1465,Customer_1465,Austria,medium,260.81,2025-11-01 15:41:00
1466,Customer_1466,Romania,high,770.89,2025-07-08 11:46:00
1467,Customer_1467,Spain,low,71.58,2025-09-25 15:46:00
1468,Customer_1468,Poland,low,28.59,2025-04-14 20:44:00
1469,Customer_1469,Austria,low,65.0,2025-09-01 13:08:00
1470,Customer_1470,United Kingdom,medium,147.23,2025-12-01 15:51:00
1471,Customer_1471,Belgium,low,61.91,2025-11-25 14:48:00
1472,Customer_1472,Romania,low,78.7,2025-10-26 08:59:00
1473,Customer_1473,Germany,low,115.26,2025-06-19 18:51:00
1474,Customer_1474,United Kingdom,medium,206.25,2025-07-13 11:25:00
1475,Customer_1475,France,low,38.83,2025-02-11 17:28:00
1476,Customer_1476,Netherlands,low,30.43,2025-09-06 08:52:00
1477,Customer_1477,United Kingdom,low,38.67,2025-02-13 12:13:00
1478,Customer_1478,Spain,low,72.44,2025-08-02 13:33:00
1479,Customer_1479,Italy,low,105.97,2025-07-13 10:07:00
1480,Customer_1480,Germany,low,67.83,2025-02-13 11:08:00
1481,Customer_1481,Spain,low,101.79,2025-11-16 10:38:00
1482,Customer_1482,United Kingdom,medium,209.25,2025-09-23 18:29:00
1483,Customer_1483,Netherlands,low,119.11,2025-08-03 14:38:00
1484,Customer_1484,Spain,low,111.03,2025-08-15 15:36:00
1485,Customer_1485,Italy,low,48.79,2025-08-12 19:53:00
1486,Customer_1486,Netherlands,low,102.34,2025-03-14 11:11:00
1487,Customer_1487,United Kingdom,low,65.78,2025-11-06 19:36:00
1488,Customer_1488,France,low,114.57,2025-04-28 10:17:00
1489,Customer_1489,Romania,low,111.63,2025-12-24 19:57:00
1490,Customer_1490,Spain,medium,170.48,2025-09-04 13:04:00
1491,Customer_1491,France,low,97.95,2025-07-15 10:16:00
1492,Customer_1492,Spain,low,66.22,2025-02-21 19:43:00
1493,Customer_1493,Poland,low,94.6,2025-04-13 08:00:00
1494,Customer_1494,Netherlands,low,111.71,2025-06-22 19:29:00
1495,Customer_1495,Poland,low,28.25,2025-11-08 19:28:00
1496,Customer_1496,Germany,low,47.91,2025-03-06 08:38:00
1497,Customer_1497,France,low,32.42,2025-12-13 10:04:00
1498,Customer_1498,Italy,low,35.35,2025-06-06 11:45:00
1499,Customer_1499,Italy,medium,197.11,2025-08-23 08:53:00
1500,Customer_1500,Romania,low,91.64,2025-02-13 19:19:00
1501,Customer_1501,Poland,low,20.47,2025-07-25 11:59:00
1502,Customer_1502,Spain,low,43.85,2025-02-01 14:01:00
1503,Customer_1503,Italy,low,39.22,2025-11-03 11:56:00
1504,Customer_1504,France,medium,262.7,2025-03-24 10:02:00
1505,Customer_1505,Austria,low,101.56,2025-06-18 18:12:00
1506,Customer_1506,United Kingdom,low,74.17,2025-07-04 11:13:00
1507,Customer_1507,France,low,37.36,2025-07-21 13:00:00
1508,Customer_1508,Austria,low,42.01,2025-11-27 12:41:00
1509,Customer_1509,United Kingdom,low,26.73,2025-04-14 12:49:00
1510,Customer_1510,United Kingdom,low,119.05,2025-12-18 20:59:00
1511,Customer_1511,United Kingdom,low,115.9,2025-10-11 18:44:00
1512,Customer_1512,Austria,low,117.24,2025-12-05 13:11:00
1513,Customer_1513,Belgium,high,599.82,2025-02-11 08:38:00
1514,Customer_1514,United Kingdom,low,71.1,2025-12-08 16:37:00
1515,Customer_1515,Italy,low,81.63,2025-02-10 11:47:00
1516,Customer_1516,Austria,medium,216.35,2025-01-05 13:31:00
1517,Customer_1517,Netherlands,low,57.57,2025-11-02 11:59:00
1518,Customer_1518,United Kingdom,high,466.24,2025-06-05 12:20:00
1519,Customer_1519,Italy,low,117.76,2025-11-27 12:48:00
1520,Customer_1520,Italy,low,93.29,2025-06-08 11:34:00
1521,Customer_1521,Italy,medium,226.3,2025-04-26 18:44:00
1522,Customer_1522,Spain,low,58.15,2025-06-06 15:40:00
1523,Customer_1523,Italy,low,69.16,2025-04-02 18:09:00
1524,Customer_1524,Spain,low,37.37,2025-09-27 20:59:00
1525,Customer_1525,Spain,low,27.82,2025-12-15 12:10:00
1526,Customer_1526,Spain,low,37.64,2025-04-10 12:36:00
1527,Customer_1527,Poland,high,320.84,2025-08-03 13:25:00
1528,Customer_1528,Austria,low,64.14,2025-09-20 19:27:00
1529,Customer_1529,Germany,medium,254.58,2025-01-25 14:27:00
1530,Customer_1530,France,medium,282.74,2025-10-18 10:35:00
1531,Customer_1531,Germany,low,66.37,2025-08-10 14:35:00
1532,Customer_1532,United Kingdom,low,53.32,2025-12-16 11:09:00
1533,Customer_1533,Spain,low,106.17,2025-12-24 13:31:00
1534,Customer_1534,Austria,medium,286.86,2025-12-12 14:31:00
1535,Customer_1535,Netherlands,low,78.83,2025-07-02 09:24:00
1536,Customer_1536,United Kingdom,low,96.3,2025-05-25 20:46:00
1537,Customer_1537,Belgium,low,68.86,2025-12-12 19:03:00
1538,Customer_1538,Austria,medium,241.85,2025-04-16 08:58:00
1539,Customer_1539,Belgium,low,87.64,2025-12-22 18:09:00
1540,Customer_1540,Netherlands,low,114.43,2025-03-09 11:38:00
1541,Customer_1541,United Kingdom,high,704.91,2025-01-04 20:05:00
1542,Customer_1542,Austria,low,78.62,2025-02-17 11:56:00
1543,Customer_1543,Austria,low,62.69,2025-12-10 16:34:00
1544,Customer_1544,Austria,low,93.39,2025-12-28 09:06:00
1545,Customer_1545,United Kingdom,medium,155.77,2025-03-09 19:13:00
1546,Customer_1546,Austria,low,20.64,2025-03-27 15:00:00
1547,Customer_1547,France,low,89.63,2025-09-14 18:18:00
1548,Customer_1548,Austria,low,57.47,2025-12-05 11:31:00
1549,Customer_1549,Germany,low,31.02,2025-10-27 11:11:00
1550,Customer_1550,Spain,low,38.27,2025-04-09 14:28:00
1551,Customer_1551,United Kingdom,low,83.64,2025-02-10 09:24:00
1552,Customer_1552,France,low,54.22,2025-10-08 15:31:00
1553,Customer_1553,France,low,46.61,2025-01-22 17:50:00
1554,Customer_1554,Italy,low,72.23,2025-01-13 17:33:00
1555,Customer_1555,Netherlands,medium,184.11,2025-06-20 14:21:00
1556,Customer_1556,Belgium,low,54.31,2025-06-27 11:23:00
1557,Customer_1557,Austria,low,25.72,2025-06-28 13:51:00
1558,Customer_1558,France,low,107.05,2025-07-24 10:01:00
1559,Customer_1559,United Kingdom,low,73.06,2025-12-25 11:23:00
1560,Customer_1560,Poland,low,85.89,2025-08-17 14:42:00
1561,Customer_1561,Spain,low,83.81,2025-06-01 18:23:00
1562,Customer_1562,Italy,high,641.49,2025-11-15 11:38:00
1563,Customer_1563,Poland,low,81.26,2025-02-12 14:59:00
1564,Customer_1564,Poland,high,714.26,2025-02-24 14:18:00
1565,Customer_1565,United Kingdom,low,34.32,2025-09-19 20:54:00
1566,Customer_1566,Romania,low,69.79,2025-02-10 18:35:00
1567,Customer_1567,Poland,low,64.63,2025-02-16 18:34:00
1568,Customer_1568,Spain,low,37.04,2025-11-23 09:06:00
1569,Customer_1569,Austria,high,217.53,2025-06-13 20:17:00
1570,Customer_1570,Spain,low,86.59,2025-11-04 18:08:00
1571,Customer_1571,Romania,low,69.2,2025-12-11 11:59:00
1572,Customer_1572,United Kingdom,medium,212.15,2025-11-11 14:58:00
1573,Customer_1573,Austria,low,98.51,2025-07-26 11:14:00
1574,Customer_1574,Netherlands,low,28.77,2025-02-11 19:37:00
1575,Customer_1575,Spain,low,31.61,2025-06-05 13:24:00
1576,Customer_1576,United Kingdom,low,51.08,2025-10-18 11:54:00
1577,Customer_1577,Austria,high,391.79,2025-06-26 18:59:00
1578,Customer_1578,Germany,low,80.16,2025-04-04 14:00:00
1579,Customer_1579,Romania,medium,149.5,2025-05-27 11:31:00
1580,Customer_1580,Poland,low,48.34,2025-12-22 20:52:00
1581,Customer_1581,Italy,low,50.89,2025-12-04 12:54:00
1582,Customer_1582,United Kingdom,low,102.87,2025-08-10 19:24:00
1583,Customer_1583,Italy,high,399.89,2025-12-07 19:59:00
1584,Customer_1584,Spain,low,25.26,2025-03-28 15:46:00
1585,Customer_1585,Austria,low,101.5,2025-03-01 16:25:00
1586,Customer_1586,Belgium,low,67.34,2025-06-25 14:25:00
1587,Customer_1587,France,low,48.3,2025-12-07 19:54:00
1588,Customer_1588,Romania,low,33.09,2025-10-28 20:03:00
1589,Customer_1589,Netherlands,low,36.37,2025-03-15 19:30:00
1590,Customer_1590,Netherlands,medium,126.15,2025-12-07 19:41:00
1591,Customer_1591,Italy,low,105.61,2025-02-22 20:54:00
1592,Customer_1592,Germany,low,118.27,2025-11-27 10:59:00
1593,Customer_1593,Italy,low,117.42,2025-03-02 09:32:00
1594,Customer_1594,Belgium,low,116.97,2025-11-24 14:15:00
1595,Customer_1595,Italy,low,59.66,2025-05-23 17:11:00
1596,Customer_1596,Austria,medium,298.06,2025-11-22 09:49:00
1597,Customer_1597,Poland,medium,223.07,2025-05-21 18:28:00
1598,Customer_1598,Belgium,low,31.66,2025-02-16 18:42:00
1599,Customer_1599,Romania,low,78.69,2025-10-16 12:44:00
1600,Customer_1600,France,medium,119.84,2025-08-21 19:27:00
1601,Customer_1601,Netherlands,low,29.94,2025-02-23 20:34:00
1602,Customer_1602,Germany,low,90.07,2025-07-18 16:50:00
1603,Customer_1603,Romania,low,71.89,2025-10-18 19:52:00
1604,Customer_1604,France,medium,125.64,2025-11-04 10:55:00
1605,Customer_1605,United Kingdom,low,20.53,2025-08-26 13:07:00
1606,Customer_1606,Italy,low,40.62,2025-03-03 16:16:00
1607,Customer_1607,Italy,low,32.47,2025-05-12 16:10:00
1608,Customer_1608,Austria,high,594.9,2025-04-10 08:33:00
1609,Customer_1609,Netherlands,low,64.49,2025-10-16 19:20:00
1610,Customer_1610,Romania,medium,299.3,2025-10-18 16:13:00
1611,Customer_1611,France,low,24.47,2025-01-07 10:19:00
1612,Customer_1612,Spain,high,561.29,2025-04-19 13:17:00
1613,Customer_1613,Germany,low,62.2,2025-09-09 12:24:00
1614,Customer_1614,Germany,low,28.33,2025-05-22 14:44:00
1615,Customer_1615,Germany,low,27.06,2025-12-09 18:44:00
1616,Customer_1616,Spain,low,76.36,2025-11-27 16:38:00
1617,Customer_1617,Germany,low,35.35,2025-07-13 08:38:00
1618,Customer_1618,Spain,low,32.46,2025-02-22 16:26:00
1619,Customer_1619,France,low,28.9,2025-06-25 12:09:00
1620,Customer_1620,Spain,low,29.79,2025-04-13 09:50:00
1621,Customer_1621,France,low,92.83,2025-05-19 20:31:00
1622,Customer_1622,France,low,90.05,2025-05-18 12:38:00
1623,Customer_1623,France,medium,117.56,2025-07-06 13:51:00
1624,Customer_1624,Romania,low,108.2,2025-07-16 17:08:00
1625,Customer_1625,Netherlands,low,71.36,2025-03-22 10:09:00
1626,Customer_1626,Austria,low,46.74,2025-12-21 13:45:00
1627,Customer_1627,Spain,low,61.82,2025-08-06 15:22:00
1628,Customer_1628,Poland,low,47.58,2025-07-17 19:56:00
1629,Customer_1629,Spain,low,105.79,2025-05-14 20:20:00
1630,Customer_1630,France,low,27.67,2025-04-03 10:36:00
1631,Customer_1631,Italy,low,48.59,2025-08-26 08:27:00
1632,Customer_1632,Romania,medium,110.01,2025-08-17 18:43:00
1633,Customer_1633,Romania,low,60.55,2025-10-07 19:00:00
1634,Customer_1634,Austria,low,94.97,2025-04-24 18:58:00
1635,Customer_1635,Romania,low,24.24,2025-08-06 18:59:00
1636,Customer_1636,Romania,medium,118.46,2025-06-27 10:32:00
1637,Customer_1637,Belgium,high,453.63,2025-07-06 13:07:00
1638,Customer_1638,Belgium,medium,134.95,2025-09-28 20:54:00
1639,Customer_1639,France,low,68.31,2025-05-07 08:47:00
1640,Customer_1640,United Kingdom,low,112.31,2025-11-17 08:59:00
1641,Customer_1641,Poland,medium,266.64,2025-01-12 08:39:00
1642,Customer_1642,Poland,low,55.39,2025-01-12 19:11:00
1643,Customer_1643,Austria,low,30.13,2025-08-07 09:33:00
1644,Customer_1644,Romania,medium,170.36,2025-08-01 10:49:00
1645,Customer_1645,Netherlands,low,59.54,2025-05-12 14:57:00
1646,Customer_1646,Germany,low,46.95,2025-08-22 15:10:00
1647,Customer_1647,Germany,low,63.4,2025-06-28 19:12:00
1648,Customer_1648,France,low,24.03,2025-07-14 19:21:00
1649,Customer_1649,Italy,low,39.9,2025-08-22 12:07:00
1650,Customer_1650,Austria,low,69.56,2025-11-23 10:20:00
1651,Customer_1651,Austria,low,112.36,2025-07-05 09:06:00
1652,Customer_1652,Italy,low,54.41,2025-01-25 18:15:00
1653,Customer_1653,Italy,low,54.21,2025-10-24 08:27:00
1654,Customer_1654,Poland,low,68.59,2025-07-08 17:09:00
1655,Customer_1655,Romania,low,48.11,2025-02-28 12:44:00
1656,Customer_1656,Spain,low,62.92,2025-08-23 20:51:00
1657,Customer_1657,France,low,70.23,2025-03-07 17:40:00
1658,Customer_1658,Germany,low,33.23,2025-01-09 11:59:00
1659,Customer_1659,Germany,low,81.65,2025-02-28 08:24:00
1660,Customer_1660,Austria,low,90.02,2025-04-08 13:27:00
1661,Customer_1661,Poland,low,62.71,2025-01-10 09:17:00
1662,Customer_1662,Belgium,low,55.1,2025-07-08 13:57:00
1663,Customer_1663,Italy,low,20.05,2025-11-24 13:13:00
1664,Customer_1664,Netherlands,low,110.85,2025-02-14 10:16:00
1665,Customer_1665,Poland,low,50.44,2025-02-22 08:43:00
1666,Customer_1666,Romania,medium,108.67,2025-06-24 20:23:00
1667,Customer_1667,United Kingdom,low,57.16,2025-11-09 11:37:00
1668,Customer_1668,Austria,low,30.64,2025-11-24 17:07:00
1669,Customer_1669,Italy,low,111.22,2025-11-27 11:12:00
1670,Customer_1670,Poland,medium,96.47,2025-09-20 13:19:00
1671,Customer_1671,Poland,high,321.2,2025-12-05 08:08:00
1672,Customer_1672,Spain,low,91.16,2025-09-12 13:28:00
1673,Customer_1673,France,medium,94.9,2025-07-17 16:50:00
1674,Customer_1674,Italy,low,47.41,2025-03-10 08:36:00
1675,Customer_1675,Italy,medium,232.64,2025-12-27 14:31:00
1676,Customer_1676,Romania,medium,293.74,2025-03-15 20:32:00
1677,Customer_1677,Austria,low,59.02,2025-10-09 11:11:00
1678,Customer_1678,Italy,low,41.78,2025-12-01 20:32:00
1679,Customer_1679,Poland,low,92.06,2025-05-10 11:18:00
1680,Customer_1680,Netherlands,low,37.11,2025-01-18 11:18:00
1681,Customer_1681,Italy,low,114.2,2025-05-05 12:55:00
1682,Customer_1682,Italy,low,44.9,2025-04-18 09:00:00
1683,Customer_1683,Belgium,low,117.22,2025-06-03 19:56:00
1684,Customer_1684,Romania,low,33.36,2025-10-10 13:03:00
1685,Customer_1685,Italy,medium,128.24,2025-05-06 12:01:00
1686,Customer_1686,Romania,low,106.8,2025-10-04 19:47:00
1687,Customer_1687,Austria,medium,136.62,2025-11-21 17:35:00
1688,Customer_1688,Spain,medium,128.54,2025-05-07 17:40:00
1689,Customer_1689,Austria,low,43.17,2025-12-14 13:09:00
1690,Customer_1690,Poland,low,38.15,2025-03-27 10:12:00
1691,Customer_1691,United Kingdom,low,92.95,2025-11-10 08:19:00
1692,Customer_1692,Germany,medium,259.85,2025-11-20 11:04:00
1693,Customer_1693,Germany,low,44.53,2025-11-13 09:46:00
1694,Customer_1694,Romania,low,95.04,2025-01-20 09:24:00
1695,Customer_1695,Austria,low,102.66,2025-11-02 10:15:00
1696,Customer_1696,France,low,113.86,2025-10-01 20:00:00
1697,Customer_1697,France,low,101.83,2025-12-03 11:08:00
1698,Customer_1698,Poland,medium,276.33,2025-03-10 13:30:00
1699,Customer_1699,Germany,low,74.35,2025-05-21 16:07:00
1700,Customer_1700,Italy,medium,102.62,2025-05-04 16:56:00
1701,Customer_1701,Austria,low,111.22,2025-01-08 14:24:00
1702,Customer_1702,Germany,low,48.68,2025-11-13 18:56:00
1703,Customer_1703,France,low,119.08,2025-04-04 12:22:00
1704,Customer_1704,France,low,31.84,2025-02-02 17:09:00
1705,Customer_1705,Germany,low,53.48,2025-03-22 14:09:00
1706,Customer_1706,Netherlands,low,48.7,2025-02-09 15:42:00
1707,Customer_1707,Belgium,medium,258.36,2025-12-26 09:50:00
1708,Customer_1708,Italy,medium,295.17,2025-11-05 13:09:00
1709,Customer_1709,Austria,low,99.69,2025-08-27 09:07:00
1710,Customer_1710,United Kingdom,low,92.67,2025-03-03 13:08:00
1711,Customer_1711,Germany,medium,157.57,2025-08-14 15:44:00
1712,Customer_1712,Austria,low,83.66,2025-03-26 18:58:00
1713,Customer_1713,Spain,low,74.93,2025-09-18 15:34:00
1714,Customer_1714,Romania,medium,164.62,2025-10-23 14:33:00
1715,Customer_1715,United Kingdom,medium,258.48,2025-04-23 09:15:00
1716,Customer_1716,Belgium,low,119.39,2025-01-12 16:30:00
1717,Customer_1717,Germany,medium,93.11,2025-06-12 20:52:00
1718,Customer_1718,Germany,low,34.41,2025-09-14 11:13:00
1719,Customer_1719,Spain,low,33.78,2025-12-23 10:24:00
1720,Customer_1720,Italy,low,62.47,2025-01-23 09:42:00
1721,Customer_1721,United Kingdom,low,103.74,2025-03-01 10:23:00
1722,Customer_1722,Germany,low,27.71,2025-10-27 14:09:00
1723,Customer_1723,Germany,low,34.01,2025-09-23 12:30:00
1724,Customer_1724,Austria,low,64.4,2025-11-23 08:18:00
1725,Customer_1725,France,low,108.12,2025-01-20 20:11:00
1726,Customer_1726,Romania,low,59.64,2025-07-22 15:35:00
1727,Customer_1727,Netherlands,medium,190.41,2025-12-08 14:59:00
1728,Customer_1728,Germany,low,29.19,2025-07-05 19:13:00
1729,Customer_1729,Austria,low,41.89,2025-03-27 19:35:00
1730,Customer_1730,United Kingdom,medium,259.64,2025-08-16 13:41:00
1731,Customer_1731,Austria,medium,116.26,2025-06-21 14:12:00
1732,Customer_1732,Netherlands,low,27.78,2025-10-25 13:01:00
1733,Customer_1733,Spain,low,74.16,2025-02-07 17:00:00
1734,Customer_1734,Netherlands,low,40.17,2025-01-08 12:05:00
1735,Customer_1735,United Kingdom,low,76.37,2025-08-02 08:20:00
1736,Customer_1736,France,medium,81.87,2025-06-25 12:25:00
1737,Customer_1737,Romania,low,95.18,2025-12-12 10:44:00
1738,Customer_1738,France,low,109.65,2025-09-04 16:51:00
1739,Customer_1739,Germany,low,99.61,2025-08-19 08:18:00
1740,Customer_1740,Germany,low,66.31,2025-11-03 19:14:00
1741,Customer_1741,Spain,medium,223.93,2025-12-06 16:33:00
1742,Customer_1742,United Kingdom,low,113.02,2025-06-15 20:08:00
1743,Customer_1743,Belgium,low,82.35,2025-07-02 19:49:00
1744,Customer_1744,Austria,low,119.7,2025-10-03 10:36:00
1745,Customer_1745,Poland,low,21.49,2025-05-18 20:50:00
1746,Customer_1746,France,low,65.48,2025-03-10 10:04:00
1747,Customer_1747,Netherlands,low,55.34,2025-02-06 19:49:00
1748,Customer_1748,Poland,low,67.33,2025-05-25 15:41:00
1749,Customer_1749,Germany,medium,293.77,2025-08-02 13:54:00
1750,Customer_1750,Netherlands,low,105.7,2025-11-05 15:23:00
1751,Customer_1751,Romania,medium,289.45,2025-06-03 18:26:00
1752,Customer_1752,Romania,low,107.74,2025-11-02 17:41:00
1753,Customer_1753,Italy,low,44.48,2025-09-01 10:54:00
1754,Customer_1754,France,low,35.82,2025-07-28 09:14:00
1755,Customer_1755,Austria,medium,227.21,2025-06-15 15:41:00
1756,Customer_1756,Romania,medium,182.27,2025-02-06 19:06:00
1757,Customer_1757,Austria,medium,123.88,2025-06-03 13:21:00
1758,Customer_1758,United Kingdom,low,90.23,2025-08-04 12:29:00
1759,Customer_1759,Italy,low,114.85,2025-03-21 11:20:00
1760,Customer_1760,United Kingdom,low,80.11,2025-07-02 20:23:00
1761,Customer_1761,Austria,high,328.05,2025-04-28 08:48:00
1762,Customer_1762,Austria,low,83.57,2025-02-05 09:17:00
1763,Customer_1763,Austria,low,107.38,2025-08-28 14:33:00
1764,Customer_1764,Spain,low,45.94,2025-01-03 14:21:00
1765,Customer_1765,Netherlands,low,54.93,2025-07-16 15:34:00
1766,Customer_1766,Germany,high,462.07,2025-12-19 14:52:00
1767,Customer_1767,Italy,low,109.38,2025-04-03 19:42:00
1768,Customer_1768,United Kingdom,low,52.37,2025-12-24 19:46:00
1769,Customer_1769,Belgium,low,109.65,2025-03-16 13:07:00
1770,Customer_1770,Austria,low,92.23,2025-08-27 10:40:00
1771,Customer_1771,Poland,low,77.84,2025-01-07 19:12:00
1772,Customer_1772,Austria,low,97.44,2025-10-13 11:22:00
1773,Customer_1773,Spain,high,783.05,2025-10-01 13:52:00
1774,Customer_1774,Belgium,low,109.67,2025-09-27 09:44:00
1775,Customer_1775,Poland,low,65.6,2025-07-12 13:53:00
1776,Customer_1776,Romania,low,117.41,2025-06-04 10:29:00
1777,Customer_1777,Austria,low,75.28,2025-03-18 14:24:00
1778,Customer_1778,Netherlands,medium,231.48,2025-07-21 12:44:00
1779,Customer_1779,United Kingdom,medium,279.29,2025-02-03 20:53:00
1780,Customer_1780,France,low,21.64,2025-07-04 15:47:00
1781,Customer_1781,United Kingdom,medium,101.93,2025-08-17 17:51:00
1782,Customer_1782,Italy,low,105.17,2025-04-08 20:29:00
1783,Customer_1783,Romania,low,39.56,2025-08-04 13:50:00
1784,Customer_1784,Poland,low,102.04,2025-12-26 19:25:00
1785,Customer_1785,Italy,medium,252.08,2025-09-10 12:56:00
1786,Customer_1786,Netherlands,low,110.27,2025-07-22 11:00:00
1787,Customer_1787,Austria,low,22.62,2025-06-27 16:52:00
1788,Customer_1788,United Kingdom,low,37.04,2025-10-14 11:35:00
1789,Customer_1789,Austria,low,84.44,2025-01-26 17:27:00
1790,Customer_1790,Germany,medium,165.89,2025-12-06 14:57:00
1791,Customer_1791,Belgium,low,63.74,2025-02-23 20:08:00
1792,Customer_1792,Romania,low,77.69,2025-07-27 20:40:00
1793,Customer_1793,Netherlands,medium,114.99,2025-06-07 09:05:00
1794,Customer_1794,Italy,low,82.89,2025-10-05 08:39:00
1795,Customer_1795,Romania,medium,97.33,2025-07-01 19:46:00
1796,Customer_1796,Germany,high,580.68,2025-06-06 11:41:00
1797,Customer_1797,Spain,low,73.54,2025-04-24 20:51:00
1798,Customer_1798,Austria,medium,225.04,2025-05-03 10:40:00
1799,Customer_1799,Italy,low,77.94,2025-02-04 15:59:00
1800,Customer_1800,United Kingdom,low,34.18,2025-05-06 09:04:00
1801,Customer_1801,Poland,medium,280.8,2025-04-13 09:31:00
1802,Customer_1802,Italy,low,68.65,2025-11-03 11:43:00
1803,Customer_1803,Austria,low,51.36,2025-08-26 10:11:00
1804,Customer_1804,Netherlands,low,37.87,2025-10-21 17:54:00
1805,Customer_1805,Italy,low,54.28,2025-06-16 17:38:00
1806,Customer_1806,Romania,low,72.17,2025-05-04 11:38:00
1807,Customer_1807,Italy,low,71.8,2025-03-07 13:07:00
1808,Customer_1808,Spain,low,33.86,2025-02-24 19:08:00
1809,Customer_1809,Netherlands,low,39.92,2025-02-12 19:35:00
1810,Customer_1810,Netherlands,low,100.9,2025-07-17 14:59:00
1811,Customer_1811,Spain,low,39.79,2025-12-09 14:06:00
1812,Customer_1812,United Kingdom,medium,209.27,2025-03-26 11:46:00
1813,Customer_1813,Poland,low,64.62,2025-10-24 12:52:00
1814,Customer_1814,Belgium,low,80.73,2025-07-07 17:22:00
1815,Customer_1815,Belgium,medium,260.26,2025-08-06 08:32:00
1816,Customer_1816,Netherlands,low,49.35,2025-11-17 13:25:00
1817,Customer_1817,Italy,low,100.9,2025-07-26 10:22:00
1818,Customer_1818,Spain,low,85.7,2025-06-05 20:20:00
1819,Customer_1819,France,low,88.83,2025-12-11 11:29:00
1820,Customer_1820,United Kingdom,medium,277.72,2025-09-03 14:18:00
1821,Customer_1821,United Kingdom,low,41.75,2025-09-09 19:38:00
1822,Customer_1822,France,low,84.63,2025-11-25 14:20:00
1823,Customer_1823,Belgium,low,24.97,2025-08-16 08:17:00
1824,Customer_1824,Austria,low,65.28,2025-10-11 17:24:00
1825,Customer_1825,Spain,low,48.5,2025-11-26 17:00:00
1826,Customer_1826,Poland,low,104.16,2025-07-02 16:58:00
1827,Customer_1827,Romania,low,84.48,2025-02-16 09:53:00
1828,Customer_1828,Austria,low,47.47,2025-06-13 09:35:00
1829,Customer_1829,Belgium,low,24.71,2025-05-23 15:31:00
1830,Customer_1830,France,medium,286.29,2025-02-01 11:03:00
1831,Customer_1831,Italy,low,119.35,2025-12-24 14:14:00
1832,Customer_1832,Germany,low,92.41,2025-06-27 16:00:00
1833,Customer_1833,Italy,low,98.49,2025-02-02 12:04:00
1834,Customer_1834,Netherlands,low,81.28,2025-07-09 19:10:00
1835,Customer_1835,Germany,low,31.99,2025-06-28 10:48:00
1836,Customer_1836,United Kingdom,medium,292.48,2025-07-21 15:42:00
1837,Customer_1837,France,low,44.05,2025-08-22 15:17:00
1838,Customer_1838,Belgium,medium,186.2,2025-02-09 20:18:00
1839,Customer_1839,France,low,103.55,2025-04-22 18:47:00
1840,Customer_1840,Spain,low,27.51,2025-08-02 11:00:00
1841,Customer_1841,Spain,low,58.51,2025-08-04 13:13:00
1842,Customer_1842,United Kingdom,medium,193.06,2025-06-25 12:45:00
1843,Customer_1843,Poland,low,104.78,2025-02-05 11:58:00
1844,Customer_1844,Belgium,low,65.24,2025-10-17 11:49:00
1845,Customer_1845,Austria,low,47.78,2025-03-22 12:55:00
1846,Customer_1846,United Kingdom,low,34.73,2025-02-24 09:15:00
1847,Customer_1847,Italy,medium,121.15,2025-01-16 18:33:00
1848,Customer_1848,Poland,low,31.83,2025-09-03 13:27:00
1849,Customer_1849,Spain,low,70.22,2025-09-11 08:28:00
1850,Customer_1850,Netherlands,low,24.91,2025-07-24 14:12:00
1851,Customer_1851,Netherlands,low,37.66,2025-05-17 17:31:00
1852,Customer_1852,Romania,low,88.12,2025-11-08 09:14:00
1853,Customer_1853,France,low,23.57,2025-05-08 09:34:00
1854,Customer_1854,France,low,108.26,2025-12-23 14:25:00
1855,Customer_1855,Austria,low,93.39,2025-12-09 15:13:00
1856,Customer_1856,Germany,medium,156.48,2025-05-23 17:18:00
1857,Customer_1857,Italy,low,70.32,2025-12-20 15:47:00
1858,Customer_1858,Netherlands,medium,231.35,2025-03-11 18:04:00
1859,Customer_1859,Germany,low,109.99,2025-03-01 18:30:00
1860,Customer_1860,Austria,low,37.75,2025-05-03 10:43:00
1861,Customer_1861,Italy,low,116.95,2025-10-01 15:55:00
1862,Customer_1862,Spain,low,24.52,2025-01-19 18:18:00
1863,Customer_1863,Spain,low,36.73,2025-03-25 09:06:00
1864,Customer_1864,Netherlands,medium,153.85,2025-08-24 13:34:00
1865,Customer_1865,Netherlands,low,45.35,2025-08-01 13:19:00
1866,Customer_1866,Belgium,medium,250.4,2025-10-16 09:17:00
1867,Customer_1867,Romania,low,22.07,2025-07-28 11:42:00
1868,Customer_1868,Germany,low,23.09,2025-10-24 19:27:00
1869,Customer_1869,Belgium,low,28.93,2025-07-21 09:17:00
1870,Customer_1870,Romania,medium,178.84,2025-09-06 12:58:00
1871,Customer_1871,Belgium,medium,166.03,2025-07-09 12:12:00
1872,Customer_1872,Italy,low,90.18,2025-10-04 14:50:00
1873,Customer_1873,Poland,low,99.25,2025-06-10 09:00:00
1874,Customer_1874,Poland,medium,112.37,2025-11-05 16:18:00
1875,Customer_1875,United Kingdom,low,36.26,2025-08-10 09:51:00
1876,Customer_1876,Netherlands,low,24.1,2025-05-27 17:07:00
1877,Customer_1877,Italy,low,20.51,2025-06-22 08:03:00
1878,Customer_1878,Netherlands,low,107.87,2025-09-22 20:35:00
1879,Customer_1879,Germany,high,627.92,2025-03-24 11:27:00
1880,Customer_1880,United Kingdom,medium,143.98,2025-01-16 13:15:00
1881,Customer_1881,Austria,low,116.69,2025-02-09 12:38:00
1882,Customer_1882,Netherlands,low,63.58,2025-06-26 17:08:00
1883,Customer_1883,Spain,low,61.63,2025-04-10 12:05:00
1884,Customer_1884,Netherlands,low,82.83,2025-09-06 14:50:00
1885,Customer_1885,Austria,low,72.66,2025-12-11 16:59:00
1886,Customer_1886,Belgium,low,62.77,2025-07-14 15:01:00
1887,Customer_1887,Romania,low,96.68,2025-02-25 10:39:00
1888,Customer_1888,Netherlands,medium,207.67,2025-06-05 17:34:00
1889,Customer_1889,United Kingdom,medium,91.78,2025-07-05 14:42:00
1890,Customer_1890,Italy,low,96.3,2025-09-15 08:05:00
1891,Customer_1891,Italy,low,118.62,2025-02-11 17:06:00
1892,Customer_1892,Netherlands,low,89.06,2025-01-04 19:37:00
1893,Customer_1893,Romania,low,25.3,2025-04-17 10:35:00
1894,Customer_1894,Poland,low,109.51,2025-11-28 10:19:00
1895,Customer_1895,Netherlands,low,113.65,2025-08-20 19:12:00
1896,Customer_1896,France,low,35.3,2025-02-17 09:15:00
1897,Customer_1897,Spain,low,22.47,2025-09-15 14:03:00
1898,Customer_1898,France,low,68.37,2025-03-27 11:53:00
1899,Customer_1899,Romania,low,81.28,2025-08-28 18:39:00
1900,Customer_1900,France,low,83.62,2025-03-05 19:42:00
1901,Customer_1901,Spain,low,94.17,2025-09-07 15:30:00
1902,Customer_1902,Netherlands,low,30.0,2025-10-16 13:42:00
1903,Customer_1903,Netherlands,low,89.77,2025-02-15 14:52:00
1904,Customer_1904,Austria,low,48.34,2025-02-19 14:00:00
1905,Customer_1905,United Kingdom,low,84.51,2025-11-20 15:02:00
1906,Customer_1906,Belgium,high,480.74,2025-12-15 12:00:00
1907,Customer_1907,Germany,low,105.58,2025-09-07 13:57:00
1908,Customer_1908,Romania,low,26.28,2025-11-05 13:41:00
1909,Customer_1909,United Kingdom,low,91.52,2025-03-09 20:48:00
1910,Customer_1910,Netherlands,medium,95.01,2025-11-16 14:30:00
1911,Customer_1911,United Kingdom,low,77.6,2025-09-25 18:33:00
1912,Customer_1912,Netherlands,low,52.41,2025-10-12 17:39:00
1913,Customer_1913,Austria,low,22.95,2025-12-06 11:06:00
1914,Customer_1914,France,low,87.93,2025-06-25 11:49:00
1915,Customer_1915,Spain,low,108.08,2025-12-13 20:26:00
1916,Customer_1916,France,low,45.05,2025-01-28 19:04:00
1917,Customer_1917,Poland,medium,213.44,2025-01-06 13:06:00
1918,Customer_1918,Poland,low,118.89,2025-10-18 11:12:00
1919,Customer_1919,Netherlands,low,87.88,2025-04-07 19:10:00
1920,Customer_1920,Austria,medium,257.91,2025-04-03 17:01:00
1921,Customer_1921,France,low,101.0,2025-01-12 20:26:00
1922,Customer_1922,United Kingdom,low,27.2,2025-03-22 19:58:00
1923,Customer_1923,Romania,low,103.24,2025-10-27 15:32:00
1924,Customer_1924,Belgium,low,109.98,2025-03-26 09:28:00
1925,Customer_1925,Austria,low,107.4,2025-10-03 10:50:00
1926,Customer_1926,Romania,low,31.79,2025-04-02 17:34:00
1927,Customer_1927,Belgium,low,102.13,2025-05-27 12:24:00
1928,Customer_1928,Belgium,low,107.15,2025-05-03 16:36:00
1929,Customer_1929,Spain,medium,285.0,2025-09-10 14:39:00
1930,Customer_1930,Italy,low,109.18,2025-10-16 12:41:00
1931,Customer_1931,Italy,low,62.14,2025-04-11 20:03:00
1932,Customer_1932,Germany,low,101.68,2025-06-25 18:58:00
1933,Customer_1933,Italy,low,27.29,2025-10-20 19:53:00
1934,Customer_1934,Italy,low,27.08,2025-07-20 19:39:00
1935,Customer_1935,France,medium,185.33,2025-03-09 19:02:00
1936,Customer_1936,France,low,70.76,2025-11-12 14:30:00
1937,Customer_1937,Netherlands,medium,272.82,2025-04-01 08:01:00
1938,Customer_1938,Spain,low,106.03,2025-11-22 19:01:00
1939,Customer_1939,Romania,low,58.71,2025-07-23 10:27:00
1940,Customer_1940,Austria,low,31.56,2025-02-20 13:22:00
1941,Customer_1941,Spain,low,111.81,2025-04-08 09:37:00
1942,Customer_1942,Italy,low,94.75,2025-09-19 08:51:00
1943,Customer_1943,Italy,medium,134.98,2025-01-03 08:08:00
1944,Customer_1944,Poland,low,24.37,2025-06-20 18:56:00
1945,Customer_1945,Spain,high,277.83,2025-07-16 18:07:00
1946,Customer_1946,France,low,113.84,2025-04-16 19:47:00
1947,Customer_1947,Belgium,medium,268.93,2025-08-23 12:23:00
1948,Customer_1948,Romania,low,85.36,2025-09-09 13:44:00
1949,Customer_1949,Romania,low,25.4,2025-07-23 17:31:00
1950,Customer_1950,Netherlands,low,111.2,2025-09-08 12:47:00
1951,Customer_1951,Romania,low,57.24,2025-03-02 11:44:00
1952,Customer_1952,Poland,low,65.38,2025-02-01 15:53:00
1953,Customer_1953,Italy,low,78.82,2025-05-27 09:03:00
1954,Customer_1954,Netherlands,medium,164.47,2025-01-28 14:24:00
1955,Customer_1955,Poland,low,40.57,2025-03-22 14:34:00
1956,Customer_1956,Italy,low,23.13,2025-06-01 17:48:00
1957,Customer_1957,Belgium,medium,279.64,2025-10-07 20:01:00
1958,Customer_1958,Belgium,low,82.15,2025-07-26 19:59:00
1959,Customer_1959,Italy,medium,201.72,2025-12-22 12:54:00
1960,Customer_1960,Romania,low,77.26,2025-10-25 16:16:00
1961,Customer_1961,Germany,high,480.4,2025-04-05 08:17:00
1962,Customer_1962,Netherlands,low,44.99,2025-09-10 13:36:00
1963,Customer_1963,Austria,low,47.43,2025-05-22 12:50:00
1964,Customer_1964,United Kingdom,low,50.69,2025-11-11 12:54:00
1965,Customer_1965,Germany,low,21.73,2025-01-15 08:22:00
1966,Customer_1966,Poland,low,75.66,2025-07-02 17:05:00
1967,Customer_1967,Netherlands,medium,201.32,2025-02-15 10:16:00
1968,Customer_1968,Netherlands,low,69.49,2025-04-21 10:09:00
1969,Customer_1969,United Kingdom,low,43.27,2025-11-02 10:43:00
1970,Customer_1970,Romania,medium,207.58,2025-01-18 19:14:00
1971,Customer_1971,Italy,high,795.18,2025-05-01 18:54:00
1972,Customer_1972,Belgium,low,24.47,2025-04-12 09:04:00
1973,Customer_1973,Romania,low,71.1,2025-04-07 13:36:00
1974,Customer_1974,Belgium,medium,229.82,2025-02-21 14:56:00
1975,Customer_1975,Netherlands,low,52.65,2025-06-11 14:57:00
1976,Customer_1976,Belgium,low,117.35,2025-10-01 10:23:00
1977,Customer_1977,Italy,low,35.01,2025-10-01 09:38:00
1978,Customer_1978,Spain,medium,192.38,2025-12-17 20:37:00
1979,Customer_1979,Belgium,medium,163.34,2025-10-02 18:46:00
1980,Customer_1980,Germany,low,119.78,2025-02-03 11:36:00
1981,Customer_1981,Romania,high,578.19,2025-12-14 16:46:00
1982,Customer_1982,France,medium,196.11,2025-01-20 15:42:00
1983,Customer_1983,Romania,low,51.69,2025-04-27 17:18:00
1984,Customer_1984,Spain,low,99.9,2025-06-08 15:20:00
1985,Customer_1985,France,low,64.5,2025-07-12 09:22:00
1986,Customer_1986,Romania,low,111.46,2025-11-16 17:14:00
1987,Customer_1987,Poland,medium,130.55,2025-03-18 11:49:00
1988,Customer_1988,Austria,low,86.59,2025-10-09 20:18:00
1989,Customer_1989,Belgium,low,28.15,2025-07-17 10:36:00
1990,Customer_1990,Poland,low,97.26,2025-03-15 08:10:00
1991,Customer_1991,France,low,96.55,2025-12-16 19:06:00
1992,Customer_1992,Germany,medium,263.45,2025-01-23 10:04:00
1993,Customer_1993,Germany,low,72.93,2025-07-14 13:08:00
1994,Customer_1994,Austria,low,44.14,2025-05-04 13:57:00
1995,Customer_1995,Belgium,low,81.66,2025-12-02 09:47:00
1996,Customer_1996,Belgium,medium,280.35,2025-11-15 19:53:00
1997,Customer_1997,Austria,low,67.71,2025-03-24 10:46:00
1998,Customer_1998,United Kingdom,medium,286.06,2025-02-05 08:37:00
1999,Customer_1999,United Kingdom,low,84.94,2025-07-11 15:11:00
2000,Customer_2000,Romania,low,47.93,2025-02-08 12:31:00
2001,Customer_2001,Belgium,low,71.77,2025-09-19 16:54:00
2002,Customer_2002,Austria,low,58.41,2025-03-05 08:52:00
2003,Customer_2003,Spain,low,47.83,2025-10-11 09:22:00
2004,Customer_2004,Netherlands,low,48.78,2025-08-15 11:56:00
2005,Customer_2005,Germany,low,111.77,2025-10-25 09:59:00
2006,Customer_2006,Spain,low,34.1,2025-04-18 16:48:00
2007,Customer_2007,Germany,low,110.25,2025-09-18 20:12:00
2008,Customer_2008,Italy,low,102.24,2025-06-07 12:36:00
2009,Customer_2009,Austria,low,72.09,2025-08-10 09:45:00
2010,Customer_2010,France,low,63.23,2025-05-03 10:17:00
2011,Customer_2011,France,high,682.18,2025-12-26 11:46:00
2012,Customer_2012,France,low,70.71,2025-05-15 18:47:00
2013,Customer_2013,Romania,low,27.41,2025-12-11 08:27:00
2014,Customer_2014,France,medium,254.72,2025-06-07 16:42:00
2015,Customer_2015,Italy,medium,218.0,2025-04-05 17:24:00
2016,Customer_2016,Spain,low,46.53,2025-03-16 10:46:00
2017,Customer_2017,Poland,low,39.86,2025-02-17 19:47:00
2018,Customer_2018,Spain,low,26.73,2025-09-20 11:45:00
2019,Customer_2019,Germany,low,88.8,2025-10-13 18:37:00
2020,Customer_2020,Spain,low,68.42,2025-11-06 12:53:00
2021,Customer_2021,Spain,medium,226.95,2025-08-26 18:25:00
2022,Customer_2022,United Kingdom,low,68.1,2025-02-08 09:56:00
2023,Customer_2023,Netherlands,low,64.72,2025-04-22 14:07:00
2024,Customer_2024,Germany,low,51.89,2025-02-12 19:25:00
2025,Customer_2025,Germany,medium,186.42,2025-08-20 14:43:00
2026,Customer_2026,Spain,low,46.79,2025-04-28 20:26:00
2027,Customer_2027,Italy,low,52.32,2025-11-11 14:25:00
2028,Customer_2028,Poland,low,46.07,2025-01-09 15:46:00
2029,Customer_2029,Spain,low,101.85,2025-05-15 14:14:00
2030,Customer_2030,United Kingdom,medium,197.92,2025-11-04 17:39:00
2031,Customer_2031,Belgium,low,73.98,2025-12-01 20:24:00
2032,Customer_2032,France,medium,153.32,2025-06-25 20:35:00
2033,Customer_2033,France,low,71.86,2025-06-18 11:10:00
2034,Customer_2034,Romania,low,91.78,2025-05-26 10:58:00
2035,Customer_2035,Belgium,low,41.56,2025-12-08 08:02:00
2036,Customer_2036,Italy,medium,195.84,2025-09-13 20:31:00
2037,Customer_2037,Italy,low,50.15,2025-04-21 20:44:00
2038,Customer_2038,Spain,low,94.99,2025-07-21 14:08:00
2039,Customer_2039,Netherlands,medium,96.84,2025-09-24 19:48:00
2040,Customer_2040,Austria,low,94.27,2025-09-20 10:06:00
2041,Customer_2041,United Kingdom,medium,122.74,2025-10-28 12:50:00
2042,Customer_2042,Belgium,low,94.35,2025-05-09 15:12:00
2043,Customer_2043,France,low,85.61,2025-08-13 12:27:00
2044,Customer_2044,France,low,60.63,2025-05-16 12:58:00
2045,Customer_2045,Romania,low,58.24,2025-08-24 14:23:00
2046,Customer_2046,Romania,low,65.23,2025-10-01 14:49:00
2047,Customer_2047,Spain,low,67.68,2025-02-21 12:21:00
2048,Customer_2048,Germany,medium,294.68,2025-02-18 10:13:00
2049,Customer_2049,Poland,low,28.39,2025-07-20 15:33:00
2050,Customer_2050,United Kingdom,medium,92.97,2025-08-09 14:19:00
2051,Customer_2051,Belgium,medium,88.03,2025-12-19 17:26:00
2052,Customer_2052,Italy,low,40.92,2025-09-26 15:34:00
2053,Customer_2053,Poland,low,85.2,2025-06-15 19:30:00
2054,Customer_2054,Romania,low,93.97,2025-12-03 09:27:00
2055,Customer_2055,France,low,95.69,2025-03-17 19:07:00
2056,Customer_2056,Germany,low,106.97,2025-02-02 14:31:00
2057,Customer_2057,Germany,low,72.46,2025-03-24 16:26:00
2058,Customer_2058,Austria,low,31.76,2025-05-24 18:17:00
2059,Customer_2059,Romania,low,108.95,2025-10-21 10:09:00
2060,Customer_2060,Netherlands,low,40.45,2025-10-23 13:33:00
2061,Customer_2061,United Kingdom,low,66.29,2025-06-24 19:54:00
2062,Customer_2062,Germany,low,91.51,2025-08-01 13:26:00
2063,Customer_2063,Germany,low,26.7,2025-01-10 19:12:00
2064,Customer_2064,Spain,low,73.77,2025-06-04 08:39:00
2065,Customer_2065,Poland,low,26.68,2025-11-18 11:22:00
2066,Customer_2066,Italy,medium,140.41,2025-07-19 19:19:00
2067,Customer_2067,Belgium,low,60.33,2025-05-18 16:41:00
2068,Customer_2068,Spain,low,35.24,2025-12-07 12:11:00
2069,Customer_2069,Netherlands,low,32.67,2025-09-19 18:49:00
2070,Customer_2070,Austria,low,97.2,2025-10-20 12:51:00
2071,Customer_2071,United Kingdom,low,67.34,2025-03-01 20:14:00
2072,Customer_2072,Spain,low,100.34,2025-03-05 10:30:00
2073,Customer_2073,Italy,low,109.6,2025-01-05 16:51:00
2074,Customer_2074,Poland,low,67.17,2025-05-17 20:07:00
2075,Customer_2075,Spain,low,57.73,2025-07-23 15:22:00
2076,Customer_2076,Netherlands,medium,149.73,2025-02-20 11:10:00
2077,Customer_2077,Netherlands,low,103.99,2025-09-15 15:44:00
2078,Customer_2078,Netherlands,low,75.79,2025-07-21 13:11:00
2079,Customer_2079,Italy,medium,268.18,2025-11-12 19:27:00
2080,Customer_2080,Spain,low,107.63,2025-04-13 13:11:00
2081,Customer_2081,Italy,low,56.1,2025-04-01 17:19:00
2082,Customer_2082,Belgium,low,56.89,2025-05-17 08:38:00
2083,Customer_2083,Netherlands,low,47.5,2025-08-13 08:44:00
2084,Customer_2084,Netherlands,low,25.72,2025-10-27 08:55:00
2085,Customer_2085,Poland,high,579.34,2025-08-06 15:47:00
2086,Customer_2086,Romania,medium,88.4,2025-01-20 19:09:00
2087,Customer_2087,Germany,medium,108.96,2025-07-27 09:03:00
2088,Customer_2088,Poland,low,26.23,2025-02-28 16:17:00
2089,Customer_2089,Spain,low,93.75,2025-06-27 18:54:00
2090,Customer_2090,Belgium,medium,117.23,2025-10-24 13:33:00
2091,Customer_2091,Italy,medium,168.7,2025-11-22 08:04:00
2092,Customer_2092,Spain,medium,190.34,2025-12-09 09:11:00
2093,Customer_2093,Poland,low,80.85,2025-12-17 14:11:00
2094,Customer_2094,Italy,low,76.06,2025-02-11 15:36:00
2095,Customer_2095,France,low,66.3,2025-02-03 10:46:00
2096,Customer_2096,France,low,79.11,2025-01-25 10:50:00
2097,Customer_2097,Italy,low,57.45,2025-02-24 11:19:00
2098,Customer_2098,Spain,low,93.81,2025-05-02 14:45:00
2099,Customer_2099,Netherlands,low,34.04,2025-06-14 11:53:00
2100,Customer_2100,Spain,low,39.92,2025-05-09 19:28:00
2101,Customer_2101,Netherlands,low,55.52,2025-06-12 20:41:00
2102,Customer_2102,Romania,low,83.1,2025-03-02 17:24:00
2103,Customer_2103,Germany,low,41.07,2025-12-14 13:41:00
2104,Customer_2104,Netherlands,low,89.97,2025-09-18 19:50:00
2105,Customer_2105,Netherlands,low,97.34,2025-05-07 15:16:00
2106,Customer_2106,Italy,medium,193.75,2025-11-06 15:08:00
2107,Customer_2107,Poland,low,57.23,2025-07-22 17:57:00
2108,Customer_2108,Italy,low,30.46,2025-06-28 08:10:00
2109,Customer_2109,Austria,low,53.67,2025-02-06 13:19:00
2110,Customer_2110,Germany,low,38.62,2025-01-15 20:39:00
2111,Customer_2111,Poland,low,89.45,2025-12-13 15:53:00
2112,Customer_2112,Spain,low,57.32,2025-06-16 18:25:00
2113,Customer_2113,Netherlands,low,112.9,2025-04-25 16:06:00
2114,Customer_2114,Austria,low,46.94,2025-10-13 17:01:00
2115,Customer_2115,Germany,low,112.24,2025-10-23 16:12:00
2116,Customer_2116,United Kingdom,medium,108.58,2025-06-26 08:05:00
2117,Customer_2117,Netherlands,medium,111.12,2025-06-15 14:10:00
2118,Customer_2118,Poland,low,34.75,2025-03-10 12:05:00
2119,Customer_2119,Germany,low,40.33,2025-02-24 11:09:00
2120,Customer_2120,Romania,medium,162.34,2025-08-06 13:06:00
2121,Customer_2121,Poland,low,59.4,2025-04-16 18:24:00
2122,Customer_2122,Poland,low,96.31,2025-02-13 10:20:00
2123,Customer_2123,Germany,low,52.71,2025-05-27 18:46:00
2124,Customer_2124,Austria,low,73.41,2025-06-16 18:47:00
2125,Customer_2125,United Kingdom,low,108.56,2025-03-25 11:23:00
2126,Customer_2126,Belgium,low,102.32,2025-10-20 20:25:00
2127,Customer_2127,France,low,33.81,2025-04-02 11:19:00
2128,Customer_2128,Austria,low,58.41,2025-03-14 10:18:00
2129,Customer_2129,Netherlands,low,102.13,2025-01-09 14:11:00
2130,Customer_2130,Germany,low,71.73,2025-02-15 20:05:00
2131,Customer_2131,Belgium,low,30.14,2025-07-26 20:00:00
2132,Customer_2132,Germany,low,77.47,2025-07-22 15:00:00
2133,Customer_2133,Poland,low,87.02,2025-07-25 08:19:00
2134,Customer_2134,Austria,low,83.41,2025-10-26 20:58:00
2135,Customer_2135,Poland,low,98.1,2025-12-11 16:23:00
2136,Customer_2136,France,medium,295.76,2025-09-25 14:55:00
2137,Customer_2137,France,low,53.71,2025-12-19 12:12:00
2138,Customer_2138,Romania,medium,240.08,2025-08-14 08:29:00
2139,Customer_2139,Netherlands,low,106.79,2025-08-12 08:56:00
2140,Customer_2140,United Kingdom,low,45.23,2025-06-22 12:49:00
2141,Customer_2141,Italy,low,37.87,2025-06-14 08:28:00
2142,Customer_2142,Belgium,low,23.56,2025-02-12 19:02:00
2143,Customer_2143,Romania,low,44.86,2025-02-18 09:08:00
2144,Customer_2144,Germany,low,63.11,2025-05-12 15:44:00
2145,Customer_2145,United Kingdom,low,102.56,2025-12-27 16:36:00
2146,Customer_2146,Poland,low,52.66,2025-01-05 17:46:00
2147,Customer_2147,France,low,118.03,2025-02-11 18:47:00
2148,Customer_2148,Netherlands,low,22.24,2025-12-09 19:41:00
2149,Customer_2149,France,medium,175.36,2025-02-26 11:36:00
2150,Customer_2150,Netherlands,high,569.35,2025-09-28 20:15:00
2151,Customer_2151,Italy,low,67.29,2025-07-09 19:44:00
2152,Customer_2152,Germany,low,87.14,2025-10-13 10:43:00
2153,Customer_2153,Netherlands,low,60.72,2025-01-26 14:42:00
2154,Customer_2154,Germany,low,66.24,2025-11-11 09:14:00
2155,Customer_2155,Spain,low,52.46,2025-02-20 12:46:00
2156,Customer_2156,United Kingdom,medium,209.34,2025-11-20 13:34:00
2157,Customer_2157,Austria,low,75.77,2025-06-11 13:22:00
2158,Customer_2158,Poland,low,105.44,2025-08-07 16:44:00
2159,Customer_2159,Germany,low,45.57,2025-01-22 17:05:00
2160,Customer_2160,Poland,low,54.53,2025-04-24 16:23:00
2161,Customer_2161,Netherlands,low,51.53,2025-11-15 08:09:00
2162,Customer_2162,United Kingdom,low,82.43,2025-10-14 14:48:00
2163,Customer_2163,Italy,medium,142.46,2025-12-16 11:24:00
2164,Customer_2164,Romania,low,80.71,2025-02-04 14:13:00
2165,Customer_2165,Spain,high,542.45,2025-03-28 10:49:00
2166,Customer_2166,Austria,low,55.2,2025-04-14 17:17:00
2167,Customer_2167,Belgium,medium,218.66,2025-11-22 18:48:00
2168,Customer_2168,Belgium,low,73.25,2025-04-28 14:31:00
2169,Customer_2169,Poland,low,112.46,2025-03-28 10:25:00
2170,Customer_2170,Netherlands,low,102.99,2025-08-21 10:43:00
2171,Customer_2171,France,low,85.31,2025-07-14 11:40:00
2172,Customer_2172,Italy,low,33.86,2025-10-17 09:38:00
2173,Customer_2173,United Kingdom,low,114.55,2025-06-20 11:10:00
2174,Customer_2174,United Kingdom,low,88.44,2025-06-01 19:38:00
2175,Customer_2175,Austria,low,106.34,2025-03-15 13:46:00
2176,Customer_2176,Spain,low,113.71,2025-04-11 10:18:00
2177,Customer_2177,France,medium,125.54,2025-08-15 11:43:00
2178,Customer_2178,United Kingdom,low,44.19,2025-03-15 16:41:00
2179,Customer_2179,France,medium,264.33,2025-03-08 15:46:00
2180,Customer_2180,France,low,23.23,2025-11-14 16:30:00
2181,Customer_2181,Austria,low,61.71,2025-05-23 16:07:00
2182,Customer_2182,United Kingdom,low,73.42,2025-01-15 15:52:00
2183,Customer_2183,Italy,low,59.84,2025-12-25 08:23:00
2184,Customer_2184,Austria,low,71.16,2025-11-15 14:50:00
2185,Customer_2185,France,low,104.71,2025-10-25 20:07:00
2186,Customer_2186,Germany,low,85.65,2025-03-08 20:30:00
2187,Customer_2187,Spain,low,53.0,2025-12-03 15:57:00
2188,Customer_2188,Poland,medium,246.54,2025-06-10 19:28:00
2189,Customer_2189,Belgium,medium,233.9,2025-10-09 17:02:00
2190,Customer_2190,Germany,low,48.84,2025-04-12 17:23:00
2191,Customer_2191,Netherlands,low,91.58,2025-10-21 12:30:00
2192,Customer_2192,Poland,low,35.44,2025-12-05 10:38:00
2193,Customer_2193,Netherlands,medium,136.61,2025-04-01 11:37:00
2194,Customer_2194,Netherlands,low,21.21,2025-06-24 16:47:00
2195,Customer_2195,Romania,low,81.85,2025-03-12 18:09:00
2196,Customer_2196,United Kingdom,medium,149.15,2025-06-13 15:41:00
2197,Customer_2197,Germany,medium,186.05,2025-08-13 08:42:00
2198,Customer_2198,France,low,50.93,2025-04-05 12:38:00
2199,Customer_2199,France,low,55.65,2025-08-19 18:58:00
2200,Customer_2200,Italy,medium,266.06,2025-09-08 19:12:00
2201,Customer_2201,Belgium,low,59.85,2025-02-11 16:04:00
2202,Customer_2202,Netherlands,low,73.48,2025-12-18 09:51:00
2203,Customer_2203,Italy,low,72.29,2025-04-09 20:47:00
2204,Customer_2204,Germany,low,85.08,2025-04-08 19:45:00
2205,Customer_2205,Poland,low,117.94,2025-05-18 12:05:00
2206,Customer_2206,Spain,low,111.75,2025-03-17 12:03:00
2207,Customer_2207,Spain,low,78.57,2025-10-16 15:06:00
2208,Customer_2208,Romania,medium,91.24,2025-11-03 11:30:00
2209,Customer_2209,France,low,67.6,2025-02-18 17:13:00
2210,Customer_2210,United Kingdom,low,76.93,2025-10-14 09:46:00
2211,Customer_2211,Poland,medium,122.86,2025-11-20 20:29:00
2212,Customer_2212,Italy,low,60.72,2025-05-16 18:11:00
2213,Customer_2213,Belgium,low,71.42,2025-11-10 12:55:00
2214,Customer_2214,Romania,low,47.53,2025-09-17 12:40:00
2215,Customer_2215,Poland,low,95.66,2025-03-16 08:20:00
2216,Customer_2216,Romania,low,36.31,2025-02-25 14:43:00
2217,Customer_2217,Netherlands,low,106.2,2025-06-21 18:34:00
2218,Customer_2218,Germany,low,30.87,2025-04-07 12:32:00
2219,Customer_2219,Netherlands,low,73.04,2025-02-22 12:59:00
2220,Customer_2220,United Kingdom,low,87.19,2025-06-06 11:49:00
2221,Customer_2221,Austria,medium,267.52,2025-10-22 10:20:00
2222,Customer_2222,Romania,high,592.09,2025-07-25 19:17:00
2223,Customer_2223,Spain,medium,183.84,2025-05-12 10:19:00
2224,Customer_2224,Belgium,low,102.92,2025-06-15 12:27:00
2225,Customer_2225,United Kingdom,low,61.71,2025-07-02 14:22:00
2226,Customer_2226,Germany,high,660.23,2025-01-27 19:12:00
2227,Customer_2227,Spain,low,45.59,2025-06-01 13:27:00
2228,Customer_2228,Austria,low,76.0,2025-04-26 11:39:00
2229,Customer_2229,Romania,low,47.4,2025-02-08 10:20:00
2230,Customer_2230,Poland,medium,210.45,2025-01-25 18:24:00
2231,Customer_2231,Poland,low,118.69,2025-10-13 08:06:00
2232,Customer_2232,Italy,low,47.6,2025-06-15 12:07:00
2233,Customer_2233,Poland,low,94.98,2025-06-25 19:26:00
2234,Customer_2234,Germany,medium,209.76,2025-10-07 16:05:00
2235,Customer_2235,Poland,low,77.27,2025-11-09 16:33:00
2236,Customer_2236,Netherlands,low,34.05,2025-02-28 20:44:00
2237,Customer_2237,Belgium,high,416.74,2025-08-24 11:11:00
2238,Customer_2238,Belgium,low,66.08,2025-06-07 18:45:00
2239,Customer_2239,Netherlands,low,94.77,2025-01-05 09:41:00
2240,Customer_2240,Austria,low,100.61,2025-01-27 16:03:00
2241,Customer_2241,Romania,low,76.57,2025-01-17 20:20:00
2242,Customer_2242,Romania,low,77.48,2025-11-03 19:04:00
2243,Customer_2243,United Kingdom,low,75.83,2025-02-18 10:51:00
2244,Customer_2244,Romania,medium,99.3,2025-08-20 18:12:00
2245,Customer_2245,France,medium,174.81,2025-05-15 15:56:00
2246,Customer_2246,Germany,low,27.3,2025-11-19 13:29:00
2247,Customer_2247,Romania,medium,242.68,2025-07-01 14:36:00
2248,Customer_2248,Netherlands,low,102.82,2025-01-01 11:20:00
2249,Customer_2249,Austria,low,105.56,2025-10-22 20:20:00
2250,Customer_2250,Romania,low,86.54,2025-10-12 19:55:00
2251,Customer_2251,United Kingdom,low,97.3,2025-04-10 10:06:00
2252,Customer_2252,Italy,low,114.45,2025-01-25 10:34:00
2253,Customer_2253,Belgium,high,396.48,2025-06-08 18:13:00
2254,Customer_2254,Spain,low,62.43,2025-05-08 11:49:00
2255,Customer_2255,Belgium,low,107.76,2025-08-04 14:01:00
2256,Customer_2256,Poland,medium,267.92,2025-04-13 08:28:00
2257,Customer_2257,Poland,low,40.56,2025-07-19 09:05:00
2258,Customer_2258,Germany,low,77.83,2025-09-04 10:48:00
2259,Customer_2259,Spain,low,68.91,2025-10-12 19:20:00
2260,Customer_2260,Austria,low,118.52,2025-09-12 15:16:00
2261,Customer_2261,Romania,low,65.7,2025-01-13 20:26:00
2262,Customer_2262,Austria,high,260.04,2025-06-10 09:27:00
2263,Customer_2263,Netherlands,low,90.12,2025-11-21 20:24:00
2264,Customer_2264,Poland,low,116.42,2025-12-21 13:02:00
2265,Customer_2265,Germany,medium,119.02,2025-01-05 16:09:00
2266,Customer_2266,Germany,low,96.23,2025-01-20 20:13:00
2267,Customer_2267,Netherlands,low,61.49,2025-03-14 10:11:00
2268,Customer_2268,Romania,high,645.18,2025-11-06 13:56:00
2269,Customer_2269,France,medium,86.6,2025-04-10 14:40:00
2270,Customer_2270,Belgium,medium,138.34,2025-06-01 20:01:00
2271,Customer_2271,Belgium,low,67.05,2025-12-28 10:58:00
2272,Customer_2272,Austria,low,57.7,2025-10-24 16:10:00
2273,Customer_2273,Germany,low,54.87,2025-04-03 14:04:00
2274,Customer_2274,France,high,478.66,2025-07-28 16:28:00
2275,Customer_2275,Germany,medium,258.07,2025-01-10 15:30:00
2276,Customer_2276,Netherlands,low,85.64,2025-06-20 18:45:00
2277,Customer_2277,France,low,94.87,2025-10-07 10:14:00
2278,Customer_2278,Romania,low,114.23,2025-04-22 09:47:00
2279,Customer_2279,France,low,48.23,2025-10-04 11:14:00
2280,Customer_2280,Netherlands,low,85.94,2025-06-23 15:42:00
2281,Customer_2281,United Kingdom,low,77.72,2025-05-25 10:20:00
2282,Customer_2282,Austria,low,34.52,2025-12-28 08:47:00
2283,Customer_2283,Austria,low,99.42,2025-03-01 10:40:00
2284,Customer_2284,Italy,medium,132.32,2025-07-11 08:36:00
2285,Customer_2285,Poland,low,54.39,2025-11-28 17:25:00
2286,Customer_2286,Poland,high,471.92,2025-05-18 15:07:00
2287,Customer_2287,Netherlands,low,71.45,2025-06-11 10:16:00
2288,Customer_2288,Belgium,medium,187.22,2025-09-15 18:06:00
2289,Customer_2289,Belgium,medium,137.83,2025-06-14 18:01:00
2290,Customer_2290,Romania,low,42.71,2025-08-27 09:07:00
2291,Customer_2291,Romania,low,32.63,2025-06-10 15:27:00
2292,Customer_2292,Romania,high,249.78,2025-09-06 14:52:00
2293,Customer_2293,Romania,low,104.0,2025-04-25 08:12:00
2294,Customer_2294,Belgium,low,97.99,2025-10-28 16:33:00
2295,Customer_2295,Italy,medium,159.78,2025-04-23 16:10:00
2296,Customer_2296,Belgium,low,88.04,2025-11-21 17:14:00
2297,Customer_2297,Germany,low,115.51,2025-07-28 11:17:00
2298,Customer_2298,Italy,high,769.34,2025-05-13 16:26:00
2299,Customer_2299,Poland,low,33.61,2025-05-01 09:16:00
2300,Customer_2300,Romania,low,40.88,2025-12-20 17:04:00
2301,Customer_2301,Italy,medium,110.87,2025-08-27 10:48:00
2302,Customer_2302,Spain,low,35.94,2025-07-13 17:12:00
2303,Customer_2303,Spain,medium,95.52,2025-05-05 14:07:00
2304,Customer_2304,United Kingdom,medium,113.41,2025-08-05 18:17:00
2305,Customer_2305,Belgium,low,31.73,2025-05-17 09:49:00
2306,Customer_2306,United Kingdom,low,86.04,2025-05-27 09:34:00
2307,Customer_2307,United Kingdom,low,27.04,2025-12-11 12:02:00
2308,Customer_2308,Austria,medium,136.2,2025-11-15 14:37:00
2309,Customer_2309,Germany,medium,232.12,2025-08-25 12:14:00
2310,Customer_2310,Romania,low,119.76,2025-10-20 13:15:00
2311,Customer_2311,Poland,medium,291.91,2025-07-02 18:06:00
2312,Customer_2312,Netherlands,medium,241.14,2025-05-21 16:21:00
2313,Customer_2313,Austria,low,45.12,2025-06-03 08:06:00
2314,Customer_2314,Poland,low,69.5,2025-10-14 18:17:00
2315,Customer_2315,France,high,695.76,2025-08-18 17:53:00
2316,Customer_2316,United Kingdom,low,71.9,2025-11-13 08:38:00
2317,Customer_2317,France,low,99.36,2025-02-19 09:07:00
2318,Customer_2318,Spain,low,87.26,2025-10-14 14:45:00
2319,Customer_2319,Italy,low,98.81,2025-08-19 16:02:00
2320,Customer_2320,Austria,medium,218.19,2025-07-22 08:13:00
2321,Customer_2321,United Kingdom,low,83.05,2025-06-04 12:58:00
2322,Customer_2322,Austria,medium,240.39,2025-05-12 18:22:00
2323,Customer_2323,Belgium,high,349.22,2025-08-26 08:20:00
2324,Customer_2324,Poland,low,83.48,2025-03-07 16:49:00
2325,Customer_2325,Romania,low,94.07,2025-06-25 10:54:00
2326,Customer_2326,Poland,medium,153.43,2025-10-18 19:51:00
2327,Customer_2327,Spain,low,50.58,2025-12-03 18:25:00
2328,Customer_2328,Belgium,low,83.95,2025-07-07 12:54:00
2329,Customer_2329,Poland,low,100.59,2025-06-25 10:10:00
2330,Customer_2330,Belgium,low,38.98,2025-05-17 19:41:00
2331,Customer_2331,Romania,low,75.99,2025-03-13 17:44:00
2332,Customer_2332,France,low,29.05,2025-10-22 14:54:00
2333,Customer_2333,Netherlands,low,54.02,2025-06-13 10:58:00
2334,Customer_2334,Austria,low,115.61,2025-05-20 17:05:00
2335,Customer_2335,Belgium,high,465.52,2025-01-08 16:09:00
2336,Customer_2336,Netherlands,low,42.45,2025-12-08 11:56:00
2337,Customer_2337,Spain,low,101.15,2025-03-01 12:15:00
2338,Customer_2338,Italy,medium,186.32,2025-08-14 16:35:00
2339,Customer_2339,United Kingdom,low,38.61,2025-09-19 14:40:00
2340,Customer_2340,United Kingdom,medium,295.41,2025-12-09 19:50:00
2341,Customer_2341,Belgium,medium,137.98,2025-06-12 11:20:00
2342,Customer_2342,Romania,low,115.81,2025-03-11 19:15:00
2343,Customer_2343,Romania,low,29.66,2025-09-23 15:34:00
2344,Customer_2344,Belgium,low,102.63,2025-04-24 13:45:00
2345,Customer_2345,Romania,medium,129.27,2025-05-19 08:29:00
2346,Customer_2346,United Kingdom,low,79.11,2025-02-06 08:35:00
2347,Customer_2347,Poland,low,25.75,2025-06-16 19:09:00
2348,Customer_2348,France,low,26.54,2025-12-09 17:16:00
2349,Customer_2349,Italy,low,69.08,2025-12-25 10:25:00
2350,Customer_2350,Spain,low,50.98,2025-12-22 12:21:00
2351,Customer_2351,Spain,low,107.6,2025-07-05 20:34:00
2352,Customer_2352,United Kingdom,low,20.68,2025-10-02 19:48:00
2353,Customer_2353,Belgium,low,97.46,2025-02-20 09:33:00
2354,Customer_2354,Austria,low,93.26,2025-04-20 20:48:00
2355,Customer_2355,Germany,medium,86.49,2025-08-24 09:21:00
2356,Customer_2356,France,low,60.36,2025-12-22 14:51:00
2357,Customer_2357,Austria,low,67.44,2025-06-06 09:19:00
2358,Customer_2358,Belgium,low,63.04,2025-05-16 09:11:00
2359,Customer_2359,Netherlands,low,42.66,2025-11-21 09:21:00
2360,Customer_2360,Poland,medium,195.25,2025-01-20 08:35:00
2361,Customer_2361,Italy,low,29.55,2025-01-17 08:00:00
2362,Customer_2362,Belgium,low,22.77,2025-10-19 13:54:00
2363,Customer_2363,France,high,313.09,2025-10-16 10:34:00
2364,Customer_2364,Spain,high,258.18,2025-11-05 17:23:00
2365,Customer_2365,United Kingdom,low,64.07,2025-03-17 10:52:00
2366,Customer_2366,Poland,low,23.88,2025-09-26 09:51:00
2367,Customer_2367,Netherlands,medium,103.71,2025-11-06 17:33:00
2368,Customer_2368,Germany,medium,189.48,2025-10-05 17:58:00
2369,Customer_2369,Belgium,medium,284.29,2025-09-27 14:50:00
2370,Customer_2370,Poland,medium,227.12,2025-02-11 11:23:00
2371,Customer_2371,Germany,low,101.76,2025-04-26 14:02:00
2372,Customer_2372,Belgium,low,118.23,2025-08-26 18:45:00
2373,Customer_2373,United Kingdom,low,71.98,2025-11-21 13:58:00
2374,Customer_2374,Romania,low,90.22,2025-09-13 20:34:00
2375,Customer_2375,Spain,low,33.55,2025-04-10 18:27:00
2376,Customer_2376,Austria,low,28.24,2025-01-16 09:20:00
2377,Customer_2377,Romania,low,58.88,2025-08-26 20:18:00
2378,Customer_2378,Italy,low,24.16,2025-02-10 17:47:00
2379,Customer_2379,United Kingdom,low,84.09,2025-12-02 16:01:00
2380,Customer_2380,Italy,high,430.94,2025-06-18 08:52:00
2381,Customer_2381,Austria,low,72.4,2025-03-17 13:43:00
2382,Customer_2382,Italy,medium,101.7,2025-03-08 19:20:00
2383,Customer_2383,France,low,69.53,2025-10-21 17:00:00
2384,Customer_2384,Italy,medium,125.33,2025-12-04 12:00:00
2385,Customer_2385,Spain,low,111.52,2025-06-06 14:52:00
2386,Customer_2386,Spain,low,103.78,2025-01-05 10:38:00
2387,Customer_2387,Spain,low,45.82,2025-07-22 17:45:00
2388,Customer_2388,Netherlands,low,107.87,2025-12-09 14:44:00
2389,Customer_2389,Italy,low,61.36,2025-05-27 11:52:00
2390,Customer_2390,Poland,low,21.04,2025-12-13 08:44:00
2391,Customer_2391,Poland,low,88.95,2025-02-21 09:07:00
2392,Customer_2392,Germany,medium,187.48,2025-03-18 13:10:00
2393,Customer_2393,Netherlands,high,629.01,2025-12-13 12:34:00
2394,Customer_2394,Netherlands,low,77.01,2025-02-25 09:25:00
2395,Customer_2395,Spain,high,532.85,2025-08-07 10:33:00
2396,Customer_2396,Italy,low,30.93,2025-04-02 14:11:00
2397,Customer_2397,France,medium,257.41,2025-04-14 17:23:00
2398,Customer_2398,Poland,low,64.2,2025-01-22 16:49:00
2399,Customer_2399,Spain,medium,239.48,2025-01-19 08:09:00
2400,Customer_2400,Belgium,medium,135.18,2025-03-12 15:12:00
2401,Customer_2401,Italy,low,35.31,2025-05-17 09:14:00
2402,Customer_2402,Germany,low,53.59,2025-12-15 08:55:00
2403,Customer_2403,Poland,low,44.58,2025-09-10 16:10:00
2404,Customer_2404,Germany,low,51.76,2025-02-22 09:26:00
2405,Customer_2405,Romania,low,81.86,2025-03-24 13:23:00
2406,Customer_2406,Italy,low,30.38,2025-04-01 14:00:00
2407,Customer_2407,United Kingdom,low,58.75,2025-10-04 11:48:00
2408,Customer_2408,Italy,low,27.39,2025-11-27 15:59:00
2409,Customer_2409,United Kingdom,low,48.25,2025-10-13 15:58:00
2410,Customer_2410,Spain,low,81.26,2025-06-21 15:30:00
2411,Customer_2411,Germany,low,107.94,2025-04-05 12:40:00
2412,Customer_2412,Germany,high,433.07,2025-05-06 13:47:00
2413,Customer_2413,Italy,low,49.99,2025-01-15 14:45:00
2414,Customer_2414,Romania,medium,297.25,2025-03-27 18:22:00
2415,Customer_2415,Spain,medium,172.65,2025-07-15 19:28:00
2416,Customer_2416,Poland,high,478.11,2025-06-11 18:25:00
2417,Customer_2417,Germany,low,40.59,2025-04-23 11:36:00
2418,Customer_2418,Spain,medium,240.45,2025-10-12 15:35:00
2419,Customer_2419,Austria,low,50.69,2025-07-05 15:06:00
2420,Customer_2420,Romania,low,50.03,2025-10-14 08:12:00
2421,Customer_2421,Spain,low,108.99,2025-11-13 16:27:00
2422,Customer_2422,Germany,medium,85.24,2025-04-13 17:42:00
2423,Customer_2423,Germany,low,94.6,2025-10-25 10:41:00
2424,Customer_2424,Austria,low,100.08,2025-03-14 13:29:00
2425,Customer_2425,Spain,medium,108.72,2025-08-11 17:59:00
2426,Customer_2426,United Kingdom,low,82.81,2025-01-22 09:50:00
2427,Customer_2427,France,low,20.87,2025-01-11 09:20:00
2428,Customer_2428,Belgium,low,35.06,2025-04-10 09:23:00
2429,Customer_2429,United Kingdom,medium,208.36,2025-08-16 13:45:00
2430,Customer_2430,Germany,low,30.15,2025-09-06 10:10:00
2431,Customer_2431,Austria,low,111.02,2025-07-06 16:35:00
2432,Customer_2432,Poland,low,48.12,2025-04-04 18:09:00
2433,Customer_2433,Poland,low,23.94,2025-07-16 14:30:00
2434,Customer_2434,Germany,medium,208.96,2025-06-15 17:36:00
2435,Customer_2435,Germany,low,21.99,2025-08-22 17:22:00
2436,Customer_2436,Belgium,high,731.89,2025-02-06 10:39:00
2437,Customer_2437,Netherlands,low,111.68,2025-02-26 18:12:00
2438,Customer_2438,Belgium,low,99.28,2025-02-12 17:51:00
2439,Customer_2439,Poland,low,109.1,2025-07-06 13:54:00
2440,Customer_2440,Netherlands,low,48.02,2025-09-01 15:20:00
2441,Customer_2441,Germany,low,43.88,2025-05-09 15:27:00
2442,Customer_2442,Belgium,low,95.0,2025-11-15 18:05:00
2443,Customer_2443,Belgium,low,33.06,2025-10-01 19:36:00
2444,Customer_2444,Italy,low,39.96,2025-08-13 14:02:00
2445,Customer_2445,Netherlands,low,53.56,2025-09-28 20:27:00
2446,Customer_2446,Austria,low,33.23,2025-06-24 12:35:00
2447,Customer_2447,Spain,low,46.67,2025-08-22 09:51:00
2448,Customer_2448,Belgium,medium,277.08,2025-01-26 10:51:00
2449,Customer_2449,France,low,37.71,2025-02-05 17:51:00
2450,Customer_2450,Spain,medium,270.01,2025-01-24 08:47:00
2451,Customer_2451,Belgium,medium,215.84,2025-03-19 18:55:00
2452,Customer_2452,Poland,low,53.09,2025-11-04 17:07:00
2453,Customer_2453,Italy,low,39.95,2025-12-03 10:05:00
2454,Customer_2454,France,low,99.16,2025-04-07 08:45:00
2455,Customer_2455,France,low,82.55,2025-04-16 11:45:00
2456,Customer_2456,Poland,low,38.61,2025-05-24 18:37:00
2457,Customer_2457,Italy,low,70.76,2025-02-06 11:16:00
2458,Customer_2458,Germany,medium,206.6,2025-04-23 09:44:00
2459,Customer_2459,France,low,104.86,2025-04-06 14:40:00
2460,Customer_2460,United Kingdom,low,61.23,2025-11-10 11:27:00
2461,Customer_2461,Netherlands,medium,241.8,2025-09-01 18:56:00
2462,Customer_2462,Netherlands,low,36.13,2025-01-03 15:22:00
2463,Customer_2463,Italy,low,101.77,2025-02-22 20:57:00
2464,Customer_2464,Poland,low,94.43,2025-02-11 17:49:00
2465,Customer_2465,Belgium,low,80.55,2025-02-19 12:46:00
2466,Customer_2466,Belgium,low,94.22,2025-08-12 15:19:00
2467,Customer_2467,Poland,low,119.91,2025-04-08 17:10:00
2468,Customer_2468,Italy,low,60.97,2025-08-11 20:54:00
2469,Customer_2469,Austria,low,109.91,2025-08-05 10:47:00
2470,Customer_2470,Austria,low,22.45,2025-03-26 13:24:00
2471,Customer_2471,Germany,low,21.4,2025-11-06 10:37:00
2472,Customer_2472,Germany,low,21.64,2025-08-05 12:21:00
2473,Customer_2473,Spain,low,59.22,2025-05-27 16:17:00
2474,Customer_2474,Spain,low,80.68,2025-08-14 14:54:00
2475,Customer_2475,Germany,low,86.58,2025-06-04 09:20:00
2476,Customer_2476,Poland,low,34.15,2025-09-16 20:13:00
2477,Customer_2477,Austria,low,115.69,2025-11-06 13:40:00
2478,Customer_2478,Netherlands,low,62.9,2025-02-20 10:33:00
2479,Customer_2479,Netherlands,low,57.34,2025-12-28 10:23:00
2480,Customer_2480,United Kingdom,high,237.87,2025-08-12 14:15:00
2481,Customer_2481,Spain,medium,231.42,2025-06-21 15:50:00
2482,Customer_2482,Netherlands,low,77.72,2025-06-23 11:57:00
2483,Customer_2483,Germany,high,668.96,2025-10-08 19:37:00
2484,Customer_2484,United Kingdom,low,101.97,2025-08-19 15:56:00
2485,Customer_2485,Italy,low,108.07,2025-07-25 10:39:00
2486,Customer_2486,Belgium,low,69.09,2025-10-24 12:04:00
2487,Customer_2487,Poland,low,39.32,2025-05-23 10:23:00
2488,Customer_2488,Italy,low,42.33,2025-01-11 13:52:00
2489,Customer_2489,United Kingdom,low,34.61,2025-05-11 15:20:00
2490,Customer_2490,United Kingdom,medium,124.01,2025-11-07 17:38:00
2491,Customer_2491,France,low,26.06,2025-04-17 20:32:00
2492,Customer_2492,Netherlands,low,57.6,2025-12-27 08:19:00
2493,Customer_2493,Netherlands,low,49.61,2025-01-21 18:48:00
2494,Customer_2494,Austria,low,66.49,2025-03-15 18:24:00
2495,Customer_2495,Romania,low,64.41,2025-06-04 12:29:00
2496,Customer_2496,Netherlands,low,80.65,2025-05-06 17:08:00
2497,Customer_2497,Belgium,high,274.35,2025-06-18 15:23:00
2498,Customer_2498,Germany,low,92.05,2025-09-01 18:27:00
2499,Customer_2499,Belgium,low,52.66,2025-01-21 12:20:00
2500,Customer_2500,United Kingdom,medium,88.66,2025-09-02 19:45:00
2501,Customer_2501,Germany,low,112.69,2025-03-05 09:33:00
2502,Customer_2502,Germany,medium,131.7,2025-06-12 13:05:00
2503,Customer_2503,Austria,low,26.96,2025-07-18 08:33:00
2504,Customer_2504,Austria,low,59.6,2025-03-18 09:52:00
2505,Customer_2505,Spain,low,31.52,2025-05-08 11:03:00
2506,Customer_2506,Romania,low,84.29,2025-12-08 15:02:00
2507,Customer_2507,Italy,low,43.27,2025-03-28 10:32:00
2508,Customer_2508,Belgium,low,95.6,2025-11-13 08:32:00
2509,Customer_2509,Netherlands,low,86.96,2025-12-14 16:04:00
2510,Customer_2510,Italy,low,23.6,2025-04-19 15:00:00
2511,Customer_2511,Belgium,low,78.16,2025-06-17 10:25:00
2512,Customer_2512,Spain,low,20.73,2025-11-24 17:18:00
2513,Customer_2513,Netherlands,low,71.09,2025-03-27 11:48:00
2514,Customer_2514,United Kingdom,low,39.58,2025-05-13 09:41:00
2515,Customer_2515,Netherlands,low,64.55,2025-11-22 16:49:00
2516,Customer_2516,Austria,low,31.27,2025-07-26 09:47:00
2517,Customer_2517,Spain,low,77.02,2025-12-10 19:43:00
2518,Customer_2518,Spain,medium,259.93,2025-06-15 08:41:00
2519,Customer_2519,Spain,low,108.44,2025-05-07 16:01:00
2520,Customer_2520,Netherlands,low,102.96,2025-06-07 15:46:00
2521,Customer_2521,Austria,low,65.79,2025-07-20 20:10:00
2522,Customer_2522,Poland,low,79.67,2025-11-28 11:04:00
2523,Customer_2523,United Kingdom,low,20.03,2025-01-20 08:54:00
2524,Customer_2524,Italy,medium,284.64,2025-05-15 14:46:00
2525,Customer_2525,United Kingdom,high,258.34,2025-06-07 18:12:00
2526,Customer_2526,Austria,low,57.28,2025-05-14 18:01:00
2527,Customer_2527,Netherlands,medium,277.67,2025-05-05 12:29:00
2528,Customer_2528,Spain,low,83.67,2025-11-26 08:56:00
2529,Customer_2529,Poland,low,31.26,2025-12-08 15:55:00
2530,Customer_2530,United Kingdom,low,47.31,2025-01-23 17:30:00
2531,Customer_2531,France,low,35.33,2025-02-13 18:24:00
2532,Customer_2532,Italy,low,63.25,2025-08-14 10:00:00
2533,Customer_2533,United Kingdom,medium,224.45,2025-05-23 12:46:00
2534,Customer_2534,Poland,low,46.73,2025-11-09 11:15:00
2535,Customer_2535,Poland,medium,299.08,2025-01-28 17:53:00
2536,Customer_2536,Austria,low,90.29,2025-04-23 19:03:00
2537,Customer_2537,Netherlands,low,79.8,2025-08-27 15:34:00
2538,Customer_2538,Germany,low,110.18,2025-12-18 16:09:00
2539,Customer_2539,Belgium,low,54.68,2025-03-19 14:23:00
2540,Customer_2540,Poland,high,660.39,2025-03-27 18:48:00
2541,Customer_2541,Poland,low,60.78,2025-07-03 17:16:00
2542,Customer_2542,Germany,low,55.87,2025-08-15 20:34:00
2543,Customer_2543,Germany,medium,155.56,2025-11-05 17:21:00
2544,Customer_2544,Romania,low,94.48,2025-10-05 20:13:00
2545,Customer_2545,Austria,low,61.9,2025-02-17 16:02:00
2546,Customer_2546,Romania,low,20.4,2025-09-22 10:47:00
2547,Customer_2547,Spain,low,98.77,2025-08-04 13:46:00
2548,Customer_2548,Belgium,low,59.5,2025-11-27 14:14:00
2549,Customer_2549,United Kingdom,low,60.8,2025-02-08 18:41:00
2550,Customer_2550,Poland,low,89.39,2025-04-23 08:57:00
2551,Customer_2551,Romania,medium,188.94,2025-02-23 12:15:00
2552,Customer_2552,Austria,low,40.92,2025-11-04 11:01:00
2553,Customer_2553,Italy,low,32.11,2025-03-27 20:43:00
2554,Customer_2554,France,low,65.26,2025-02-14 13:42:00
2555,Customer_2555,Austria,low,79.76,2025-06-13 13:13:00
2556,Customer_2556,Netherlands,low,78.97,2025-08-21 17:37:00
2557,Customer_2557,Italy,low,117.7,2025-08-11 13:01:00
2558,Customer_2558,Netherlands,low,106.12,2025-07-25 16:49:00
2559,Customer_2559,France,low,78.71,2025-06-22 15:01:00
2560,Customer_2560,Austria,low,68.74,2025-02-16 12:34:00
2561,Customer_2561,France,low,92.43,2025-12-21 09:29:00
2562,Customer_2562,Austria,low,44.14,2025-08-02 13:19:00
2563,Customer_2563,Romania,medium,268.02,2025-04-20 14:06:00
2564,Customer_2564,Italy,low,79.34,2025-11-25 08:59:00
2565,Customer_2565,Romania,low,70.21,2025-08-09 19:36:00
2566,Customer_2566,Austria,medium,197.85,2025-12-02 12:37:00
2567,Customer_2567,France,low,69.11,2025-08-10 10:02:00
2568,Customer_2568,Netherlands,low,62.67,2025-11-05 09:12:00
2569,Customer_2569,Poland,low,20.57,2025-12-26 18:57:00
2570,Customer_2570,Germany,medium,89.65,2025-03-08 13:55:00
2571,Customer_2571,United Kingdom,medium,130.32,2025-08-26 19:58:00
2572,Customer_2572,France,low,33.92,2025-12-20 17:01:00
2573,Customer_2573,Poland,low,99.43,2025-07-01 19:33:00
2574,Customer_2574,Belgium,low,30.63,2025-08-02 12:27:00
2575,Customer_2575,Romania,low,26.69,2025-02-09 18:22:00
2576,Customer_2576,Poland,low,111.93,2025-03-04 08:10:00
2577,Customer_2577,France,low,86.46,2025-08-22 16:23:00
2578,Customer_2578,Romania,low,26.68,2025-11-06 17:26:00
2579,Customer_2579,France,low,43.22,2025-03-10 10:47:00
2580,Customer_2580,Austria,low,26.0,2025-01-04 16:42:00
2581,Customer_2581,Netherlands,low,20.89,2025-03-11 11:55:00
2582,Customer_2582,Poland,medium,121.51,2025-08-16 15:13:00
2583,Customer_2583,France,low,75.3,2025-11-18 20:04:00
2584,Customer_2584,Germany,low,105.78,2025-03-28 20:04:00
2585,Customer_2585,Poland,low,118.74,2025-10-06 11:40:00
2586,Customer_2586,Austria,medium,159.58,2025-04-27 12:26:00
2587,Customer_2587,Italy,medium,89.44,2025-06-25 14:01:00
2588,Customer_2588,Spain,low,113.08,2025-07-15 17:53:00
2589,Customer_2589,Spain,low,32.73,2025-10-26 16:56:00
2590,Customer_2590,Austria,low,95.54,2025-03-08 17:33:00
2591,Customer_2591,Netherlands,low,27.51,2025-10-01 14:04:00
2592,Customer_2592,Romania,low,109.17,2025-03-25 18:02:00
2593,Customer_2593,Belgium,low,48.08,2025-11-26 13:19:00
2594,Customer_2594,Romania,low,111.93,2025-08-17 15:24:00
2595,Customer_2595,United Kingdom,low,112.35,2025-10-20 18:50:00
2596,Customer_2596,United Kingdom,low,53.71,2025-12-16 13:34:00
2597,Customer_2597,Romania,low,26.29,2025-11-09 12:55:00
2598,Customer_2598,Netherlands,low,42.78,2025-06-08 17:12:00
2599,Customer_2599,Belgium,high,315.11,2025-06-17 18:26:00
2600,Customer_2600,Netherlands,low,62.38,2025-11-07 20:39:00
2601,Customer_2601,Germany,medium,231.43,2025-04-22 18:23:00
2602,Customer_2602,Romania,low,40.45,2025-08-19 16:11:00
2603,Customer_2603,France,low,107.61,2025-11-08 11:38:00
2604,Customer_2604,Belgium,low,84.75,2025-08-12 11:25:00
2605,Customer_2605,Poland,low,113.25,2025-08-18 13:09:00
2606,Customer_2606,Netherlands,low,45.25,2025-07-27 16:25:00
2607,Customer_2607,Italy,low,101.2,2025-05-16 15:59:00
2608,Customer_2608,Romania,low,47.71,2025-10-14 11:17:00
2609,Customer_2609,Italy,high,576.87,2025-08-20 09:30:00
2610,Customer_2610,Austria,low,31.94,2025-03-04 13:48:00
2611,Customer_2611,Italy,low,27.03,2025-02-18 16:17:00
2612,Customer_2612,Germany,medium,283.66,2025-11-14 11:02:00
2613,Customer_2613,United Kingdom,low,31.14,2025-10-24 12:18:00
2614,Customer_2614,Austria,low,42.04,2025-10-19 20:17:00
2615,Customer_2615,Romania,low,43.64,2025-01-18 17:20:00
2616,Customer_2616,Spain,low,116.64,2025-07-07 16:39:00
2617,Customer_2617,Italy,high,254.71,2025-12-20 12:51:00
2618,Customer_2618,Poland,low,44.62,2025-07-08 11:29:00
2619,Customer_2619,United Kingdom,low,37.35,2025-04-09 09:00:00
2620,Customer_2620,Spain,low,63.52,2025-10-28 14:28:00
2621,Customer_2621,Spain,low,104.73,2025-07-23 15:28:00
2622,Customer_2622,Germany,low,58.45,2025-10-25 14:01:00
2623,Customer_2623,Romania,medium,125.13,2025-11-16 14:50:00
2624,Customer_2624,Romania,low,22.07,2025-09-20 14:53:00
2625,Customer_2625,Poland,low,57.3,2025-12-03 17:53:00
2626,Customer_2626,Austria,low,60.4,2025-04-11 13:25:00
2627,Customer_2627,Netherlands,low,49.07,2025-04-13 17:56:00
2628,Customer_2628,Poland,high,611.9,2025-10-08 18:44:00
2629,Customer_2629,France,low,100.01,2025-07-19 13:23:00
2630,Customer_2630,Austria,low,63.63,2025-08-14 09:27:00
2631,Customer_2631,Netherlands,low,46.91,2025-05-16 10:10:00
2632,Customer_2632,Spain,medium,221.9,2025-10-17 20:12:00
2633,Customer_2633,Italy,high,418.74,2025-04-03 19:58:00
2634,Customer_2634,Germany,low,89.53,2025-01-09 09:33:00
2635,Customer_2635,Netherlands,low,49.32,2025-07-09 10:14:00
2636,Customer_2636,Austria,low,72.05,2025-04-28 09:39:00
2637,Customer_2637,Italy,low,98.31,2025-12-06 12:35:00
2638,Customer_2638,Poland,medium,276.88,2025-04-01 20:12:00
2639,Customer_2639,United Kingdom,low,26.74,2025-02-09 20:11:00
2640,Customer_2640,Romania,low,66.25,2025-06-24 10:09:00
2641,Customer_2641,Romania,medium,134.04,2025-01-11 10:49:00
2642,Customer_2642,Netherlands,low,22.07,2025-09-02 14:08:00
2643,Customer_2643,Germany,low,35.59,2025-03-08 17:53:00
2644,Customer_2644,Belgium,low,47.93,2025-04-15 10:45:00
2645,Customer_2645,France,low,36.21,2025-10-25 08:04:00
2646,Customer_2646,Austria,low,48.72,2025-09-26 15:43:00
2647,Customer_2647,Austria,low,92.62,2025-09-15 18:33:00
2648,Customer_2648,Belgium,medium,207.04,2025-12-13 20:16:00
2649,Customer_2649,Romania,medium,116.72,2025-08-05 20:02:00
2650,Customer_2650,Spain,low,119.47,2025-05-04 17:57:00
2651,Customer_2651,Austria,low,49.95,2025-01-11 15:12:00
2652,Customer_2652,Italy,low,97.51,2025-03-15 17:50:00
2653,Customer_2653,Germany,low,50.2,2025-04-05 08:57:00
2654,Customer_2654,Spain,medium,135.64,2025-07-15 19:29:00
2655,Customer_2655,Belgium,medium,181.93,2025-07-02 11:09:00
2656,Customer_2656,France,low,25.31,2025-08-13 18:55:00
2657,Customer_2657,Austria,low,49.4,2025-09-18 15:02:00
2658,Customer_2658,Poland,low,53.15,2025-05-17 10:00:00
2659,Customer_2659,France,low,91.11,2025-05-02 08:32:00
2660,Customer_2660,Spain,low,57.13,2025-08-13 13:51:00
2661,Customer_2661,United Kingdom,low,82.18,2025-05-12 08:51:00
2662,Customer_2662,Romania,low,108.35,2025-08-14 20:32:00
2663,Customer_2663,Italy,low,74.8,2025-12-19 16:04:00
2664,Customer_2664,Germany,medium,163.14,2025-11-23 15:46:00
2665,Customer_2665,Netherlands,low,96.21,2025-04-03 17:24:00
2666,Customer_2666,Netherlands,low,24.19,2025-05-01 10:12:00
2667,Customer_2667,Austria,low,61.76,2025-03-14 16:36:00
2668,Customer_2668,Netherlands,high,326.37,2025-02-06 08:16:00
2669,Customer_2669,Poland,medium,128.2,2025-03-22 15:07:00
2670,Customer_2670,France,low,101.17,2025-06-20 19:23:00
2671,Customer_2671,Poland,high,354.85,2025-09-18 19:21:00
2672,Customer_2672,Belgium,low,86.78,2025-12-19 16:43:00
2673,Customer_2673,Netherlands,medium,251.23,2025-04-08 08:27:00
2674,Customer_2674,Poland,low,113.99,2025-05-16 19:25:00
2675,Customer_2675,Italy,high,380.21,2025-05-04 10:35:00
2676,Customer_2676,Spain,medium,128.17,2025-04-15 10:59:00
2677,Customer_2677,France,low,70.58,2025-07-24 14:26:00
2678,Customer_2678,United Kingdom,low,28.11,2025-03-20 15:59:00
2679,Customer_2679,France,medium,283.75,2025-01-14 14:52:00
2680,Customer_2680,Austria,low,67.32,2025-01-11 13:07:00
2681,Customer_2681,Netherlands,low,107.91,2025-08-13 17:13:00
2682,Customer_2682,Austria,low,43.51,2025-04-20 20:10:00
2683,Customer_2683,Belgium,low,52.71,2025-07-28 09:06:00
2684,Customer_2684,France,low,93.74,2025-03-18 14:31:00
2685,Customer_2685,France,medium,254.59,2025-12-21 10:03:00
2686,Customer_2686,Italy,low,23.27,2025-05-27 13:43:00
2687,Customer_2687,Belgium,low,28.75,2025-03-10 13:06:00
2688,Customer_2688,Italy,high,249.41,2025-01-20 08:52:00
2689,Customer_2689,Spain,medium,277.35,2025-08-04 12:37:00
2690,Customer_2690,Netherlands,low,72.61,2025-10-10 10:04:00
2691,Customer_2691,Poland,low,46.0,2025-11-25 19:32:00
2692,Customer_2692,France,low,42.38,2025-05-02 14:54:00
2693,Customer_2693,Belgium,low,89.49,2025-08-12 16:19:00
2694,Customer_2694,Netherlands,low,101.46,2025-07-26 11:50:00
2695,Customer_2695,Netherlands,low,41.05,2025-08-05 19:09:00
2696,Customer_2696,Italy,low,78.77,2025-02-05 09:28:00
2697,Customer_2697,Germany,low,27.34,2025-06-23 13:37:00
2698,Customer_2698,Spain,low,63.53,2025-02-21 18:42:00
2699,Customer_2699,Romania,low,50.25,2025-12-07 15:41:00
2700,Customer_2700,Italy,low,59.08,2025-06-03 08:02:00
2701,Customer_2701,Netherlands,low,101.25,2025-08-22 14:50:00
2702,Customer_2702,Belgium,low,101.58,2025-12-23 14:42:00
2703,Customer_2703,Belgium,high,650.91,2025-12-06 08:55:00
2704,Customer_2704,Germany,high,449.48,2025-08-11 10:02:00
2705,Customer_2705,Germany,low,80.39,2025-05-07 19:11:00
2706,Customer_2706,Austria,low,20.92,2025-06-23 13:51:00
2707,Customer_2707,United Kingdom,low,20.27,2025-08-25 16:12:00
2708,Customer_2708,Spain,low,88.04,2025-12-24 16:17:00
2709,Customer_2709,Romania,low,72.87,2025-10-20 17:12:00
2710,Customer_2710,Austria,medium,240.88,2025-01-15 19:37:00
2711,Customer_2711,Romania,low,119.68,2025-08-02 12:21:00
2712,Customer_2712,Italy,low,82.7,2025-02-16 14:59:00
2713,Customer_2713,Poland,medium,213.93,2025-04-11 17:14:00
2714,Customer_2714,Poland,low,109.15,2025-01-27 11:42:00
2715,Customer_2715,United Kingdom,low,46.54,2025-09-08 08:14:00
2716,Customer_2716,Poland,low,20.23,2025-01-03 20:51:00
2717,Customer_2717,Netherlands,low,109.95,2025-07-01 16:55:00
2718,Customer_2718,Netherlands,medium,225.93,2025-08-19 11:34:00
2719,Customer_2719,Romania,low,31.59,2025-04-13 16:46:00
2720,Customer_2720,Belgium,low,85.61,2025-01-22 14:05:00
2721,Customer_2721,Belgium,low,114.66,2025-01-04 10:59:00
2722,Customer_2722,Netherlands,low,49.23,2025-05-14 10:57:00
2723,Customer_2723,Austria,low,36.39,2025-02-25 12:19:00
2724,Customer_2724,Romania,low,83.9,2025-02-05 09:54:00
2725,Customer_2725,Italy,high,239.59,2025-05-06 09:48:00
2726,Customer_2726,Poland,low,70.05,2025-09-15 16:07:00
2727,Customer_2727,Poland,low,47.83,2025-02-12 20:05:00
2728,Customer_2728,Belgium,low,100.66,2025-09-09 19:01:00
2729,Customer_2729,United Kingdom,medium,254.53,2025-02-03 10:09:00
2730,Customer_2730,Belgium,low,101.52,2025-09-07 15:59:00
2731,Customer_2731,Belgium,low,105.35,2025-07-04 20:32:00
2732,Customer_2732,Austria,low,39.01,2025-11-16 20:37:00
2733,Customer_2733,France,high,646.79,2025-11-25 15:35:00
2734,Customer_2734,Poland,low,84.25,2025-04-02 08:28:00
2735,Customer_2735,Spain,low,55.54,2025-11-12 18:21:00
2736,Customer_2736,Austria,low,20.74,2025-06-28 15:05:00
2737,Customer_2737,Germany,medium,210.82,2025-09-25 09:37:00
2738,Customer_2738,Germany,low,75.36,2025-09-24 20:21:00
2739,Customer_2739,France,low,23.25,2025-11-11 11:19:00
2740,Customer_2740,Romania,medium,144.56,2025-02-02 12:42:00
2741,Customer_2741,Germany,low,101.57,2025-03-09 13:54:00
2742,Customer_2742,Austria,high,785.08,2025-06-03 15:19:00
2743,Customer_2743,Netherlands,low,22.61,2025-05-11 10:45:00
2744,Customer_2744,France,medium,284.91,2025-10-20 09:23:00
2745,Customer_2745,France,low,46.42,2025-06-11 09:11:00
2746,Customer_2746,United Kingdom,low,100.04,2025-04-02 12:19:00
2747,Customer_2747,Romania,medium,280.85,2025-02-26 19:35:00
2748,Customer_2748,United Kingdom,medium,200.13,2025-09-22 12:06:00
2749,Customer_2749,Austria,medium,88.96,2025-07-03 18:21:00
2750,Customer_2750,Netherlands,low,33.69,2025-02-19 08:06:00
2751,Customer_2751,Poland,low,100.95,2025-07-18 09:16:00
2752,Customer_2752,Germany,low,76.12,2025-04-03 13:10:00
2753,Customer_2753,Germany,low,76.9,2025-02-21 20:01:00
2754,Customer_2754,Poland,low,90.82,2025-03-24 18:32:00
2755,Customer_2755,Spain,high,203.17,2025-09-09 17:50:00
2756,Customer_2756,Spain,low,43.79,2025-07-07 17:42:00
2757,Customer_2757,Austria,low,72.78,2025-06-05 14:37:00
2758,Customer_2758,Austria,medium,143.29,2025-04-20 09:45:00
2759,Customer_2759,Austria,low,80.53,2025-01-04 14:37:00
2760,Customer_2760,Spain,low,89.13,2025-10-06 18:37:00
2761,Customer_2761,France,high,349.27,2025-12-02 11:15:00
2762,Customer_2762,Italy,low,88.41,2025-03-07 12:07:00
2763,Customer_2763,United Kingdom,low,41.02,2025-02-27 19:00:00
2764,Customer_2764,Austria,low,40.63,2025-03-05 19:41:00
2765,Customer_2765,France,medium,151.52,2025-07-13 18:33:00
2766,Customer_2766,Netherlands,low,40.15,2025-11-05 11:24:00
2767,Customer_2767,Belgium,low,86.59,2025-11-08 15:31:00
2768,Customer_2768,Netherlands,low,45.21,2025-07-15 10:03:00
2769,Customer_2769,Italy,low,72.43,2025-04-14 09:56:00
2770,Customer_2770,Netherlands,low,47.93,2025-07-25 08:30:00
2771,Customer_2771,Romania,low,65.44,2025-05-21 11:28:00
2772,Customer_2772,Spain,low,47.56,2025-08-13 12:10:00
2773,Customer_2773,Poland,low,110.48,2025-01-25 11:41:00
2774,Customer_2774,Poland,low,118.65,2025-09-17 18:59:00
2775,Customer_2775,Germany,low,92.12,2025-09-09 19:06:00
2776,Customer_2776,Netherlands,medium,193.63,2025-05-24 14:01:00
2777,Customer_2777,France,low,108.48,2025-04-10 12:51:00
2778,Customer_2778,Spain,medium,227.06,2025-09-28 17:36:00
2779,Customer_2779,Romania,medium,218.05,2025-09-01 10:01:00
2780,Customer_2780,Belgium,medium,249.33,2025-07-19 13:00:00
2781,Customer_2781,Poland,low,30.85,2025-05-24 20:27:00
2782,Customer_2782,Netherlands,low,47.19,2025-04-21 14:42:00
2783,Customer_2783,United Kingdom,low,55.69,2025-07-16 17:12:00
2784,Customer_2784,Spain,low,105.78,2025-06-16 20:15:00
2785,Customer_2785,Romania,low,42.76,2025-09-01 19:04:00
2786,Customer_2786,France,low,33.7,2025-07-28 08:13:00
2787,Customer_2787,Poland,low,119.6,2025-02-04 18:35:00
2788,Customer_2788,Poland,low,42.07,2025-04-07 13:06:00
2789,Customer_2789,Italy,low,111.82,2025-07-04 12:41:00
2790,Customer_2790,United Kingdom,medium,276.48,2025-02-11 11:39:00
2791,Customer_2791,France,low,45.03,2025-10-18 19:40:00
2792,Customer_2792,Spain,low,88.9,2025-09-06 18:48:00
2793,Customer_2793,Italy,medium,187.7,2025-04-26 14:56:00
2794,Customer_2794,Belgium,low,70.37,2025-04-19 12:00:00
2795,Customer_2795,Austria,low,113.47,2025-08-18 19:10:00
2796,Customer_2796,Italy,low,118.07,2025-10-01 18:17:00
2797,Customer_2797,Spain,low,35.7,2025-12-02 19:11:00
2798,Customer_2798,Spain,medium,123.48,2025-05-15 08:42:00
2799,Customer_2799,Poland,low,33.45,2025-02-24 19:13:00
2800,Customer_2800,Belgium,low,108.02,2025-05-27 18:27:00
2801,Customer_2801,Germany,low,103.36,2025-03-16 14:00:00
2802,Customer_2802,Germany,low,73.3,2025-11-27 14:06:00
2803,Customer_2803,France,medium,126.59,2025-03-14 09:27:00
2804,Customer_2804,Spain,low,36.62,2025-12-17 19:35:00
2805,Customer_2805,Romania,medium,285.05,2025-10-11 15:10:00
2806,Customer_2806,United Kingdom,low,76.73,2025-08-14 10:39:00
2807,Customer_2807,Poland,low,46.02,2025-04-24 20:49:00
2808,Customer_2808,Italy,low,49.55,2025-09-15 09:55:00
2809,Customer_2809,United Kingdom,low,89.45,2025-01-08 19:44:00
2810,Customer_2810,Romania,medium,104.9,2025-08-13 18:37:00
2811,Customer_2811,Germany,low,37.98,2025-04-26 10:15:00
2812,Customer_2812,Italy,low,80.69,2025-02-08 16:35:00
2813,Customer_2813,France,low,73.76,2025-05-09 13:35:00
2814,Customer_2814,Germany,medium,89.68,2025-08-28 11:08:00
2815,Customer_2815,Spain,low,28.94,2025-03-20 15:04:00
2816,Customer_2816,Austria,low,74.67,2025-12-25 13:29:00
2817,Customer_2817,Germany,low,119.28,2025-06-01 08:48:00
2818,Customer_2818,Italy,medium,250.57,2025-12-01 20:46:00
2819,Customer_2819,Italy,low,36.49,2025-12-26 18:37:00
2820,Customer_2820,France,low,39.04,2025-02-15 20:57:00
2821,Customer_2821,Romania,low,25.72,2025-11-24 17:01:00
2822,Customer_2822,Germany,high,387.71,2025-11-04 20:58:00
2823,Customer_2823,Romania,low,95.25,2025-05-06 09:34:00
2824,Customer_2824,Germany,low,77.64,2025-08-10 15:33:00
2825,Customer_2825,France,low,102.44,2025-05-17 17:50:00
2826,Customer_2826,Italy,low,66.89,2025-09-14 15:01:00
2827,Customer_2827,Italy,low,20.28,2025-05-08 14:22:00
2828,Customer_2828,Belgium,low,92.39,2025-05-17 10:25:00
2829,Customer_2829,Austria,low,43.58,2025-03-26 12:32:00
2830,Customer_2830,Spain,high,421.74,2025-01-12 12:52:00
2831,Customer_2831,Germany,medium,162.57,2025-01-18 19:02:00
2832,Customer_2832,Poland,low,40.79,2025-07-20 17:35:00
2833,Customer_2833,Poland,low,98.65,2025-01-25 17:49:00
2834,Customer_2834,Romania,low,26.45,2025-05-26 08:59:00
2835,Customer_2835,France,medium,135.62,2025-09-04 16:58:00
2836,Customer_2836,Romania,low,46.16,2025-12-09 18:11:00
2837,Customer_2837,Romania,medium,189.66,2025-04-17 11:24:00
2838,Customer_2838,Spain,low,26.42,2025-05-08 10:43:00
2839,Customer_2839,France,low,60.01,2025-11-10 19:10:00
2840,Customer_2840,Romania,low,86.95,2025-12-10 14:19:00
2841,Customer_2841,Germany,low,107.94,2025-12-05 13:46:00
2842,Customer_2842,Romania,low,30.41,2025-05-03 15:55:00
2843,Customer_2843,Italy,medium,144.16,2025-11-13 10:22:00
2844,Customer_2844,Belgium,medium,270.58,2025-01-06 14:50:00
2845,Customer_2845,Spain,low,56.9,2025-09-22 10:18:00
2846,Customer_2846,Spain,high,746.86,2025-01-22 09:30:00
2847,Customer_2847,Austria,low,99.21,2025-05-17 17:52:00
2848,Customer_2848,Romania,low,111.81,2025-04-24 09:23:00
2849,Customer_2849,Spain,low,70.1,2025-03-27 12:21:00
2850,Customer_2850,Germany,low,103.18,2025-01-22 19:21:00
2851,Customer_2851,Italy,low,83.91,2025-05-08 11:58:00
2852,Customer_2852,Spain,low,96.5,2025-06-07 16:16:00
2853,Customer_2853,United Kingdom,low,90.89,2025-07-24 11:51:00
2854,Customer_2854,Germany,medium,99.81,2025-12-20 15:33:00
2855,Customer_2855,Poland,low,98.74,2025-09-02 17:12:00
2856,Customer_2856,Spain,low,83.09,2025-04-16 11:08:00
2857,Customer_2857,Austria,low,119.94,2025-01-14 08:46:00
2858,Customer_2858,France,high,750.88,2025-10-25 16:31:00
2859,Customer_2859,Belgium,high,257.18,2025-09-28 14:49:00
2860,Customer_2860,Romania,low,72.45,2025-01-01 10:13:00
2861,Customer_2861,Italy,high,217.64,2025-02-11 20:26:00
2862,Customer_2862,France,low,103.76,2025-09-01 11:44:00
2863,Customer_2863,Austria,low,83.68,2025-08-09 19:18:00
2864,Customer_2864,United Kingdom,low,92.48,2025-07-01 17:43:00
2865,Customer_2865,Spain,low,80.97,2025-06-05 08:04:00
2866,Customer_2866,Netherlands,low,100.85,2025-09-21 20:36:00
2867,Customer_2867,Netherlands,low,49.22,2025-04-13 16:30:00
2868,Customer_2868,Belgium,medium,209.04,2025-07-07 10:52:00
2869,Customer_2869,Germany,medium,213.45,2025-09-05 09:15:00
2870,Customer_2870,Poland,low,53.77,2025-02-03 12:59:00
2871,Customer_2871,Italy,low,105.73,2025-05-05 16:34:00
2872,Customer_2872,Austria,medium,89.43,2025-06-21 08:49:00
2873,Customer_2873,Belgium,low,113.56,2025-07-14 20:47:00
2874,Customer_2874,Italy,low,29.6,2025-12-05 14:49:00
2875,Customer_2875,Italy,medium,287.65,2025-01-17 11:23:00
2876,Customer_2876,Austria,low,80.74,2025-01-13 10:43:00
2877,Customer_2877,Poland,low,114.03,2025-04-04 10:49:00
2878,Customer_2878,Spain,low,54.05,2025-01-27 14:32:00
2879,Customer_2879,Romania,low,77.2,2025-08-21 15:27:00
2880,Customer_2880,Romania,low,34.26,2025-04-17 12:18:00
2881,Customer_2881,Italy,low,50.4,2025-09-01 20:33:00
2882,Customer_2882,Poland,medium,155.37,2025-04-16 18:58:00
2883,Customer_2883,Romania,low,72.86,2025-07-02 11:14:00
2884,Customer_2884,Belgium,low,32.41,2025-02-22 13:28:00
2885,Customer_2885,Italy,low,24.75,2025-06-19 17:45:00
2886,Customer_2886,France,medium,142.87,2025-03-01 19:28:00
2887,Customer_2887,Netherlands,low,36.56,2025-10-23 17:39:00
2888,Customer_2888,Austria,medium,206.0,2025-07-28 20:42:00
2889,Customer_2889,Netherlands,medium,221.18,2025-10-24 19:43:00
2890,Customer_2890,Poland,low,72.22,2025-03-18 20:23:00
2891,Customer_2891,United Kingdom,low,115.19,2025-04-05 13:36:00
2892,Customer_2892,France,low,97.23,2025-05-19 17:50:00
2893,Customer_2893,Spain,high,734.32,2025-02-06 20:51:00
2894,Customer_2894,Spain,low,34.13,2025-07-13 17:35:00
2895,Customer_2895,Italy,low,89.97,2025-09-16 10:25:00
2896,Customer_2896,France,low,61.77,2025-01-21 15:11:00
2897,Customer_2897,Spain,low,114.3,2025-12-08 16:38:00
2898,Customer_2898,Spain,low,86.25,2025-06-21 11:57:00
2899,Customer_2899,Romania,low,109.71,2025-01-27 12:52:00
2900,Customer_2900,Italy,medium,291.2,2025-11-04 10:57:00
2901,Customer_2901,United Kingdom,low,54.13,2025-09-26 20:09:00
2902,Customer_2902,Austria,low,55.87,2025-11-05 14:42:00
2903,Customer_2903,Netherlands,low,75.06,2025-10-13 13:26:00
2904,Customer_2904,France,medium,127.66,2025-09-16 20:27:00
2905,Customer_2905,France,low,88.57,2025-03-25 11:51:00
2906,Customer_2906,Romania,low,53.69,2025-02-09 11:49:00
2907,Customer_2907,Netherlands,low,34.9,2025-10-26 20:19:00
2908,Customer_2908,Romania,low,109.9,2025-01-27 10:30:00
2909,Customer_2909,Spain,low,86.77,2025-09-14 17:25:00
2910,Customer_2910,Austria,low,25.52,2025-07-17 11:04:00
2911,Customer_2911,France,low,101.43,2025-06-27 08:03:00
2912,Customer_2912,France,low,25.6,2025-11-09 09:18:00
2913,Customer_2913,United Kingdom,low,93.77,2025-01-15 14:49:00
2914,Customer_2914,Germany,medium,194.8,2025-10-15 18:26:00
2915,Customer_2915,Germany,low,56.84,2025-11-09 12:01:00
2916,Customer_2916,Poland,low,79.88,2025-07-06 08:45:00
2917,Customer_2917,Poland,medium,239.72,2025-07-22 10:38:00
2918,Customer_2918,Germany,low,75.55,2025-02-24 15:46:00
2919,Customer_2919,Poland,medium,283.08,2025-03-19 19:59:00
2920,Customer_2920,United Kingdom,low,97.77,2025-01-13 16:43:00
2921,Customer_2921,Romania,low,117.03,2025-04-07 15:14:00
2922,Customer_2922,France,medium,289.92,2025-06-12 19:59:00
2923,Customer_2923,Germany,low,111.58,2025-07-04 15:34:00
2924,Customer_2924,France,low,40.49,2025-03-22 09:05:00
2925,Customer_2925,United Kingdom,low,57.98,2025-04-25 14:15:00
2926,Customer_2926,Romania,high,390.65,2025-08-16 16:36:00
2927,Customer_2927,Belgium,low,39.04,2025-08-03 18:34:00
2928,Customer_2928,Netherlands,low,79.26,2025-12-06 17:20:00
2929,Customer_2929,Italy,low,59.56,2025-09-02 09:27:00
2930,Customer_2930,Netherlands,low,25.29,2025-08-07 18:16:00
2931,Customer_2931,France,low,73.42,2025-03-15 19:50:00
2932,Customer_2932,Poland,low,37.03,2025-03-03 08:53:00
2933,Customer_2933,Germany,low,107.82,2025-10-18 10:06:00
2934,Customer_2934,Spain,low,113.06,2025-07-06 17:34:00
2935,Customer_2935,Belgium,low,69.13,2025-12-22 17:28:00
2936,Customer_2936,Spain,medium,270.65,2025-04-28 16:15:00
2937,Customer_2937,France,medium,118.99,2025-11-11 14:01:00
2938,Customer_2938,Belgium,low,95.03,2025-12-01 15:50:00
2939,Customer_2939,United Kingdom,low,83.67,2025-07-22 09:29:00
2940,Customer_2940,Poland,low,60.27,2025-08-08 14:33:00
2941,Customer_2941,Germany,medium,83.4,2025-01-13 16:09:00
2942,Customer_2942,France,low,37.09,2025-04-21 13:20:00
2943,Customer_2943,Germany,low,59.34,2025-11-12 08:49:00
2944,Customer_2944,Belgium,low,64.73,2025-02-22 12:25:00
2945,Customer_2945,United Kingdom,low,27.29,2025-11-25 10:04:00
2946,Customer_2946,United Kingdom,low,76.79,2025-08-25 17:02:00
2947,Customer_2947,Romania,low,97.26,2025-05-08 14:39:00
2948,Customer_2948,United Kingdom,low,98.33,2025-01-06 10:57:00
2949,Customer_2949,Italy,medium,255.64,2025-10-23 19:14:00
2950,Customer_2950,Romania,low,91.92,2025-12-23 12:32:00
2951,Customer_2951,Netherlands,low,49.81,2025-10-11 19:39:00
2952,Customer_2952,Romania,low,26.6,2025-02-10 13:28:00
2953,Customer_2953,Romania,low,116.24,2025-01-23 18:28:00
2954,Customer_2954,France,low,37.9,2025-09-13 15:24:00
2955,Customer_2955,Poland,low,96.91,2025-11-06 08:59:00
2956,Customer_2956,United Kingdom,low,58.04,2025-02-20 09:46:00
2957,Customer_2957,Poland,low,73.22,2025-07-18 10:54:00
2958,Customer_2958,United Kingdom,low,63.65,2025-08-23 10:53:00
2959,Customer_2959,Germany,low,77.68,2025-08-24 08:50:00
2960,Customer_2960,Romania,low,72.44,2025-07-21 10:43:00
2961,Customer_2961,Spain,low,89.55,2025-01-22 13:48:00
2962,Customer_2962,Austria,low,81.95,2025-11-15 17:02:00
2963,Customer_2963,Italy,low,36.79,2025-09-06 20:47:00
2964,Customer_2964,Belgium,medium,139.03,2025-03-17 14:29:00
2965,Customer_2965,United Kingdom,low,34.04,2025-10-10 10:40:00
2966,Customer_2966,Spain,low,33.31,2025-09-24 17:54:00
2967,Customer_2967,Netherlands,medium,262.67,2025-04-28 11:34:00
2968,Customer_2968,United Kingdom,medium,154.84,2025-03-09 09:43:00
2969,Customer_2969,Belgium,low,96.15,2025-12-16 10:58:00
2970,Customer_2970,Belgium,low,116.86,2025-03-13 17:14:00
2971,Customer_2971,Spain,low,80.79,2025-11-12 09:14:00
2972,Customer_2972,Romania,low,91.06,2025-06-12 08:41:00
2973,Customer_2973,Poland,low,115.63,2025-09-11 08:39:00
2974,Customer_2974,Belgium,medium,250.06,2025-05-27 12:14:00
2975,Customer_2975,Italy,low,82.81,2025-02-22 16:52:00
2976,Customer_2976,United Kingdom,low,103.24,2025-08-20 15:10:00
2977,Customer_2977,Italy,low,103.3,2025-06-19 11:17:00
2978,Customer_2978,Italy,low,56.42,2025-07-10 09:20:00
2979,Customer_2979,Netherlands,low,52.68,2025-06-07 09:13:00
2980,Customer_2980,Germany,low,108.61,2025-07-16 19:54:00
2981,Customer_2981,Romania,low,99.88,2025-08-28 13:02:00
2982,Customer_2982,Italy,high,359.45,2025-03-23 18:51:00
2983,Customer_2983,France,low,96.98,2025-02-02 20:22:00
2984,Customer_2984,Germany,low,81.57,2025-02-23 17:33:00
2985,Customer_2985,Poland,low,80.51,2025-03-25 15:00:00
2986,Customer_2986,Netherlands,low,43.5,2025-09-17 16:54:00
2987,Customer_2987,Belgium,low,109.02,2025-06-18 20:58:00
2988,Customer_2988,Austria,low,115.55,2025-10-17 14:50:00
2989,Customer_2989,Poland,low,47.95,2025-03-05 15:45:00
2990,Customer_2990,Belgium,low,118.32,2025-11-09 16:40:00
2991,Customer_2991,Belgium,low,62.2,2025-06-26 13:50:00
2992,Customer_2992,United Kingdom,low,70.2,2025-05-20 09:05:00
2993,Customer_2993,Austria,high,215.24,2025-01-02 08:09:00
2994,Customer_2994,Netherlands,low,42.96,2025-11-08 09:15:00
2995,Customer_2995,Germany,low,102.58,2025-02-26 13:55:00
2996,Customer_2996,Belgium,low,20.56,2025-06-16 08:33:00
2997,Customer_2997,Spain,low,62.57,2025-12-06 18:06:00
2998,Customer_2998,Netherlands,low,105.11,2025-09-20 14:24:00
2999,Customer_2999,United Kingdom,low,91.67,2025-03-16 19:59:00
3000,Customer_3000,Spain,low,109.89,2025-08-24 12:41:00
3001,Customer_3001,Austria,low,20.64,2025-06-28 16:47:00
3002,Customer_3002,Germany,medium,143.34,2025-02-17 11:51:00
3003,Customer_3003,Germany,low,100.77,2025-02-24 10:12:00
3004,Customer_3004,France,low,80.66,2025-11-01 18:19:00
3005,Customer_3005,United Kingdom,low,57.72,2025-01-03 16:15:00
3006,Customer_3006,Austria,low,36.02,2025-12-18 15:22:00
3007,Customer_3007,Italy,low,96.69,2025-07-17 19:05:00
3008,Customer_3008,Poland,low,38.07,2025-06-16 15:20:00
3009,Customer_3009,Netherlands,low,56.32,2025-11-09 15:08:00
3010,Customer_3010,Austria,low,77.12,2025-01-11 10:39:00
3011,Customer_3011,France,low,97.55,2025-11-24 15:24:00
3012,Customer_3012,Romania,low,30.22,2025-01-18 10:45:00
3013,Customer_3013,Poland,high,587.25,2025-03-03 15:43:00
3014,Customer_3014,Spain,low,98.72,2025-12-07 17:41:00
3015,Customer_3015,United Kingdom,high,774.01,2025-01-11 10:11:00
3016,Customer_3016,Germany,low,76.69,2025-10-07 19:26:00
3017,Customer_3017,Germany,high,639.68,2025-06-22 17:04:00
3018,Customer_3018,Netherlands,low,75.07,2025-04-06 13:41:00
3019,Customer_3019,Belgium,low,44.45,2025-10-28 16:13:00
3020,Customer_3020,Belgium,low,50.81,2025-07-04 15:46:00
3021,Customer_3021,Poland,low,108.25,2025-04-06 20:25:00
3022,Customer_3022,Netherlands,low,21.96,2025-06-09 12:36:00
3023,Customer_3023,Poland,low,92.5,2025-03-15 17:52:00
3024,Customer_3024,United Kingdom,low,38.68,2025-03-15 09:10:00
3025,Customer_3025,Italy,low,86.67,2025-10-15 20:33:00
3026,Customer_3026,Poland,low,41.42,2025-12-27 13:08:00
3027,Customer_3027,United Kingdom,high,767.48,2025-09-08 10:09:00
3028,Customer_3028,Italy,medium,245.6,2025-02-05 20:23:00
3029,Customer_3029,Austria,low,92.61,2025-01-18 11:11:00
3030,Customer_3030,Italy,medium,138.37,2025-09-16 17:51:00
3031,Customer_3031,Poland,low,70.59,2025-10-15 13:43:00
3032,Customer_3032,Spain,low,92.2,2025-06-22 16:22:00
3033,Customer_3033,Germany,low,73.5,2025-01-26 20:50:00
3034,Customer_3034,Italy,low,47.81,2025-05-08 14:41:00
3035,Customer_3035,France,medium,268.14,2025-10-11 09:29:00
3036,Customer_3036,France,low,107.18,2025-04-28 19:36:00
3037,Customer_3037,France,low,34.92,2025-10-06 20:59:00
3038,Customer_3038,United Kingdom,low,86.4,2025-02-10 11:30:00
3039,Customer_3039,Netherlands,low,93.49,2025-04-02 17:52:00
3040,Customer_3040,Spain,medium,206.84,2025-08-03 11:43:00
3041,Customer_3041,United Kingdom,low,80.87,2025-02-05 14:03:00
3042,Customer_3042,Germany,low,31.56,2025-03-04 18:59:00
3043,Customer_3043,Poland,low,95.27,2025-03-02 09:38:00
3044,Customer_3044,France,low,58.26,2025-02-05 10:02:00
3045,Customer_3045,France,low,23.19,2025-03-24 13:42:00
3046,Customer_3046,Romania,medium,285.13,2025-04-20 19:46:00
3047,Customer_3047,Spain,low,77.19,2025-07-13 13:13:00
3048,Customer_3048,Romania,low,37.88,2025-11-22 20:19:00
3049,Customer_3049,Romania,low,96.44,2025-05-06 09:05:00
3050,Customer_3050,Netherlands,low,75.84,2025-07-21 16:08:00
3051,Customer_3051,Belgium,medium,206.81,2025-06-05 10:38:00
3052,Customer_3052,Netherlands,low,21.71,2025-10-07 19:54:00
3053,Customer_3053,Belgium,high,409.99,2025-07-27 20:04:00
3054,Customer_3054,Italy,medium,127.22,2025-11-19 17:22:00
3055,Customer_3055,Germany,medium,208.36,2025-01-25 09:14:00
3056,Customer_3056,Poland,low,47.55,2025-07-12 16:20:00
3057,Customer_3057,Romania,low,50.69,2025-03-07 08:16:00
3058,Customer_3058,France,medium,251.27,2025-01-05 15:59:00
3059,Customer_3059,Italy,low,56.18,2025-03-16 11:35:00
3060,Customer_3060,Poland,low,36.64,2025-10-02 15:46:00
3061,Customer_3061,France,low,106.2,2025-01-14 11:08:00
3062,Customer_3062,Germany,medium,196.83,2025-02-11 13:16:00
3063,Customer_3063,Germany,medium,230.58,2025-11-01 11:44:00
3064,Customer_3064,Netherlands,low,25.86,2025-01-20 13:58:00
3065,Customer_3065,Austria,high,538.66,2025-11-15 13:27:00
3066,Customer_3066,Netherlands,low,57.09,2025-10-22 20:22:00
3067,Customer_3067,Belgium,low,104.35,2025-04-09 15:53:00
3068,Customer_3068,France,low,101.01,2025-08-14 08:07:00
3069,Customer_3069,Italy,low,96.92,2025-09-04 08:13:00
3070,Customer_3070,Italy,medium,242.07,2025-07-18 11:06:00
3071,Customer_3071,Poland,low,96.34,2025-02-16 10:27:00
3072,Customer_3072,Romania,low,21.31,2025-02-26 19:42:00
3073,Customer_3073,Belgium,low,34.81,2025-01-28 19:06:00
3074,Customer_3074,Belgium,low,66.35,2025-04-17 08:26:00
3075,Customer_3075,Poland,low,25.39,2025-12-08 13:05:00
3076,Customer_3076,Italy,medium,143.3,2025-09-09 15:19:00
3077,Customer_3077,Spain,medium,118.5,2025-12-07 08:01:00
3078,Customer_3078,United Kingdom,low,54.89,2025-09-22 13:28:00
3079,Customer_3079,Austria,low,79.62,2025-08-01 11:07:00
3080,Customer_3080,Romania,low,39.9,2025-11-26 20:12:00
3081,Customer_3081,United Kingdom,low,102.26,2025-08-09 14:56:00
3082,Customer_3082,Austria,low,34.89,2025-06-19 09:33:00
3083,Customer_3083,Spain,medium,233.88,2025-08-01 08:03:00
3084,Customer_3084,Netherlands,low,62.56,2025-05-11 18:37:00
3085,Customer_3085,Italy,medium,254.92,2025-01-15 17:31:00
3086,Customer_3086,Poland,low,45.23,2025-01-24 18:16:00
3087,Customer_3087,United Kingdom,low,96.83,2025-09-03 19:36:00
3088,Customer_3088,Netherlands,low,51.5,2025-11-23 09:20:00
3089,Customer_3089,Germany,low,81.06,2025-09-02 20:37:00
3090,Customer_3090,Netherlands,low,79.79,2025-08-13 20:38:00
3091,Customer_3091,Romania,high,583.33,2025-11-03 11:29:00
3092,Customer_3092,United Kingdom,low,32.03,2025-07-13 17:35:00
3093,Customer_3093,Netherlands,low,110.81,2025-02-05 11:31:00
3094,Customer_3094,Netherlands,high,491.01,2025-10-09 11:14:00
3095,Customer_3095,Germany,medium,176.12,2025-04-24 19:32:00
3096,Customer_3096,United Kingdom,low,78.29,2025-02-20 15:51:00
3097,Customer_3097,Italy,low,102.25,2025-05-06 14:54:00
3098,Customer_3098,Germany,low,66.73,2025-09-15 16:54:00
3099,Customer_3099,Germany,low,61.07,2025-03-22 18:42:00
3100,Customer_3100,Italy,low,86.04,2025-05-04 16:51:00
3101,Customer_3101,France,low,88.43,2025-10-19 16:38:00
3102,Customer_3102,Romania,medium,251.61,2025-08-05 09:05:00
3103,Customer_3103,Poland,high,638.57,2025-09-17 18:37:00
3104,Customer_3104,Netherlands,medium,191.81,2025-02-18 14:57:00
3105,Customer_3105,Netherlands,low,33.82,2025-02-15 13:33:00
3106,Customer_3106,Romania,low,43.31,2025-08-17 13:28:00
3107,Customer_3107,Italy,low,26.17,2025-01-09 16:02:00
3108,Customer_3108,Austria,low,67.33,2025-02-27 10:53:00
3109,Customer_3109,Spain,low,28.51,2025-10-13 09:48:00
3110,Customer_3110,France,medium,192.4,2025-08-22 17:17:00
3111,Customer_3111,Germany,low,62.35,2025-09-05 15:46:00
3112,Customer_3112,Austria,low,119.9,2025-08-22 18:03:00
3113,Customer_3113,Netherlands,low,55.46,2025-12-04 12:57:00
3114,Customer_3114,France,medium,173.18,2025-06-14 08:31:00
3115,Customer_3115,Romania,low,37.7,2025-05-22 20:44:00
3116,Customer_3116,Romania,low,53.33,2025-07-12 09:49:00
3117,Customer_3117,Poland,low,105.9,2025-11-22 18:25:00
3118,Customer_3118,Germany,low,24.52,2025-10-14 19:40:00
3119,Customer_3119,Netherlands,medium,162.79,2025-09-08 19:16:00
3120,Customer_3120,United Kingdom,low,46.56,2025-09-10 10:04:00
3121,Customer_3121,Poland,low,76.08,2025-02-13 10:10:00
3122,Customer_3122,Belgium,low,44.32,2025-11-14 12:34:00
3123,Customer_3123,Romania,low,70.25,2025-10-26 20:14:00
3124,Customer_3124,Netherlands,low,73.27,2025-09-08 17:02:00
3125,Customer_3125,Austria,low,45.85,2025-08-05 20:33:00
3126,Customer_3126,Poland,low,26.81,2025-01-20 09:05:00
3127,Customer_3127,Netherlands,low,119.87,2025-02-19 20:46:00
3128,Customer_3128,Spain,low,95.55,2025-10-21 10:52:00
3129,Customer_3129,Spain,low,30.8,2025-04-16 19:26:00
3130,Customer_3130,Italy,low,118.1,2025-01-09 13:35:00
3131,Customer_3131,Romania,low,53.25,2025-12-01 10:23:00
3132,Customer_3132,Netherlands,medium,189.03,2025-05-04 17:06:00
3133,Customer_3133,Austria,low,23.16,2025-04-23 12:17:00
3134,Customer_3134,Italy,medium,171.61,2025-02-16 20:47:00
3135,Customer_3135,Poland,medium,284.9,2025-02-25 16:08:00
3136,Customer_3136,Netherlands,low,77.32,2025-09-21 08:34:00
3137,Customer_3137,Romania,high,637.69,2025-07-15 16:09:00
3138,Customer_3138,France,low,64.29,2025-07-17 09:50:00
3139,Customer_3139,Spain,medium,216.96,2025-07-21 14:16:00
3140,Customer_3140,Romania,low,86.32,2025-10-26 11:44:00
3141,Customer_3141,United Kingdom,low,81.85,2025-08-10 16:24:00
3142,Customer_3142,United Kingdom,low,109.25,2025-02-11 13:37:00
3143,Customer_3143,Netherlands,high,682.15,2025-01-04 09:39:00
3144,Customer_3144,Germany,low,87.95,2025-01-28 18:49:00
3145,Customer_3145,Poland,high,347.84,2025-07-23 08:22:00
3146,Customer_3146,France,low,27.86,2025-11-24 08:14:00
3147,Customer_3147,United Kingdom,low,97.13,2025-07-07 14:20:00
3148,Customer_3148,Spain,low,90.94,2025-03-04 16:37:00
3149,Customer_3149,Netherlands,low,79.95,2025-07-16 08:03:00
3150,Customer_3150,Italy,low,85.13,2025-05-26 10:19:00
3151,Customer_3151,Romania,high,350.13,2025-01-10 14:24:00
3152,Customer_3152,Netherlands,medium,242.92,2025-09-20 14:27:00
3153,Customer_3153,Poland,low,52.69,2025-07-09 10:00:00
3154,Customer_3154,Netherlands,low,106.52,2025-08-25 15:21:00
3155,Customer_3155,Romania,medium,205.67,2025-05-25 13:14:00
3156,Customer_3156,Spain,medium,257.16,2025-01-14 10:15:00
3157,Customer_3157,Belgium,low,60.44,2025-07-26 10:54:00
3158,Customer_3158,Germany,medium,154.03,2025-05-02 09:25:00
3159,Customer_3159,Belgium,low,54.7,2025-01-01 19:59:00
3160,Customer_3160,Austria,low,38.67,2025-03-05 12:11:00
3161,Customer_3161,Poland,low,108.14,2025-12-22 15:19:00
3162,Customer_3162,Austria,low,51.6,2025-02-13 08:06:00
3163,Customer_3163,France,low,90.91,2025-02-03 13:58:00
3164,Customer_3164,Romania,medium,135.26,2025-09-21 14:03:00
3165,Customer_3165,Italy,medium,295.47,2025-01-04 15:37:00
3166,Customer_3166,Romania,high,488.72,2025-08-18 10:12:00
3167,Customer_3167,France,low,79.55,2025-06-15 20:57:00
3168,Customer_3168,Italy,medium,140.1,2025-03-23 14:50:00
3169,Customer_3169,Netherlands,medium,220.49,2025-07-03 10:46:00
3170,Customer_3170,France,medium,91.76,2025-09-09 11:47:00
3171,Customer_3171,Poland,low,63.01,2025-12-19 19:24:00
3172,Customer_3172,Romania,low,75.41,2025-11-06 13:16:00
3173,Customer_3173,Romania,low,32.79,2025-11-18 19:48:00
3174,Customer_3174,Spain,low,107.86,2025-06-26 20:17:00
3175,Customer_3175,Italy,low,114.46,2025-05-10 18:23:00
3176,Customer_3176,Netherlands,low,53.85,2025-03-28 11:54:00
3177,Customer_3177,France,low,114.45,2025-03-23 15:18:00
3178,Customer_3178,Romania,low,93.65,2025-08-22 17:46:00
3179,Customer_3179,France,low,110.12,2025-07-25 11:15:00
3180,Customer_3180,Netherlands,low,87.85,2025-03-16 10:01:00
3181,Customer_3181,Spain,medium,202.12,2025-07-22 10:52:00
3182,Customer_3182,France,medium,157.8,2025-01-21 16:03:00
3183,Customer_3183,France,low,58.7,2025-04-27 08:16:00
3184,Customer_3184,Belgium,low,39.44,2025-07-20 20:14:00
3185,Customer_3185,Belgium,low,70.3,2025-03-09 17:57:00
3186,Customer_3186,Spain,low,42.95,2025-05-01 08:54:00
3187,Customer_3187,France,low,91.52,2025-07-15 15:32:00
3188,Customer_3188,Netherlands,low,26.7,2025-07-12 10:17:00
3189,Customer_3189,Netherlands,low,87.0,2025-06-09 12:27:00
3190,Customer_3190,Italy,medium,126.26,2025-09-12 19:04:00
3191,Customer_3191,Poland,low,41.74,2025-12-26 16:06:00
3192,Customer_3192,Italy,low,85.09,2025-12-22 13:15:00
3193,Customer_3193,United Kingdom,low,73.66,2025-09-17 18:16:00
3194,Customer_3194,Romania,low,100.39,2025-10-19 14:37:00
3195,Customer_3195,Romania,low,35.5,2025-12-20 08:19:00
3196,Customer_3196,Belgium,low,90.31,2025-08-04 12:53:00
3197,Customer_3197,Poland,low,45.38,2025-04-02 20:05:00
3198,Customer_3198,United Kingdom,low,116.35,2025-12-09 10:17:00
3199,Customer_3199,Germany,medium,262.96,2025-11-08 17:28:00
3200,Customer_3200,Germany,low,43.83,2025-02-05 09:41:00
3201,Customer_3201,Romania,low,59.19,2025-03-19 11:11:00
3202,Customer_3202,Romania,medium,283.31,2025-12-19 16:59:00
3203,Customer_3203,Spain,low,32.11,2025-02-01 10:14:00
3204,Customer_3204,Germany,medium,83.58,2025-12-17 14:29:00
3205,Customer_3205,Austria,low,24.53,2025-01-17 18:38:00
3206,Customer_3206,Romania,medium,228.88,2025-12-13 09:00:00
3207,Customer_3207,Romania,low,49.55,2025-06-13 20:05:00
3208,Customer_3208,Netherlands,low,92.45,2025-09-10 13:41:00
3209,Customer_3209,Spain,low,28.51,2025-09-25 08:50:00
3210,Customer_3210,Poland,low,98.3,2025-09-21 10:12:00
3211,Customer_3211,Belgium,low,106.64,2025-10-11 18:50:00
3212,Customer_3212,France,low,39.86,2025-01-15 20:25:00
3213,Customer_3213,Germany,low,101.74,2025-05-11 19:37:00
3214,Customer_3214,Austria,low,27.45,2025-01-23 08:27:00
3215,Customer_3215,Austria,high,601.07,2025-07-09 09:04:00
3216,Customer_3216,Italy,medium,166.46,2025-06-10 09:45:00
3217,Customer_3217,France,low,109.18,2025-04-10 08:51:00
3218,Customer_3218,Poland,low,30.06,2025-10-27 17:17:00
3219,Customer_3219,United Kingdom,low,72.28,2025-01-12 20:35:00
3220,Customer_3220,Spain,low,74.82,2025-05-18 10:24:00
3221,Customer_3221,Romania,low,76.46,2025-07-06 14:38:00
3222,Customer_3222,Poland,medium,196.15,2025-09-14 16:35:00
3223,Customer_3223,Romania,medium,204.47,2025-08-17 18:42:00
3224,Customer_3224,Poland,medium,95.98,2025-01-12 20:37:00
3225,Customer_3225,Austria,low,65.35,2025-02-19 15:57:00
3226,Customer_3226,Austria,low,79.47,2025-03-01 09:08:00
3227,Customer_3227,Austria,medium,248.08,2025-06-15 18:33:00
3228,Customer_3228,United Kingdom,low,107.27,2025-07-01 12:05:00
3229,Customer_3229,Romania,medium,247.43,2025-10-12 10:04:00
3230,Customer_3230,Poland,low,71.05,2025-02-15 15:29:00
3231,Customer_3231,Netherlands,low,87.1,2025-03-16 12:24:00
3232,Customer_3232,United Kingdom,low,27.46,2025-09-22 20:53:00
3233,Customer_3233,Romania,low,29.19,2025-12-19 14:08:00
3234,Customer_3234,Austria,low,36.27,2025-10-16 13:32:00
3235,Customer_3235,United Kingdom,low,25.34,2025-12-09 19:46:00
3236,Customer_3236,Belgium,low,33.19,2025-09-12 18:18:00
3237,Customer_3237,Belgium,low,103.5,2025-06-14 20:32:00
3238,Customer_3238,Germany,low,77.8,2025-03-28 13:31:00
3239,Customer_3239,Italy,low,21.81,2025-12-02 09:40:00
3240,Customer_3240,Austria,low,90.41,2025-06-14 12:03:00
3241,Customer_3241,Poland,low,102.73,2025-05-28 15:11:00
3242,Customer_3242,Romania,low,76.0,2025-06-24 20:17:00
3243,Customer_3243,Italy,low,68.55,2025-11-27 16:11:00
3244,Customer_3244,Germany,low,91.71,2025-04-03 10:26:00
3245,Customer_3245,France,low,113.4,2025-06-01 15:04:00
3246,Customer_3246,Italy,medium,287.45,2025-11-23 20:03:00
3247,Customer_3247,France,low,57.18,2025-01-20 10:54:00
3248,Customer_3248,Poland,medium,104.03,2025-11-03 13:11:00
3249,Customer_3249,Austria,low,108.01,2025-12-12 11:52:00
3250,Customer_3250,Poland,low,76.95,2025-04-02 08:29:00
3251,Customer_3251,France,medium,210.6,2025-11-01 08:30:00
3252,Customer_3252,Netherlands,medium,262.59,2025-11-03 16:36:00
3253,Customer_3253,Netherlands,low,52.72,2025-05-08 20:41:00
3254,Customer_3254,Germany,medium,194.82,2025-07-19 16:36:00
3255,Customer_3255,Spain,medium,170.67,2025-03-20 12:17:00
3256,Customer_3256,Poland,medium,170.95,2025-12-03 17:50:00
3257,Customer_3257,Romania,medium,295.03,2025-04-26 12:51:00
3258,Customer_3258,Romania,low,110.17,2025-12-25 09:02:00
3259,Customer_3259,Netherlands,low,35.37,2025-09-22 17:25:00
3260,Customer_3260,Spain,low,26.87,2025-05-07 20:50:00
3261,Customer_3261,Belgium,low,72.4,2025-04-11 10:26:00
3262,Customer_3262,Romania,low,106.2,2025-09-14 08:47:00
3263,Customer_3263,Austria,low,78.83,2025-04-23 12:57:00
3264,Customer_3264,Netherlands,medium,190.74,2025-09-10 10:20:00
3265,Customer_3265,Spain,low,118.14,2025-11-28 12:25:00
3266,Customer_3266,Germany,low,53.08,2025-01-15 15:59:00
3267,Customer_3267,Netherlands,low,59.35,2025-08-20 13:22:00
3268,Customer_3268,France,low,59.71,2025-04-19 10:46:00
3269,Customer_3269,Italy,low,74.08,2025-06-25 13:06:00
3270,Customer_3270,Italy,low,89.98,2025-12-01 18:38:00
3271,Customer_3271,France,medium,101.94,2025-02-04 15:49:00
3272,Customer_3272,Romania,medium,100.85,2025-11-01 10:21:00
3273,Customer_3273,Netherlands,low,64.52,2025-07-02 18:44:00
3274,Customer_3274,Germany,low,22.38,2025-12-20 13:58:00
3275,Customer_3275,Spain,low,111.99,2025-05-23 09:43:00
3276,Customer_3276,Germany,high,735.78,2025-11-05 10:28:00
3277,Customer_3277,Belgium,medium,278.02,2025-06-28 08:00:00
3278,Customer_3278,Germany,medium,247.1,2025-12-02 09:20:00
3279,Customer_3279,France,low,106.28,2025-03-12 20:41:00
3280,Customer_3280,United Kingdom,low,83.37,2025-10-11 08:28:00
3281,Customer_3281,Netherlands,low,103.48,2025-02-25 15:45:00
3282,Customer_3282,Spain,medium,182.01,2025-09-02 13:45:00
3283,Customer_3283,United Kingdom,low,84.39,2025-04-22 20:53:00
3284,Customer_3284,France,low,118.26,2025-05-22 17:13:00
3285,Customer_3285,Netherlands,medium,82.69,2025-12-19 09:00:00
3286,Customer_3286,Netherlands,low,113.77,2025-04-14 08:32:00
3287,Customer_3287,United Kingdom,low,96.03,2025-02-03 16:19:00
3288,Customer_3288,United Kingdom,medium,290.19,2025-11-11 17:39:00
3289,Customer_3289,Germany,high,415.5,2025-04-12 18:36:00
3290,Customer_3290,Belgium,low,56.13,2025-02-02 08:26:00
3291,Customer_3291,Poland,low,77.76,2025-11-01 14:36:00
3292,Customer_3292,Austria,medium,279.94,2025-09-02 09:34:00
3293,Customer_3293,Austria,low,67.75,2025-01-25 19:57:00
3294,Customer_3294,Spain,high,500.57,2025-12-22 10:45:00
3295,Customer_3295,Spain,low,77.03,2025-05-10 17:44:00
3296,Customer_3296,Belgium,medium,84.51,2025-07-16 15:24:00
3297,Customer_3297,Germany,low,20.8,2025-03-21 13:53:00
3298,Customer_3298,Italy,low,41.25,2025-07-11 12:08:00
3299,Customer_3299,Austria,low,30.58,2025-09-09 10:37:00
3300,Customer_3300,Italy,low,86.15,2025-10-23 20:09:00
3301,Customer_3301,Spain,medium,147.7,2025-02-03 08:47:00
3302,Customer_3302,Italy,low,84.32,2025-07-27 18:02:00
3303,Customer_3303,Belgium,low,83.72,2025-09-18 14:32:00
3304,Customer_3304,Netherlands,low,35.15,2025-02-03 14:25:00
3305,Customer_3305,Poland,low,33.61,2025-01-10 18:21:00
3306,Customer_3306,Poland,low,107.65,2025-10-18 20:34:00
3307,Customer_3307,Poland,low,76.56,2025-03-03 10:37:00
3308,Customer_3308,United Kingdom,medium,148.57,2025-07-02 11:53:00
3309,Customer_3309,Spain,low,100.41,2025-03-26 08:56:00
3310,Customer_3310,Germany,low,55.37,2025-03-03 12:29:00
3311,Customer_3311,Poland,medium,232.88,2025-03-01 15:07:00
3312,Customer_3312,France,medium,265.21,2025-04-23 20:35:00
3313,Customer_3313,Italy,low,63.14,2025-03-04 18:50:00
3314,Customer_3314,United Kingdom,low,37.09,2025-06-17 20:07:00
3315,Customer_3315,Romania,low,68.88,2025-01-22 13:36:00
3316,Customer_3316,France,low,97.28,2025-09-14 11:34:00
3317,Customer_3317,Belgium,low,75.06,2025-12-19 13:36:00
3318,Customer_3318,Poland,low,67.04,2025-12-23 09:24:00
3319,Customer_3319,Romania,low,90.88,2025-06-08 15:34:00
3320,Customer_3320,United Kingdom,medium,94.78,2025-07-20 10:32:00
3321,Customer_3321,United Kingdom,low,37.24,2025-09-09 13:56:00
3322,Customer_3322,Netherlands,medium,224.62,2025-09-05 10:46:00
3323,Customer_3323,Poland,low,25.4,2025-09-07 17:18:00
3324,Customer_3324,Romania,low,112.66,2025-04-05 18:09:00
3325,Customer_3325,Italy,low,47.74,2025-08-09 18:13:00
3326,Customer_3326,Germany,medium,269.26,2025-12-04 09:26:00
3327,Customer_3327,Belgium,low,91.05,2025-12-01 18:08:00
3328,Customer_3328,Italy,low,83.4,2025-01-09 19:44:00
3329,Customer_3329,Germany,low,33.12,2025-12-15 15:22:00
3330,Customer_3330,Germany,low,30.32,2025-06-23 11:02:00
3331,Customer_3331,Germany,low,61.79,2025-01-14 12:25:00
3332,Customer_3332,Spain,low,118.44,2025-01-12 19:50:00
3333,Customer_3333,United Kingdom,low,102.82,2025-08-15 13:25:00
3334,Customer_3334,United Kingdom,low,73.73,2025-03-25 09:43:00
3335,Customer_3335,Italy,low,119.07,2025-02-14 18:56:00
3336,Customer_3336,France,low,57.81,2025-10-02 10:37:00
3337,Customer_3337,Romania,low,114.41,2025-01-09 11:53:00
3338,Customer_3338,Romania,medium,94.71,2025-07-13 10:09:00
3339,Customer_3339,United Kingdom,low,106.86,2025-02-14 15:00:00
3340,Customer_3340,Romania,low,60.59,2025-06-27 14:53:00
3341,Customer_3341,Austria,low,95.31,2025-01-13 11:44:00
3342,Customer_3342,Austria,medium,98.5,2025-09-26 14:23:00
3343,Customer_3343,Belgium,low,78.12,2025-05-10 18:02:00
3344,Customer_3344,Poland,high,434.91,2025-04-22 12:38:00
3345,Customer_3345,Spain,low,76.76,2025-06-01 12:41:00
3346,Customer_3346,United Kingdom,low,65.36,2025-03-28 10:24:00
3347,Customer_3347,Germany,low,103.4,2025-02-10 10:16:00
3348,Customer_3348,Spain,medium,226.4,2025-12-11 18:35:00
3349,Customer_3349,Belgium,low,35.13,2025-11-17 16:40:00
3350,Customer_3350,Italy,low,69.3,2025-10-22 17:06:00
3351,Customer_3351,United Kingdom,medium,112.45,2025-04-24 12:58:00
3352,Customer_3352,France,low,77.09,2025-07-09 11:12:00
3353,Customer_3353,Romania,low,43.94,2025-03-24 12:29:00
3354,Customer_3354,Germany,medium,226.68,2025-06-18 11:14:00
3355,Customer_3355,Spain,low,40.23,2025-01-26 19:15:00
3356,Customer_3356,France,low,103.45,2025-11-17 15:25:00
3357,Customer_3357,Italy,low,91.88,2025-06-28 15:49:00
3358,Customer_3358,Austria,medium,204.02,2025-05-16 13:50:00
3359,Customer_3359,Poland,low,91.21,2025-12-26 12:46:00
3360,Customer_3360,Belgium,medium,159.31,2025-04-14 13:36:00
3361,Customer_3361,Poland,high,362.51,2025-07-24 17:49:00
3362,Customer_3362,Romania,low,100.69,2025-07-07 12:08:00
3363,Customer_3363,France,low,48.56,2025-01-18 19:58:00
3364,Customer_3364,Italy,low,112.53,2025-10-10 16:05:00
3365,Customer_3365,Belgium,low,59.91,2025-03-11 20:23:00
3366,Customer_3366,United Kingdom,low,50.21,2025-08-06 09:54:00
3367,Customer_3367,Spain,low,107.01,2025-05-05 11:23:00
3368,Customer_3368,United Kingdom,high,359.42,2025-07-04 12:03:00
3369,Customer_3369,Netherlands,low,78.35,2025-04-26 10:26:00
3370,Customer_3370,France,low,51.67,2025-05-07 19:51:00
3371,Customer_3371,Italy,low,61.26,2025-11-25 15:14:00
3372,Customer_3372,France,high,608.4,2025-01-01 16:41:00
3373,Customer_3373,France,low,73.08,2025-06-06 10:59:00
3374,Customer_3374,France,low,92.99,2025-08-03 16:17:00
3375,Customer_3375,Belgium,low,56.27,2025-11-09 19:57:00
3376,Customer_3376,Germany,low,110.58,2025-08-09 12:54:00
3377,Customer_3377,Poland,low,69.72,2025-11-06 18:59:00
3378,Customer_3378,Italy,low,61.09,2025-06-24 10:14:00
3379,Customer_3379,Poland,low,33.21,2025-07-13 18:20:00
3380,Customer_3380,Austria,low,66.8,2025-02-09 08:41:00
3381,Customer_3381,Italy,medium,218.45,2025-06-27 10:52:00
3382,Customer_3382,Poland,medium,93.83,2025-06-11 18:33:00
3383,Customer_3383,Italy,low,112.08,2025-08-28 18:11:00
3384,Customer_3384,Germany,low,38.63,2025-08-22 11:07:00
3385,Customer_3385,Austria,low,50.11,2025-10-23 20:07:00
3386,Customer_3386,Spain,medium,196.4,2025-11-23 09:31:00
3387,Customer_3387,Germany,medium,123.66,2025-04-13 17:22:00
3388,Customer_3388,Belgium,low,71.81,2025-07-06 19:01:00
3389,Customer_3389,United Kingdom,low,77.56,2025-11-28 15:50:00
3390,Customer_3390,Spain,low,91.91,2025-10-12 18:43:00
3391,Customer_3391,Spain,medium,112.64,2025-03-21 19:49:00
3392,Customer_3392,Poland,low,81.59,2025-09-20 17:11:00
3393,Customer_3393,Italy,low,105.29,2025-12-23 20:53:00
3394,Customer_3394,Spain,medium,129.61,2025-04-14 14:05:00
3395,Customer_3395,Romania,low,23.48,2025-07-03 08:35:00
3396,Customer_3396,Poland,low,38.74,2025-10-16 20:07:00
3397,Customer_3397,Romania,medium,262.55,2025-04-13 08:06:00
3398,Customer_3398,Italy,low,35.6,2025-02-12 18:54:00
3399,Customer_3399,Romania,low,116.27,2025-11-18 18:11:00
3400,Customer_3400,France,high,495.8,2025-11-14 19:48:00
3401,Customer_3401,Netherlands,low,45.83,2025-07-16 11:20:00
3402,Customer_3402,Poland,medium,108.83,2025-04-07 19:09:00
3403,Customer_3403,Germany,high,751.79,2025-09-01 18:06:00
3404,Customer_3404,United Kingdom,low,119.71,2025-06-18 18:54:00
3405,Customer_3405,United Kingdom,low,101.57,2025-11-21 10:11:00
3406,Customer_3406,Belgium,low,57.7,2025-10-11 11:23:00
3407,Customer_3407,Italy,medium,133.29,2025-11-26 19:30:00
3408,Customer_3408,Spain,low,84.78,2025-09-02 12:25:00
3409,Customer_3409,Poland,low,102.77,2025-01-16 18:20:00
3410,Customer_3410,Spain,medium,288.95,2025-02-21 16:20:00
3411,Customer_3411,Germany,low,86.0,2025-04-25 14:11:00
3412,Customer_3412,Austria,low,70.87,2025-05-22 14:14:00
3413,Customer_3413,United Kingdom,medium,184.18,2025-06-13 09:20:00
3414,Customer_3414,Netherlands,medium,89.91,2025-06-09 17:04:00
3415,Customer_3415,Germany,medium,225.13,2025-06-03 14:46:00
3416,Customer_3416,Netherlands,low,76.62,2025-11-11 13:27:00
3417,Customer_3417,Netherlands,low,113.33,2025-02-19 19:24:00
3418,Customer_3418,United Kingdom,high,554.56,2025-08-18 15:22:00
3419,Customer_3419,Germany,low,100.34,2025-03-01 12:10:00
3420,Customer_3420,Austria,high,600.0,2025-02-20 18:31:00
3421,Customer_3421,France,low,86.16,2025-03-10 09:12:00
3422,Customer_3422,United Kingdom,low,91.65,2025-10-13 15:34:00
3423,Customer_3423,United Kingdom,low,60.6,2025-10-17 15:13:00
3424,Customer_3424,France,low,69.05,2025-08-08 09:51:00
3425,Customer_3425,United Kingdom,high,311.22,2025-08-21 14:43:00
3426,Customer_3426,Italy,low,53.91,2025-10-17 16:39:00
3427,Customer_3427,Poland,low,62.04,2025-04-27 18:59:00
3428,Customer_3428,Spain,medium,230.69,2025-12-23 12:12:00
3429,Customer_3429,France,low,83.0,2025-07-11 12:12:00
3430,Customer_3430,Italy,high,603.27,2025-10-21 13:11:00
3431,Customer_3431,Spain,low,24.57,2025-02-19 09:22:00
3432,Customer_3432,Italy,medium,186.98,2025-07-09 12:36:00
3433,Customer_3433,Poland,medium,142.5,2025-01-23 08:00:00
3434,Customer_3434,Germany,low,76.13,2025-07-10 12:34:00
3435,Customer_3435,Austria,low,49.77,2025-08-19 15:59:00
3436,Customer_3436,Netherlands,medium,99.59,2025-04-13 13:27:00
3437,Customer_3437,Italy,low,53.06,2025-01-14 11:22:00
3438,Customer_3438,Belgium,low,67.03,2025-01-19 19:24:00
3439,Customer_3439,Netherlands,low,81.65,2025-08-15 09:07:00
3440,Customer_3440,United Kingdom,low,33.74,2025-12-13 11:20:00
3441,Customer_3441,Spain,low,57.1,2025-08-24 08:11:00
3442,Customer_3442,Belgium,low,36.15,2025-03-15 14:43:00
3443,Customer_3443,Spain,low,43.48,2025-02-28 13:39:00
3444,Customer_3444,Netherlands,medium,216.57,2025-09-27 17:48:00
3445,Customer_3445,Belgium,low,54.87,2025-05-14 18:27:00
3446,Customer_3446,Spain,low,53.04,2025-05-28 12:47:00
3447,Customer_3447,Spain,low,45.74,2025-02-26 12:39:00
3448,Customer_3448,France,low,112.8,2025-10-08 20:38:00
3449,Customer_3449,Spain,medium,287.84,2025-05-09 17:28:00
3450,Customer_3450,Netherlands,low,108.09,2025-07-09 08:33:00
3451,Customer_3451,Romania,low,42.45,2025-10-11 16:26:00
3452,Customer_3452,Germany,low,67.7,2025-04-19 18:52:00
3453,Customer_3453,Romania,low,108.23,2025-10-28 12:06:00
3454,Customer_3454,Spain,low,116.73,2025-10-15 10:03:00
3455,Customer_3455,Germany,low,67.87,2025-01-16 13:19:00
3456,Customer_3456,Romania,low,48.71,2025-12-26 14:23:00
3457,Customer_3457,Belgium,low,78.56,2025-03-02 11:00:00
3458,Customer_3458,Italy,low,76.67,2025-05-13 09:09:00
3459,Customer_3459,United Kingdom,low,25.46,2025-01-05 19:55:00
3460,Customer_3460,Belgium,low,97.88,2025-04-24 15:21:00
3461,Customer_3461,Austria,medium,196.33,2025-10-13 11:21:00
3462,Customer_3462,United Kingdom,low,87.75,2025-08-01 16:27:00
3463,Customer_3463,France,medium,214.09,2025-02-09 19:23:00
3464,Customer_3464,Romania,low,45.94,2025-06-13 14:14:00
3465,Customer_3465,France,low,113.45,2025-09-12 08:56:00
3466,Customer_3466,Spain,low,38.36,2025-07-06 18:47:00
3467,Customer_3467,Germany,low,44.87,2025-05-15 12:11:00
3468,Customer_3468,Netherlands,low,85.6,2025-01-10 11:42:00
3469,Customer_3469,Poland,low,61.57,2025-12-23 18:51:00
3470,Customer_3470,Austria,medium,198.86,2025-01-02 16:50:00
3471,Customer_3471,Belgium,low,109.72,2025-10-28 12:24:00
3472,Customer_3472,United Kingdom,high,291.79,2025-11-03 18:42:00
3473,Customer_3473,Poland,low,48.6,2025-08-09 11:02:00
3474,Customer_3474,Netherlands,low,51.85,2025-03-08 16:50:00
3475,Customer_3475,Belgium,medium,115.94,2025-09-20 12:27:00
3476,Customer_3476,Austria,low,64.85,2025-06-24 20:59:00
3477,Customer_3477,Germany,low,33.35,2025-03-20 20:14:00
3478,Customer_3478,Italy,low,33.44,2025-07-19 09:13:00
3479,Customer_3479,Spain,medium,130.54,2025-04-07 12:26:00
3480,Customer_3480,Poland,low,93.41,2025-02-22 14:50:00
3481,Customer_3481,Poland,low,101.58,2025-08-28 14:09:00
3482,Customer_3482,Poland,low,54.74,2025-06-08 19:03:00
3483,Customer_3483,Germany,low,57.02,2025-01-03 10:58:00
3484,Customer_3484,Spain,low,75.61,2025-05-27 15:10:00
3485,Customer_3485,Spain,low,47.09,2025-03-02 10:34:00
3486,Customer_3486,Netherlands,low,114.65,2025-10-26 19:51:00
3487,Customer_3487,Italy,low,91.77,2025-03-22 20:08:00
3488,Customer_3488,Netherlands,low,57.33,2025-08-27 19:26:00
3489,Customer_3489,Netherlands,low,74.65,2025-12-25 09:53:00
3490,Customer_3490,Poland,low,89.1,2025-06-27 12:26:00
3491,Customer_3491,France,low,103.24,2025-03-09 08:24:00
3492,Customer_3492,Belgium,low,42.74,2025-08-05 20:43:00
3493,Customer_3493,Poland,low,53.95,2025-02-06 10:20:00
3494,Customer_3494,United Kingdom,low,115.58,2025-12-11 14:25:00
3495,Customer_3495,Romania,low,45.47,2025-09-24 19:09:00
3496,Customer_3496,Spain,low,82.72,2025-08-19 20:04:00
3497,Customer_3497,Germany,low,28.45,2025-01-04 16:29:00
3498,Customer_3498,Romania,low,89.69,2025-12-18 14:51:00
3499,Customer_3499,United Kingdom,low,111.63,2025-02-15 08:55:00
3500,Customer_3500,Poland,low,23.61,2025-11-08 17:09:00
3501,Customer_3501,Belgium,low,117.16,2025-10-09 19:22:00
3502,Customer_3502,Germany,low,93.52,2025-02-16 09:11:00
3503,Customer_3503,Germany,low,69.22,2025-07-24 12:15:00
3504,Customer_3504,Spain,low,38.18,2025-01-12 12:09:00
3505,Customer_3505,Germany,low,37.61,2025-11-11 18:51:00
3506,Customer_3506,Netherlands,low,84.6,2025-04-07 19:47:00
3507,Customer_3507,Italy,low,101.65,2025-04-10 12:19:00
3508,Customer_3508,Poland,medium,263.37,2025-05-17 16:31:00
3509,Customer_3509,Romania,low,112.24,2025-01-09 15:01:00
3510,Customer_3510,Germany,low,57.42,2025-11-13 20:32:00
3511,Customer_3511,Belgium,low,96.61,2025-06-07 20:43:00
3512,Customer_3512,Poland,low,82.39,2025-03-13 14:40:00
3513,Customer_3513,Spain,low,107.76,2025-12-11 14:14:00
3514,Customer_3514,Netherlands,low,112.13,2025-08-11 20:10:00
3515,Customer_3515,Germany,medium,204.79,2025-01-14 09:56:00
3516,Customer_3516,Austria,low,28.37,2025-10-05 08:41:00
3517,Customer_3517,Belgium,low,112.74,2025-03-19 12:07:00
3518,Customer_3518,France,low,106.47,2025-07-07 08:09:00
3519,Customer_3519,United Kingdom,low,95.75,2025-12-19 14:14:00
3520,Customer_3520,Austria,low,86.84,2025-03-21 14:11:00
3521,Customer_3521,United Kingdom,low,86.41,2025-03-02 14:24:00
3522,Customer_3522,France,low,45.92,2025-09-01 18:42:00
3523,Customer_3523,Romania,low,39.45,2025-12-04 11:41:00
3524,Customer_3524,Romania,medium,88.9,2025-05-19 16:54:00
3525,Customer_3525,Spain,low,35.7,2025-11-03 10:54:00
3526,Customer_3526,Germany,low,102.88,2025-02-12 19:18:00
3527,Customer_3527,Romania,low,108.34,2025-12-12 16:09:00
3528,Customer_3528,Austria,low,73.58,2025-07-10 08:06:00
3529,Customer_3529,United Kingdom,low,52.67,2025-09-18 08:24:00
3530,Customer_3530,Netherlands,high,650.05,2025-11-01 08:50:00
3531,Customer_3531,Austria,low,112.81,2025-08-15 18:33:00
3532,Customer_3532,Poland,low,51.37,2025-06-25 19:24:00
3533,Customer_3533,Austria,low,107.02,2025-12-10 20:47:00
3534,Customer_3534,France,low,92.42,2025-04-10 18:11:00
3535,Customer_3535,France,low,91.49,2025-07-26 10:11:00
3536,Customer_3536,France,low,21.71,2025-12-03 08:18:00
3537,Customer_3537,Germany,low,73.19,2025-02-10 19:31:00
3538,Customer_3538,Romania,medium,205.04,2025-12-28 09:05:00
3539,Customer_3539,Poland,medium,178.23,2025-07-19 17:38:00
3540,Customer_3540,United Kingdom,low,89.07,2025-02-21 10:32:00
3541,Customer_3541,Spain,low,74.96,2025-01-08 14:27:00
3542,Customer_3542,Austria,low,88.82,2025-03-23 08:03:00
3543,Customer_3543,Italy,low,39.67,2025-03-18 13:12:00
3544,Customer_3544,Romania,low,107.3,2025-01-11 18:02:00
3545,Customer_3545,Belgium,medium,139.43,2025-09-08 16:45:00
3546,Customer_3546,Italy,medium,201.69,2025-03-14 20:39:00
3547,Customer_3547,Germany,low,76.46,2025-10-02 08:28:00
3548,Customer_3548,Austria,low,63.22,2025-08-25 14:59:00
3549,Customer_3549,Spain,medium,119.01,2025-09-07 16:39:00
3550,Customer_3550,Austria,low,108.28,2025-04-07 15:26:00
3551,Customer_3551,France,low,83.5,2025-11-18 20:48:00
3552,Customer_3552,Austria,low,65.49,2025-04-14 16:19:00
3553,Customer_3553,France,low,27.44,2025-03-22 16:50:00
3554,Customer_3554,Germany,low,42.56,2025-10-05 09:43:00
3555,Customer_3555,Romania,medium,240.84,2025-04-12 10:29:00
3556,Customer_3556,United Kingdom,low,26.33,2025-08-11 19:48:00
3557,Customer_3557,Italy,low,109.57,2025-08-13 09:41:00
3558,Customer_3558,Italy,low,82.91,2025-06-27 17:10:00
3559,Customer_3559,Italy,low,113.43,2025-09-04 18:52:00
3560,Customer_3560,Netherlands,low,27.51,2025-03-15 17:28:00
3561,Customer_3561,Austria,low,111.82,2025-12-04 13:37:00
3562,Customer_3562,Austria,low,73.32,2025-04-18 19:19:00
3563,Customer_3563,Belgium,low,37.82,2025-11-01 19:52:00
3564,Customer_3564,Germany,low,57.69,2025-12-27 14:34:00
3565,Customer_3565,Austria,medium,214.56,2025-06-19 09:08:00
3566,Customer_3566,Belgium,low,50.8,2025-09-19 17:57:00
3567,Customer_3567,Germany,low,42.35,2025-05-22 14:40:00
3568,Customer_3568,Italy,medium,242.4,2025-03-19 17:01:00
3569,Customer_3569,Poland,low,67.52,2025-10-14 14:37:00
3570,Customer_3570,Netherlands,low,63.79,2025-10-13 15:01:00
3571,Customer_3571,Romania,low,98.18,2025-08-10 18:43:00
3572,Customer_3572,Poland,low,55.19,2025-10-28 17:18:00
3573,Customer_3573,Austria,low,115.36,2025-04-26 17:51:00
3574,Customer_3574,Romania,medium,104.76,2025-08-08 12:53:00
3575,Customer_3575,Poland,low,82.99,2025-04-13 19:37:00
3576,Customer_3576,Romania,medium,103.5,2025-07-10 20:37:00
3577,Customer_3577,Romania,low,49.0,2025-01-26 17:10:00
3578,Customer_3578,Romania,medium,272.68,2025-06-06 09:53:00
3579,Customer_3579,Italy,low,33.95,2025-08-02 14:25:00
3580,Customer_3580,Netherlands,low,110.17,2025-01-27 16:11:00
3581,Customer_3581,Netherlands,low,45.27,2025-09-04 20:14:00
3582,Customer_3582,Italy,low,73.96,2025-09-07 18:51:00
3583,Customer_3583,Italy,low,50.51,2025-09-18 11:39:00
3584,Customer_3584,United Kingdom,low,46.19,2025-12-04 16:22:00
3585,Customer_3585,Austria,high,341.94,2025-03-15 20:23:00
3586,Customer_3586,Italy,low,41.29,2025-11-12 19:24:00
3587,Customer_3587,Austria,low,108.86,2025-10-12 18:13:00
3588,Customer_3588,Italy,medium,289.07,2025-07-10 09:35:00
3589,Customer_3589,Netherlands,medium,122.15,2025-08-18 18:54:00
3590,Customer_3590,Netherlands,low,76.95,2025-09-25 15:58:00
3591,Customer_3591,Italy,low,73.08,2025-03-14 18:51:00
3592,Customer_3592,Italy,low,83.1,2025-04-14 13:56:00
3593,Customer_3593,France,low,47.14,2025-05-10 12:08:00
3594,Customer_3594,United Kingdom,low,24.33,2025-08-09 18:21:00
3595,Customer_3595,Austria,low,112.91,2025-06-06 12:02:00
3596,Customer_3596,Austria,low,97.81,2025-02-11 13:39:00
3597,Customer_3597,United Kingdom,low,67.77,2025-06-14 20:11:00
3598,Customer_3598,Germany,medium,119.78,2025-10-01 13:15:00
3599,Customer_3599,Spain,medium,222.45,2025-05-15 20:01:00
3600,Customer_3600,Netherlands,low,68.04,2025-07-10 16:18:00
3601,Customer_3601,Belgium,low,42.28,2025-07-11 10:06:00
3602,Customer_3602,Spain,low,51.25,2025-08-27 09:08:00
3603,Customer_3603,Netherlands,low,54.77,2025-02-06 19:53:00
3604,Customer_3604,United Kingdom,low,94.1,2025-07-05 18:11:00
3605,Customer_3605,France,medium,94.96,2025-12-25 15:15:00
3606,Customer_3606,Germany,low,66.33,2025-03-14 20:17:00
3607,Customer_3607,Romania,low,93.15,2025-10-12 16:20:00
3608,Customer_3608,Belgium,low,37.1,2025-10-22 12:10:00
3609,Customer_3609,Belgium,low,105.92,2025-02-13 09:32:00
3610,Customer_3610,Belgium,low,81.49,2025-08-03 08:21:00
3611,Customer_3611,Italy,low,83.67,2025-06-10 17:05:00
3612,Customer_3612,Netherlands,low,50.73,2025-08-08 20:23:00
3613,Customer_3613,Spain,low,34.11,2025-08-28 16:46:00
3614,Customer_3614,Netherlands,low,98.95,2025-08-04 13:37:00
3615,Customer_3615,Netherlands,low,118.0,2025-08-07 12:18:00
3616,Customer_3616,United Kingdom,low,53.34,2025-08-17 16:01:00
3617,Customer_3617,Spain,low,72.99,2025-07-03 20:04:00
3618,Customer_3618,Spain,low,84.43,2025-10-06 14:59:00
3619,Customer_3619,Italy,low,70.6,2025-03-26 16:04:00
3620,Customer_3620,Belgium,medium,185.58,2025-08-07 08:18:00
3621,Customer_3621,Romania,low,51.6,2025-02-11 10:07:00
3622,Customer_3622,Poland,low,60.86,2025-11-07 13:46:00
3623,Customer_3623,Spain,low,100.58,2025-09-02 09:32:00
3624,Customer_3624,United Kingdom,medium,158.37,2025-11-16 11:18:00
3625,Customer_3625,Netherlands,medium,189.24,2025-12-16 15:47:00
3626,Customer_3626,Austria,medium,210.35,2025-07-19 09:19:00
3627,Customer_3627,Spain,low,59.61,2025-10-20 17:16:00
3628,Customer_3628,Austria,low,63.0,2025-06-02 17:37:00
3629,Customer_3629,United Kingdom,low,22.9,2025-01-04 08:34:00
3630,Customer_3630,United Kingdom,low,67.97,2025-10-01 16:57:00
3631,Customer_3631,Spain,medium,230.43,2025-06-06 09:45:00
3632,Customer_3632,France,low,60.96,2025-09-10 12:10:00
3633,Customer_3633,Netherlands,low,93.61,2025-09-25 16:19:00
3634,Customer_3634,United Kingdom,medium,278.21,2025-11-20 19:29:00
3635,Customer_3635,United Kingdom,low,37.07,2025-06-27 20:56:00
3636,Customer_3636,Poland,low,91.0,2025-06-25 16:08:00
3637,Customer_3637,Romania,low,104.26,2025-01-06 10:04:00
3638,Customer_3638,Poland,low,66.28,2025-09-20 18:57:00
3639,Customer_3639,France,medium,145.83,2025-09-07 18:38:00
3640,Customer_3640,Poland,medium,181.67,2025-06-25 17:33:00
3641,Customer_3641,Netherlands,medium,137.79,2025-06-26 09:50:00
3642,Customer_3642,Netherlands,medium,125.34,2025-08-25 10:33:00
3643,Customer_3643,Austria,high,262.89,2025-03-24 11:40:00
3644,Customer_3644,Italy,low,70.28,2025-07-28 16:07:00
3645,Customer_3645,France,low,80.98,2025-08-27 16:05:00
3646,Customer_3646,Netherlands,medium,154.04,2025-01-27 08:47:00
3647,Customer_3647,United Kingdom,low,106.65,2025-12-19 18:54:00
3648,Customer_3648,Germany,medium,177.96,2025-10-02 13:20:00
3649,Customer_3649,Germany,low,62.52,2025-07-19 11:14:00
3650,Customer_3650,Belgium,low,102.91,2025-06-24 16:34:00
3651,Customer_3651,Italy,medium,182.23,2025-12-01 20:53:00
3652,Customer_3652,Belgium,low,87.33,2025-01-24 19:07:00
3653,Customer_3653,France,low,98.73,2025-02-01 11:54:00
3654,Customer_3654,Romania,low,77.35,2025-08-10 10:41:00
3655,Customer_3655,Belgium,low,44.33,2025-07-02 17:03:00
3656,Customer_3656,Romania,low,73.5,2025-02-28 16:45:00
3657,Customer_3657,France,low,52.77,2025-03-10 11:45:00
3658,Customer_3658,Poland,low,26.97,2025-06-23 20:50:00
3659,Customer_3659,Romania,low,57.91,2025-07-05 15:05:00
3660,Customer_3660,Spain,low,70.97,2025-10-13 17:15:00
3661,Customer_3661,Spain,low,99.85,2025-01-23 08:40:00
3662,Customer_3662,Belgium,low,117.54,2025-07-03 13:40:00
3663,Customer_3663,Netherlands,low,44.63,2025-11-11 14:52:00
3664,Customer_3664,Austria,low,68.73,2025-03-12 13:50:00
3665,Customer_3665,France,low,49.02,2025-07-22 17:02:00
3666,Customer_3666,Germany,medium,280.42,2025-08-16 10:29:00
3667,Customer_3667,Italy,medium,199.83,2025-07-25 18:24:00
3668,Customer_3668,Austria,low,111.41,2025-05-06 16:05:00
3669,Customer_3669,Austria,medium,136.41,2025-12-22 14:04:00
3670,Customer_3670,Italy,medium,217.16,2025-12-15 13:40:00
3671,Customer_3671,Spain,low,107.22,2025-11-10 14:53:00
3672,Customer_3672,Netherlands,low,57.33,2025-02-02 11:42:00
3673,Customer_3673,Romania,low,33.54,2025-04-01 12:09:00
3674,Customer_3674,Poland,low,62.22,2025-09-28 09:16:00
3675,Customer_3675,Netherlands,low,65.33,2025-09-25 17:14:00
3676,Customer_3676,United Kingdom,low,41.14,2025-01-19 14:36:00
3677,Customer_3677,Italy,low,60.21,2025-12-25 18:55:00
3678,Customer_3678,United Kingdom,low,89.21,2025-01-19 10:11:00
3679,Customer_3679,Romania,low,105.82,2025-10-17 15:48:00
3680,Customer_3680,Netherlands,medium,245.97,2025-06-04 19:15:00
3681,Customer_3681,Belgium,low,109.28,2025-03-28 15:07:00
3682,Customer_3682,Poland,low,39.65,2025-11-14 20:35:00
3683,Customer_3683,Romania,high,673.3,2025-07-27 12:49:00
3684,Customer_3684,Italy,low,114.71,2025-10-17 20:33:00
3685,Customer_3685,France,low,40.55,2025-08-15 18:47:00
3686,Customer_3686,Belgium,high,333.47,2025-04-07 14:18:00
3687,Customer_3687,Poland,low,102.94,2025-02-08 19:00:00
3688,Customer_3688,United Kingdom,low,111.31,2025-06-07 16:52:00
3689,Customer_3689,Austria,high,311.77,2025-03-13 10:22:00
3690,Customer_3690,Netherlands,medium,293.38,2025-05-03 18:54:00
3691,Customer_3691,Germany,medium,131.18,2025-02-20 08:46:00
3692,Customer_3692,Belgium,low,33.4,2025-05-25 12:04:00
3693,Customer_3693,Italy,low,89.01,2025-12-19 19:17:00
3694,Customer_3694,France,low,35.96,2025-06-25 11:53:00
3695,Customer_3695,Romania,low,25.95,2025-08-23 17:19:00
3696,Customer_3696,France,high,754.16,2025-03-25 12:34:00
3697,Customer_3697,Poland,low,93.02,2025-09-16 10:47:00
3698,Customer_3698,Austria,high,719.33,2025-10-14 11:11:00
3699,Customer_3699,Germany,low,119.19,2025-05-26 10:11:00
3700,Customer_3700,Netherlands,low,103.24,2025-12-21 18:13:00
3701,Customer_3701,Germany,low,30.79,2025-10-02 08:12:00
3702,Customer_3702,Netherlands,low,63.16,2025-12-13 11:03:00
3703,Customer_3703,Poland,low,74.62,2025-08-23 18:10:00
3704,Customer_3704,Italy,medium,113.32,2025-01-02 17:21:00
3705,Customer_3705,Spain,low,100.26,2025-12-05 09:36:00
3706,Customer_3706,Belgium,low,115.84,2025-10-01 08:21:00
3707,Customer_3707,Poland,low,51.3,2025-01-04 15:15:00
3708,Customer_3708,Germany,low,99.79,2025-01-01 20:29:00
3709,Customer_3709,Spain,low,28.95,2025-01-21 15:10:00
3710,Customer_3710,Germany,low,40.42,2025-07-19 08:47:00
3711,Customer_3711,Romania,low,27.56,2025-07-16 10:11:00
3712,Customer_3712,France,low,102.36,2025-06-28 19:49:00
3713,Customer_3713,Netherlands,low,99.23,2025-08-04 17:10:00
3714,Customer_3714,Romania,medium,292.17,2025-08-27 08:29:00
3715,Customer_3715,Netherlands,low,60.71,2025-03-27 11:48:00
3716,Customer_3716,Netherlands,low,98.65,2025-03-06 13:09:00
3717,Customer_3717,France,low,21.54,2025-06-06 11:58:00
3718,Customer_3718,United Kingdom,low,28.23,2025-12-22 19:01:00
3719,Customer_3719,United Kingdom,low,94.19,2025-08-26 15:56:00
3720,Customer_3720,Germany,low,22.26,2025-11-06 14:41:00
3721,Customer_3721,Belgium,low,42.46,2025-03-16 14:05:00
3722,Customer_3722,Poland,low,50.01,2025-09-01 18:08:00
3723,Customer_3723,Netherlands,medium,261.98,2025-06-19 16:22:00
3724,Customer_3724,France,low,33.14,2025-02-19 18:07:00
3725,Customer_3725,Belgium,high,522.21,2025-02-06 20:27:00
3726,Customer_3726,Romania,medium,298.54,2025-12-10 19:38:00
3727,Customer_3727,Romania,medium,136.17,2025-09-14 20:56:00
3728,Customer_3728,Romania,low,32.69,2025-08-13 08:58:00
3729,Customer_3729,Italy,low,46.92,2025-08-09 08:32:00
3730,Customer_3730,Spain,low,85.73,2025-02-19 09:36:00
3731,Customer_3731,Italy,low,81.97,2025-10-05 09:27:00
3732,Customer_3732,Netherlands,low,60.37,2025-12-24 20:33:00
3733,Customer_3733,Spain,low,116.19,2025-11-05 11:50:00
3734,Customer_3734,Belgium,high,367.16,2025-05-17 14:17:00
3735,Customer_3735,Poland,medium,88.6,2025-03-04 11:36:00
3736,Customer_3736,Romania,low,47.43,2025-03-05 19:54:00
3737,Customer_3737,Italy,low,119.79,2025-04-24 19:31:00
3738,Customer_3738,Germany,medium,159.04,2025-06-01 11:48:00
3739,Customer_3739,Spain,low,22.06,2025-09-17 14:15:00
3740,Customer_3740,Netherlands,low,119.41,2025-08-08 17:07:00
3741,Customer_3741,United Kingdom,low,71.62,2025-10-25 20:36:00
3742,Customer_3742,France,low,31.91,2025-01-01 17:54:00
3743,Customer_3743,France,low,95.3,2025-11-05 11:08:00
3744,Customer_3744,Poland,low,65.67,2025-10-22 16:49:00
3745,Customer_3745,United Kingdom,low,94.0,2025-10-02 14:00:00
3746,Customer_3746,Romania,medium,154.1,2025-09-27 09:54:00
3747,Customer_3747,Romania,low,120.0,2025-07-08 08:03:00
3748,Customer_3748,Italy,medium,259.51,2025-10-17 12:43:00
3749,Customer_3749,Spain,low,31.87,2025-02-24 11:28:00
3750,Customer_3750,France,medium,195.15,2025-02-11 09:42:00
3751,Customer_3751,United Kingdom,low,56.94,2025-05-11 16:09:00
3752,Customer_3752,United Kingdom,high,385.43,2025-01-07 18:16:00
3753,Customer_3753,Italy,low,40.35,2025-04-09 14:26:00
3754,Customer_3754,Italy,low,57.51,2025-10-20 17:16:00
3755,Customer_3755,Netherlands,low,90.41,2025-07-14 15:09:00
3756,Customer_3756,Italy,low,75.05,2025-05-21 19:01:00
3757,Customer_3757,Germany,low,73.91,2025-02-23 16:09:00
3758,Customer_3758,Germany,low,71.33,2025-10-25 12:00:00
3759,Customer_3759,Germany,high,434.65,2025-01-17 13:32:00
3760,Customer_3760,France,low,88.88,2025-03-15 11:50:00
3761,Customer_3761,Belgium,low,39.27,2025-05-06 11:22:00
3762,Customer_3762,Poland,low,49.47,2025-03-20 09:49:00
3763,Customer_3763,Romania,high,531.0,2025-06-04 16:07:00
3764,Customer_3764,Austria,medium,218.24,2025-11-11 13:36:00
3765,Customer_3765,Italy,low,106.63,2025-07-04 08:03:00
3766,Customer_3766,Poland,low,41.91,2025-05-14 14:01:00
3767,Customer_3767,Italy,low,76.16,2025-09-05 15:05:00
3768,Customer_3768,Italy,low,107.9,2025-03-07 10:36:00
3769,Customer_3769,Austria,low,28.96,2025-01-21 12:34:00
3770,Customer_3770,Belgium,low,93.54,2025-07-25 13:14:00
3771,Customer_3771,Netherlands,low,92.54,2025-05-21 10:57:00
3772,Customer_3772,Germany,high,451.38,2025-04-28 18:19:00
3773,Customer_3773,Austria,medium,85.53,2025-10-03 13:15:00
3774,Customer_3774,Italy,low,91.92,2025-11-07 19:19:00
3775,Customer_3775,Poland,medium,137.08,2025-06-18 14:05:00
3776,Customer_3776,Poland,high,520.85,2025-03-11 20:06:00
3777,Customer_3777,Germany,medium,227.0,2025-03-13 15:00:00
3778,Customer_3778,Romania,low,61.83,2025-07-12 19:50:00
3779,Customer_3779,Austria,high,713.56,2025-05-03 17:56:00
3780,Customer_3780,Poland,medium,169.93,2025-09-15 16:54:00
3781,Customer_3781,Netherlands,medium,144.56,2025-08-27 09:42:00
3782,Customer_3782,Germany,low,83.91,2025-06-01 08:26:00
3783,Customer_3783,France,medium,146.73,2025-10-16 12:09:00
3784,Customer_3784,Germany,low,106.41,2025-04-10 08:19:00
3785,Customer_3785,Austria,medium,245.86,2025-09-05 09:09:00
3786,Customer_3786,France,low,83.72,2025-05-20 19:48:00
3787,Customer_3787,Belgium,low,45.68,2025-03-01 14:42:00
3788,Customer_3788,Netherlands,medium,221.42,2025-02-25 09:06:00
3789,Customer_3789,United Kingdom,low,39.56,2025-09-03 16:09:00
3790,Customer_3790,Poland,low,105.72,2025-07-08 12:14:00
3791,Customer_3791,Belgium,low,98.9,2025-09-28 16:51:00
3792,Customer_3792,Germany,low,72.82,2025-05-19 20:26:00
3793,Customer_3793,Romania,low,60.52,2025-05-28 20:01:00
3794,Customer_3794,Belgium,medium,259.64,2025-01-06 09:10:00
3795,Customer_3795,Belgium,low,85.65,2025-05-03 20:46:00
3796,Customer_3796,Germany,low,22.93,2025-12-13 08:19:00
3797,Customer_3797,United Kingdom,low,72.79,2025-01-27 11:31:00
3798,Customer_3798,Germany,low,93.0,2025-09-13 08:03:00
3799,Customer_3799,Spain,low,119.95,2025-04-04 17:28:00
3800,Customer_3800,Romania,medium,217.04,2025-01-03 09:51:00
3801,Customer_3801,Netherlands,low,21.32,2025-05-16 09:15:00
3802,Customer_3802,France,medium,189.2,2025-02-19 15:48:00
3803,Customer_3803,Romania,low,98.07,2025-02-21 20:24:00
3804,Customer_3804,Germany,medium,286.78,2025-11-23 17:48:00
3805,Customer_3805,Italy,low,45.84,2025-10-21 12:54:00
3806,Customer_3806,Poland,medium,152.3,2025-06-01 18:07:00
3807,Customer_3807,France,low,63.75,2025-04-11 16:10:00
3808,Customer_3808,France,low,112.26,2025-09-17 18:55:00
3809,Customer_3809,Poland,low,20.35,2025-03-25 15:38:00
3810,Customer_3810,Italy,low,66.79,2025-07-04 14:01:00
3811,Customer_3811,Romania,low,31.11,2025-10-16 10:08:00
3812,Customer_3812,Spain,low,107.91,2025-10-21 14:16:00
3813,Customer_3813,Poland,low,32.06,2025-04-16 13:53:00
3814,Customer_3814,Spain,low,107.83,2025-09-28 09:57:00
3815,Customer_3815,Italy,low,48.68,2025-01-22 19:45:00
3816,Customer_3816,Romania,low,55.19,2025-09-02 08:10:00
3817,Customer_3817,Netherlands,low,49.32,2025-03-07 14:11:00
3818,Customer_3818,Germany,high,272.93,2025-10-02 20:24:00
3819,Customer_3819,United Kingdom,low,58.24,2025-06-28 15:16:00
3820,Customer_3820,Austria,low,21.99,2025-08-22 18:22:00
3821,Customer_3821,France,low,89.01,2025-04-19 13:44:00
3822,Customer_3822,Germany,low,25.49,2025-02-27 14:57:00
3823,Customer_3823,Netherlands,medium,165.45,2025-01-16 08:13:00
3824,Customer_3824,Spain,low,117.92,2025-11-17 20:16:00
3825,Customer_3825,Germany,low,41.19,2025-12-23 09:39:00
3826,Customer_3826,Romania,medium,207.14,2025-05-18 12:32:00
3827,Customer_3827,France,low,21.02,2025-02-24 14:38:00
3828,Customer_3828,France,medium,149.61,2025-04-02 10:06:00
3829,Customer_3829,Belgium,medium,162.95,2025-12-12 20:51:00
3830,Customer_3830,Romania,high,618.97,2025-07-23 20:15:00
3831,Customer_3831,Spain,low,113.57,2025-06-08 12:35:00
3832,Customer_3832,France,low,52.59,2025-02-25 12:58:00
3833,Customer_3833,Poland,low,96.87,2025-03-16 16:52:00
3834,Customer_3834,United Kingdom,medium,268.22,2025-02-11 15:15:00
3835,Customer_3835,Romania,low,94.45,2025-02-05 16:49:00
3836,Customer_3836,France,medium,279.67,2025-06-26 09:08:00
3837,Customer_3837,Spain,low,96.51,2025-08-17 09:21:00
3838,Customer_3838,Belgium,low,57.64,2025-11-02 20:42:00
3839,Customer_3839,United Kingdom,low,42.71,2025-07-01 10:18:00
3840,Customer_3840,Netherlands,low,93.81,2025-06-25 12:27:00
3841,Customer_3841,Poland,low,23.67,2025-02-15 09:01:00
3842,Customer_3842,Poland,low,102.69,2025-08-04 13:24:00
3843,Customer_3843,Netherlands,medium,185.75,2025-11-25 11:30:00
3844,Customer_3844,Italy,low,68.67,2025-05-08 16:01:00
3845,Customer_3845,Germany,medium,145.23,2025-02-27 12:32:00
3846,Customer_3846,Belgium,low,87.17,2025-07-02 10:36:00
3847,Customer_3847,Germany,low,97.06,2025-07-22 16:25:00
3848,Customer_3848,Germany,medium,120.91,2025-09-27 12:02:00
3849,Customer_3849,Poland,low,45.07,2025-01-15 18:57:00
3850,Customer_3850,Austria,low,34.38,2025-02-28 19:13:00
3851,Customer_3851,Belgium,low,74.85,2025-07-16 14:44:00
3852,Customer_3852,Germany,low,32.54,2025-09-14 19:32:00
3853,Customer_3853,Poland,low,60.64,2025-11-23 08:51:00
3854,Customer_3854,Netherlands,low,113.61,2025-07-19 18:14:00
3855,Customer_3855,Germany,low,53.46,2025-06-25 11:16:00
3856,Customer_3856,Italy,low,22.54,2025-09-27 17:49:00
3857,Customer_3857,Germany,low,77.77,2025-12-03 13:38:00
3858,Customer_3858,Poland,low,45.74,2025-01-11 11:43:00
3859,Customer_3859,Belgium,low,25.78,2025-08-17 17:56:00
3860,Customer_3860,Poland,low,53.9,2025-05-06 14:54:00
3861,Customer_3861,France,low,106.27,2025-04-27 20:33:00
3862,Customer_3862,Netherlands,low,38.09,2025-04-28 14:47:00
3863,Customer_3863,Germany,low,40.62,2025-01-23 10:11:00
3864,Customer_3864,Germany,low,30.64,2025-02-27 15:53:00
3865,Customer_3865,Belgium,low,69.01,2025-10-04 15:06:00
3866,Customer_3866,Austria,low,97.94,2025-03-20 16:23:00
3867,Customer_3867,France,low,103.71,2025-07-19 16:14:00
3868,Customer_3868,Italy,low,114.0,2025-07-19 08:13:00
3869,Customer_3869,United Kingdom,medium,119.42,2025-01-06 19:26:00
3870,Customer_3870,United Kingdom,medium,83.06,2025-05-06 18:25:00
3871,Customer_3871,Netherlands,low,27.74,2025-07-18 08:55:00
3872,Customer_3872,France,low,108.35,2025-01-07 20:05:00
3873,Customer_3873,Austria,medium,178.04,2025-01-11 18:00:00
3874,Customer_3874,Italy,low,39.83,2025-03-14 15:11:00
3875,Customer_3875,Netherlands,medium,162.88,2025-04-28 09:55:00
3876,Customer_3876,Poland,low,47.86,2025-08-14 11:58:00
3877,Customer_3877,Romania,low,42.23,2025-10-02 19:25:00
3878,Customer_3878,Belgium,low,35.63,2025-06-20 19:39:00
3879,Customer_3879,Romania,low,89.89,2025-04-24 17:14:00
3880,Customer_3880,Germany,low,35.8,2025-08-06 16:55:00
3881,Customer_3881,France,low,77.26,2025-07-08 13:41:00
3882,Customer_3882,Italy,low,97.24,2025-07-02 10:53:00
3883,Customer_3883,Austria,low,65.26,2025-11-11 10:29:00
3884,Customer_3884,Germany,low,50.37,2025-04-19 15:16:00
3885,Customer_3885,United Kingdom,low,78.64,2025-01-15 19:00:00
3886,Customer_3886,Romania,medium,175.67,2025-01-14 19:31:00
3887,Customer_3887,Belgium,medium,266.23,2025-01-06 08:34:00
3888,Customer_3888,Italy,low,112.24,2025-10-27 10:38:00
3889,Customer_3889,Italy,low,97.16,2025-06-25 12:56:00
3890,Customer_3890,Spain,low,47.95,2025-09-19 08:37:00
3891,Customer_3891,Spain,low,35.69,2025-04-08 11:11:00
3892,Customer_3892,Italy,high,346.81,2025-02-02 10:51:00
3893,Customer_3893,Belgium,medium,257.18,2025-06-28 08:07:00
3894,Customer_3894,United Kingdom,medium,129.77,2025-06-10 13:50:00
3895,Customer_3895,Italy,low,60.48,2025-09-27 16:51:00
3896,Customer_3896,Romania,low,98.34,2025-10-07 20:49:00
3897,Customer_3897,Spain,low,36.22,2025-04-13 10:37:00
3898,Customer_3898,Austria,low,101.18,2025-01-12 17:47:00
3899,Customer_3899,Romania,high,338.29,2025-03-27 20:17:00
3900,Customer_3900,Netherlands,low,107.97,2025-01-15 20:21:00
3901,Customer_3901,United Kingdom,low,110.77,2025-10-20 17:08:00
3902,Customer_3902,Italy,low,44.27,2025-08-13 11:04:00
3903,Customer_3903,Poland,low,78.8,2025-05-06 09:58:00
3904,Customer_3904,Italy,low,79.53,2025-05-21 09:36:00
3905,Customer_3905,Spain,medium,155.22,2025-02-19 10:11:00
3906,Customer_3906,Austria,low,90.3,2025-02-16 13:14:00
3907,Customer_3907,Austria,low,62.36,2025-05-16 13:09:00
3908,Customer_3908,Romania,low,59.86,2025-07-04 10:44:00
3909,Customer_3909,Italy,medium,173.66,2025-08-26 20:14:00
3910,Customer_3910,Italy,low,79.31,2025-11-24 16:57:00
3911,Customer_3911,Netherlands,low,33.74,2025-01-07 10:45:00
3912,Customer_3912,France,low,89.11,2025-06-12 08:20:00
3913,Customer_3913,France,low,91.98,2025-03-04 17:40:00
3914,Customer_3914,France,low,86.62,2025-01-17 15:31:00
3915,Customer_3915,United Kingdom,low,33.97,2025-08-20 10:23:00
3916,Customer_3916,Netherlands,medium,113.73,2025-02-17 16:15:00
3917,Customer_3917,Netherlands,low,87.54,2025-12-18 20:07:00
3918,Customer_3918,United Kingdom,low,112.77,2025-01-10 20:34:00
3919,Customer_3919,Poland,low,63.14,2025-11-13 17:12:00
3920,Customer_3920,Spain,medium,246.66,2025-10-19 16:27:00
3921,Customer_3921,Belgium,low,107.26,2025-01-06 13:29:00
3922,Customer_3922,Romania,low,116.0,2025-05-02 16:21:00
3923,Customer_3923,Romania,medium,159.04,2025-09-17 11:53:00
3924,Customer_3924,Romania,low,97.48,2025-12-14 19:50:00
3925,Customer_3925,Poland,low,98.85,2025-01-24 16:17:00
3926,Customer_3926,Austria,low,85.85,2025-03-12 12:59:00
3927,Customer_3927,Spain,medium,220.28,2025-06-24 13:05:00
3928,Customer_3928,United Kingdom,low,75.54,2025-03-06 13:00:00
3929,Customer_3929,France,low,55.27,2025-11-21 14:10:00
3930,Customer_3930,Netherlands,low,75.25,2025-04-19 20:16:00
3931,Customer_3931,Germany,low,29.06,2025-03-26 10:15:00
3932,Customer_3932,Netherlands,low,76.97,2025-03-20 08:50:00
3933,Customer_3933,Italy,low,85.51,2025-07-06 19:28:00
3934,Customer_3934,Italy,low,59.85,2025-05-27 13:52:00
3935,Customer_3935,Italy,high,416.78,2025-04-06 09:30:00
3936,Customer_3936,Netherlands,low,21.88,2025-04-20 09:03:00
3937,Customer_3937,France,low,44.56,2025-04-18 17:11:00
3938,Customer_3938,Germany,low,103.64,2025-02-03 17:14:00
3939,Customer_3939,Austria,medium,232.86,2025-07-01 16:09:00
3940,Customer_3940,Poland,low,23.73,2025-07-09 14:07:00
3941,Customer_3941,Austria,medium,92.08,2025-07-28 10:25:00
3942,Customer_3942,Netherlands,low,72.57,2025-06-01 08:36:00
3943,Customer_3943,Belgium,low,37.35,2025-05-14 09:28:00
3944,Customer_3944,Austria,low,105.74,2025-11-04 11:55:00
3945,Customer_3945,Spain,medium,105.23,2025-11-26 17:16:00
3946,Customer_3946,Netherlands,low,116.5,2025-05-05 11:45:00
3947,Customer_3947,France,low,47.6,2025-05-04 19:12:00
3948,Customer_3948,Poland,low,66.99,2025-07-17 13:30:00
3949,Customer_3949,Austria,medium,245.45,2025-07-28 19:13:00
3950,Customer_3950,Netherlands,low,38.01,2025-01-27 12:56:00
3951,Customer_3951,Austria,medium,184.14,2025-06-04 16:35:00
3952,Customer_3952,Poland,low,28.65,2025-08-20 17:36:00
3953,Customer_3953,Spain,low,89.73,2025-01-06 12:35:00
3954,Customer_3954,Spain,low,46.66,2025-05-03 20:31:00
3955,Customer_3955,Germany,low,54.54,2025-06-26 11:32:00
3956,Customer_3956,Austria,low,64.86,2025-01-06 13:55:00
3957,Customer_3957,Netherlands,medium,161.34,2025-04-13 20:08:00
3958,Customer_3958,Austria,low,24.15,2025-12-15 10:12:00
3959,Customer_3959,Romania,low,90.61,2025-02-21 08:00:00
3960,Customer_3960,United Kingdom,low,70.09,2025-06-21 13:30:00
3961,Customer_3961,Netherlands,low,59.08,2025-05-08 13:49:00
3962,Customer_3962,United Kingdom,low,103.52,2025-01-19 20:14:00
3963,Customer_3963,Poland,low,46.19,2025-07-02 12:31:00
3964,Customer_3964,Austria,low,49.36,2025-08-17 16:16:00
3965,Customer_3965,Netherlands,low,25.12,2025-12-13 09:34:00
3966,Customer_3966,Poland,medium,291.86,2025-06-14 12:57:00
3967,Customer_3967,Austria,medium,108.9,2025-07-25 11:25:00
3968,Customer_3968,Romania,medium,278.29,2025-02-12 18:19:00
3969,Customer_3969,France,low,101.65,2025-12-20 17:02:00
3970,Customer_3970,Italy,low,67.54,2025-12-06 17:53:00
3971,Customer_3971,France,low,71.7,2025-06-02 19:29:00
3972,Customer_3972,Romania,low,49.01,2025-04-12 14:48:00
3973,Customer_3973,Austria,low,109.94,2025-04-23 11:28:00
3974,Customer_3974,Netherlands,medium,210.27,2025-04-07 08:25:00
3975,Customer_3975,Poland,low,86.59,2025-01-27 14:30:00
3976,Customer_3976,France,low,33.56,2025-12-06 14:26:00
3977,Customer_3977,Poland,medium,221.32,2025-02-20 08:49:00
3978,Customer_3978,Romania,low,84.7,2025-07-11 11:32:00
3979,Customer_3979,Belgium,low,100.83,2025-01-13 15:48:00
3980,Customer_3980,Spain,low,40.44,2025-11-27 10:44:00
3981,Customer_3981,Romania,low,106.85,2025-09-25 15:25:00
3982,Customer_3982,Italy,low,51.49,2025-11-11 08:54:00
3983,Customer_3983,Netherlands,low,33.9,2025-02-23 15:03:00
3984,Customer_3984,Netherlands,low,76.1,2025-12-25 09:34:00
3985,Customer_3985,Austria,low,64.28,2025-07-13 11:11:00
3986,Customer_3986,Italy,medium,168.49,2025-03-19 18:57:00
3987,Customer_3987,Italy,low,114.35,2025-10-19 10:49:00
3988,Customer_3988,Romania,medium,97.62,2025-10-27 16:59:00
3989,Customer_3989,Germany,low,76.19,2025-07-23 13:56:00
3990,Customer_3990,Spain,medium,131.34,2025-02-15 19:58:00
3991,Customer_3991,Italy,low,102.24,2025-05-20 12:10:00
3992,Customer_3992,Austria,low,35.77,2025-04-23 19:37:00
3993,Customer_3993,Romania,low,86.49,2025-02-22 20:15:00
3994,Customer_3994,Belgium,low,118.96,2025-10-23 08:07:00
3995,Customer_3995,Netherlands,low,76.56,2025-07-15 08:24:00
3996,Customer_3996,United Kingdom,low,81.69,2025-09-15 11:00:00
3997,Customer_3997,Belgium,low,80.73,2025-03-09 11:35:00
3998,Customer_3998,Romania,low,47.79,2025-04-26 08:44:00
3999,Customer_3999,Germany,medium,232.62,2025-12-03 15:46:00
4000,Customer_4000,Romania,low,67.15,2025-01-13 18:24:00
4001,Customer_4001,Netherlands,low,87.78,2025-06-21 16:37:00
4002,Customer_4002,Italy,low,85.05,2025-05-25 17:58:00
4003,Customer_4003,Germany,medium,223.89,2025-02-11 08:12:00
4004,Customer_4004,Poland,medium,105.18,2025-01-20 10:26:00
4005,Customer_4005,Netherlands,low,107.98,2025-04-01 16:40:00
4006,Customer_4006,Romania,low,84.06,2025-02-15 10:25:00
4007,Customer_4007,Germany,low,80.06,2025-07-18 10:41:00
4008,Customer_4008,Netherlands,medium,265.34,2025-06-25 08:42:00
4009,Customer_4009,Italy,low,71.63,2025-11-19 13:36:00
4010,Customer_4010,Germany,low,66.69,2025-05-03 09:26:00
4011,Customer_4011,Romania,low,113.71,2025-11-04 19:38:00
4012,Customer_4012,Austria,medium,117.73,2025-08-13 14:08:00
4013,Customer_4013,Italy,low,73.04,2025-01-08 17:07:00
4014,Customer_4014,Poland,low,95.74,2025-03-14 11:43:00
4015,Customer_4015,Netherlands,low,41.83,2025-10-13 18:41:00
4016,Customer_4016,Germany,low,53.4,2025-09-22 15:57:00
4017,Customer_4017,Italy,low,21.1,2025-12-10 20:42:00
4018,Customer_4018,Germany,low,85.76,2025-06-07 14:38:00
4019,Customer_4019,Italy,low,113.88,2025-03-08 15:23:00
4020,Customer_4020,Spain,low,75.13,2025-05-19 15:25:00
4021,Customer_4021,Italy,low,57.67,2025-08-01 10:58:00
4022,Customer_4022,Netherlands,low,51.82,2025-12-10 08:22:00
4023,Customer_4023,Belgium,low,96.41,2025-05-17 20:05:00
4024,Customer_4024,Romania,medium,253.75,2025-05-22 08:15:00
4025,Customer_4025,Austria,medium,139.83,2025-09-18 10:07:00
4026,Customer_4026,Belgium,medium,205.39,2025-08-08 16:23:00
4027,Customer_4027,Netherlands,medium,168.01,2025-03-07 10:14:00
4028,Customer_4028,Austria,low,60.32,2025-08-20 20:39:00
4029,Customer_4029,Romania,low,78.53,2025-03-12 17:19:00
4030,Customer_4030,United Kingdom,medium,292.91,2025-11-06 10:47:00
4031,Customer_4031,Italy,high,311.6,2025-09-13 10:10:00
4032,Customer_4032,Austria,low,32.88,2025-07-14 14:04:00
4033,Customer_4033,Poland,medium,205.22,2025-07-06 11:57:00
4034,Customer_4034,Belgium,low,118.53,2025-10-22 10:37:00
4035,Customer_4035,United Kingdom,medium,241.48,2025-04-07 13:48:00
4036,Customer_4036,Romania,low,106.52,2025-07-18 16:29:00
4037,Customer_4037,Poland,low,38.73,2025-07-01 12:07:00
4038,Customer_4038,Spain,low,37.27,2025-09-28 20:16:00
4039,Customer_4039,United Kingdom,medium,101.04,2025-04-20 16:47:00
4040,Customer_4040,Spain,high,559.69,2025-03-05 14:00:00
4041,Customer_4041,Italy,low,26.65,2025-05-02 18:42:00
4042,Customer_4042,Poland,medium,112.29,2025-10-24 19:04:00
4043,Customer_4043,Netherlands,low,86.13,2025-01-28 12:46:00
4044,Customer_4044,United Kingdom,low,50.05,2025-01-07 16:51:00
4045,Customer_4045,United Kingdom,low,35.23,2025-11-27 16:30:00
4046,Customer_4046,Germany,low,81.29,2025-07-21 13:53:00
4047,Customer_4047,Austria,low,94.23,2025-11-23 10:18:00
4048,Customer_4048,Italy,low,116.96,2025-11-05 08:33:00
4049,Customer_4049,Germany,low,103.17,2025-01-19 15:27:00
4050,Customer_4050,Austria,low,100.04,2025-10-09 16:57:00
4051,Customer_4051,United Kingdom,low,111.54,2025-10-27 20:34:00
4052,Customer_4052,Italy,low,105.73,2025-07-18 10:56:00
4053,Customer_4053,Italy,low,85.89,2025-04-21 08:28:00
4054,Customer_4054,United Kingdom,low,30.05,2025-09-14 17:21:00
4055,Customer_4055,Poland,low,96.45,2025-12-21 20:18:00
4056,Customer_4056,Italy,low,99.54,2025-05-16 12:07:00
4057,Customer_4057,Germany,low,116.44,2025-11-07 15:42:00
4058,Customer_4058,United Kingdom,low,60.47,2025-01-02 15:31:00
4059,Customer_4059,Poland,low,36.96,2025-08-12 08:14:00
4060,Customer_4060,Austria,low,77.56,2025-11-06 08:09:00
4061,Customer_4061,Belgium,medium,243.73,2025-10-20 19:04:00
4062,Customer_4062,United Kingdom,low,68.43,2025-04-15 08:12:00
4063,Customer_4063,Netherlands,low,101.04,2025-05-09 15:18:00
4064,Customer_4064,Romania,low,97.97,2025-08-14 08:28:00
4065,Customer_4065,Romania,low,32.87,2025-04-11 09:59:00
4066,Customer_4066,Italy,low,67.04,2025-06-03 20:48:00
4067,Customer_4067,United Kingdom,low,67.12,2025-01-23 16:54:00
4068,Customer_4068,Belgium,low,89.51,2025-11-06 16:37:00
4069,Customer_4069,Belgium,low,55.17,2025-04-09 08:38:00
4070,Customer_4070,France,low,55.4,2025-01-12 13:34:00
4071,Customer_4071,France,low,100.78,2025-06-27 15:16:00
4072,Customer_4072,Netherlands,low,81.92,2025-11-12 11:38:00
4073,Customer_4073,France,medium,90.32,2025-08-27 15:00:00
4074,Customer_4074,Italy,low,78.78,2025-01-23 12:20:00
4075,Customer_4075,Netherlands,low,47.63,2025-01-25 11:38:00
4076,Customer_4076,Romania,low,28.14,2025-09-01 18:13:00
4077,Customer_4077,United Kingdom,low,96.89,2025-12-24 08:15:00
4078,Customer_4078,Romania,low,102.08,2025-09-13 18:17:00
4079,Customer_4079,Italy,low,73.42,2025-01-05 14:20:00
4080,Customer_4080,Germany,low,53.79,2025-07-10 19:27:00
4081,Customer_4081,United Kingdom,low,40.37,2025-04-11 19:26:00
4082,Customer_4082,Germany,low,113.25,2025-10-15 12:16:00
4083,Customer_4083,Italy,low,70.72,2025-01-25 20:53:00
4084,Customer_4084,Austria,low,70.56,2025-10-18 15:02:00
4085,Customer_4085,United Kingdom,low,117.9,2025-12-04 17:44:00
4086,Customer_4086,United Kingdom,low,103.91,2025-12-21 12:55:00
4087,Customer_4087,Spain,low,39.97,2025-03-26 14:24:00
4088,Customer_4088,France,low,73.71,2025-09-11 16:03:00
4089,Customer_4089,Belgium,low,59.93,2025-03-22 09:07:00
4090,Customer_4090,United Kingdom,low,23.23,2025-08-26 18:43:00
4091,Customer_4091,Germany,low,51.35,2025-10-16 18:00:00
4092,Customer_4092,Poland,low,47.26,2025-12-09 12:30:00
4093,Customer_4093,Italy,medium,229.36,2025-11-25 10:58:00
4094,Customer_4094,Spain,low,95.07,2025-05-13 19:04:00
4095,Customer_4095,United Kingdom,low,92.92,2025-10-09 14:56:00
4096,Customer_4096,Poland,medium,299.52,2025-03-28 14:11:00
4097,Customer_4097,Spain,low,95.89,2025-07-01 13:14:00
4098,Customer_4098,Italy,low,58.44,2025-12-18 12:01:00
4099,Customer_4099,Germany,low,101.3,2025-08-01 11:58:00
4100,Customer_4100,Austria,low,24.84,2025-01-13 11:02:00
4101,Customer_4101,Austria,low,63.4,2025-01-12 08:08:00
4102,Customer_4102,Romania,medium,99.3,2025-11-14 12:53:00
4103,Customer_4103,Italy,low,78.78,2025-01-28 11:37:00
4104,Customer_4104,Italy,low,118.84,2025-01-26 19:15:00
4105,Customer_4105,Italy,low,33.53,2025-10-09 13:10:00
4106,Customer_4106,Spain,medium,181.21,2025-06-19 15:44:00
4107,Customer_4107,United Kingdom,low,105.75,2025-10-21 10:25:00
4108,Customer_4108,Italy,low,91.66,2025-07-02 10:55:00
4109,Customer_4109,Poland,low,101.47,2025-08-10 18:20:00
4110,Customer_4110,Netherlands,medium,295.93,2025-10-05 08:20:00
4111,Customer_4111,Netherlands,low,116.26,2025-05-23 12:59:00
4112,Customer_4112,Belgium,low,29.06,2025-09-01 18:35:00
4113,Customer_4113,France,low,79.52,2025-06-21 13:33:00
4114,Customer_4114,Spain,low,103.9,2025-05-25 13:25:00
4115,Customer_4115,Austria,low,36.79,2025-11-12 10:07:00
4116,Customer_4116,Poland,low,25.23,2025-12-14 14:00:00
4117,Customer_4117,Spain,high,445.03,2025-07-27 10:19:00
4118,Customer_4118,Romania,low,64.76,2025-05-15 18:09:00
4119,Customer_4119,Austria,medium,169.34,2025-03-07 13:51:00
4120,Customer_4120,France,low,56.52,2025-02-12 11:43:00
4121,Customer_4121,Italy,low,43.04,2025-12-21 09:27:00
4122,Customer_4122,Poland,medium,149.53,2025-01-12 16:28:00
4123,Customer_4123,United Kingdom,low,32.89,2025-05-10 09:13:00
4124,Customer_4124,Spain,low,50.76,2025-10-09 08:45:00
4125,Customer_4125,Austria,high,639.15,2025-06-07 09:43:00
4126,Customer_4126,Belgium,low,118.75,2025-08-19 08:20:00
4127,Customer_4127,Poland,low,113.36,2025-02-25 18:59:00
4128,Customer_4128,Romania,low,73.15,2025-07-24 12:54:00
4129,Customer_4129,Austria,low,62.97,2025-07-04 16:15:00
4130,Customer_4130,Spain,medium,236.97,2025-08-09 18:42:00
4131,Customer_4131,Romania,low,74.69,2025-01-12 18:29:00
4132,Customer_4132,Italy,medium,293.53,2025-12-23 15:54:00
4133,Customer_4133,Poland,medium,99.51,2025-05-08 08:51:00
4134,Customer_4134,France,low,36.39,2025-10-12 14:31:00
4135,Customer_4135,Spain,low,105.03,2025-03-23 19:38:00
4136,Customer_4136,Poland,low,88.26,2025-04-19 14:18:00
4137,Customer_4137,Netherlands,low,106.86,2025-03-11 11:48:00
4138,Customer_4138,Germany,medium,285.65,2025-08-13 17:55:00
4139,Customer_4139,United Kingdom,low,45.83,2025-08-16 11:39:00
4140,Customer_4140,Germany,low,73.49,2025-06-21 10:02:00
4141,Customer_4141,Germany,low,38.24,2025-10-04 12:44:00
4142,Customer_4142,Italy,low,81.68,2025-04-25 20:11:00
4143,Customer_4143,Romania,low,33.83,2025-05-16 18:04:00
4144,Customer_4144,United Kingdom,low,34.94,2025-10-01 20:43:00
4145,Customer_4145,Poland,low,52.11,2025-02-11 12:44:00
4146,Customer_4146,Belgium,low,58.9,2025-08-11 14:36:00
4147,Customer_4147,United Kingdom,low,40.17,2025-04-04 08:00:00
4148,Customer_4148,Austria,medium,296.63,2025-04-22 10:11:00
4149,Customer_4149,Austria,high,634.82,2025-03-05 15:28:00
4150,Customer_4150,Poland,low,40.38,2025-02-14 19:32:00
4151,Customer_4151,Italy,high,441.09,2025-05-24 15:01:00
4152,Customer_4152,Poland,low,75.85,2025-01-08 14:51:00
4153,Customer_4153,Italy,low,51.32,2025-10-17 20:19:00
4154,Customer_4154,Germany,low,28.48,2025-01-21 15:50:00
4155,Customer_4155,Netherlands,low,33.23,2025-08-09 08:43:00
4156,Customer_4156,Austria,low,95.86,2025-09-06 14:29:00
4157,Customer_4157,Austria,low,76.92,2025-01-27 14:53:00
4158,Customer_4158,Germany,low,24.0,2025-12-13 11:51:00
4159,Customer_4159,Romania,low,55.68,2025-07-26 12:26:00
4160,Customer_4160,France,low,64.78,2025-06-20 15:41:00
4161,Customer_4161,United Kingdom,low,72.27,2025-04-19 19:49:00
4162,Customer_4162,United Kingdom,low,94.86,2025-09-23 12:53:00
4163,Customer_4163,United Kingdom,medium,136.69,2025-12-17 14:02:00
4164,Customer_4164,United Kingdom,low,108.87,2025-06-01 12:38:00
4165,Customer_4165,Spain,low,61.69,2025-07-10 11:08:00
4166,Customer_4166,Germany,low,117.54,2025-05-13 09:08:00
4167,Customer_4167,France,low,74.81,2025-12-18 20:41:00
4168,Customer_4168,France,low,111.02,2025-06-20 12:35:00
4169,Customer_4169,Belgium,low,21.63,2025-12-03 10:43:00
4170,Customer_4170,Poland,low,89.9,2025-03-05 11:52:00
4171,Customer_4171,United Kingdom,high,621.92,2025-05-16 12:11:00
4172,Customer_4172,Germany,low,91.51,2025-12-17 19:31:00
4173,Customer_4173,France,medium,250.36,2025-09-05 10:13:00
4174,Customer_4174,Poland,low,74.6,2025-08-02 13:42:00
4175,Customer_4175,Romania,high,374.07,2025-07-17 08:24:00
4176,Customer_4176,France,high,319.96,2025-12-09 17:41:00
4177,Customer_4177,Belgium,low,66.75,2025-10-20 16:55:00
4178,Customer_4178,Netherlands,low,95.3,2025-06-17 14:43:00
4179,Customer_4179,Poland,low,76.74,2025-07-07 18:34:00
4180,Customer_4180,Spain,high,713.79,2025-08-05 11:25:00
4181,Customer_4181,France,low,74.3,2025-10-05 14:05:00
4182,Customer_4182,Austria,low,20.74,2025-07-11 13:57:00
4183,Customer_4183,Belgium,low,88.44,2025-07-09 13:31:00
4184,Customer_4184,Romania,medium,150.94,2025-06-16 13:06:00
4185,Customer_4185,Germany,low,63.1,2025-01-01 08:24:00
4186,Customer_4186,Romania,low,72.1,2025-07-26 16:54:00
4187,Customer_4187,Germany,low,25.75,2025-02-14 14:22:00
4188,Customer_4188,Netherlands,low,35.39,2025-05-28 12:16:00
4189,Customer_4189,France,medium,209.52,2025-08-10 08:09:00
4190,Customer_4190,Spain,low,60.65,2025-09-14 08:32:00
4191,Customer_4191,Spain,medium,260.53,2025-01-24 09:28:00
4192,Customer_4192,Italy,high,444.93,2025-01-20 12:51:00
4193,Customer_4193,Netherlands,low,41.22,2025-11-14 08:11:00
4194,Customer_4194,Italy,medium,153.21,2025-01-18 17:47:00
4195,Customer_4195,Romania,low,118.31,2025-05-24 09:13:00
4196,Customer_4196,Netherlands,low,21.21,2025-07-21 09:52:00
4197,Customer_4197,United Kingdom,low,68.48,2025-10-16 10:53:00
4198,Customer_4198,Netherlands,low,35.29,2025-05-04 11:23:00
4199,Customer_4199,Austria,low,72.66,2025-05-11 08:29:00
4200,Customer_4200,Spain,low,97.01,2025-12-16 12:32:00
4201,Customer_4201,Italy,low,69.83,2025-11-08 17:16:00
4202,Customer_4202,Italy,medium,208.59,2025-11-25 16:02:00
4203,Customer_4203,Germany,low,63.22,2025-03-23 17:16:00
4204,Customer_4204,Netherlands,low,107.19,2025-01-26 11:05:00
4205,Customer_4205,Belgium,medium,212.1,2025-03-11 16:17:00
4206,Customer_4206,United Kingdom,medium,83.86,2025-04-28 12:09:00
4207,Customer_4207,Italy,low,76.35,2025-08-22 15:30:00
4208,Customer_4208,Netherlands,low,66.03,2025-10-12 09:42:00
4209,Customer_4209,Netherlands,low,109.94,2025-12-09 18:33:00
4210,Customer_4210,Germany,low,70.09,2025-12-05 17:20:00
4211,Customer_4211,Romania,medium,233.19,2025-05-04 17:26:00
4212,Customer_4212,Germany,low,96.65,2025-03-14 08:47:00
4213,Customer_4213,Belgium,low,57.67,2025-10-25 12:10:00
4214,Customer_4214,Poland,low,68.06,2025-09-07 09:54:00
4215,Customer_4215,Poland,low,20.25,2025-07-06 17:13:00
4216,Customer_4216,France,low,118.17,2025-09-26 20:05:00
4217,Customer_4217,Poland,low,34.96,2025-03-13 13:52:00
4218,Customer_4218,Belgium,low,61.43,2025-09-19 08:59:00
4219,Customer_4219,Austria,medium,131.82,2025-08-24 10:14:00
4220,Customer_4220,Poland,low,82.47,2025-10-01 10:56:00
4221,Customer_4221,Germany,low,87.93,2025-10-02 08:45:00
4222,Customer_4222,Austria,low,47.27,2025-12-18 18:40:00
4223,Customer_4223,Poland,low,108.86,2025-05-26 15:28:00
4224,Customer_4224,United Kingdom,low,45.95,2025-11-26 15:26:00
4225,Customer_4225,Poland,low,40.25,2025-09-03 16:34:00
4226,Customer_4226,United Kingdom,low,104.3,2025-12-07 15:32:00
4227,Customer_4227,France,low,26.48,2025-08-20 08:35:00
4228,Customer_4228,United Kingdom,low,70.99,2025-10-25 19:40:00
4229,Customer_4229,Austria,low,102.68,2025-04-17 12:35:00
4230,Customer_4230,Romania,low,40.54,2025-01-28 10:01:00
4231,Customer_4231,Poland,low,35.09,2025-10-13 18:06:00
4232,Customer_4232,Germany,low,83.16,2025-11-20 08:40:00
4233,Customer_4233,Belgium,low,74.72,2025-09-04 10:59:00
4234,Customer_4234,United Kingdom,low,74.0,2025-11-13 18:50:00
4235,Customer_4235,France,low,33.38,2025-01-21 15:00:00
4236,Customer_4236,Austria,low,96.04,2025-10-02 09:03:00
4237,Customer_4237,Poland,low,41.94,2025-03-19 16:09:00
4238,Customer_4238,Austria,low,109.35,2025-04-09 19:32:00
4239,Customer_4239,Austria,low,80.75,2025-08-02 11:45:00
4240,Customer_4240,Belgium,low,69.08,2025-08-17 17:26:00
4241,Customer_4241,Romania,medium,270.31,2025-04-11 13:44:00
4242,Customer_4242,Poland,low,68.68,2025-04-24 09:49:00
4243,Customer_4243,Germany,medium,224.8,2025-04-04 13:21:00
4244,Customer_4244,Belgium,low,88.13,2025-06-15 18:57:00
4245,Customer_4245,Italy,low,84.37,2025-09-16 17:38:00
4246,Customer_4246,Spain,low,91.09,2025-05-09 08:19:00
4247,Customer_4247,Belgium,high,522.44,2025-02-03 12:04:00
4248,Customer_4248,Netherlands,medium,289.21,2025-11-23 09:48:00
4249,Customer_4249,Germany,medium,295.11,2025-06-28 08:12:00
4250,Customer_4250,Austria,low,64.4,2025-06-21 20:25:00
4251,Customer_4251,Romania,low,94.37,2025-10-21 15:56:00
4252,Customer_4252,Poland,low,73.77,2025-03-08 18:19:00
4253,Customer_4253,Netherlands,low,71.24,2025-05-14 15:36:00
4254,Customer_4254,Netherlands,low,96.13,2025-04-27 20:27:00
4255,Customer_4255,Austria,high,688.64,2025-02-14 11:08:00
4256,Customer_4256,United Kingdom,low,41.86,2025-08-17 18:13:00
4257,Customer_4257,France,low,114.49,2025-06-15 19:58:00
4258,Customer_4258,Germany,low,90.33,2025-03-22 15:14:00
4259,Customer_4259,France,low,116.17,2025-12-07 19:02:00
4260,Customer_4260,Germany,low,28.87,2025-09-12 19:42:00
4261,Customer_4261,Netherlands,low,119.59,2025-04-08 10:19:00
4262,Customer_4262,France,low,119.27,2025-06-03 16:22:00
4263,Customer_4263,Netherlands,low,78.31,2025-07-01 15:58:00
4264,Customer_4264,Spain,low,99.47,2025-08-23 12:24:00
4265,Customer_4265,Germany,low,54.54,2025-11-19 13:34:00
4266,Customer_4266,Netherlands,low,112.16,2025-08-09 19:59:00
4267,Customer_4267,United Kingdom,low,26.36,2025-01-11 08:10:00
4268,Customer_4268,Germany,low,86.44,2025-07-19 16:04:00
4269,Customer_4269,Netherlands,medium,101.75,2025-05-27 12:42:00
4270,Customer_4270,Poland,low,108.94,2025-12-19 12:52:00
4271,Customer_4271,Romania,low,68.69,2025-08-10 08:47:00
4272,Customer_4272,Germany,low,91.9,2025-03-18 14:18:00
4273,Customer_4273,Spain,high,662.39,2025-01-26 10:27:00
4274,Customer_4274,Belgium,high,649.46,2025-10-24 18:37:00
4275,Customer_4275,Austria,low,38.72,2025-09-07 14:24:00
4276,Customer_4276,Poland,low,79.98,2025-07-14 14:27:00
4277,Customer_4277,France,low,119.74,2025-12-13 11:17:00
4278,Customer_4278,Germany,medium,282.78,2025-03-26 10:08:00
4279,Customer_4279,Spain,low,78.84,2025-01-03 11:46:00
4280,Customer_4280,Poland,high,532.24,2025-07-16 13:39:00
4281,Customer_4281,Italy,low,106.42,2025-10-03 13:09:00
4282,Customer_4282,Netherlands,low,60.36,2025-05-10 08:39:00
4283,Customer_4283,Germany,low,97.69,2025-06-03 15:19:00
4284,Customer_4284,Austria,medium,175.54,2025-05-05 20:24:00
4285,Customer_4285,Italy,low,58.37,2025-08-25 10:24:00
4286,Customer_4286,Spain,low,78.46,2025-06-24 18:24:00
4287,Customer_4287,United Kingdom,low,55.6,2025-03-21 10:31:00
4288,Customer_4288,Poland,low,108.08,2025-02-10 17:02:00
4289,Customer_4289,Italy,low,105.83,2025-09-11 08:11:00
4290,Customer_4290,Belgium,low,92.86,2025-04-27 20:17:00
4291,Customer_4291,Netherlands,medium,136.28,2025-09-13 15:09:00
4292,Customer_4292,Germany,low,73.59,2025-10-01 12:30:00
4293,Customer_4293,Spain,high,239.66,2025-06-09 14:46:00
4294,Customer_4294,France,low,68.22,2025-10-27 11:09:00
4295,Customer_4295,Belgium,low,46.07,2025-10-15 16:33:00
4296,Customer_4296,Poland,low,51.68,2025-02-05 19:00:00
4297,Customer_4297,Netherlands,low,52.22,2025-04-15 15:41:00
4298,Customer_4298,Austria,low,71.38,2025-01-23 16:51:00
4299,Customer_4299,Belgium,low,25.98,2025-12-23 16:30:00
4300,Customer_4300,Spain,low,40.61,2025-02-11 09:04:00
4301,Customer_4301,Netherlands,low,68.14,2025-07-06 18:06:00
4302,Customer_4302,Italy,low,74.85,2025-09-15 09:02:00
4303,Customer_4303,United Kingdom,low,83.09,2025-06-14 12:08:00
4304,Customer_4304,Belgium,medium,264.57,2025-07-21 16:41:00
4305,Customer_4305,Italy,low,62.78,2025-10-22 11:15:00
4306,Customer_4306,France,low,46.33,2025-12-24 11:00:00
4307,Customer_4307,Austria,low,38.47,2025-01-06 16:27:00
4308,Customer_4308,Belgium,high,614.83,2025-06-23 08:43:00
4309,Customer_4309,Belgium,medium,110.38,2025-05-24 09:06:00
4310,Customer_4310,Netherlands,medium,86.01,2025-07-16 08:06:00
4311,Customer_4311,Belgium,low,51.98,2025-10-19 10:01:00
4312,Customer_4312,France,high,441.08,2025-04-07 19:33:00
4313,Customer_4313,Germany,low,105.29,2025-05-02 08:20:00
4314,Customer_4314,Spain,medium,209.16,2025-03-22 10:03:00
4315,Customer_4315,Belgium,low,85.5,2025-02-22 19:39:00
4316,Customer_4316,Italy,medium,105.05,2025-04-09 16:19:00
4317,Customer_4317,Spain,low,30.1,2025-04-21 10:23:00
4318,Customer_4318,Germany,low,115.54,2025-02-26 11:10:00
4319,Customer_4319,Spain,low,45.42,2025-07-22 12:21:00
4320,Customer_4320,Germany,low,38.57,2025-07-10 20:51:00
4321,Customer_4321,Netherlands,low,62.82,2025-01-06 12:37:00
4322,Customer_4322,Romania,low,39.33,2025-03-24 08:46:00
4323,Customer_4323,United Kingdom,high,348.51,2025-08-21 18:30:00
4324,Customer_4324,Spain,low,77.28,2025-11-21 13:11:00
4325,Customer_4325,United Kingdom,low,43.21,2025-07-27 20:05:00
4326,Customer_4326,Belgium,low,119.73,2025-07-12 13:36:00
4327,Customer_4327,France,low,96.4,2025-07-06 13:50:00
4328,Customer_4328,Spain,medium,192.4,2025-10-14 14:19:00
4329,Customer_4329,France,low,98.28,2025-06-08 11:25:00
4330,Customer_4330,United Kingdom,low,35.93,2025-08-25 12:59:00
4331,Customer_4331,Austria,low,51.78,2025-04-11 11:35:00
4332,Customer_4332,United Kingdom,low,89.97,2025-07-05 20:40:00
4333,Customer_4333,United Kingdom,low,53.91,2025-04-05 12:12:00
4334,Customer_4334,Austria,low,79.24,2025-05-04 13:30:00
4335,Customer_4335,France,low,65.77,2025-11-23 14:12:00
4336,Customer_4336,Romania,medium,151.28,2025-04-22 12:26:00
4337,Customer_4337,Romania,low,94.91,2025-04-22 17:01:00
4338,Customer_4338,Austria,medium,166.53,2025-09-05 12:36:00
4339,Customer_4339,Poland,low,43.64,2025-10-25 20:34:00
4340,Customer_4340,France,low,55.45,2025-04-22 16:05:00
4341,Customer_4341,France,low,98.16,2025-11-07 19:29:00
4342,Customer_4342,France,low,22.31,2025-04-16 10:24:00
4343,Customer_4343,Italy,low,36.6,2025-01-04 12:34:00
4344,Customer_4344,United Kingdom,low,68.2,2025-09-23 08:35:00
4345,Customer_4345,Germany,low,47.51,2025-04-04 10:07:00
4346,Customer_4346,Netherlands,low,39.65,2025-05-26 20:28:00
4347,Customer_4347,Austria,low,84.24,2025-03-24 17:53:00
4348,Customer_4348,Germany,low,90.25,2025-06-25 14:13:00
4349,Customer_4349,Spain,low,66.0,2025-12-19 20:37:00
4350,Customer_4350,Netherlands,low,59.54,2025-10-09 16:54:00
4351,Customer_4351,France,high,265.9,2025-11-14 19:58:00
4352,Customer_4352,Austria,low,76.72,2025-02-20 14:28:00
4353,Customer_4353,Italy,low,108.9,2025-04-07 13:14:00
4354,Customer_4354,United Kingdom,low,30.49,2025-07-04 10:22:00
4355,Customer_4355,United Kingdom,low,60.14,2025-12-08 17:38:00
4356,Customer_4356,Netherlands,low,23.39,2025-02-07 11:14:00
4357,Customer_4357,Netherlands,high,329.27,2025-11-14 15:42:00
4358,Customer_4358,Spain,high,364.18,2025-02-10 08:52:00
4359,Customer_4359,United Kingdom,low,89.14,2025-02-24 08:04:00
4360,Customer_4360,Austria,low,41.65,2025-02-09 16:05:00
4361,Customer_4361,France,low,117.53,2025-10-21 19:37:00
4362,Customer_4362,France,medium,90.46,2025-05-21 10:57:00
4363,Customer_4363,Italy,low,76.18,2025-07-28 14:59:00
4364,Customer_4364,France,low,74.43,2025-01-24 09:56:00
4365,Customer_4365,United Kingdom,low,44.64,2025-03-04 20:12:00
4366,Customer_4366,Netherlands,low,94.27,2025-06-10 16:16:00
4367,Customer_4367,Germany,high,325.72,2025-04-03 14:03:00
4368,Customer_4368,Poland,low,87.13,2025-08-27 17:06:00
4369,Customer_4369,Spain,medium,164.07,2025-02-11 20:30:00
4370,Customer_4370,France,medium,274.43,2025-08-04 11:56:00
4371,Customer_4371,Germany,medium,101.51,2025-11-10 08:08:00
4372,Customer_4372,Netherlands,medium,227.18,2025-01-06 16:35:00
4373,Customer_4373,France,low,31.92,2025-09-15 18:19:00
4374,Customer_4374,Belgium,low,68.46,2025-12-03 20:59:00
4375,Customer_4375,United Kingdom,low,63.61,2025-09-12 15:24:00
4376,Customer_4376,Netherlands,medium,121.25,2025-02-08 16:50:00
4377,Customer_4377,France,low,83.72,2025-05-20 09:42:00
4378,Customer_4378,Austria,low,77.76,2025-05-06 11:41:00
4379,Customer_4379,Germany,low,48.4,2025-01-03 19:15:00
4380,Customer_4380,France,medium,127.91,2025-01-14 17:42:00
4381,Customer_4381,Austria,high,311.33,2025-02-14 16:16:00
4382,Customer_4382,Belgium,low,119.83,2025-03-25 18:31:00
4383,Customer_4383,Netherlands,medium,80.44,2025-11-12 12:31:00
4384,Customer_4384,France,medium,182.64,2025-09-20 19:39:00
4385,Customer_4385,Netherlands,low,111.49,2025-06-14 14:38:00
4386,Customer_4386,Netherlands,low,118.2,2025-10-08 08:01:00
4387,Customer_4387,Belgium,low,119.04,2025-12-24 13:27:00
4388,Customer_4388,Poland,low,86.34,2025-07-07 13:23:00
4389,Customer_4389,Romania,low,34.56,2025-03-15 18:46:00
4390,Customer_4390,France,low,58.97,2025-03-25 18:23:00
4391,Customer_4391,Austria,low,45.9,2025-01-16 08:42:00
4392,Customer_4392,Italy,low,105.9,2025-11-09 09:53:00
4393,Customer_4393,Spain,low,101.84,2025-09-21 14:55:00
4394,Customer_4394,Germany,low,98.75,2025-09-15 20:51:00
4395,Customer_4395,France,medium,80.75,2025-11-27 14:26:00
4396,Customer_4396,Romania,low,87.23,2025-02-16 10:34:00
4397,Customer_4397,Germany,low,60.76,2025-04-17 19:07:00
4398,Customer_4398,France,low,99.27,2025-03-05 11:09:00
4399,Customer_4399,Romania,low,37.5,2025-03-10 08:34:00
4400,Customer_4400,Netherlands,low,106.63,2025-09-07 13:38:00
4401,Customer_4401,United Kingdom,low,23.19,2025-05-03 08:46:00
4402,Customer_4402,Romania,low,80.53,2025-02-08 13:56:00
4403,Customer_4403,France,low,113.6,2025-06-22 08:52:00
4404,Customer_4404,Belgium,low,116.72,2025-08-05 10:49:00
4405,Customer_4405,Romania,low,112.35,2025-01-26 14:18:00
4406,Customer_4406,France,low,113.6,2025-06-16 16:02:00
4407,Customer_4407,United Kingdom,medium,195.32,2025-01-05 16:01:00
4408,Customer_4408,France,low,50.01,2025-10-10 19:21:00
4409,Customer_4409,Spain,low,81.33,2025-03-26 20:32:00
4410,Customer_4410,France,medium,137.78,2025-08-18 14:51:00
4411,Customer_4411,Poland,low,108.38,2025-03-18 08:11:00
4412,Customer_4412,France,low,87.41,2025-10-08 08:24:00
4413,Customer_4413,Spain,medium,189.5,2025-09-21 19:01:00
4414,Customer_4414,Spain,low,78.52,2025-02-22 10:06:00
4415,Customer_4415,Spain,medium,216.52,2025-12-15 12:59:00
4416,Customer_4416,Spain,medium,168.55,2025-10-01 13:52:00
4417,Customer_4417,Belgium,low,115.78,2025-08-26 13:37:00
4418,Customer_4418,United Kingdom,low,96.82,2025-09-25 12:11:00
4419,Customer_4419,United Kingdom,medium,80.15,2025-07-20 14:36:00
4420,Customer_4420,Italy,low,55.93,2025-03-17 17:51:00
4421,Customer_4421,Romania,low,57.73,2025-12-02 14:21:00
4422,Customer_4422,Austria,low,43.35,2025-05-12 15:57:00
4423,Customer_4423,Italy,low,51.83,2025-08-14 09:59:00
4424,Customer_4424,Spain,low,76.01,2025-05-19 16:03:00
4425,Customer_4425,Germany,low,83.5,2025-09-09 11:30:00
4426,Customer_4426,Austria,low,36.07,2025-10-28 14:18:00
4427,Customer_4427,Netherlands,low,97.39,2025-08-28 10:20:00
4428,Customer_4428,Italy,low,87.53,2025-04-24 10:57:00
4429,Customer_4429,Netherlands,low,50.15,2025-01-25 08:17:00
4430,Customer_4430,France,low,32.6,2025-02-24 13:21:00
4431,Customer_4431,Spain,medium,167.63,2025-02-11 16:21:00
4432,Customer_4432,Belgium,low,104.58,2025-10-01 14:11:00
4433,Customer_4433,Poland,low,57.88,2025-03-09 10:23:00
4434,Customer_4434,Poland,low,119.67,2025-04-08 18:09:00
4435,Customer_4435,United Kingdom,medium,228.64,2025-05-12 10:59:00
4436,Customer_4436,Spain,medium,150.87,2025-09-26 10:33:00
4437,Customer_4437,Austria,low,47.95,2025-03-20 14:25:00
4438,Customer_4438,Germany,medium,231.83,2025-10-03 15:10:00
4439,Customer_4439,France,low,115.13,2025-10-05 10:01:00
4440,Customer_4440,Netherlands,low,66.4,2025-03-04 13:43:00
4441,Customer_4441,Spain,low,109.98,2025-07-20 11:30:00
4442,Customer_4442,Italy,low,118.62,2025-06-25 08:13:00
4443,Customer_4443,France,medium,209.0,2025-09-02 12:34:00
4444,Customer_4444,Belgium,low,35.12,2025-07-04 18:37:00
4445,Customer_4445,Italy,low,43.94,2025-04-07 13:39:00
4446,Customer_4446,Spain,low,68.72,2025-10-02 08:03:00
4447,Customer_4447,Italy,low,78.18,2025-06-14 09:24:00
4448,Customer_4448,Germany,low,54.05,2025-12-23 18:17:00
4449,Customer_4449,Poland,low,94.0,2025-06-20 12:00:00
4450,Customer_4450,Poland,low,82.16,2025-03-08 08:18:00
4451,Customer_4451,Belgium,low,117.74,2025-03-24 11:05:00
4452,Customer_4452,Austria,low,66.87,2025-09-25 09:18:00
4453,Customer_4453,Belgium,low,64.11,2025-05-27 11:28:00
4454,Customer_4454,Italy,medium,106.02,2025-05-25 13:12:00
4455,Customer_4455,United Kingdom,low,30.44,2025-02-22 15:31:00
4456,Customer_4456,Austria,high,626.9,2025-06-02 13:11:00
4457,Customer_4457,Poland,low,95.97,2025-02-05 08:50:00
4458,Customer_4458,United Kingdom,low,28.65,2025-12-21 13:30:00
4459,Customer_4459,Romania,low,86.22,2025-12-20 08:09:00
4460,Customer_4460,Germany,low,87.52,2025-07-16 18:35:00
4461,Customer_4461,Poland,low,82.92,2025-08-21 14:13:00
4462,Customer_4462,Belgium,low,35.12,2025-11-16 09:34:00
4463,Customer_4463,Belgium,low,27.16,2025-03-13 18:33:00
4464,Customer_4464,Netherlands,low,56.76,2025-04-16 09:05:00
4465,Customer_4465,Netherlands,medium,213.38,2025-04-01 08:01:00
4466,Customer_4466,Spain,low,53.67,2025-04-19 20:34:00
4467,Customer_4467,United Kingdom,medium,112.67,2025-04-23 19:04:00
4468,Customer_4468,Spain,low,63.74,2025-10-22 18:32:00
4469,Customer_4469,Austria,low,40.87,2025-08-25 16:45:00
4470,Customer_4470,Netherlands,low,85.91,2025-04-26 18:31:00
4471,Customer_4471,Austria,low,27.16,2025-06-07 16:08:00
4472,Customer_4472,Italy,low,97.89,2025-11-28 08:52:00
4473,Customer_4473,Austria,medium,116.01,2025-07-13 12:11:00
4474,Customer_4474,Austria,low,99.3,2025-04-28 13:04:00
4475,Customer_4475,Germany,low,119.34,2025-06-12 11:51:00
4476,Customer_4476,Spain,low,103.44,2025-11-13 13:59:00
4477,Customer_4477,Austria,low,117.74,2025-05-17 15:32:00
4478,Customer_4478,Netherlands,low,35.97,2025-05-27 20:36:00
4479,Customer_4479,Netherlands,low,103.05,2025-01-10 14:40:00
4480,Customer_4480,Germany,low,115.86,2025-10-05 17:26:00
4481,Customer_4481,Belgium,low,112.88,2025-02-05 18:03:00
4482,Customer_4482,Austria,medium,245.15,2025-07-23 15:11:00
4483,Customer_4483,United Kingdom,medium,242.73,2025-12-01 17:28:00
4484,Customer_4484,United Kingdom,medium,136.63,2025-05-28 10:04:00
4485,Customer_4485,Germany,low,50.12,2025-11-12 08:11:00
4486,Customer_4486,Germany,medium,144.4,2025-08-15 16:54:00
4487,Customer_4487,Italy,low,54.49,2025-08-24 17:29:00
4488,Customer_4488,Germany,low,106.4,2025-05-23 18:03:00
4489,Customer_4489,Poland,low,43.02,2025-10-17 10:05:00
4490,Customer_4490,Netherlands,low,88.06,2025-03-25 11:12:00
4491,Customer_4491,Poland,low,108.08,2025-12-02 17:44:00
4492,Customer_4492,Netherlands,low,91.78,2025-07-16 14:49:00
4493,Customer_4493,Poland,low,39.71,2025-11-08 18:08:00
4494,Customer_4494,Romania,low,20.43,2025-02-05 20:52:00
4495,Customer_4495,Germany,low,114.91,2025-01-24 18:33:00
4496,Customer_4496,Netherlands,low,46.84,2025-07-27 12:49:00
4497,Customer_4497,Romania,low,119.29,2025-04-14 15:43:00
4498,Customer_4498,United Kingdom,low,114.7,2025-09-06 19:34:00
4499,Customer_4499,United Kingdom,low,92.38,2025-11-03 19:13:00
4500,Customer_4500,Austria,low,53.56,2025-11-09 17:58:00
4501,Customer_4501,Netherlands,medium,272.88,2025-10-05 08:35:00
4502,Customer_4502,Belgium,medium,141.58,2025-12-27 08:07:00
4503,Customer_4503,Spain,low,82.16,2025-02-19 11:23:00
4504,Customer_4504,Italy,medium,293.21,2025-01-03 09:57:00
4505,Customer_4505,Belgium,low,30.97,2025-06-26 16:45:00
4506,Customer_4506,Italy,low,24.88,2025-09-24 16:36:00
4507,Customer_4507,Italy,low,83.81,2025-01-10 08:17:00
4508,Customer_4508,Spain,low,60.57,2025-09-11 09:43:00
4509,Customer_4509,Spain,medium,122.01,2025-11-21 09:17:00
4510,Customer_4510,Romania,low,67.73,2025-08-11 13:32:00
4511,Customer_4511,Italy,low,82.45,2025-01-04 14:33:00
4512,Customer_4512,Belgium,low,64.74,2025-08-27 15:35:00
4513,Customer_4513,Netherlands,low,116.21,2025-10-02 10:56:00
4514,Customer_4514,Poland,medium,224.55,2025-07-20 16:44:00
4515,Customer_4515,Romania,low,40.42,2025-12-04 14:05:00
4516,Customer_4516,France,low,112.78,2025-07-26 16:27:00
4517,Customer_4517,France,low,77.13,2025-07-15 13:37:00
4518,Customer_4518,Romania,low,39.92,2025-07-03 15:55:00
4519,Customer_4519,Italy,low,106.48,2025-06-18 11:23:00
4520,Customer_4520,Spain,low,84.36,2025-02-19 13:27:00
4521,Customer_4521,Belgium,low,35.0,2025-06-08 13:15:00
4522,Customer_4522,Spain,low,79.33,2025-09-06 12:10:00
4523,Customer_4523,Austria,low,34.2,2025-08-25 19:30:00
4524,Customer_4524,Belgium,low,26.65,2025-06-18 12:59:00
4525,Customer_4525,Austria,low,68.49,2025-04-01 20:12:00
4526,Customer_4526,Italy,low,71.54,2025-04-06 15:11:00
4527,Customer_4527,Poland,medium,174.6,2025-09-26 18:14:00
4528,Customer_4528,Netherlands,low,83.8,2025-12-23 08:10:00
4529,Customer_4529,Belgium,low,71.79,2025-05-14 09:15:00
4530,Customer_4530,Italy,medium,182.77,2025-04-01 16:58:00
4531,Customer_4531,United Kingdom,medium,107.51,2025-12-27 08:40:00
4532,Customer_4532,Poland,medium,129.23,2025-12-28 10:30:00
4533,Customer_4533,Poland,low,111.99,2025-02-04 20:32:00
4534,Customer_4534,Netherlands,low,32.83,2025-12-16 18:32:00
4535,Customer_4535,Austria,low,98.02,2025-01-01 15:58:00
4536,Customer_4536,France,low,24.8,2025-03-23 12:09:00
4537,Customer_4537,Spain,low,49.03,2025-04-22 08:22:00
4538,Customer_4538,Poland,medium,232.18,2025-08-16 09:48:00
4539,Customer_4539,United Kingdom,medium,252.41,2025-07-04 18:37:00
4540,Customer_4540,United Kingdom,low,30.83,2025-06-23 17:27:00
4541,Customer_4541,Belgium,medium,168.58,2025-08-14 12:02:00
4542,Customer_4542,United Kingdom,low,88.13,2025-09-28 11:12:00
4543,Customer_4543,Netherlands,medium,83.54,2025-10-23 13:09:00
4544,Customer_4544,Germany,medium,264.72,2025-03-22 14:43:00
4545,Customer_4545,Belgium,low,65.89,2025-04-23 10:08:00
4546,Customer_4546,France,low,96.02,2025-04-20 19:00:00
4547,Customer_4547,Poland,low,89.33,2025-08-22 11:26:00
4548,Customer_4548,Italy,medium,153.61,2025-11-19 09:05:00
4549,Customer_4549,Belgium,low,90.21,2025-01-03 14:45:00
4550,Customer_4550,Germany,low,23.07,2025-01-05 14:22:00
4551,Customer_4551,Romania,low,40.89,2025-05-28 15:58:00
4552,Customer_4552,Belgium,low,106.35,2025-04-08 13:18:00
4553,Customer_4553,Romania,low,40.7,2025-08-03 17:11:00
4554,Customer_4554,France,low,60.29,2025-10-03 12:24:00
4555,Customer_4555,Spain,high,626.53,2025-07-21 14:54:00
4556,Customer_4556,Netherlands,low,44.01,2025-03-01 11:05:00
4557,Customer_4557,Poland,low,101.73,2025-07-14 13:09:00
4558,Customer_4558,Romania,low,59.28,2025-06-09 17:57:00
4559,Customer_4559,Germany,high,498.84,2025-03-10 08:02:00
4560,Customer_4560,Italy,low,93.46,2025-11-05 08:34:00
4561,Customer_4561,Austria,low,28.64,2025-11-24 14:50:00
4562,Customer_4562,Italy,low,78.92,2025-09-25 13:17:00
4563,Customer_4563,Spain,medium,189.01,2025-02-13 18:12:00
4564,Customer_4564,Italy,medium,233.14,2025-04-08 13:57:00
4565,Customer_4565,Austria,medium,280.11,2025-07-20 19:48:00
4566,Customer_4566,Spain,medium,99.67,2025-01-02 19:02:00
4567,Customer_4567,United Kingdom,low,102.08,2025-10-08 09:35:00
4568,Customer_4568,Poland,low,92.71,2025-05-28 16:02:00
4569,Customer_4569,Germany,low,118.24,2025-04-11 19:17:00
4570,Customer_4570,France,low,108.08,2025-10-25 10:39:00
4571,Customer_4571,Italy,low,43.01,2025-05-23 11:40:00
4572,Customer_4572,Poland,low,28.85,2025-07-13 10:34:00
4573,Customer_4573,Italy,low,101.08,2025-03-05 18:40:00
4574,Customer_4574,Austria,low,54.88,2025-10-10 20:29:00
4575,Customer_4575,Netherlands,medium,266.3,2025-06-23 11:04:00
4576,Customer_4576,France,low,54.89,2025-09-07 18:49:00
4577,Customer_4577,Spain,low,81.29,2025-08-07 17:28:00
4578,Customer_4578,United Kingdom,low,117.87,2025-02-18 17:07:00
4579,Customer_4579,Netherlands,low,62.22,2025-04-16 14:46:00
4580,Customer_4580,Belgium,low,95.75,2025-02-13 20:31:00
4581,Customer_4581,Austria,low,106.68,2025-09-16 15:25:00
4582,Customer_4582,Germany,low,74.27,2025-04-14 11:27:00
4583,Customer_4583,Romania,low,86.48,2025-06-01 09:46:00
4584,Customer_4584,Austria,medium,252.11,2025-03-15 14:11:00
4585,Customer_4585,United Kingdom,low,62.51,2025-07-15 16:53:00
4586,Customer_4586,Romania,low,89.92,2025-04-15 18:25:00
4587,Customer_4587,France,medium,297.69,2025-06-06 10:35:00
4588,Customer_4588,United Kingdom,low,91.41,2025-10-01 15:18:00
4589,Customer_4589,United Kingdom,low,100.84,2025-10-18 09:08:00
4590,Customer_4590,Belgium,low,67.66,2025-08-05 14:20:00
4591,Customer_4591,United Kingdom,medium,163.64,2025-01-18 11:58:00
4592,Customer_4592,Romania,low,94.21,2025-01-11 08:59:00
4593,Customer_4593,France,medium,287.06,2025-05-04 20:28:00
4594,Customer_4594,France,medium,251.76,2025-06-16 16:37:00
4595,Customer_4595,Spain,low,115.34,2025-03-19 13:55:00
4596,Customer_4596,Austria,low,29.28,2025-09-15 09:41:00
4597,Customer_4597,France,medium,147.84,2025-07-02 08:55:00
4598,Customer_4598,Belgium,medium,80.96,2025-10-06 12:17:00
4599,Customer_4599,United Kingdom,low,38.09,2025-08-18 15:22:00
4600,Customer_4600,Poland,high,575.88,2025-11-01 20:09:00
4601,Customer_4601,United Kingdom,low,32.35,2025-12-05 13:40:00
4602,Customer_4602,Italy,low,70.72,2025-11-02 15:17:00
4603,Customer_4603,Germany,low,116.9,2025-07-22 18:38:00
4604,Customer_4604,Belgium,low,38.12,2025-04-28 11:26:00
4605,Customer_4605,United Kingdom,low,31.91,2025-09-01 14:10:00
4606,Customer_4606,Italy,low,115.22,2025-11-07 08:08:00
4607,Customer_4607,Netherlands,medium,279.03,2025-11-23 14:08:00
4608,Customer_4608,Netherlands,low,77.42,2025-06-08 15:50:00
4609,Customer_4609,Netherlands,high,618.37,2025-06-16 20:44:00
4610,Customer_4610,France,medium,247.78,2025-05-13 18:38:00
4611,Customer_4611,Belgium,medium,229.22,2025-08-09 08:46:00
4612,Customer_4612,Austria,low,69.29,2025-04-12 18:19:00
4613,Customer_4613,Netherlands,medium,128.15,2025-06-24 09:17:00
4614,Customer_4614,Austria,low,109.63,2025-09-22 14:22:00
4615,Customer_4615,Romania,low,94.75,2025-05-17 11:50:00
4616,Customer_4616,Netherlands,low,105.61,2025-11-12 18:35:00
4617,Customer_4617,Austria,low,105.47,2025-08-07 14:25:00
4618,Customer_4618,Netherlands,low,44.03,2025-01-28 18:51:00
4619,Customer_4619,Poland,low,72.45,2025-01-17 17:18:00
4620,Customer_4620,Spain,low,108.38,2025-07-25 20:39:00
4621,Customer_4621,Romania,low,102.91,2025-05-10 11:55:00
4622,Customer_4622,Austria,high,614.31,2025-09-02 13:01:00
4623,Customer_4623,Netherlands,low,25.96,2025-12-02 17:11:00
4624,Customer_4624,Romania,low,66.35,2025-12-27 08:03:00
4625,Customer_4625,Poland,low,37.22,2025-10-25 11:36:00
4626,Customer_4626,Italy,low,64.68,2025-12-16 10:54:00
4627,Customer_4627,United Kingdom,low,83.49,2025-06-22 18:43:00
4628,Customer_4628,Italy,low,112.54,2025-02-14 10:21:00
4629,Customer_4629,Romania,high,265.96,2025-01-22 10:44:00
4630,Customer_4630,Italy,low,54.35,2025-11-06 16:06:00
4631,Customer_4631,Netherlands,low,42.7,2025-02-05 15:38:00
4632,Customer_4632,Netherlands,medium,231.07,2025-11-08 11:48:00
4633,Customer_4633,Poland,low,103.24,2025-06-07 09:51:00
4634,Customer_4634,France,low,43.9,2025-06-19 08:17:00
4635,Customer_4635,Germany,low,38.47,2025-08-27 12:09:00
4636,Customer_4636,Romania,low,87.56,2025-03-26 18:22:00
4637,Customer_4637,France,low,72.36,2025-08-08 16:12:00
4638,Customer_4638,Romania,low,55.01,2025-05-11 09:16:00
4639,Customer_4639,Austria,high,678.91,2025-11-03 17:14:00
4640,Customer_4640,Belgium,low,67.66,2025-05-12 13:20:00
4641,Customer_4641,Spain,low,89.85,2025-07-05 15:11:00
4642,Customer_4642,Romania,medium,171.46,2025-04-08 15:16:00
4643,Customer_4643,Austria,low,104.34,2025-02-22 13:53:00
4644,Customer_4644,Poland,low,62.32,2025-12-25 19:10:00
4645,Customer_4645,Austria,low,30.15,2025-07-01 16:16:00
4646,Customer_4646,Romania,low,117.57,2025-11-15 14:10:00
4647,Customer_4647,Italy,low,113.29,2025-07-19 11:05:00
4648,Customer_4648,United Kingdom,medium,132.91,2025-04-20 17:21:00
4649,Customer_4649,France,low,69.41,2025-01-10 13:02:00
4650,Customer_4650,Belgium,low,102.15,2025-09-05 10:58:00
4651,Customer_4651,Austria,low,87.67,2025-02-06 20:13:00
4652,Customer_4652,Netherlands,medium,262.11,2025-09-18 16:02:00
4653,Customer_4653,Netherlands,low,105.02,2025-02-22 12:41:00
4654,Customer_4654,Germany,low,56.93,2025-04-13 12:23:00
4655,Customer_4655,Italy,medium,111.85,2025-03-26 19:15:00
4656,Customer_4656,France,low,33.25,2025-06-25 13:28:00
4657,Customer_4657,Austria,low,80.64,2025-02-04 19:21:00
4658,Customer_4658,Netherlands,low,94.85,2025-11-09 11:57:00
4659,Customer_4659,France,low,90.72,2025-11-10 11:27:00
4660,Customer_4660,United Kingdom,low,111.54,2025-02-02 18:41:00
4661,Customer_4661,Germany,low,78.53,2025-08-04 18:41:00
4662,Customer_4662,France,low,60.8,2025-11-19 09:43:00
4663,Customer_4663,Poland,low,58.98,2025-06-26 09:58:00
4664,Customer_4664,Poland,low,36.17,2025-02-27 14:09:00
4665,Customer_4665,United Kingdom,low,25.36,2025-09-16 11:52:00
4666,Customer_4666,United Kingdom,low,29.8,2025-09-08 14:36:00
4667,Customer_4667,France,medium,177.38,2025-11-15 14:49:00
4668,Customer_4668,Poland,low,22.69,2025-03-19 16:43:00
4669,Customer_4669,Poland,low,64.21,2025-05-12 17:47:00
4670,Customer_4670,United Kingdom,medium,97.81,2025-04-02 12:17:00
4671,Customer_4671,Belgium,low,100.89,2025-03-01 10:49:00
4672,Customer_4672,Austria,low,72.07,2025-09-16 16:39:00
4673,Customer_4673,Italy,medium,243.85,2025-05-21 13:56:00
4674,Customer_4674,Italy,low,51.62,2025-07-15 20:25:00
4675,Customer_4675,Italy,low,97.91,2025-05-01 17:49:00
4676,Customer_4676,Spain,low,88.48,2025-08-22 13:19:00
4677,Customer_4677,France,low,92.36,2025-04-26 14:34:00
4678,Customer_4678,Romania,low,27.55,2025-04-27 16:42:00
4679,Customer_4679,Germany,low,27.17,2025-06-04 11:15:00
4680,Customer_4680,Netherlands,low,30.06,2025-05-06 10:00:00
4681,Customer_4681,France,low,85.75,2025-03-12 20:15:00
4682,Customer_4682,Germany,low,75.02,2025-04-22 19:04:00
4683,Customer_4683,Austria,low,92.37,2025-11-14 11:26:00
4684,Customer_4684,Italy,low,76.53,2025-11-22 09:41:00
4685,Customer_4685,Poland,high,642.97,2025-10-01 15:47:00
4686,Customer_4686,Romania,low,50.63,2025-08-14 15:11:00
4687,Customer_4687,Italy,low,55.36,2025-02-09 19:45:00
4688,Customer_4688,France,medium,292.64,2025-01-15 09:27:00
4689,Customer_4689,Spain,low,56.52,2025-01-26 18:42:00
4690,Customer_4690,Romania,medium,150.54,2025-03-07 15:00:00
4691,Customer_4691,Romania,low,96.47,2025-10-25 09:39:00
4692,Customer_4692,Netherlands,medium,146.87,2025-05-12 14:38:00
4693,Customer_4693,Poland,low,59.54,2025-06-13 09:38:00
4694,Customer_4694,Germany,low,69.85,2025-04-15 15:46:00
4695,Customer_4695,France,low,87.57,2025-09-14 20:09:00
4696,Customer_4696,Austria,low,55.44,2025-02-05 19:25:00
4697,Customer_4697,Austria,medium,176.94,2025-04-01 13:23:00
4698,Customer_4698,Poland,low,29.84,2025-09-28 16:30:00
4699,Customer_4699,Netherlands,medium,90.24,2025-12-05 11:43:00
4700,Customer_4700,Netherlands,low,116.14,2025-05-10 20:25:00
4701,Customer_4701,Austria,low,62.43,2025-12-07 08:18:00
4702,Customer_4702,France,low,65.71,2025-02-22 12:11:00
4703,Customer_4703,France,low,49.55,2025-04-04 17:25:00
4704,Customer_4704,Romania,low,40.72,2025-07-09 15:01:00
4705,Customer_4705,Netherlands,low,57.71,2025-10-13 17:32:00
4706,Customer_4706,Poland,medium,127.62,2025-09-18 20:14:00
4707,Customer_4707,Italy,low,74.13,2025-08-22 17:58:00
4708,Customer_4708,Spain,low,42.7,2025-02-25 13:36:00
4709,Customer_4709,Germany,low,34.5,2025-12-20 09:42:00
4710,Customer_4710,Germany,low,25.77,2025-06-20 11:17:00
4711,Customer_4711,France,low,46.42,2025-07-24 18:09:00
4712,Customer_4712,United Kingdom,low,74.32,2025-03-05 16:10:00
4713,Customer_4713,Netherlands,low,71.86,2025-01-03 16:07:00
4714,Customer_4714,Poland,low,97.27,2025-07-21 08:54:00
4715,Customer_4715,Poland,low,64.82,2025-10-24 20:53:00
4716,Customer_4716,Romania,low,103.26,2025-08-10 17:39:00
4717,Customer_4717,Poland,low,25.69,2025-03-28 10:06:00
4718,Customer_4718,Poland,low,47.92,2025-07-26 13:26:00
4719,Customer_4719,Belgium,low,29.49,2025-10-18 18:06:00
4720,Customer_4720,Italy,low,69.25,2025-11-26 18:54:00
4721,Customer_4721,Belgium,low,44.33,2025-07-07 09:10:00
4722,Customer_4722,United Kingdom,low,115.51,2025-06-15 10:47:00
4723,Customer_4723,Austria,low,79.67,2025-10-14 11:31:00
4724,Customer_4724,Romania,low,28.87,2025-04-17 19:45:00
4725,Customer_4725,United Kingdom,low,108.71,2025-01-13 16:10:00
4726,Customer_4726,Italy,low,40.72,2025-01-16 09:27:00
4727,Customer_4727,Poland,low,99.53,2025-12-06 09:24:00
4728,Customer_4728,Spain,medium,232.03,2025-07-04 20:53:00
4729,Customer_4729,Spain,low,81.39,2025-09-11 12:37:00
4730,Customer_4730,Italy,medium,89.99,2025-12-20 08:15:00
4731,Customer_4731,Poland,low,80.14,2025-12-10 13:33:00
4732,Customer_4732,Belgium,low,54.17,2025-07-27 11:43:00
4733,Customer_4733,United Kingdom,medium,200.59,2025-02-05 15:54:00
4734,Customer_4734,Netherlands,high,330.7,2025-11-05 10:58:00
4735,Customer_4735,Belgium,medium,276.23,2025-02-15 20:17:00
4736,Customer_4736,France,medium,234.12,2025-03-11 16:56:00
4737,Customer_4737,France,low,104.3,2025-05-27 15:55:00
4738,Customer_4738,Austria,medium,279.01,2025-02-27 19:11:00
4739,Customer_4739,Spain,low,23.73,2025-12-18 14:14:00
4740,Customer_4740,United Kingdom,low,55.8,2025-02-27 11:46:00
4741,Customer_4741,Romania,low,43.38,2025-06-13 11:49:00
4742,Customer_4742,Italy,low,20.87,2025-08-20 14:33:00
4743,Customer_4743,Belgium,medium,216.79,2025-11-19 14:44:00
4744,Customer_4744,Netherlands,low,98.83,2025-09-15 10:40:00
4745,Customer_4745,Netherlands,medium,87.06,2025-12-20 17:55:00
4746,Customer_4746,Germany,low,66.09,2025-11-25 11:21:00
4747,Customer_4747,France,low,70.82,2025-02-07 11:39:00
4748,Customer_4748,Poland,low,62.88,2025-01-16 19:08:00
4749,Customer_4749,France,low,42.64,2025-05-01 19:58:00
4750,Customer_4750,Germany,low,85.05,2025-11-06 19:54:00
4751,Customer_4751,Netherlands,low,81.67,2025-12-08 20:51:00
4752,Customer_4752,Italy,low,111.24,2025-03-24 11:27:00
4753,Customer_4753,Belgium,low,21.44,2025-09-04 18:50:00
4754,Customer_4754,Netherlands,low,36.82,2025-09-28 12:09:00
4755,Customer_4755,Italy,low,47.95,2025-06-01 19:38:00
4756,Customer_4756,Netherlands,low,55.1,2025-02-04 18:47:00
4757,Customer_4757,Romania,low,26.51,2025-06-14 12:00:00
4758,Customer_4758,United Kingdom,medium,142.7,2025-05-16 13:12:00
4759,Customer_4759,United Kingdom,low,90.67,2025-04-15 08:20:00
4760,Customer_4760,Netherlands,medium,109.53,2025-06-03 18:40:00
4761,Customer_4761,United Kingdom,low,110.93,2025-03-13 09:42:00
4762,Customer_4762,France,low,39.96,2025-07-11 17:17:00
4763,Customer_4763,Germany,low,79.36,2025-03-02 18:11:00
4764,Customer_4764,Spain,low,91.11,2025-07-19 18:59:00
4765,Customer_4765,Austria,low,97.54,2025-10-12 11:14:00
4766,Customer_4766,Romania,low,76.87,2025-02-27 09:40:00
4767,Customer_4767,Romania,medium,122.21,2025-11-01 17:50:00
4768,Customer_4768,Spain,medium,147.22,2025-05-21 18:54:00
4769,Customer_4769,Germany,low,57.85,2025-11-06 16:47:00
4770,Customer_4770,Spain,low,39.13,2025-05-22 16:34:00
4771,Customer_4771,United Kingdom,low,43.81,2025-04-16 13:06:00
4772,Customer_4772,Romania,low,110.25,2025-05-24 08:32:00
4773,Customer_4773,Austria,medium,159.63,2025-05-06 12:15:00
4774,Customer_4774,Romania,low,114.38,2025-03-18 13:21:00
4775,Customer_4775,Italy,low,40.42,2025-01-19 13:10:00
4776,Customer_4776,Romania,low,113.59,2025-10-12 17:17:00
4777,Customer_4777,Poland,medium,270.44,2025-04-19 14:51:00
4778,Customer_4778,United Kingdom,medium,172.83,2025-06-07 13:38:00
4779,Customer_4779,France,medium,183.47,2025-06-02 12:29:00
4780,Customer_4780,France,medium,195.07,2025-01-02 20:37:00
4781,Customer_4781,United Kingdom,low,33.64,2025-09-15 11:59:00
4782,Customer_4782,Netherlands,high,643.74,2025-10-21 14:42:00
4783,Customer_4783,Austria,low,63.36,2025-08-19 16:39:00
4784,Customer_4784,United Kingdom,low,21.64,2025-12-04 15:44:00
4785,Customer_4785,Italy,medium,270.64,2025-07-19 08:05:00
4786,Customer_4786,Netherlands,low,110.82,2025-02-01 20:13:00
4787,Customer_4787,Romania,low,115.14,2025-12-15 09:21:00
4788,Customer_4788,Austria,low,55.85,2025-07-24 13:00:00
4789,Customer_4789,Belgium,low,92.8,2025-07-01 18:06:00
4790,Customer_4790,Austria,low,49.25,2025-10-24 18:11:00
4791,Customer_4791,Spain,low,40.75,2025-06-20 18:27:00
4792,Customer_4792,United Kingdom,low,21.86,2025-05-11 20:58:00
4793,Customer_4793,Italy,low,98.15,2025-07-28 19:36:00
4794,Customer_4794,Spain,low,51.09,2025-03-27 19:47:00
4795,Customer_4795,Netherlands,medium,254.99,2025-07-03 15:53:00
4796,Customer_4796,Romania,low,109.95,2025-08-04 12:02:00
4797,Customer_4797,Germany,low,118.03,2025-11-28 11:34:00
4798,Customer_4798,Belgium,medium,299.78,2025-07-24 10:48:00
4799,Customer_4799,Austria,medium,146.19,2025-02-21 14:48:00
4800,Customer_4800,Spain,low,48.75,2025-04-25 19:26:00
4801,Customer_4801,Romania,medium,227.66,2025-04-11 16:22:00
4802,Customer_4802,Spain,low,103.99,2025-01-25 09:54:00
4803,Customer_4803,Germany,low,77.81,2025-10-11 09:51:00
4804,Customer_4804,United Kingdom,low,20.15,2025-05-21 16:55:00
4805,Customer_4805,Belgium,low,106.82,2025-12-16 15:22:00
4806,Customer_4806,Romania,low,67.48,2025-04-13 13:26:00
4807,Customer_4807,Germany,low,39.43,2025-07-07 12:19:00
4808,Customer_4808,Netherlands,low,79.51,2025-07-17 20:38:00
4809,Customer_4809,Austria,low,91.87,2025-04-04 16:04:00
4810,Customer_4810,Germany,low,57.08,2025-11-14 09:30:00
4811,Customer_4811,Italy,low,41.98,2025-02-15 12:17:00
4812,Customer_4812,Belgium,low,108.61,2025-03-22 14:56:00
4813,Customer_4813,Germany,low,114.32,2025-08-18 13:44:00
4814,Customer_4814,Italy,low,110.17,2025-09-20 15:52:00
4815,Customer_4815,Poland,low,69.58,2025-06-20 12:43:00
4816,Customer_4816,Netherlands,low,114.09,2025-09-23 13:08:00
4817,Customer_4817,United Kingdom,low,39.03,2025-12-15 20:16:00
4818,Customer_4818,Italy,high,670.4,2025-08-13 15:26:00
4819,Customer_4819,Romania,low,22.5,2025-03-01 15:26:00
4820,Customer_4820,Poland,low,50.81,2025-08-12 11:19:00
4821,Customer_4821,France,low,95.44,2025-04-21 20:13:00
4822,Customer_4822,Italy,low,25.82,2025-01-21 19:02:00
4823,Customer_4823,United Kingdom,medium,242.46,2025-07-12 14:22:00
4824,Customer_4824,Romania,low,94.49,2025-12-09 13:15:00
4825,Customer_4825,Romania,high,680.29,2025-11-22 14:23:00
4826,Customer_4826,Spain,low,38.03,2025-04-28 18:08:00
4827,Customer_4827,Austria,low,23.19,2025-11-22 20:00:00
4828,Customer_4828,Italy,low,22.89,2025-10-24 09:04:00
4829,Customer_4829,Italy,low,101.49,2025-10-25 18:23:00
4830,Customer_4830,Austria,low,80.0,2025-10-17 17:37:00
4831,Customer_4831,Austria,medium,298.6,2025-02-18 09:43:00
4832,Customer_4832,Belgium,low,94.89,2025-08-26 12:25:00
4833,Customer_4833,Austria,low,93.02,2025-08-15 14:59:00
4834,Customer_4834,France,low,96.41,2025-07-17 15:42:00
4835,Customer_4835,Italy,low,66.16,2025-10-14 14:42:00
4836,Customer_4836,Austria,low,34.73,2025-10-01 19:23:00
4837,Customer_4837,Germany,low,54.31,2025-10-19 13:01:00
4838,Customer_4838,Romania,low,26.78,2025-12-06 19:14:00
4839,Customer_4839,Spain,low,38.05,2025-12-06 15:27:00
4840,Customer_4840,Netherlands,medium,149.42,2025-08-22 11:39:00
4841,Customer_4841,Romania,low,111.46,2025-02-09 08:22:00
4842,Customer_4842,France,low,28.82,2025-07-13 08:19:00
4843,Customer_4843,Poland,low,106.76,2025-04-18 17:53:00
4844,Customer_4844,France,low,93.32,2025-09-11 10:16:00
4845,Customer_4845,Poland,low,50.24,2025-03-01 11:20:00
4846,Customer_4846,United Kingdom,low,30.31,2025-12-28 18:10:00
4847,Customer_4847,Spain,medium,185.79,2025-04-27 13:05:00
4848,Customer_4848,Romania,medium,230.03,2025-07-14 12:59:00
4849,Customer_4849,Poland,low,29.55,2025-02-07 13:04:00
4850,Customer_4850,Romania,low,20.87,2025-06-17 13:12:00
4851,Customer_4851,Netherlands,medium,293.51,2025-06-18 09:22:00
4852,Customer_4852,Spain,high,761.4,2025-09-12 18:10:00
4853,Customer_4853,France,low,80.23,2025-06-20 20:39:00
4854,Customer_4854,Italy,medium,194.95,2025-12-22 20:04:00
4855,Customer_4855,Germany,high,532.4,2025-07-11 13:51:00
4856,Customer_4856,Romania,medium,294.06,2025-02-13 15:22:00
4857,Customer_4857,United Kingdom,low,73.8,2025-02-19 11:19:00
4858,Customer_4858,Romania,medium,205.83,2025-09-23 20:02:00
4859,Customer_4859,Italy,high,776.31,2025-02-27 12:55:00
4860,Customer_4860,Austria,low,32.71,2025-10-27 10:19:00
4861,Customer_4861,Germany,low,80.83,2025-06-19 15:47:00
4862,Customer_4862,Spain,high,708.2,2025-10-24 09:11:00
4863,Customer_4863,France,low,35.47,2025-04-10 09:05:00
4864,Customer_4864,Netherlands,low,28.81,2025-04-03 13:56:00
4865,Customer_4865,Belgium,low,104.9,2025-02-11 11:02:00
4866,Customer_4866,Spain,low,50.73,2025-01-15 15:34:00
4867,Customer_4867,France,low,29.98,2025-01-20 19:26:00
4868,Customer_4868,Belgium,low,50.31,2025-06-11 15:26:00
4869,Customer_4869,Austria,low,100.02,2025-06-10 09:50:00
4870,Customer_4870,Romania,low,38.38,2025-10-04 10:26:00
4871,Customer_4871,United Kingdom,medium,211.55,2025-06-05 08:26:00
4872,Customer_4872,Netherlands,low,113.49,2025-12-26 09:01:00
4873,Customer_4873,Austria,high,750.63,2025-12-13 18:24:00
4874,Customer_4874,United Kingdom,low,25.89,2025-12-24 16:40:00
4875,Customer_4875,Germany,low,45.01,2025-12-04 14:34:00
4876,Customer_4876,Germany,low,70.35,2025-03-05 18:05:00
4877,Customer_4877,Poland,low,83.8,2025-03-21 20:24:00
4878,Customer_4878,United Kingdom,low,58.15,2025-03-01 16:12:00
4879,Customer_4879,Netherlands,low,99.96,2025-12-03 19:00:00
4880,Customer_4880,Italy,low,43.04,2025-11-26 18:40:00
4881,Customer_4881,Belgium,low,96.01,2025-09-21 15:03:00
4882,Customer_4882,Spain,low,23.05,2025-11-22 15:58:00
4883,Customer_4883,Netherlands,low,81.57,2025-12-05 12:51:00
4884,Customer_4884,Spain,low,113.93,2025-03-20 13:05:00
4885,Customer_4885,Netherlands,low,110.1,2025-01-11 18:32:00
4886,Customer_4886,Italy,low,34.74,2025-11-17 14:01:00
4887,Customer_4887,Austria,low,75.24,2025-03-26 10:16:00
4888,Customer_4888,Italy,low,55.86,2025-05-16 12:28:00
4889,Customer_4889,Austria,low,80.7,2025-06-02 19:37:00
4890,Customer_4890,Italy,low,28.34,2025-09-24 17:32:00
4891,Customer_4891,Belgium,low,116.29,2025-05-07 08:06:00
4892,Customer_4892,Austria,low,104.1,2025-07-26 10:14:00
4893,Customer_4893,Romania,low,73.08,2025-09-15 19:56:00
4894,Customer_4894,Austria,low,89.73,2025-10-20 11:04:00
4895,Customer_4895,Spain,low,115.9,2025-07-21 10:56:00
4896,Customer_4896,Germany,medium,85.07,2025-02-04 20:46:00
4897,Customer_4897,Spain,low,20.91,2025-05-16 17:17:00
4898,Customer_4898,Poland,medium,97.52,2025-10-20 08:13:00
4899,Customer_4899,Romania,low,52.93,2025-12-24 12:54:00
4900,Customer_4900,Romania,low,119.03,2025-06-24 11:35:00
4901,Customer_4901,Germany,high,541.72,2025-05-03 17:45:00
4902,Customer_4902,France,low,100.89,2025-12-02 13:14:00
4903,Customer_4903,Netherlands,low,76.08,2025-10-12 09:47:00
4904,Customer_4904,Austria,low,83.96,2025-10-11 19:14:00
4905,Customer_4905,Germany,low,59.38,2025-01-26 16:16:00
4906,Customer_4906,Romania,medium,168.88,2025-11-17 19:49:00
4907,Customer_4907,Austria,medium,152.98,2025-12-22 10:37:00
4908,Customer_4908,Germany,low,86.35,2025-11-18 18:11:00
4909,Customer_4909,Germany,low,36.47,2025-09-01 20:48:00
4910,Customer_4910,France,low,35.43,2025-06-07 08:27:00
4911,Customer_4911,Romania,low,62.71,2025-12-10 18:53:00
4912,Customer_4912,Austria,low,60.95,2025-08-17 08:39:00
4913,Customer_4913,Austria,low,100.17,2025-04-16 12:46:00
4914,Customer_4914,Netherlands,low,103.1,2025-08-11 10:05:00
4915,Customer_4915,Spain,low,40.07,2025-08-11 13:43:00
4916,Customer_4916,Belgium,low,35.86,2025-09-23 17:31:00
4917,Customer_4917,Netherlands,low,65.74,2025-05-03 18:04:00
4918,Customer_4918,Netherlands,high,431.46,2025-03-14 15:20:00
4919,Customer_4919,France,medium,223.42,2025-10-20 15:27:00
4920,Customer_4920,Netherlands,low,46.82,2025-07-12 20:20:00
4921,Customer_4921,France,medium,251.3,2025-07-10 09:39:00
4922,Customer_4922,Austria,low,79.89,2025-04-24 08:58:00
4923,Customer_4923,Italy,low,40.65,2025-12-17 10:03:00
4924,Customer_4924,France,low,39.17,2025-01-03 20:47:00
4925,Customer_4925,Belgium,low,85.22,2025-03-06 12:09:00
4926,Customer_4926,Germany,low,95.93,2025-12-07 12:49:00
4927,Customer_4927,United Kingdom,low,58.16,2025-09-02 17:40:00
4928,Customer_4928,Romania,medium,175.9,2025-12-02 09:51:00
4929,Customer_4929,Romania,high,364.76,2025-04-07 12:35:00
4930,Customer_4930,Italy,low,105.43,2025-04-15 19:15:00
4931,Customer_4931,Belgium,medium,195.94,2025-07-24 15:06:00
4932,Customer_4932,Belgium,low,47.26,2025-01-12 11:37:00
4933,Customer_4933,Germany,medium,89.0,2025-07-16 12:59:00
4934,Customer_4934,Austria,low,33.78,2025-03-02 18:21:00
4935,Customer_4935,Spain,low,89.68,2025-05-20 17:04:00
4936,Customer_4936,France,low,35.32,2025-09-27 13:26:00
4937,Customer_4937,Poland,low,112.55,2025-03-26 16:23:00
4938,Customer_4938,Italy,low,28.55,2025-06-11 19:56:00
4939,Customer_4939,Spain,low,106.09,2025-11-16 15:21:00
4940,Customer_4940,Belgium,low,28.93,2025-03-13 10:26:00
4941,Customer_4941,Netherlands,low,80.73,2025-07-16 18:32:00
4942,Customer_4942,Netherlands,low,59.54,2025-08-18 17:49:00
4943,Customer_4943,Italy,medium,262.63,2025-02-22 20:57:00
4944,Customer_4944,United Kingdom,low,113.82,2025-10-17 09:29:00
4945,Customer_4945,Poland,low,26.85,2025-10-22 19:17:00
4946,Customer_4946,Netherlands,low,50.68,2025-03-11 11:43:00
4947,Customer_4947,France,low,47.56,2025-09-06 16:48:00
4948,Customer_4948,Spain,low,84.41,2025-11-19 15:17:00
4949,Customer_4949,Poland,low,55.05,2025-06-19 08:30:00
4950,Customer_4950,Italy,low,50.3,2025-10-09 18:50:00
4951,Customer_4951,Spain,low,50.59,2025-07-18 15:42:00
4952,Customer_4952,Poland,low,105.98,2025-10-06 10:46:00
4953,Customer_4953,Italy,medium,138.44,2025-10-28 08:31:00
4954,Customer_4954,Austria,medium,232.67,2025-05-28 09:22:00
4955,Customer_4955,Spain,low,66.38,2025-02-02 18:03:00
4956,Customer_4956,France,low,53.3,2025-05-15 15:54:00
4957,Customer_4957,Spain,medium,215.2,2025-05-08 18:04:00
4958,Customer_4958,Netherlands,low,68.38,2025-03-12 13:29:00
4959,Customer_4959,Romania,low,45.46,2025-04-11 12:41:00
4960,Customer_4960,Poland,low,59.35,2025-06-21 13:29:00
4961,Customer_4961,Spain,low,51.41,2025-04-28 10:34:00
4962,Customer_4962,Belgium,high,409.71,2025-01-27 20:43:00
4963,Customer_4963,United Kingdom,medium,264.07,2025-08-24 17:19:00
4964,Customer_4964,Poland,low,70.16,2025-11-14 14:02:00
4965,Customer_4965,Germany,medium,280.19,2025-05-21 18:07:00
4966,Customer_4966,Spain,low,43.83,2025-12-24 18:50:00
4967,Customer_4967,Netherlands,low,50.06,2025-08-04 12:25:00
4968,Customer_4968,United Kingdom,high,466.75,2025-12-04 12:46:00
4969,Customer_4969,Poland,low,68.91,2025-12-08 12:07:00
4970,Customer_4970,Romania,low,51.93,2025-06-02 16:45:00
4971,Customer_4971,Spain,low,48.34,2025-12-25 14:02:00
4972,Customer_4972,France,low,39.1,2025-07-04 08:04:00
4973,Customer_4973,Poland,low,87.78,2025-11-28 08:48:00
4974,Customer_4974,France,low,23.53,2025-07-15 17:50:00
4975,Customer_4975,Netherlands,low,68.89,2025-07-23 17:11:00
4976,Customer_4976,Romania,low,87.99,2025-07-23 10:07:00
4977,Customer_4977,Belgium,low,98.06,2025-11-18 20:50:00
4978,Customer_4978,United Kingdom,low,60.18,2025-04-12 11:50:00
4979,Customer_4979,Austria,low,44.02,2025-11-26 13:45:00
4980,Customer_4980,Romania,low,24.55,2025-01-15 10:08:00
4981,Customer_4981,Romania,low,47.01,2025-02-07 11:51:00
4982,Customer_4982,Belgium,medium,245.72,2025-10-01 09:17:00
4983,Customer_4983,Spain,low,66.81,2025-05-06 15:40:00
4984,Customer_4984,Netherlands,high,336.03,2025-07-28 18:59:00
4985,Customer_4985,Spain,low,91.23,2025-12-19 14:28:00
4986,Customer_4986,France,high,360.82,2025-01-07 19:49:00
4987,Customer_4987,Italy,low,111.42,2025-11-24 11:51:00
4988,Customer_4988,Belgium,medium,176.13,2025-06-18 10:24:00
4989,Customer_4989,Italy,low,117.43,2025-06-06 18:26:00
4990,Customer_4990,Spain,medium,183.59,2025-10-09 19:49:00
4991,Customer_4991,France,low,70.66,2025-09-13 14:37:00
4992,Customer_4992,France,low,32.63,2025-03-07 20:51:00
4993,Customer_4993,Germany,low,82.66,2025-03-11 10:51:00
4994,Customer_4994,Austria,low,30.82,2025-08-26 18:34:00
4995,Customer_4995,United Kingdom,medium,112.28,2025-06-26 17:55:00
4996,Customer_4996,Netherlands,low,95.82,2025-06-15 12:40:00
4997,Customer_4997,Netherlands,low,57.23,2025-04-06 13:43:00
4998,Customer_4998,Belgium,low,112.45,2025-02-17 09:51:00
4999,Customer_4999,Romania,low,96.45,2025-12-11 09:13:00
5000,Customer_5000,Austria,medium,121.27,2025-01-22 13:09:00
