target,transaction_id,fraud_label,start_time,end_time,latency_ms,status,error
postgres,1,0,2026-08-28T15:55:45.488719+00:00,2026-08-28T15:55:45.521637+00:00,32.89408699492924,APPROVED,
voltdb,1,0,2026-08-28T15:55:45.521724+00:00,2026-08-28T15:55:45.777101+00:00,255.36556899896823,APPROVED,
postgres,2,0,2026-08-28T15:55:45.777220+00:00,2026-08-28T15:55:45.781638+00:00,4.405649000545964,APPROVED,
voltdb,2,0,2026-08-28T15:55:45.781811+00:00,2026-08-28T15:55:45.815399+00:00,33.569861989235505,APPROVED,
postgres,5,0,2026-08-28T15:55:45.815559+00:00,2026-08-28T15:55:45.821169+00:00,5.519294005353004,APPROVED,
voltdb,5,0,2026-08-28T15:55:45.821244+00:00,2026-08-28T15:55:45.855384+00:00,34.13002300658263,APPROVED,
postgres,6,0,2026-08-28T15:55:45.855548+00:00,2026-08-28T15:55:45.862013+00:00,6.446069004596211,APPROVED,
voltdb,6,0,2026-08-28T15:55:45.862101+00:00,2026-08-28T15:55:45.898498+00:00,36.382285004947335,APPROVED,
postgres,7,0,2026-08-28T15:55:45.898640+00:00,2026-08-28T15:55:45.904019+00:00,5.366932004108094,APPROVED,
voltdb,7,0,2026-08-28T15:55:45.904111+00:00,2026-08-28T15:55:45.941845+00:00,37.72233100607991,APPROVED,
postgres,8,0,2026-08-28T15:55:45.942032+00:00,2026-08-28T15:55:45.947871+00:00,5.8185939997201785,APPROVED,
voltdb,8,0,2026-08-28T15:55:45.947935+00:00,2026-08-28T15:55:45.992237+00:00,44.29314300068654,APPROVED,
postgres,10,0,2026-08-28T15:55:45.992369+00:00,2026-08-28T15:55:45.997431+00:00,5.049265004345216,APPROVED,
voltdb,10,0,2026-08-28T15:55:45.997513+00:00,2026-08-28T15:55:46.029277+00:00,31.753799004945904,APPROVED,
postgres,13,0,2026-08-28T15:55:46.029523+00:00,2026-08-28T15:55:46.034029+00:00,4.486249992623925,APPROVED,
voltdb,13,0,2026-08-28T15:55:46.034133+00:00,2026-08-28T15:55:46.065618+00:00,31.470393005292863,APPROVED,
postgres,16,0,2026-08-28T15:55:46.065705+00:00,2026-08-28T15:55:46.071129+00:00,5.413010992924683,APPROVED,
voltdb,16,0,2026-08-28T15:55:46.071209+00:00,2026-08-28T15:55:46.102056+00:00,30.837187005090527,APPROVED,
postgres,17,1,2026-08-28T15:55:46.102229+00:00,2026-08-28T15:55:46.109017+00:00,6.76583600579761,BLOCKED,
voltdb,17,1,2026-08-28T15:55:46.109129+00:00,2026-08-28T15:55:46.156303+00:00,47.16141999233514,BLOCKED,
postgres,18,0,2026-08-28T15:55:46.156480+00:00,2026-08-28T15:55:46.165334+00:00,8.837121000397019,APPROVED,
voltdb,18,0,2026-08-28T15:55:46.165448+00:00,2026-08-28T15:55:46.196622+00:00,31.159997000941075,APPROVED,
postgres,20,0,2026-08-28T15:55:46.196769+00:00,2026-08-28T15:55:46.201268+00:00,4.483109994907863,APPROVED,
voltdb,20,0,2026-08-28T15:55:46.201394+00:00,2026-08-28T15:55:46.235805+00:00,34.39352399436757,APPROVED,
postgres,23,0,2026-08-28T15:55:46.235937+00:00,2026-08-28T15:55:46.240431+00:00,4.479380993871018,APPROVED,
voltdb,23,0,2026-08-28T15:55:46.240507+00:00,2026-08-28T15:55:46.272105+00:00,31.589111997163855,APPROVED,
postgres,25,0,2026-08-28T15:55:46.272192+00:00,2026-08-28T15:55:46.278223+00:00,6.017374005750753,APPROVED,
voltdb,25,0,2026-08-28T15:55:46.278406+00:00,2026-08-28T15:55:46.308816+00:00,30.394280998734757,APPROVED,
postgres,26,0,2026-08-28T15:55:46.308994+00:00,2026-08-28T15:55:46.315986+00:00,6.9677080027759075,APPROVED,
voltdb,26,0,2026-08-28T15:55:46.316147+00:00,2026-08-28T15:55:46.351410+00:00,35.24564200779423,APPROVED,
postgres,27,0,2026-08-28T15:55:46.351592+00:00,2026-08-28T15:55:46.356436+00:00,4.830830992432311,APPROVED,
voltdb,27,0,2026-08-28T15:55:46.356647+00:00,2026-08-28T15:55:46.387170+00:00,30.50124499714002,APPROVED,
postgres,28,0,2026-08-28T15:55:46.387301+00:00,2026-08-28T15:55:46.393846+00:00,6.414286996005103,APPROVED,
voltdb,28,0,2026-08-28T15:55:46.394028+00:00,2026-08-28T15:55:46.420614+00:00,26.567695997073315,APPROVED,
postgres,29,0,2026-08-28T15:55:46.420707+00:00,2026-08-28T15:55:46.425812+00:00,5.094217995065264,APPROVED,
voltdb,29,0,2026-08-28T15:55:46.425905+00:00,2026-08-28T15:55:46.452497+00:00,26.582441001664847,APPROVED,
postgres,30,0,2026-08-28T15:55:46.452596+00:00,2026-08-28T15:55:46.457959+00:00,5.352081992896274,APPROVED,
voltdb,30,0,2026-08-28T15:55:46.458098+00:00,2026-08-28T15:55:46.483705+00:00,25.567453005351126,APPROVED,
postgres,31,0,2026-08-28T15:55:46.483929+00:00,2026-08-28T15:55:46.488974+00:00,5.028480998589657,REVIEW,
voltdb,31,0,2026-08-28T15:55:46.489051+00:00,2026-08-28T15:55:46.521046+00:00,31.98655799496919,REVIEW,
postgres,32,0,2026-08-28T15:55:46.521176+00:00,2026-08-28T15:55:46.526158+00:00,4.966245993273333,APPROVED,
voltdb,32,0,2026-08-28T15:55:46.526245+00:00,2026-08-28T15:55:46.552684+00:00,26.42944300896488,APPROVED,
postgres,33,0,2026-08-28T15:55:46.552768+00:00,2026-08-28T15:55:46.558050+00:00,5.2696539933094755,APPROVED,
voltdb,33,0,2026-08-28T15:55:46.558142+00:00,2026-08-28T15:55:46.591299+00:00,33.14650799438823,APPROVED,
postgres,34,0,2026-08-28T15:55:46.591420+00:00,2026-08-28T15:55:46.595839+00:00,4.401605008752085,APPROVED,
voltdb,34,0,2026-08-28T15:55:46.595952+00:00,2026-08-28T15:55:46.621061+00:00,25.049606992979534,APPROVED,
postgres,35,0,2026-08-28T15:55:46.621209+00:00,2026-08-28T15:55:46.625782+00:00,4.557323001790792,APPROVED,
voltdb,35,0,2026-08-28T15:55:46.625871+00:00,2026-08-28T15:55:46.650199+00:00,24.316392009495758,APPROVED,
postgres,36,0,2026-08-28T15:55:46.650337+00:00,2026-08-28T15:55:46.653901+00:00,3.5495919873937964,APPROVED,
voltdb,36,0,2026-08-28T15:55:46.654017+00:00,2026-08-28T15:55:46.678494+00:00,24.46508400316816,APPROVED,
postgres,37,0,2026-08-28T15:55:46.678599+00:00,2026-08-28T15:55:46.682902+00:00,4.248080993420444,APPROVED,
voltdb,37,0,2026-08-28T15:55:46.683061+00:00,2026-08-28T15:55:46.708343+00:00,25.264879994210787,APPROVED,
postgres,38,0,2026-08-28T15:55:46.708655+00:00,2026-08-28T15:55:46.712930+00:00,4.2563609895296395,APPROVED,
voltdb,38,0,2026-08-28T15:55:46.713015+00:00,2026-08-28T15:55:46.738625+00:00,25.601243003620766,APPROVED,
postgres,39,0,2026-08-28T15:55:46.738725+00:00,2026-08-28T15:55:46.743190+00:00,4.452762004802935,APPROVED,
voltdb,39,0,2026-08-28T15:55:46.743323+00:00,2026-08-28T15:55:46.771599+00:00,28.263291998882778,APPROVED,
postgres,41,0,2026-08-28T15:55:46.771696+00:00,2026-08-28T15:55:46.778520+00:00,6.813378000515513,APPROVED,
voltdb,41,0,2026-08-28T15:55:46.778626+00:00,2026-08-28T15:55:46.805279+00:00,26.636715003405698,APPROVED,
postgres,44,0,2026-08-28T15:55:46.805445+00:00,2026-08-28T15:55:46.809745+00:00,4.288266994990408,APPROVED,
voltdb,44,0,2026-08-28T15:55:46.809827+00:00,2026-08-28T15:55:46.833909+00:00,24.072776999673806,APPROVED,
postgres,45,0,2026-08-28T15:55:46.834046+00:00,2026-08-28T15:55:46.838749+00:00,4.688929009716958,APPROVED,
voltdb,45,0,2026-08-28T15:55:46.838835+00:00,2026-08-28T15:55:46.867190+00:00,28.3458129997598,APPROVED,
postgres,46,0,2026-08-28T15:55:46.867302+00:00,2026-08-28T15:55:46.872638+00:00,5.323815988958813,REVIEW,
voltdb,46,0,2026-08-28T15:55:46.872789+00:00,2026-08-28T15:55:46.908385+00:00,35.579963005147874,REVIEW,
postgres,47,0,2026-08-28T15:55:46.908506+00:00,2026-08-28T15:55:46.913256+00:00,4.734489004476927,APPROVED,
voltdb,47,0,2026-08-28T15:55:46.913345+00:00,2026-08-28T15:55:46.940367+00:00,27.009819998056628,APPROVED,
postgres,49,0,2026-08-28T15:55:46.940465+00:00,2026-08-28T15:55:46.944493+00:00,4.003317997558042,APPROVED,
voltdb,49,0,2026-08-28T15:55:46.944695+00:00,2026-08-28T15:55:46.967486+00:00,22.777789999963716,APPROVED,
postgres,50,0,2026-08-28T15:55:46.967580+00:00,2026-08-28T15:55:46.971878+00:00,4.287852993002161,APPROVED,
voltdb,50,0,2026-08-28T15:55:46.971975+00:00,2026-08-28T15:55:47.002290+00:00,30.305089996545576,APPROVED,
postgres,52,0,2026-08-28T15:55:47.002578+00:00,2026-08-28T15:55:47.007089+00:00,4.491820000112057,APPROVED,
voltdb,52,0,2026-08-28T15:55:47.007196+00:00,2026-08-28T15:55:47.032157+00:00,24.951447994681075,APPROVED,
postgres,53,0,2026-08-28T15:55:47.032275+00:00,2026-08-28T15:55:47.037132+00:00,4.841478003072552,APPROVED,
voltdb,53,0,2026-08-28T15:55:47.037214+00:00,2026-08-28T15:55:47.062274+00:00,25.050333992112428,APPROVED,
postgres,54,1,2026-08-28T15:55:47.062459+00:00,2026-08-28T15:55:47.067623+00:00,5.1522130088415,REVIEW,
voltdb,54,1,2026-08-28T15:55:47.067693+00:00,2026-08-28T15:55:47.099425+00:00,31.72356801223941,REVIEW,
postgres,56,0,2026-08-28T15:55:47.099528+00:00,2026-08-28T15:55:47.103962+00:00,4.422330996021628,APPROVED,
voltdb,56,0,2026-08-28T15:55:47.104042+00:00,2026-08-28T15:55:47.126977+00:00,22.926857011043467,APPROVED,
postgres,58,0,2026-08-28T15:55:47.127109+00:00,2026-08-28T15:55:47.132211+00:00,5.088220990728587,APPROVED,
voltdb,58,0,2026-08-28T15:55:47.132286+00:00,2026-08-28T15:55:47.156600+00:00,24.302277000970207,APPROVED,
postgres,59,0,2026-08-28T15:55:47.156758+00:00,2026-08-28T15:55:47.160841+00:00,4.066666995640844,APPROVED,
voltdb,59,0,2026-08-28T15:55:47.160930+00:00,2026-08-28T15:55:47.185477+00:00,24.537567995139398,APPROVED,
postgres,61,0,2026-08-28T15:55:47.185598+00:00,2026-08-28T15:55:47.189659+00:00,4.044010012876242,APPROVED,
voltdb,61,0,2026-08-28T15:55:47.189918+00:00,2026-08-28T15:55:47.214164+00:00,24.227448986493982,APPROVED,
postgres,62,0,2026-08-28T15:55:47.214304+00:00,2026-08-28T15:55:47.220365+00:00,6.04901100450661,APPROVED,
voltdb,62,0,2026-08-28T15:55:47.220443+00:00,2026-08-28T15:55:47.244405+00:00,23.952827003085986,APPROVED,
postgres,63,0,2026-08-28T15:55:47.244504+00:00,2026-08-28T15:55:47.248210+00:00,3.6947540065739304,APPROVED,
voltdb,63,0,2026-08-28T15:55:47.248331+00:00,2026-08-28T15:55:47.272394+00:00,24.052270004176535,APPROVED,
postgres,64,0,2026-08-28T15:55:47.272509+00:00,2026-08-28T15:55:47.276566+00:00,4.0413289971183985,APPROVED,
voltdb,64,0,2026-08-28T15:55:47.277003+00:00,2026-08-28T15:55:47.305121+00:00,28.10427499935031,APPROVED,
postgres,66,0,2026-08-28T15:55:47.305233+00:00,2026-08-28T15:55:47.311072+00:00,5.826840992085636,REVIEW,
voltdb,66,0,2026-08-28T15:55:47.311156+00:00,2026-08-28T15:55:47.340653+00:00,29.487627994967625,REVIEW,
postgres,67,0,2026-08-28T15:55:47.340857+00:00,2026-08-28T15:55:47.345475+00:00,4.601662993081845,APPROVED,
voltdb,67,0,2026-08-28T15:55:47.345552+00:00,2026-08-28T15:55:47.372251+00:00,26.687282996135764,APPROVED,
postgres,68,0,2026-08-28T15:55:47.372372+00:00,2026-08-28T15:55:47.378269+00:00,5.881352990400046,APPROVED,
voltdb,68,0,2026-08-28T15:55:47.378351+00:00,2026-08-28T15:55:47.419081+00:00,40.71664100047201,APPROVED,
postgres,69,0,2026-08-28T15:55:47.419169+00:00,2026-08-28T15:55:47.425030+00:00,5.847706008353271,APPROVED,
voltdb,69,0,2026-08-28T15:55:47.425095+00:00,2026-08-28T15:55:47.448536+00:00,23.43336699414067,APPROVED,
postgres,70,0,2026-08-28T15:55:47.448689+00:00,2026-08-28T15:55:47.453867+00:00,5.161577006219886,REVIEW,
voltdb,70,0,2026-08-28T15:55:47.453959+00:00,2026-08-28T15:55:47.486356+00:00,32.38448100455571,REVIEW,
postgres,72,0,2026-08-28T15:55:47.486479+00:00,2026-08-28T15:55:47.491231+00:00,4.737188995932229,APPROVED,
voltdb,72,0,2026-08-28T15:55:47.491314+00:00,2026-08-28T15:55:47.518659+00:00,27.332129000569694,APPROVED,
postgres,73,0,2026-08-28T15:55:47.518789+00:00,2026-08-28T15:55:47.523272+00:00,4.4680720020551234,APPROVED,
voltdb,73,0,2026-08-28T15:55:47.523351+00:00,2026-08-28T15:55:47.548730+00:00,25.369227994815446,APPROVED,
postgres,76,0,2026-08-28T15:55:47.548864+00:00,2026-08-28T15:55:47.555408+00:00,6.528521000291221,APPROVED,
voltdb,76,0,2026-08-28T15:55:47.555496+00:00,2026-08-28T15:55:47.579502+00:00,23.993244001758285,APPROVED,
postgres,77,0,2026-08-28T15:55:47.579637+00:00,2026-08-28T15:55:47.584406+00:00,4.756841997732408,APPROVED,
voltdb,77,0,2026-08-28T15:55:47.584484+00:00,2026-08-28T15:55:47.609273+00:00,24.780027000815608,APPROVED,
postgres,78,1,2026-08-28T15:55:47.609403+00:00,2026-08-28T15:55:47.614438+00:00,5.020110998884775,REVIEW,
voltdb,78,1,2026-08-28T15:55:47.614520+00:00,2026-08-28T15:55:47.646431+00:00,31.897153006866574,REVIEW,
postgres,79,0,2026-08-28T15:55:47.646544+00:00,2026-08-28T15:55:47.650456+00:00,3.8966350111877546,APPROVED,
voltdb,79,0,2026-08-28T15:55:47.650535+00:00,2026-08-28T15:55:47.673409+00:00,22.863423990202136,APPROVED,
postgres,80,0,2026-08-28T15:55:47.673557+00:00,2026-08-28T15:55:47.678589+00:00,5.016622002585791,APPROVED,
voltdb,80,0,2026-08-28T15:55:47.678670+00:00,2026-08-28T15:55:47.703973+00:00,25.29389099800028,APPROVED,
postgres,81,0,2026-08-28T15:55:47.704121+00:00,2026-08-28T15:55:47.708779+00:00,4.641884006559849,APPROVED,
voltdb,81,0,2026-08-28T15:55:47.708865+00:00,2026-08-28T15:55:47.732933+00:00,24.05602300132159,APPROVED,
postgres,82,1,2026-08-28T15:55:47.733069+00:00,2026-08-28T15:55:47.739577+00:00,6.494316010503098,REVIEW,
voltdb,82,1,2026-08-28T15:55:47.739649+00:00,2026-08-28T15:55:47.782158+00:00,42.498046008404344,REVIEW,
postgres,83,0,2026-08-28T15:55:47.782308+00:00,2026-08-28T15:55:47.787522+00:00,5.199993000132963,APPROVED,
voltdb,83,0,2026-08-28T15:55:47.787598+00:00,2026-08-28T15:55:47.811593+00:00,23.986028987565078,APPROVED,
postgres,84,0,2026-08-28T15:55:47.811716+00:00,2026-08-28T15:55:47.816289+00:00,4.557541004032828,APPROVED,
voltdb,84,0,2026-08-28T15:55:47.816562+00:00,2026-08-28T15:55:47.839499+00:00,22.92189899890218,APPROVED,
postgres,86,0,2026-08-28T15:55:47.839597+00:00,2026-08-28T15:55:47.845271+00:00,5.662878000293858,APPROVED,
voltdb,86,0,2026-08-28T15:55:47.845369+00:00,2026-08-28T15:55:47.881846+00:00,36.46224799740594,APPROVED,
postgres,87,0,2026-08-28T15:55:47.882006+00:00,2026-08-28T15:55:47.889244+00:00,7.224632994621061,REVIEW,
voltdb,87,0,2026-08-28T15:55:47.889347+00:00,2026-08-28T15:55:47.929663+00:00,40.3032530011842,REVIEW,
postgres,89,0,2026-08-28T15:55:47.929760+00:00,2026-08-28T15:55:47.933869+00:00,4.089631998795085,APPROVED,
voltdb,89,0,2026-08-28T15:55:47.933958+00:00,2026-08-28T15:55:47.961459+00:00,27.488037012517452,APPROVED,
postgres,90,0,2026-08-28T15:55:47.961592+00:00,2026-08-28T15:55:47.966963+00:00,5.352822001441382,APPROVED,
voltdb,90,0,2026-08-28T15:55:47.967043+00:00,2026-08-28T15:55:47.994195+00:00,27.13935700012371,APPROVED,
postgres,92,0,2026-08-28T15:55:47.994330+00:00,2026-08-28T15:55:48.000844+00:00,6.497320006019436,APPROVED,
voltdb,92,0,2026-08-28T15:55:48.000950+00:00,2026-08-28T15:55:48.025293+00:00,24.32974599651061,APPROVED,
postgres,93,0,2026-08-28T15:55:48.025396+00:00,2026-08-28T15:55:48.030262+00:00,4.848855998716317,APPROVED,
voltdb,93,0,2026-08-28T15:55:48.030390+00:00,2026-08-28T15:55:48.055482+00:00,25.07973300816957,APPROVED,
postgres,94,0,2026-08-28T15:55:48.055579+00:00,2026-08-28T15:55:48.062390+00:00,6.799440001486801,APPROVED,
voltdb,94,0,2026-08-28T15:55:48.062465+00:00,2026-08-28T15:55:48.084111+00:00,21.637291996739805,APPROVED,
postgres,96,0,2026-08-28T15:55:48.084260+00:00,2026-08-28T15:55:48.087883+00:00,3.6125170008745044,APPROVED,
voltdb,96,0,2026-08-28T15:55:48.087975+00:00,2026-08-28T15:55:48.112544+00:00,24.560638004913926,APPROVED,
postgres,98,0,2026-08-28T15:55:48.112672+00:00,2026-08-28T15:55:48.116594+00:00,3.9120930014178157,APPROVED,
voltdb,98,0,2026-08-28T15:55:48.116683+00:00,2026-08-28T15:55:48.136991+00:00,20.298996998462826,APPROVED,
postgres,101,0,2026-08-28T15:55:48.137148+00:00,2026-08-28T15:55:48.142323+00:00,5.159962005564012,APPROVED,
voltdb,101,0,2026-08-28T15:55:48.142411+00:00,2026-08-28T15:55:48.165099+00:00,22.67815799859818,APPROVED,
postgres,103,0,2026-08-28T15:55:48.165303+00:00,2026-08-28T15:55:48.168881+00:00,3.556091003702022,APPROVED,
voltdb,103,0,2026-08-28T15:55:48.168967+00:00,2026-08-28T15:55:48.192718+00:00,23.728125990601256,APPROVED,
postgres,104,0,2026-08-28T15:55:48.192900+00:00,2026-08-28T15:55:48.196967+00:00,4.052923992276192,APPROVED,
voltdb,104,0,2026-08-28T15:55:48.197045+00:00,2026-08-28T15:55:48.215880+00:00,18.824255996150896,APPROVED,
postgres,105,0,2026-08-28T15:55:48.216198+00:00,2026-08-28T15:55:48.219912+00:00,3.6957550037186593,APPROVED,
voltdb,105,0,2026-08-28T15:55:48.219989+00:00,2026-08-28T15:55:48.238245+00:00,18.246622988954186,APPROVED,
postgres,107,0,2026-08-28T15:55:48.238379+00:00,2026-08-28T15:55:48.241248+00:00,2.85528801032342,APPROVED,
voltdb,107,0,2026-08-28T15:55:48.241324+00:00,2026-08-28T15:55:48.260497+00:00,19.165175006492063,APPROVED,
postgres,109,0,2026-08-28T15:55:48.260595+00:00,2026-08-28T15:55:48.264216+00:00,3.6098429991398007,APPROVED,
voltdb,109,0,2026-08-28T15:55:48.264288+00:00,2026-08-28T15:55:48.283982+00:00,19.685128005221486,APPROVED,
postgres,110,0,2026-08-28T15:55:48.284153+00:00,2026-08-28T15:55:48.287629+00:00,3.4586029942147434,APPROVED,
voltdb,110,0,2026-08-28T15:55:48.287759+00:00,2026-08-28T15:55:48.308040+00:00,20.2712759928545,APPROVED,
postgres,113,0,2026-08-28T15:55:48.308139+00:00,2026-08-28T15:55:48.312385+00:00,4.235992993926629,APPROVED,
voltdb,113,0,2026-08-28T15:55:48.312464+00:00,2026-08-28T15:55:48.333188+00:00,20.71489000809379,APPROVED,
postgres,114,0,2026-08-28T15:55:48.333330+00:00,2026-08-28T15:55:48.337593+00:00,4.248112003551796,APPROVED,
voltdb,114,0,2026-08-28T15:55:48.337675+00:00,2026-08-28T15:55:48.357416+00:00,19.732025000848807,APPROVED,
postgres,115,0,2026-08-28T15:55:48.357513+00:00,2026-08-28T15:55:48.360593+00:00,3.070425009354949,APPROVED,
voltdb,115,0,2026-08-28T15:55:48.360666+00:00,2026-08-28T15:55:48.379606+00:00,18.93135698628612,APPROVED,
postgres,116,0,2026-08-28T15:55:48.379713+00:00,2026-08-28T15:55:48.382984+00:00,3.2582199928583577,APPROVED,
voltdb,116,0,2026-08-28T15:55:48.383075+00:00,2026-08-28T15:55:48.402338+00:00,19.254393002483994,APPROVED,
postgres,117,0,2026-08-28T15:55:48.402433+00:00,2026-08-28T15:55:48.406323+00:00,3.879693991621025,APPROVED,
voltdb,117,0,2026-08-28T15:55:48.406394+00:00,2026-08-28T15:55:48.424812+00:00,18.34119501290843,APPROVED,
postgres,118,0,2026-08-28T15:55:48.424940+00:00,2026-08-28T15:55:48.429562+00:00,4.569179000100121,APPROVED,
voltdb,118,0,2026-08-28T15:55:48.429657+00:00,2026-08-28T15:55:48.448903+00:00,19.205527001759037,APPROVED,
postgres,119,0,2026-08-28T15:55:48.449016+00:00,2026-08-28T15:55:48.452340+00:00,3.3135140110971406,APPROVED,
voltdb,119,0,2026-08-28T15:55:48.452410+00:00,2026-08-28T15:55:48.471200+00:00,18.780636994051747,APPROVED,
postgres,120,0,2026-08-28T15:55:48.471325+00:00,2026-08-28T15:55:48.475741+00:00,4.40169099601917,APPROVED,
voltdb,120,0,2026-08-28T15:55:48.475820+00:00,2026-08-28T15:55:48.494326+00:00,18.49701600440312,APPROVED,
postgres,122,0,2026-08-28T15:55:48.494467+00:00,2026-08-28T15:55:48.498562+00:00,4.082447994733229,APPROVED,
voltdb,122,0,2026-08-28T15:55:48.498638+00:00,2026-08-28T15:55:48.519413+00:00,20.766212008311413,APPROVED,
postgres,123,0,2026-08-28T15:55:48.519516+00:00,2026-08-28T15:55:48.522840+00:00,3.3129889925476164,APPROVED,
voltdb,123,0,2026-08-28T15:55:48.522958+00:00,2026-08-28T15:55:48.542447+00:00,19.475990993669257,APPROVED,
postgres,124,0,2026-08-28T15:55:48.542621+00:00,2026-08-28T15:55:48.547613+00:00,4.976658005034551,REVIEW,
voltdb,124,0,2026-08-28T15:55:48.547689+00:00,2026-08-28T15:55:48.574631+00:00,26.933533998089842,REVIEW,
postgres,125,0,2026-08-28T15:55:48.574738+00:00,2026-08-28T15:55:48.579859+00:00,5.060399998910725,APPROVED,
voltdb,125,0,2026-08-28T15:55:48.579936+00:00,2026-08-28T15:55:48.603044+00:00,23.09832400351297,APPROVED,
postgres,126,0,2026-08-28T15:55:48.603192+00:00,2026-08-28T15:55:48.608458+00:00,5.249049005215056,APPROVED,
voltdb,126,0,2026-08-28T15:55:48.608529+00:00,2026-08-28T15:55:48.630403+00:00,21.863445988856256,APPROVED,
postgres,127,0,2026-08-28T15:55:48.630544+00:00,2026-08-28T15:55:48.635287+00:00,4.725969993160106,APPROVED,
voltdb,127,0,2026-08-28T15:55:48.635422+00:00,2026-08-28T15:55:48.659441+00:00,24.00675500393845,APPROVED,
postgres,128,0,2026-08-28T15:55:48.659541+00:00,2026-08-28T15:55:48.663897+00:00,4.3443059985293075,APPROVED,
voltdb,128,0,2026-08-28T15:55:48.663998+00:00,2026-08-28T15:55:48.688090+00:00,24.08101900073234,APPROVED,
postgres,130,0,2026-08-28T15:55:48.688246+00:00,2026-08-28T15:55:48.692573+00:00,4.3170849967282265,APPROVED,
voltdb,130,0,2026-08-28T15:55:48.692680+00:00,2026-08-28T15:55:48.717025+00:00,24.33482500782702,APPROVED,
postgres,131,0,2026-08-28T15:55:48.717184+00:00,2026-08-28T15:55:48.722789+00:00,5.578954995144159,APPROVED,
voltdb,131,0,2026-08-28T15:55:48.722853+00:00,2026-08-28T15:55:48.748128+00:00,25.265887001296505,APPROVED,
postgres,132,0,2026-08-28T15:55:48.748267+00:00,2026-08-28T15:55:48.754653+00:00,6.370396004058421,APPROVED,
voltdb,132,0,2026-08-28T15:55:48.754835+00:00,2026-08-28T15:55:48.783579+00:00,28.73354300390929,APPROVED,
postgres,135,0,2026-08-28T15:55:48.783992+00:00,2026-08-28T15:55:48.789446+00:00,5.431401994428597,APPROVED,
voltdb,135,0,2026-08-28T15:55:48.789543+00:00,2026-08-28T15:55:48.819188+00:00,29.630175995407626,APPROVED,
postgres,136,0,2026-08-28T15:55:48.819499+00:00,2026-08-28T15:55:48.823545+00:00,4.031841002870351,APPROVED,
voltdb,136,0,2026-08-28T15:55:48.823633+00:00,2026-08-28T15:55:48.857258+00:00,33.601429997361265,APPROVED,
postgres,137,0,2026-08-28T15:55:48.857650+00:00,2026-08-28T15:55:48.862216+00:00,4.539755012956448,APPROVED,
voltdb,137,0,2026-08-28T15:55:48.862301+00:00,2026-08-28T15:55:48.889225+00:00,26.910533997579478,APPROVED,
postgres,139,0,2026-08-28T15:55:48.889359+00:00,2026-08-28T15:55:48.893587+00:00,4.216030996758491,APPROVED,
voltdb,139,0,2026-08-28T15:55:48.893668+00:00,2026-08-28T15:55:48.920237+00:00,26.559838996035978,APPROVED,
postgres,140,0,2026-08-28T15:55:48.920330+00:00,2026-08-28T15:55:48.925161+00:00,4.8186409985646605,APPROVED,
voltdb,140,0,2026-08-28T15:55:48.925318+00:00,2026-08-28T15:55:48.949343+00:00,24.00761800527107,APPROVED,
postgres,141,0,2026-08-28T15:55:48.949607+00:00,2026-08-28T15:55:48.957372+00:00,7.743315989500843,APPROVED,
voltdb,141,0,2026-08-28T15:55:48.957584+00:00,2026-08-28T15:55:48.982631+00:00,25.029644995811395,APPROVED,
postgres,142,0,2026-08-28T15:55:48.982760+00:00,2026-08-28T15:55:48.987336+00:00,4.56451099307742,APPROVED,
voltdb,142,0,2026-08-28T15:55:48.987408+00:00,2026-08-28T15:55:49.006700+00:00,19.284505004179664,APPROVED,
postgres,143,0,2026-08-28T15:55:49.006869+00:00,2026-08-28T15:55:49.009868+00:00,2.986506005981937,APPROVED,
voltdb,143,0,2026-08-28T15:55:49.009968+00:00,2026-08-28T15:55:49.030414+00:00,20.4353769950103,APPROVED,
postgres,144,0,2026-08-28T15:55:49.030691+00:00,2026-08-28T15:55:49.034450+00:00,3.73942700389307,APPROVED,
voltdb,144,0,2026-08-28T15:55:49.034556+00:00,2026-08-28T15:55:49.052919+00:00,18.35338100499939,APPROVED,
postgres,146,0,2026-08-28T15:55:49.053064+00:00,2026-08-28T15:55:49.056134+00:00,3.055613997275941,APPROVED,
voltdb,146,0,2026-08-28T15:55:49.056233+00:00,2026-08-28T15:55:49.075820+00:00,19.576107995817438,APPROVED,
postgres,147,0,2026-08-28T15:55:49.075942+00:00,2026-08-28T15:55:49.079247+00:00,3.291836997959763,APPROVED,
voltdb,147,0,2026-08-28T15:55:49.079326+00:00,2026-08-28T15:55:49.098894+00:00,19.556860002921894,APPROVED,
postgres,149,0,2026-08-28T15:55:49.099101+00:00,2026-08-28T15:55:49.103286+00:00,4.166568993241526,APPROVED,
voltdb,149,0,2026-08-28T15:55:49.103371+00:00,2026-08-28T15:55:49.123009+00:00,19.62734799599275,APPROVED,
postgres,150,0,2026-08-28T15:55:49.123321+00:00,2026-08-28T15:55:49.127816+00:00,4.4762799952877685,APPROVED,
voltdb,150,0,2026-08-28T15:55:49.127889+00:00,2026-08-28T15:55:49.150870+00:00,22.969744008150883,APPROVED,
postgres,153,0,2026-08-28T15:55:49.151033+00:00,2026-08-28T15:55:49.154123+00:00,3.072096995310858,APPROVED,
voltdb,153,0,2026-08-28T15:55:49.154200+00:00,2026-08-28T15:55:49.171168+00:00,16.959265994955786,APPROVED,
postgres,154,0,2026-08-28T15:55:49.171372+00:00,2026-08-28T15:55:49.174365+00:00,2.980023011332378,APPROVED,
voltdb,154,0,2026-08-28T15:55:49.174436+00:00,2026-08-28T15:55:49.193297+00:00,18.851001994335093,APPROVED,
postgres,157,0,2026-08-28T15:55:49.193414+00:00,2026-08-28T15:55:49.197135+00:00,3.7062840128783137,APPROVED,
voltdb,157,0,2026-08-28T15:55:49.197348+00:00,2026-08-28T15:55:49.221251+00:00,23.88627899927087,APPROVED,
postgres,158,0,2026-08-28T15:55:49.221465+00:00,2026-08-28T15:55:49.226580+00:00,5.099666988826357,APPROVED,
voltdb,158,0,2026-08-28T15:55:49.226655+00:00,2026-08-28T15:55:49.247196+00:00,20.5333129997598,APPROVED,
postgres,159,0,2026-08-28T15:55:49.247312+00:00,2026-08-28T15:55:49.250761+00:00,3.434992002439685,APPROVED,
voltdb,159,0,2026-08-28T15:55:49.250840+00:00,2026-08-28T15:55:49.271000+00:00,20.150559998000972,APPROVED,
postgres,160,0,2026-08-28T15:55:49.271110+00:00,2026-08-28T15:55:49.274849+00:00,3.696760002640076,APPROVED,
voltdb,160,0,2026-08-28T15:55:49.274924+00:00,2026-08-28T15:55:49.293089+00:00,18.156759993871674,APPROVED,
postgres,161,0,2026-08-28T15:55:49.293224+00:00,2026-08-28T15:55:49.296596+00:00,3.337439993629232,APPROVED,
voltdb,161,0,2026-08-28T15:55:49.296821+00:00,2026-08-28T15:55:49.318131+00:00,21.295397003996186,APPROVED,
postgres,162,0,2026-08-28T15:55:49.318252+00:00,2026-08-28T15:55:49.321179+00:00,2.91686000127811,APPROVED,
voltdb,162,0,2026-08-28T15:55:49.321253+00:00,2026-08-28T15:55:49.340554+00:00,19.292107986984774,APPROVED,
postgres,163,0,2026-08-28T15:55:49.340673+00:00,2026-08-28T15:55:49.344081+00:00,3.397029999177903,APPROVED,
voltdb,163,0,2026-08-28T15:55:49.344172+00:00,2026-08-28T15:55:49.361495+00:00,17.313790012849495,APPROVED,
postgres,164,0,2026-08-28T15:55:49.361603+00:00,2026-08-28T15:55:49.365980+00:00,4.366374996607192,APPROVED,
voltdb,164,0,2026-08-28T15:55:49.366052+00:00,2026-08-28T15:55:49.384337+00:00,18.27470099669881,APPROVED,
postgres,166,0,2026-08-28T15:55:49.384466+00:00,2026-08-28T15:55:49.387519+00:00,3.0391129985218868,APPROVED,
voltdb,166,0,2026-08-28T15:55:49.387585+00:00,2026-08-28T15:55:49.405579+00:00,17.985741011216305,APPROVED,
postgres,167,0,2026-08-28T15:55:49.405676+00:00,2026-08-28T15:55:49.408422+00:00,2.7377829974284396,APPROVED,
voltdb,167,0,2026-08-28T15:55:49.408487+00:00,2026-08-28T15:55:49.428103+00:00,19.607811991591007,APPROVED,
postgres,168,0,2026-08-28T15:55:49.428207+00:00,2026-08-28T15:55:49.432398+00:00,4.178407994913869,APPROVED,
voltdb,168,0,2026-08-28T15:55:49.432476+00:00,2026-08-28T15:55:49.450611+00:00,18.124569003703073,APPROVED,
postgres,169,0,2026-08-28T15:55:49.450810+00:00,2026-08-28T15:55:49.454478+00:00,3.5240540019003674,APPROVED,
voltdb,169,0,2026-08-28T15:55:49.454557+00:00,2026-08-28T15:55:49.473359+00:00,18.79278499109205,APPROVED,
postgres,170,1,2026-08-28T15:55:49.473484+00:00,2026-08-28T15:55:49.476700+00:00,3.204568987712264,REVIEW,
voltdb,170,1,2026-08-28T15:55:49.476781+00:00,2026-08-28T15:55:49.502932+00:00,26.139592999243177,REVIEW,
postgres,171,0,2026-08-28T15:55:49.503039+00:00,2026-08-28T15:55:49.507960+00:00,4.9100119940703735,APPROVED,
voltdb,171,0,2026-08-28T15:55:49.508044+00:00,2026-08-28T15:55:49.532052+00:00,23.998497999855317,APPROVED,
postgres,172,0,2026-08-28T15:55:49.532165+00:00,2026-08-28T15:55:49.536944+00:00,4.697946002124809,APPROVED,
voltdb,172,0,2026-08-28T15:55:49.537127+00:00,2026-08-28T15:55:49.559868+00:00,22.72299899777863,APPROVED,
postgres,173,0,2026-08-28T15:55:49.560065+00:00,2026-08-28T15:55:49.565987+00:00,5.907079001190141,APPROVED,
voltdb,173,0,2026-08-28T15:55:49.566069+00:00,2026-08-28T15:55:49.592403+00:00,26.322600999264978,APPROVED,
postgres,174,0,2026-08-28T15:55:49.592575+00:00,2026-08-28T15:55:49.597873+00:00,5.278830009046942,APPROVED,
voltdb,174,0,2026-08-28T15:55:49.597958+00:00,2026-08-28T15:55:49.620888+00:00,22.920504998182878,APPROVED,
postgres,176,0,2026-08-28T15:55:49.621119+00:00,2026-08-28T15:55:49.625836+00:00,4.698196004028432,APPROVED,
voltdb,176,0,2026-08-28T15:55:49.625926+00:00,2026-08-28T15:55:49.648809+00:00,22.87353199790232,APPROVED,
postgres,177,0,2026-08-28T15:55:49.649060+00:00,2026-08-28T15:55:49.653298+00:00,4.219683993142098,APPROVED,
voltdb,177,0,2026-08-28T15:55:49.653380+00:00,2026-08-28T15:55:49.675300+00:00,21.91113399749156,APPROVED,
postgres,178,0,2026-08-28T15:55:49.675398+00:00,2026-08-28T15:55:49.680884+00:00,5.4746230016462505,REVIEW,
voltdb,178,0,2026-08-28T15:55:49.680982+00:00,2026-08-28T15:55:49.708128+00:00,27.13712000695523,REVIEW,
postgres,179,0,2026-08-28T15:55:49.708221+00:00,2026-08-28T15:55:49.713376+00:00,5.1424630073597655,APPROVED,
voltdb,179,0,2026-08-28T15:55:49.713485+00:00,2026-08-28T15:55:49.738473+00:00,24.974176994874142,APPROVED,
postgres,180,0,2026-08-28T15:55:49.738574+00:00,2026-08-28T15:55:49.742994+00:00,4.409064989886247,APPROVED,
voltdb,180,0,2026-08-28T15:55:49.743077+00:00,2026-08-28T15:55:49.764228+00:00,21.140511002158746,APPROVED,
postgres,181,0,2026-08-28T15:55:49.764382+00:00,2026-08-28T15:55:49.770179+00:00,5.77776700083632,REVIEW,
voltdb,181,0,2026-08-28T15:55:49.770258+00:00,2026-08-28T15:55:49.796606+00:00,26.338177995057777,REVIEW,
postgres,182,0,2026-08-28T15:55:49.796709+00:00,2026-08-28T15:55:49.801040+00:00,4.3203000095672905,APPROVED,
voltdb,182,0,2026-08-28T15:55:49.801119+00:00,2026-08-28T15:55:49.821910+00:00,20.782366991625167,APPROVED,
postgres,183,0,2026-08-28T15:55:49.822007+00:00,2026-08-28T15:55:49.825931+00:00,3.9132650126703084,APPROVED,
voltdb,183,0,2026-08-28T15:55:49.826008+00:00,2026-08-28T15:55:49.845616+00:00,19.544185008271597,APPROVED,
postgres,185,0,2026-08-28T15:55:49.845780+00:00,2026-08-28T15:55:49.849600+00:00,3.804349005804397,APPROVED,
voltdb,185,0,2026-08-28T15:55:49.849682+00:00,2026-08-28T15:55:49.869433+00:00,19.74113100732211,APPROVED,
postgres,187,0,2026-08-28T15:55:49.869536+00:00,2026-08-28T15:55:49.875090+00:00,5.54354400082957,APPROVED,
voltdb,187,0,2026-08-28T15:55:49.875169+00:00,2026-08-28T15:55:49.894794+00:00,19.615612996858545,APPROVED,
postgres,188,0,2026-08-28T15:55:49.894910+00:00,2026-08-28T15:55:49.900249+00:00,5.234733005636372,APPROVED,
voltdb,188,0,2026-08-28T15:55:49.900330+00:00,2026-08-28T15:55:49.922640+00:00,22.297981005976908,APPROVED,
postgres,189,0,2026-08-28T15:55:49.922822+00:00,2026-08-28T15:55:49.928147+00:00,5.309575004503131,APPROVED,
voltdb,189,0,2026-08-28T15:55:49.928222+00:00,2026-08-28T15:55:49.949739+00:00,21.50810400780756,APPROVED,
postgres,190,0,2026-08-28T15:55:49.950012+00:00,2026-08-28T15:55:49.955515+00:00,5.489992996444926,REVIEW,
voltdb,190,0,2026-08-28T15:55:49.955648+00:00,2026-08-28T15:55:49.977893+00:00,22.235789001570083,REVIEW,
postgres,192,0,2026-08-28T15:55:49.978005+00:00,2026-08-28T15:55:49.981445+00:00,3.4249540040036663,APPROVED,
voltdb,192,0,2026-08-28T15:55:49.981515+00:00,2026-08-28T15:55:49.998656+00:00,17.131877000792883,APPROVED,
postgres,193,0,2026-08-28T15:55:49.998760+00:00,2026-08-28T15:55:50.002550+00:00,3.7787250039400533,APPROVED,
voltdb,193,0,2026-08-28T15:55:50.002634+00:00,2026-08-28T15:55:50.029195+00:00,26.549907008302398,APPROVED,
postgres,194,0,2026-08-28T15:55:50.029365+00:00,2026-08-28T15:55:50.033834+00:00,4.4357549923006445,APPROVED,
voltdb,194,0,2026-08-28T15:55:50.034047+00:00,2026-08-28T15:55:50.056153+00:00,22.09215699986089,APPROVED,
postgres,195,0,2026-08-28T15:55:50.056252+00:00,2026-08-28T15:55:50.061970+00:00,5.707200994947925,APPROVED,
voltdb,195,0,2026-08-28T15:55:50.062111+00:00,2026-08-28T15:55:50.079563+00:00,17.44290099304635,APPROVED,
postgres,196,0,2026-08-28T15:55:50.079661+00:00,2026-08-28T15:55:50.082520+00:00,2.849460011930205,APPROVED,
voltdb,196,0,2026-08-28T15:55:50.082586+00:00,2026-08-28T15:55:50.101415+00:00,18.820197990862653,APPROVED,
postgres,197,0,2026-08-28T15:55:50.101541+00:00,2026-08-28T15:55:50.104770+00:00,3.2091350003611296,APPROVED,
voltdb,197,0,2026-08-28T15:55:50.104856+00:00,2026-08-28T15:55:50.122068+00:00,17.200483998749405,APPROVED,
postgres,198,0,2026-08-28T15:55:50.122204+00:00,2026-08-28T15:55:50.127340+00:00,5.122843009303324,APPROVED,
voltdb,198,0,2026-08-28T15:55:50.127416+00:00,2026-08-28T15:55:50.147028+00:00,19.603427004767582,APPROVED,
postgres,201,0,2026-08-28T15:55:50.147125+00:00,2026-08-28T15:55:50.151150+00:00,4.009238007711247,APPROVED,
voltdb,201,0,2026-08-28T15:55:50.151231+00:00,2026-08-28T15:55:50.168701+00:00,17.461176990764216,APPROVED,
postgres,204,0,2026-08-28T15:55:50.168860+00:00,2026-08-28T15:55:50.172397+00:00,3.5270649968879297,REVIEW,
voltdb,204,0,2026-08-28T15:55:50.172517+00:00,2026-08-28T15:55:50.195238+00:00,22.70588799729012,REVIEW,
postgres,205,0,2026-08-28T15:55:50.195340+00:00,2026-08-28T15:55:50.199185+00:00,3.8341830077115446,APPROVED,
voltdb,205,0,2026-08-28T15:55:50.199293+00:00,2026-08-28T15:55:50.217886+00:00,18.584741992526688,APPROVED,
postgres,206,0,2026-08-28T15:55:50.217997+00:00,2026-08-28T15:55:50.221536+00:00,3.511492002871819,APPROVED,
voltdb,206,0,2026-08-28T15:55:50.221610+00:00,2026-08-28T15:55:50.240343+00:00,18.72300800459925,APPROVED,
postgres,207,0,2026-08-28T15:55:50.240467+00:00,2026-08-28T15:55:50.245165+00:00,4.684194995206781,APPROVED,
voltdb,207,0,2026-08-28T15:55:50.245242+00:00,2026-08-28T15:55:50.262538+00:00,17.286388989305124,APPROVED,
postgres,208,0,2026-08-28T15:55:50.262811+00:00,2026-08-28T15:55:50.266520+00:00,3.671066995593719,REVIEW,
voltdb,208,0,2026-08-28T15:55:50.266592+00:00,2026-08-28T15:55:50.287390+00:00,20.788107998669147,REVIEW,
postgres,209,0,2026-08-28T15:55:50.287494+00:00,2026-08-28T15:55:50.290909+00:00,3.4014289994956926,APPROVED,
voltdb,209,0,2026-08-28T15:55:50.291032+00:00,2026-08-28T15:55:50.311937+00:00,20.89414199872408,APPROVED,
postgres,212,0,2026-08-28T15:55:50.312066+00:00,2026-08-28T15:55:50.316250+00:00,4.169476989773102,APPROVED,
voltdb,212,0,2026-08-28T15:55:50.316368+00:00,2026-08-28T15:55:50.335834+00:00,19.446516002062708,APPROVED,
postgres,214,0,2026-08-28T15:55:50.336019+00:00,2026-08-28T15:55:50.340843+00:00,4.810529004316777,APPROVED,
voltdb,214,0,2026-08-28T15:55:50.340922+00:00,2026-08-28T15:55:50.361390+00:00,20.459538005525246,APPROVED,
postgres,216,0,2026-08-28T15:55:50.361502+00:00,2026-08-28T15:55:50.366497+00:00,4.984051003702916,APPROVED,
voltdb,216,0,2026-08-28T15:55:50.366575+00:00,2026-08-28T15:55:50.387035+00:00,20.450516007258557,APPROVED,
postgres,217,0,2026-08-28T15:55:50.387136+00:00,2026-08-28T15:55:50.390240+00:00,3.0935289978515357,REVIEW,
voltdb,217,0,2026-08-28T15:55:50.390406+00:00,2026-08-28T15:55:50.411105+00:00,20.684087998233736,REVIEW,
postgres,218,0,2026-08-28T15:55:50.411218+00:00,2026-08-28T15:55:50.414388+00:00,3.1294020009227097,APPROVED,
voltdb,218,0,2026-08-28T15:55:50.414462+00:00,2026-08-28T15:55:50.431340+00:00,16.86998399964068,APPROVED,
postgres,219,0,2026-08-28T15:55:50.431461+00:00,2026-08-28T15:55:50.435115+00:00,3.639977003331296,APPROVED,
voltdb,219,0,2026-08-28T15:55:50.435200+00:00,2026-08-28T15:55:50.452077+00:00,16.863184995600022,APPROVED,
postgres,220,0,2026-08-28T15:55:50.452189+00:00,2026-08-28T15:55:50.455492+00:00,3.287829997134395,APPROVED,
voltdb,220,0,2026-08-28T15:55:50.455561+00:00,2026-08-28T15:55:50.471912+00:00,16.341951995855197,APPROVED,
postgres,221,0,2026-08-28T15:55:50.472055+00:00,2026-08-28T15:55:50.475519+00:00,3.4508399985497817,APPROVED,
voltdb,221,0,2026-08-28T15:55:50.475589+00:00,2026-08-28T15:55:50.491674+00:00,16.076420986792073,APPROVED,
postgres,223,0,2026-08-28T15:55:50.491822+00:00,2026-08-28T15:55:50.494848+00:00,3.0156379943946376,APPROVED,
voltdb,223,0,2026-08-28T15:55:50.494928+00:00,2026-08-28T15:55:50.511259+00:00,16.32258300378453,APPROVED,
postgres,225,0,2026-08-28T15:55:50.511362+00:00,2026-08-28T15:55:50.515749+00:00,4.376926997792907,APPROVED,
voltdb,225,0,2026-08-28T15:55:50.515950+00:00,2026-08-28T15:55:50.533279+00:00,17.319372011115775,APPROVED,
postgres,226,0,2026-08-28T15:55:50.533411+00:00,2026-08-28T15:55:50.536666+00:00,3.238967008655891,APPROVED,
voltdb,226,0,2026-08-28T15:55:50.536737+00:00,2026-08-28T15:55:50.554556+00:00,17.809660988859832,APPROVED,
postgres,228,0,2026-08-28T15:55:50.554658+00:00,2026-08-28T15:55:50.557521+00:00,2.8511749987956136,APPROVED,
voltdb,228,0,2026-08-28T15:55:50.557616+00:00,2026-08-28T15:55:50.573603+00:00,15.97362500615418,APPROVED,
postgres,229,0,2026-08-28T15:55:50.573772+00:00,2026-08-28T15:55:50.576926+00:00,3.140977001748979,APPROVED,
voltdb,229,0,2026-08-28T15:55:50.577009+00:00,2026-08-28T15:55:50.594331+00:00,17.312374999164604,APPROVED,
postgres,230,0,2026-08-28T15:55:50.594444+00:00,2026-08-28T15:55:50.598361+00:00,3.9028119936119765,REVIEW,
voltdb,230,0,2026-08-28T15:55:50.598439+00:00,2026-08-28T15:55:50.620250+00:00,21.801891998620704,REVIEW,
postgres,232,0,2026-08-28T15:55:50.620367+00:00,2026-08-28T15:55:50.625804+00:00,5.423032998805866,APPROVED,
voltdb,232,0,2026-08-28T15:55:50.625962+00:00,2026-08-28T15:55:50.645750+00:00,19.743319993722253,APPROVED,
postgres,233,0,2026-08-28T15:55:50.645846+00:00,2026-08-28T15:55:50.648495+00:00,2.6395140012027696,APPROVED,
voltdb,233,0,2026-08-28T15:55:50.648566+00:00,2026-08-28T15:55:50.664997+00:00,16.421819003880955,APPROVED,
postgres,234,0,2026-08-28T15:55:50.665193+00:00,2026-08-28T15:55:50.667993+00:00,2.790027006994933,APPROVED,
voltdb,234,0,2026-08-28T15:55:50.668059+00:00,2026-08-28T15:55:50.692073+00:00,24.005717990803532,APPROVED,
postgres,235,0,2026-08-28T15:55:50.692172+00:00,2026-08-28T15:55:50.695396+00:00,3.2159330003196374,APPROVED,
voltdb,235,0,2026-08-28T15:55:50.695465+00:00,2026-08-28T15:55:50.713467+00:00,17.99256500089541,APPROVED,
postgres,236,0,2026-08-28T15:55:50.713580+00:00,2026-08-28T15:55:50.718642+00:00,5.048556005931459,APPROVED,
voltdb,236,0,2026-08-28T15:55:50.718720+00:00,2026-08-28T15:55:50.736630+00:00,17.898011006764136,APPROVED,
postgres,237,0,2026-08-28T15:55:50.737348+00:00,2026-08-28T15:55:50.742274+00:00,4.739636002341285,APPROVED,
voltdb,237,0,2026-08-28T15:55:50.742347+00:00,2026-08-28T15:55:50.759978+00:00,17.622778002987616,APPROVED,
postgres,238,0,2026-08-28T15:55:50.760078+00:00,2026-08-28T15:55:50.763073+00:00,2.9838290065526962,APPROVED,
voltdb,238,0,2026-08-28T15:55:50.763161+00:00,2026-08-28T15:55:50.780634+00:00,17.462235991843045,APPROVED,
postgres,239,0,2026-08-28T15:55:50.780750+00:00,2026-08-28T15:55:50.783873+00:00,3.1099859916139394,APPROVED,
voltdb,239,0,2026-08-28T15:55:50.783952+00:00,2026-08-28T15:55:50.800371+00:00,16.40345499617979,APPROVED,
postgres,245,0,2026-08-28T15:55:50.800498+00:00,2026-08-28T15:55:50.803673+00:00,3.1630390003556386,APPROVED,
voltdb,245,0,2026-08-28T15:55:50.803900+00:00,2026-08-28T15:55:50.820068+00:00,16.141664003953338,APPROVED,
postgres,246,0,2026-08-28T15:55:50.820175+00:00,2026-08-28T15:55:50.823112+00:00,2.9268859943840653,APPROVED,
voltdb,246,0,2026-08-28T15:55:50.823181+00:00,2026-08-28T15:55:50.840219+00:00,17.029310009093024,APPROVED,
postgres,247,0,2026-08-28T15:55:50.840318+00:00,2026-08-28T15:55:50.844540+00:00,4.211113991914317,APPROVED,
voltdb,247,0,2026-08-28T15:55:50.844659+00:00,2026-08-28T15:55:50.861240+00:00,16.563999990466982,APPROVED,
postgres,248,0,2026-08-28T15:55:50.861340+00:00,2026-08-28T15:55:50.864414+00:00,3.0623179918620735,APPROVED,
voltdb,248,0,2026-08-28T15:55:50.864542+00:00,2026-08-28T15:55:50.880686+00:00,16.135864992975257,APPROVED,
postgres,249,0,2026-08-28T15:55:50.880904+00:00,2026-08-28T15:55:50.884080+00:00,3.1603429961251095,APPROVED,
voltdb,249,0,2026-08-28T15:55:50.884204+00:00,2026-08-28T15:55:50.901033+00:00,16.809900000225753,APPROVED,
postgres,250,0,2026-08-28T15:55:50.901132+00:00,2026-08-28T15:55:50.904231+00:00,3.0897179967723787,APPROVED,
voltdb,250,0,2026-08-28T15:55:50.904307+00:00,2026-08-28T15:55:50.920500+00:00,16.184085005079396,APPROVED,
postgres,251,0,2026-08-28T15:55:50.920620+00:00,2026-08-28T15:55:50.924675+00:00,4.0412509988527745,APPROVED,
voltdb,251,0,2026-08-28T15:55:50.924758+00:00,2026-08-28T15:55:50.943430+00:00,18.657464999705553,APPROVED,
postgres,253,0,2026-08-28T15:55:50.943561+00:00,2026-08-28T15:55:50.947649+00:00,4.073919000802562,APPROVED,
voltdb,253,0,2026-08-28T15:55:50.947881+00:00,2026-08-28T15:55:50.968089+00:00,20.19577400642447,APPROVED,
postgres,254,0,2026-08-28T15:55:50.968186+00:00,2026-08-28T15:55:50.973026+00:00,4.828856996027753,APPROVED,
voltdb,254,0,2026-08-28T15:55:50.973137+00:00,2026-08-28T15:55:50.993447+00:00,20.297747003496625,APPROVED,
postgres,256,0,2026-08-28T15:55:50.993554+00:00,2026-08-28T15:55:50.998441+00:00,4.874237987678498,APPROVED,
voltdb,256,0,2026-08-28T15:55:50.998521+00:00,2026-08-28T15:55:51.018003+00:00,19.471581996185705,APPROVED,
postgres,257,0,2026-08-28T15:55:51.018146+00:00,2026-08-28T15:55:51.022624+00:00,4.46370399731677,APPROVED,
voltdb,257,0,2026-08-28T15:55:51.022804+00:00,2026-08-28T15:55:51.040488+00:00,17.642553997575305,APPROVED,
postgres,258,0,2026-08-28T15:55:51.040596+00:00,2026-08-28T15:55:51.044745+00:00,4.1360089962836355,APPROVED,
voltdb,258,0,2026-08-28T15:55:51.044838+00:00,2026-08-28T15:55:51.066209+00:00,21.360725004342385,APPROVED,
postgres,259,0,2026-08-28T15:55:51.066347+00:00,2026-08-28T15:55:51.070410+00:00,4.047633003210649,APPROVED,
voltdb,259,0,2026-08-28T15:55:51.070609+00:00,2026-08-28T15:55:51.091545+00:00,20.91635498800315,APPROVED,
postgres,260,0,2026-08-28T15:55:51.091679+00:00,2026-08-28T15:55:51.096151+00:00,4.459897012566216,APPROVED,
voltdb,260,0,2026-08-28T15:55:51.096226+00:00,2026-08-28T15:55:51.115982+00:00,19.747236990951933,APPROVED,
postgres,261,0,2026-08-28T15:55:51.116082+00:00,2026-08-28T15:55:51.120387+00:00,4.294404003303498,APPROVED,
voltdb,261,0,2026-08-28T15:55:51.120491+00:00,2026-08-28T15:55:51.137394+00:00,16.89303299644962,APPROVED,
postgres,262,0,2026-08-28T15:55:51.137684+00:00,2026-08-28T15:55:51.141518+00:00,3.807202010648325,APPROVED,
voltdb,262,0,2026-08-28T15:55:51.141591+00:00,2026-08-28T15:55:51.157411+00:00,15.809844990144484,APPROVED,
postgres,263,0,2026-08-28T15:55:51.157541+00:00,2026-08-28T15:55:51.160793+00:00,3.2387190003646538,APPROVED,
voltdb,263,0,2026-08-28T15:55:51.160885+00:00,2026-08-28T15:55:51.177930+00:00,17.032827992807142,APPROVED,
postgres,264,0,2026-08-28T15:55:51.178137+00:00,2026-08-28T15:55:51.181571+00:00,3.4205690026283264,APPROVED,
voltdb,264,0,2026-08-28T15:55:51.181650+00:00,2026-08-28T15:55:51.197682+00:00,16.023137999582104,APPROVED,
postgres,265,0,2026-08-28T15:55:51.197792+00:00,2026-08-28T15:55:51.201352+00:00,3.549316999851726,REVIEW,
voltdb,265,0,2026-08-28T15:55:51.201421+00:00,2026-08-28T15:55:51.222530+00:00,21.10009999887552,REVIEW,
postgres,267,0,2026-08-28T15:55:51.222670+00:00,2026-08-28T15:55:51.227022+00:00,4.3390509963501245,APPROVED,
voltdb,267,0,2026-08-28T15:55:51.227103+00:00,2026-08-28T15:55:51.246632+00:00,19.520178000675514,APPROVED,
postgres,268,0,2026-08-28T15:55:51.246800+00:00,2026-08-28T15:55:51.251057+00:00,4.235535991028883,APPROVED,
voltdb,268,0,2026-08-28T15:55:51.251218+00:00,2026-08-28T15:55:51.270870+00:00,19.635111995739862,APPROVED,
postgres,269,0,2026-08-28T15:55:51.271055+00:00,2026-08-28T15:55:51.274997+00:00,3.9268520049517974,APPROVED,
voltdb,269,0,2026-08-28T15:55:51.275074+00:00,2026-08-28T15:55:51.292946+00:00,17.86168800026644,APPROVED,
postgres,270,0,2026-08-28T15:55:51.293127+00:00,2026-08-28T15:55:51.296213+00:00,3.073023006436415,APPROVED,
voltdb,270,0,2026-08-28T15:55:51.296286+00:00,2026-08-28T15:55:51.314518+00:00,18.222340004285797,APPROVED,
postgres,271,0,2026-08-28T15:55:51.314701+00:00,2026-08-28T15:55:51.318934+00:00,4.216524001094513,APPROVED,
voltdb,271,0,2026-08-28T15:55:51.319033+00:00,2026-08-28T15:55:51.336031+00:00,16.989087002002634,APPROVED,
postgres,272,0,2026-08-28T15:55:51.336155+00:00,2026-08-28T15:55:51.342198+00:00,6.030682998243719,APPROVED,
voltdb,272,0,2026-08-28T15:55:51.342281+00:00,2026-08-28T15:55:51.361089+00:00,18.79724400350824,APPROVED,
postgres,273,0,2026-08-28T15:55:51.361190+00:00,2026-08-28T15:55:51.365949+00:00,4.745676997117698,APPROVED,
voltdb,273,0,2026-08-28T15:55:51.366025+00:00,2026-08-28T15:55:51.385592+00:00,19.558180996682495,APPROVED,
postgres,274,0,2026-08-28T15:55:51.385689+00:00,2026-08-28T15:55:51.389292+00:00,3.5929150035372004,APPROVED,
voltdb,274,0,2026-08-28T15:55:51.389364+00:00,2026-08-28T15:55:51.407384+00:00,18.010700005106628,APPROVED,
postgres,276,0,2026-08-28T15:55:51.407483+00:00,2026-08-28T15:55:51.411426+00:00,3.9314750029006973,APPROVED,
voltdb,276,0,2026-08-28T15:55:51.411637+00:00,2026-08-28T15:55:51.433428+00:00,21.7743909888668,APPROVED,
postgres,279,1,2026-08-28T15:55:51.433527+00:00,2026-08-28T15:55:51.438220+00:00,4.681967009673826,BLOCKED,
voltdb,279,1,2026-08-28T15:55:51.438300+00:00,2026-08-28T15:55:51.457991+00:00,19.68052500160411,BLOCKED,
postgres,281,0,2026-08-28T15:55:51.458262+00:00,2026-08-28T15:55:51.461188+00:00,2.8923430072609335,APPROVED,
voltdb,281,0,2026-08-28T15:55:51.461262+00:00,2026-08-28T15:55:51.477317+00:00,16.04625300387852,APPROVED,
postgres,282,0,2026-08-28T15:55:51.477428+00:00,2026-08-28T15:55:51.480396+00:00,2.953366012661718,APPROVED,
voltdb,282,0,2026-08-28T15:55:51.480461+00:00,2026-08-28T15:55:51.497258+00:00,16.76413200038951,APPROVED,
postgres,283,0,2026-08-28T15:55:51.497497+00:00,2026-08-28T15:55:51.502101+00:00,4.585652990499511,APPROVED,
voltdb,283,0,2026-08-28T15:55:51.502175+00:00,2026-08-28T15:55:51.521295+00:00,19.111148998490535,APPROVED,
postgres,284,0,2026-08-28T15:55:51.521548+00:00,2026-08-28T15:55:51.525706+00:00,4.1216259996872395,APPROVED,
voltdb,284,0,2026-08-28T15:55:51.525894+00:00,2026-08-28T15:55:51.548408+00:00,22.500549006508663,APPROVED,
postgres,285,0,2026-08-28T15:55:51.548536+00:00,2026-08-28T15:55:51.554909+00:00,6.359220002195798,APPROVED,
voltdb,285,0,2026-08-28T15:55:51.554995+00:00,2026-08-28T15:55:51.579301+00:00,24.29290598956868,APPROVED,
postgres,286,0,2026-08-28T15:55:51.579430+00:00,2026-08-28T15:55:51.583927+00:00,4.483998010982759,APPROVED,
voltdb,286,0,2026-08-28T15:55:51.584032+00:00,2026-08-28T15:55:51.606661+00:00,22.616942005697638,APPROVED,
postgres,287,0,2026-08-28T15:55:51.606775+00:00,2026-08-28T15:55:51.610856+00:00,3.926830002455972,APPROVED,
voltdb,287,0,2026-08-28T15:55:51.610966+00:00,2026-08-28T15:55:51.631227+00:00,20.23926300171297,APPROVED,
postgres,289,0,2026-08-28T15:55:51.631364+00:00,2026-08-28T15:55:51.636377+00:00,4.963742001564242,APPROVED,
voltdb,289,0,2026-08-28T15:55:51.636540+00:00,2026-08-28T15:55:51.664213+00:00,27.65801800705958,APPROVED,
postgres,290,0,2026-08-28T15:55:51.664415+00:00,2026-08-28T15:55:51.669164+00:00,4.703186001279391,APPROVED,
voltdb,290,0,2026-08-28T15:55:51.669243+00:00,2026-08-28T15:55:51.690404+00:00,21.15323400357738,APPROVED,
postgres,291,0,2026-08-28T15:55:51.690469+00:00,2026-08-28T15:55:51.695993+00:00,5.515457000001334,APPROVED,
voltdb,291,0,2026-08-28T15:55:51.696069+00:00,2026-08-28T15:55:51.719126+00:00,23.04847199411597,APPROVED,
postgres,292,0,2026-08-28T15:55:51.719220+00:00,2026-08-28T15:55:51.722954+00:00,3.724102003616281,REVIEW,
voltdb,292,0,2026-08-28T15:55:51.723024+00:00,2026-08-28T15:55:51.743648+00:00,20.61561099253595,REVIEW,
postgres,293,0,2026-08-28T15:55:51.743748+00:00,2026-08-28T15:55:51.747109+00:00,3.351049992488697,APPROVED,
voltdb,293,0,2026-08-28T15:55:51.747178+00:00,2026-08-28T15:55:51.765029+00:00,17.842194996774197,APPROVED,
postgres,294,0,2026-08-28T15:55:51.765128+00:00,2026-08-28T15:55:51.769137+00:00,3.9994649996515363,APPROVED,
voltdb,294,0,2026-08-28T15:55:51.769221+00:00,2026-08-28T15:55:51.787001+00:00,17.771350001567043,APPROVED,
postgres,296,0,2026-08-28T15:55:51.787178+00:00,2026-08-28T15:55:51.792279+00:00,5.082297007902525,APPROVED,
voltdb,296,0,2026-08-28T15:55:51.792362+00:00,2026-08-28T15:55:51.818501+00:00,26.12827200209722,APPROVED,
postgres,297,0,2026-08-28T15:55:51.818703+00:00,2026-08-28T15:55:51.824569+00:00,5.846693995408714,APPROVED,
voltdb,297,0,2026-08-28T15:55:51.824745+00:00,2026-08-28T15:55:51.846512+00:00,21.751417007180862,APPROVED,
postgres,298,0,2026-08-28T15:55:51.846657+00:00,2026-08-28T15:55:51.850628+00:00,3.9532539958599955,APPROVED,
voltdb,298,0,2026-08-28T15:55:51.850701+00:00,2026-08-28T15:55:51.866992+00:00,16.28208400506992,APPROVED,
postgres,299,0,2026-08-28T15:55:51.867092+00:00,2026-08-28T15:55:51.869819+00:00,2.7166649961145595,APPROVED,
voltdb,299,0,2026-08-28T15:55:51.869884+00:00,2026-08-28T15:55:51.886299+00:00,16.404384004999883,APPROVED,
postgres,302,0,2026-08-28T15:55:51.889877+00:00,2026-08-28T15:55:51.982901+00:00,92.63772900158074,APPROVED,
voltdb,302,0,2026-08-28T15:55:51.983074+00:00,2026-08-28T15:55:52.006751+00:00,23.659622995182872,APPROVED,
postgres,303,0,2026-08-28T15:55:52.007033+00:00,2026-08-28T15:55:52.010467+00:00,3.4150559949921444,APPROVED,
voltdb,303,0,2026-08-28T15:55:52.010538+00:00,2026-08-28T15:55:52.026875+00:00,16.32896499359049,APPROVED,
postgres,304,0,2026-08-28T15:55:52.026976+00:00,2026-08-28T15:55:52.030325+00:00,3.335564993903972,APPROVED,
voltdb,304,0,2026-08-28T15:55:52.030470+00:00,2026-08-28T15:55:52.050276+00:00,19.791833008639514,APPROVED,
postgres,307,0,2026-08-28T15:55:52.050407+00:00,2026-08-28T15:55:52.054929+00:00,4.509221995249391,APPROVED,
voltdb,307,0,2026-08-28T15:55:52.054976+00:00,2026-08-28T15:55:52.075411+00:00,20.428974006790668,APPROVED,
postgres,308,0,2026-08-28T15:55:52.075545+00:00,2026-08-28T15:55:52.080560+00:00,4.999935001251288,APPROVED,
voltdb,308,0,2026-08-28T15:55:52.080642+00:00,2026-08-28T15:55:52.100287+00:00,19.635344986454584,APPROVED,
postgres,310,0,2026-08-28T15:55:52.100418+00:00,2026-08-28T15:55:52.104867+00:00,4.431427005329169,APPROVED,
voltdb,310,0,2026-08-28T15:55:52.104997+00:00,2026-08-28T15:55:52.124431+00:00,19.41842598898802,APPROVED,
postgres,311,0,2026-08-28T15:55:52.124694+00:00,2026-08-28T15:55:52.128742+00:00,4.031620992464013,APPROVED,
voltdb,311,0,2026-08-28T15:55:52.128883+00:00,2026-08-28T15:55:52.147550+00:00,18.658098997548223,APPROVED,
postgres,313,0,2026-08-28T15:55:52.147643+00:00,2026-08-28T15:55:52.150547+00:00,2.8939829935552552,APPROVED,
voltdb,313,0,2026-08-28T15:55:52.150695+00:00,2026-08-28T15:55:52.167097+00:00,16.389218988479115,APPROVED,
postgres,316,0,2026-08-28T15:55:52.167204+00:00,2026-08-28T15:55:52.169817+00:00,2.603697997983545,APPROVED,
voltdb,316,0,2026-08-28T15:55:52.169856+00:00,2026-08-28T15:55:52.186310+00:00,16.448032009066083,APPROVED,
postgres,318,0,2026-08-28T15:55:52.186413+00:00,2026-08-28T15:55:52.189090+00:00,2.667837994522415,APPROVED,
voltdb,318,0,2026-08-28T15:55:52.189166+00:00,2026-08-28T15:55:52.206096+00:00,16.920866997679695,APPROVED,
postgres,319,0,2026-08-28T15:55:52.206212+00:00,2026-08-28T15:55:52.209352+00:00,3.130280994810164,APPROVED,
voltdb,319,0,2026-08-28T15:55:52.209423+00:00,2026-08-28T15:55:52.227109+00:00,17.67799000663217,APPROVED,
postgres,323,0,2026-08-28T15:55:52.227228+00:00,2026-08-28T15:55:52.231406+00:00,4.161459000897594,APPROVED,
voltdb,323,0,2026-08-28T15:55:52.231620+00:00,2026-08-28T15:55:52.249311+00:00,17.672079004114494,APPROVED,
postgres,324,0,2026-08-28T15:55:52.249410+00:00,2026-08-28T15:55:52.253511+00:00,4.0899549931054935,APPROVED,
voltdb,324,0,2026-08-28T15:55:52.253593+00:00,2026-08-28T15:55:52.270060+00:00,16.457926001749,APPROVED,
postgres,325,0,2026-08-28T15:55:52.270278+00:00,2026-08-28T15:55:52.274267+00:00,3.9763149979989976,APPROVED,
voltdb,325,0,2026-08-28T15:55:52.274343+00:00,2026-08-28T15:55:52.289539+00:00,15.18699100415688,APPROVED,
postgres,326,0,2026-08-28T15:55:52.289642+00:00,2026-08-28T15:55:52.293286+00:00,3.633284999523312,APPROVED,
voltdb,326,0,2026-08-28T15:55:52.293365+00:00,2026-08-28T15:55:52.309395+00:00,16.02026799810119,APPROVED,
postgres,327,0,2026-08-28T15:55:52.309515+00:00,2026-08-28T15:55:52.314533+00:00,4.998357995646074,APPROVED,
voltdb,327,0,2026-08-28T15:55:52.314631+00:00,2026-08-28T15:55:52.332562+00:00,17.920990008860826,APPROVED,
postgres,328,0,2026-08-28T15:55:52.332661+00:00,2026-08-28T15:55:52.335917+00:00,3.246174004743807,APPROVED,
voltdb,328,0,2026-08-28T15:55:52.335984+00:00,2026-08-28T15:55:52.351205+00:00,15.210680008749478,APPROVED,
postgres,331,0,2026-08-28T15:55:52.351415+00:00,2026-08-28T15:55:52.354588+00:00,3.15378000959754,APPROVED,
voltdb,331,0,2026-08-28T15:55:52.354658+00:00,2026-08-28T15:55:52.369845+00:00,15.17871800751891,APPROVED,
postgres,334,0,2026-08-28T15:55:52.370003+00:00,2026-08-28T15:55:52.373679+00:00,3.6631030088756233,APPROVED,
voltdb,334,0,2026-08-28T15:55:52.373757+00:00,2026-08-28T15:55:52.389249+00:00,15.482662987778895,APPROVED,
postgres,335,0,2026-08-28T15:55:52.389344+00:00,2026-08-28T15:55:52.393313+00:00,3.9581060118507594,APPROVED,
voltdb,335,0,2026-08-28T15:55:52.393397+00:00,2026-08-28T15:55:52.408941+00:00,15.534106001723558,APPROVED,
postgres,336,0,2026-08-28T15:55:52.409035+00:00,2026-08-28T15:55:52.412065+00:00,3.020144999027252,APPROVED,
voltdb,336,0,2026-08-28T15:55:52.412143+00:00,2026-08-28T15:55:52.428149+00:00,15.996054004062898,APPROVED,
postgres,338,0,2026-08-28T15:55:52.428264+00:00,2026-08-28T15:55:52.431225+00:00,2.947493994724937,APPROVED,
voltdb,338,0,2026-08-28T15:55:52.431397+00:00,2026-08-28T15:55:52.447253+00:00,15.809440999873914,APPROVED,
postgres,340,0,2026-08-28T15:55:52.447359+00:00,2026-08-28T15:55:52.450242+00:00,2.8733140061376616,APPROVED,
voltdb,340,0,2026-08-28T15:55:52.450309+00:00,2026-08-28T15:55:52.466176+00:00,15.858729995670728,APPROVED,
postgres,341,0,2026-08-28T15:55:52.466310+00:00,2026-08-28T15:55:52.469251+00:00,2.9274650005390868,APPROVED,
voltdb,341,0,2026-08-28T15:55:52.469321+00:00,2026-08-28T15:55:52.486327+00:00,16.99730499240104,APPROVED,
postgres,342,0,2026-08-28T15:55:52.486423+00:00,2026-08-28T15:55:52.489042+00:00,2.6095690118381754,APPROVED,
voltdb,342,0,2026-08-28T15:55:52.489108+00:00,2026-08-28T15:55:52.511396+00:00,22.27792098710779,APPROVED,
postgres,344,0,2026-08-28T15:55:52.511530+00:00,2026-08-28T15:55:52.516477+00:00,4.933534990414046,APPROVED,
voltdb,344,0,2026-08-28T15:55:52.516545+00:00,2026-08-28T15:55:52.532938+00:00,16.383782000048086,APPROVED,
postgres,345,0,2026-08-28T15:55:52.533063+00:00,2026-08-28T15:55:52.536174+00:00,3.098542001680471,APPROVED,
voltdb,345,0,2026-08-28T15:55:52.536241+00:00,2026-08-28T15:55:52.552182+00:00,15.932359005091712,APPROVED,
postgres,346,0,2026-08-28T15:55:52.552281+00:00,2026-08-28T15:55:52.556173+00:00,3.882271994370967,APPROVED,
voltdb,346,0,2026-08-28T15:55:52.556244+00:00,2026-08-28T15:55:52.571437+00:00,15.181138995103538,APPROVED,
postgres,348,0,2026-08-28T15:55:52.571555+00:00,2026-08-28T15:55:52.574932+00:00,3.366026998264715,APPROVED,
voltdb,348,0,2026-08-28T15:55:52.575005+00:00,2026-08-28T15:55:52.591297+00:00,16.282387005048804,APPROVED,
postgres,349,0,2026-08-28T15:55:52.591450+00:00,2026-08-28T15:55:52.596277+00:00,4.811531005543657,APPROVED,
voltdb,349,0,2026-08-28T15:55:52.596348+00:00,2026-08-28T15:55:52.612897+00:00,16.501632999279536,APPROVED,
postgres,350,0,2026-08-28T15:55:52.613019+00:00,2026-08-28T15:55:52.615972+00:00,2.941522005130537,APPROVED,
voltdb,350,0,2026-08-28T15:55:52.616038+00:00,2026-08-28T15:55:52.631641+00:00,15.593291987897828,APPROVED,
postgres,351,0,2026-08-28T15:55:52.631777+00:00,2026-08-28T15:55:52.635822+00:00,4.034049998153932,APPROVED,
voltdb,351,0,2026-08-28T15:55:52.635891+00:00,2026-08-28T15:55:52.650985+00:00,15.08554199244827,APPROVED,
postgres,352,0,2026-08-28T15:55:52.651083+00:00,2026-08-28T15:55:52.654527+00:00,3.433026999118738,APPROVED,
voltdb,352,0,2026-08-28T15:55:52.654602+00:00,2026-08-28T15:55:52.672107+00:00,17.496162006864324,APPROVED,
postgres,353,0,2026-08-28T15:55:52.672216+00:00,2026-08-28T15:55:52.676454+00:00,4.224492993671447,APPROVED,
voltdb,353,0,2026-08-28T15:55:52.676521+00:00,2026-08-28T15:55:52.692213+00:00,15.68222200148739,APPROVED,
postgres,354,0,2026-08-28T15:55:52.692315+00:00,2026-08-28T15:55:52.695462+00:00,3.138159998343326,APPROVED,
voltdb,354,0,2026-08-28T15:55:52.695531+00:00,2026-08-28T15:55:52.712023+00:00,16.48075100092683,APPROVED,
postgres,355,0,2026-08-28T15:55:52.712203+00:00,2026-08-28T15:55:52.717084+00:00,4.862966001383029,APPROVED,
voltdb,355,0,2026-08-28T15:55:52.717124+00:00,2026-08-28T15:55:52.733054+00:00,15.924015999189578,APPROVED,
postgres,356,0,2026-08-28T15:55:52.733187+00:00,2026-08-28T15:55:52.736182+00:00,2.9830119892721996,APPROVED,
voltdb,356,0,2026-08-28T15:55:52.736251+00:00,2026-08-28T15:55:52.751995+00:00,15.734264001366682,APPROVED,
postgres,357,0,2026-08-28T15:55:52.752277+00:00,2026-08-28T15:55:52.755637+00:00,3.340700000990182,APPROVED,
voltdb,357,0,2026-08-28T15:55:52.755706+00:00,2026-08-28T15:55:52.771463+00:00,15.747551005915739,APPROVED,
postgres,358,0,2026-08-28T15:55:52.771701+00:00,2026-08-28T15:55:52.775083+00:00,3.3548069914104417,APPROVED,
voltdb,358,0,2026-08-28T15:55:52.775159+00:00,2026-08-28T15:55:52.790056+00:00,14.888777994201519,APPROVED,
postgres,359,0,2026-08-28T15:55:52.790231+00:00,2026-08-28T15:55:52.794032+00:00,3.7477610021596774,APPROVED,
voltdb,359,0,2026-08-28T15:55:52.794112+00:00,2026-08-28T15:55:52.810428+00:00,16.306942008668557,APPROVED,
postgres,360,0,2026-08-28T15:55:52.810528+00:00,2026-08-28T15:55:52.814234+00:00,3.695517996675335,REVIEW,
voltdb,360,0,2026-08-28T15:55:52.814308+00:00,2026-08-28T15:55:52.833936+00:00,19.618979000370018,REVIEW,
postgres,361,0,2026-08-28T15:55:52.834035+00:00,2026-08-28T15:55:52.836870+00:00,2.825318995746784,APPROVED,
voltdb,361,0,2026-08-28T15:55:52.836967+00:00,2026-08-28T15:55:52.852600+00:00,15.62484199530445,APPROVED,
postgres,362,0,2026-08-28T15:55:52.852793+00:00,2026-08-28T15:55:52.855874+00:00,3.0700750066898763,APPROVED,
voltdb,362,0,2026-08-28T15:55:52.855941+00:00,2026-08-28T15:55:52.871321+00:00,15.370139997685328,APPROVED,
postgres,364,0,2026-08-28T15:55:52.871525+00:00,2026-08-28T15:55:52.874952+00:00,3.407943993806839,APPROVED,
voltdb,364,0,2026-08-28T15:55:52.875022+00:00,2026-08-28T15:55:52.890337+00:00,15.305943001294509,APPROVED,
postgres,365,0,2026-08-28T15:55:52.890436+00:00,2026-08-28T15:55:52.893850+00:00,3.4030009992420673,APPROVED,
voltdb,365,0,2026-08-28T15:55:52.893924+00:00,2026-08-28T15:55:52.909021+00:00,15.086988001712598,APPROVED,
postgres,366,0,2026-08-28T15:55:52.909140+00:00,2026-08-28T15:55:52.912257+00:00,3.1048840028233826,APPROVED,
voltdb,366,0,2026-08-28T15:55:52.912335+00:00,2026-08-28T15:55:52.928338+00:00,15.995216992450878,APPROVED,
postgres,367,0,2026-08-28T15:55:52.928435+00:00,2026-08-28T15:55:52.931656+00:00,3.2096369977807626,APPROVED,
voltdb,367,0,2026-08-28T15:55:52.931810+00:00,2026-08-28T15:55:52.946521+00:00,14.70152399269864,APPROVED,
postgres,369,0,2026-08-28T15:55:52.946625+00:00,2026-08-28T15:55:52.949428+00:00,2.7939800056628883,APPROVED,
voltdb,369,0,2026-08-28T15:55:52.949491+00:00,2026-08-28T15:55:52.965879+00:00,16.378946995246224,APPROVED,
postgres,372,0,2026-08-28T15:55:52.965997+00:00,2026-08-28T15:55:52.969392+00:00,3.3843660057755187,APPROVED,
voltdb,372,0,2026-08-28T15:55:52.969458+00:00,2026-08-28T15:55:52.984541+00:00,15.073232003487647,APPROVED,
postgres,374,0,2026-08-28T15:55:52.984657+00:00,2026-08-28T15:55:52.988008+00:00,3.3382380061084405,APPROVED,
voltdb,374,0,2026-08-28T15:55:52.988076+00:00,2026-08-28T15:55:53.003382+00:00,15.297706006094813,APPROVED,
postgres,375,0,2026-08-28T15:55:53.003481+00:00,2026-08-28T15:55:53.007999+00:00,4.507067991653457,APPROVED,
voltdb,375,0,2026-08-28T15:55:53.008076+00:00,2026-08-28T15:55:53.024144+00:00,16.059072004281916,APPROVED,
postgres,378,0,2026-08-28T15:55:53.024293+00:00,2026-08-28T15:55:53.028198+00:00,3.8873790035722777,APPROVED,
voltdb,378,0,2026-08-28T15:55:53.028273+00:00,2026-08-28T15:55:53.045631+00:00,17.34817199758254,APPROVED,
postgres,379,0,2026-08-28T15:55:53.046004+00:00,2026-08-28T15:55:53.050917+00:00,4.892764001851901,APPROVED,
voltdb,379,0,2026-08-28T15:55:53.051009+00:00,2026-08-28T15:55:53.067372+00:00,16.319272996042855,APPROVED,
postgres,380,1,2026-08-28T15:55:53.067490+00:00,2026-08-28T15:55:53.071263+00:00,3.7569919950328767,REVIEW,
voltdb,380,1,2026-08-28T15:55:53.071349+00:00,2026-08-28T15:55:53.092768+00:00,21.410104003734887,REVIEW,
postgres,382,0,2026-08-28T15:55:53.092961+00:00,2026-08-28T15:55:53.095820+00:00,2.8439519956009462,APPROVED,
voltdb,382,0,2026-08-28T15:55:53.095885+00:00,2026-08-28T15:55:53.112313+00:00,16.419116989709437,APPROVED,
postgres,383,0,2026-08-28T15:55:53.112488+00:00,2026-08-28T15:55:53.115440+00:00,2.9383570072241127,APPROVED,
voltdb,383,0,2026-08-28T15:55:53.115506+00:00,2026-08-28T15:55:53.130632+00:00,15.117414004635066,APPROVED,
postgres,384,0,2026-08-28T15:55:53.130890+00:00,2026-08-28T15:55:53.134619+00:00,3.712784993695095,APPROVED,
voltdb,384,0,2026-08-28T15:55:53.134761+00:00,2026-08-28T15:55:53.155857+00:00,21.086061009555124,APPROVED,
postgres,386,0,2026-08-28T15:55:53.155952+00:00,2026-08-28T15:55:53.158955+00:00,2.9928089934401214,APPROVED,
voltdb,386,0,2026-08-28T15:55:53.159033+00:00,2026-08-28T15:55:53.174671+00:00,15.63004800118506,APPROVED,
postgres,388,0,2026-08-28T15:55:53.174810+00:00,2026-08-28T15:55:53.177467+00:00,2.647417990374379,APPROVED,
voltdb,388,0,2026-08-28T15:55:53.177541+00:00,2026-08-28T15:55:53.193372+00:00,15.821395994862542,APPROVED,
postgres,389,0,2026-08-28T15:55:53.193500+00:00,2026-08-28T15:55:53.196453+00:00,2.9414309974526986,APPROVED,
voltdb,389,0,2026-08-28T15:55:53.196518+00:00,2026-08-28T15:55:53.211867+00:00,15.339824007241987,APPROVED,
postgres,390,0,2026-08-28T15:55:53.212043+00:00,2026-08-28T15:55:53.215329+00:00,3.2704559998819605,APPROVED,
voltdb,390,0,2026-08-28T15:55:53.215403+00:00,2026-08-28T15:55:53.233040+00:00,17.62710300681647,APPROVED,
postgres,391,0,2026-08-28T15:55:53.233365+00:00,2026-08-28T15:55:53.238349+00:00,4.961982005625032,APPROVED,
voltdb,391,0,2026-08-28T15:55:53.238430+00:00,2026-08-28T15:55:53.255034+00:00,16.595677996519953,APPROVED,
postgres,393,0,2026-08-28T15:55:53.255136+00:00,2026-08-28T15:55:53.258213+00:00,3.0652860004920512,APPROVED,
voltdb,393,0,2026-08-28T15:55:53.258296+00:00,2026-08-28T15:55:53.274782+00:00,16.428107002866454,APPROVED,
postgres,397,0,2026-08-28T15:55:53.274887+00:00,2026-08-28T15:55:53.277671+00:00,2.7740149962482974,APPROVED,
voltdb,397,0,2026-08-28T15:55:53.277805+00:00,2026-08-28T15:55:53.293453+00:00,15.639218996511772,APPROVED,
postgres,399,0,2026-08-28T15:55:53.293556+00:00,2026-08-28T15:55:53.296602+00:00,3.0377380026038736,REVIEW,
voltdb,399,0,2026-08-28T15:55:53.296665+00:00,2026-08-28T15:55:53.317613+00:00,20.938047004165128,REVIEW,
postgres,401,0,2026-08-28T15:55:53.317713+00:00,2026-08-28T15:55:53.321127+00:00,3.4002500033238903,APPROVED,
voltdb,401,0,2026-08-28T15:55:53.321201+00:00,2026-08-28T15:55:53.336483+00:00,15.27259599242825,APPROVED,
postgres,402,0,2026-08-28T15:55:53.336576+00:00,2026-08-28T15:55:53.340936+00:00,4.349538998212665,APPROVED,
voltdb,402,0,2026-08-28T15:55:53.341016+00:00,2026-08-28T15:55:53.356970+00:00,15.945323000778444,APPROVED,
postgres,404,0,2026-08-28T15:55:53.357206+00:00,2026-08-28T15:55:53.360653+00:00,3.4339440026087686,APPROVED,
voltdb,404,0,2026-08-28T15:55:53.360726+00:00,2026-08-28T15:55:53.376276+00:00,15.541767003014684,APPROVED,
postgres,406,0,2026-08-28T15:55:53.376425+00:00,2026-08-28T15:55:53.380400+00:00,3.9577029965585098,APPROVED,
voltdb,406,0,2026-08-28T15:55:53.380479+00:00,2026-08-28T15:55:53.396901+00:00,16.412276003393345,APPROVED,
postgres,407,0,2026-08-28T15:55:53.397063+00:00,2026-08-28T15:55:53.400730+00:00,3.6558849969878793,REVIEW,
voltdb,407,0,2026-08-28T15:55:53.400803+00:00,2026-08-28T15:55:53.421459+00:00,20.646381002734415,REVIEW,
postgres,408,0,2026-08-28T15:55:53.421553+00:00,2026-08-28T15:55:53.424449+00:00,2.8830060036852956,APPROVED,
voltdb,408,0,2026-08-28T15:55:53.424575+00:00,2026-08-28T15:55:53.441293+00:00,16.70672500040382,APPROVED,
postgres,409,0,2026-08-28T15:55:53.441390+00:00,2026-08-28T15:55:53.444113+00:00,2.714247995754704,APPROVED,
voltdb,409,0,2026-08-28T15:55:53.444178+00:00,2026-08-28T15:55:53.459972+00:00,15.785408992087469,APPROVED,
postgres,410,0,2026-08-28T15:55:53.460066+00:00,2026-08-28T15:55:53.462763+00:00,2.6886720006586984,APPROVED,
voltdb,410,0,2026-08-28T15:55:53.462829+00:00,2026-08-28T15:55:53.478315+00:00,15.476169995963573,APPROVED,
postgres,414,0,2026-08-28T15:55:53.478530+00:00,2026-08-28T15:55:53.481825+00:00,3.2586879970040172,APPROVED,
voltdb,414,0,2026-08-28T15:55:53.481894+00:00,2026-08-28T15:55:53.497585+00:00,15.682279990869574,APPROVED,
postgres,415,0,2026-08-28T15:55:53.497819+00:00,2026-08-28T15:55:53.501493+00:00,3.651806997368112,APPROVED,
voltdb,415,0,2026-08-28T15:55:53.501566+00:00,2026-08-28T15:55:53.517453+00:00,15.877951998845674,APPROVED,
postgres,417,0,2026-08-28T15:55:53.517569+00:00,2026-08-28T15:55:53.521612+00:00,4.031773001770489,APPROVED,
voltdb,417,0,2026-08-28T15:55:53.521691+00:00,2026-08-28T15:55:53.539192+00:00,17.49093900434673,APPROVED,
postgres,419,0,2026-08-28T15:55:53.539367+00:00,2026-08-28T15:55:53.543073+00:00,3.690417986945249,APPROVED,
voltdb,419,0,2026-08-28T15:55:53.543147+00:00,2026-08-28T15:55:53.558573+00:00,15.417068003444001,APPROVED,
postgres,420,0,2026-08-28T15:55:53.558851+00:00,2026-08-28T15:55:53.561953+00:00,3.0906019965186715,APPROVED,
voltdb,420,0,2026-08-28T15:55:53.562026+00:00,2026-08-28T15:55:53.577445+00:00,15.41059699957259,APPROVED,
postgres,422,0,2026-08-28T15:55:53.577544+00:00,2026-08-28T15:55:53.581808+00:00,4.253594001056626,APPROVED,
voltdb,422,0,2026-08-28T15:55:53.581880+00:00,2026-08-28T15:55:53.598025+00:00,16.135354002472013,APPROVED,
postgres,423,0,2026-08-28T15:55:53.598127+00:00,2026-08-28T15:55:53.601599+00:00,3.461243992205709,APPROVED,
voltdb,423,0,2026-08-28T15:55:53.601679+00:00,2026-08-28T15:55:53.617329+00:00,15.64111199695617,APPROVED,
postgres,424,0,2026-08-28T15:55:53.617425+00:00,2026-08-28T15:55:53.621829+00:00,4.392480012029409,APPROVED,
voltdb,424,0,2026-08-28T15:55:53.621932+00:00,2026-08-28T15:55:53.640268+00:00,18.32668000133708,APPROVED,
postgres,425,0,2026-08-28T15:55:53.640428+00:00,2026-08-28T15:55:53.643717+00:00,3.275825991295278,APPROVED,
voltdb,425,0,2026-08-28T15:55:53.643790+00:00,2026-08-28T15:55:53.661543+00:00,17.74464000482112,APPROVED,
postgres,426,0,2026-08-28T15:55:53.661684+00:00,2026-08-28T15:55:53.665062+00:00,3.3663749927654862,APPROVED,
voltdb,426,0,2026-08-28T15:55:53.665172+00:00,2026-08-28T15:55:53.690629+00:00,25.44663099979516,APPROVED,
postgres,427,0,2026-08-28T15:55:53.690843+00:00,2026-08-28T15:55:53.695818+00:00,4.962355000316165,REVIEW,
voltdb,427,0,2026-08-28T15:55:53.695896+00:00,2026-08-28T15:55:53.719129+00:00,23.222689997055568,REVIEW,
postgres,428,0,2026-08-28T15:55:53.719280+00:00,2026-08-28T15:55:53.722186+00:00,2.8936009912285954,APPROVED,
voltdb,428,0,2026-08-28T15:55:53.722253+00:00,2026-08-28T15:55:53.737515+00:00,15.252013996359892,APPROVED,
postgres,430,0,2026-08-28T15:55:53.737609+00:00,2026-08-28T15:55:53.741945+00:00,4.324831999838352,APPROVED,
voltdb,430,0,2026-08-28T15:55:53.742028+00:00,2026-08-28T15:55:53.757382+00:00,15.344788000220433,APPROVED,
postgres,431,0,2026-08-28T15:55:53.757478+00:00,2026-08-28T15:55:53.761028+00:00,3.5410160053288564,REVIEW,
voltdb,431,0,2026-08-28T15:55:53.761106+00:00,2026-08-28T15:55:53.780761+00:00,19.646120999823324,REVIEW,
postgres,432,0,2026-08-28T15:55:53.781099+00:00,2026-08-28T15:55:53.784046+00:00,2.92778700531926,APPROVED,
voltdb,432,0,2026-08-28T15:55:53.784114+00:00,2026-08-28T15:55:53.799540+00:00,15.417221002280712,APPROVED,
postgres,433,0,2026-08-28T15:55:53.799640+00:00,2026-08-28T15:55:53.802584+00:00,2.934094998636283,APPROVED,
voltdb,433,0,2026-08-28T15:55:53.802650+00:00,2026-08-28T15:55:53.818184+00:00,15.524021000601351,APPROVED,
postgres,435,0,2026-08-28T15:55:53.818339+00:00,2026-08-28T15:55:53.821915+00:00,3.560448996722698,APPROVED,
voltdb,435,0,2026-08-28T15:55:53.821989+00:00,2026-08-28T15:55:53.836408+00:00,14.4104960054392,APPROVED,
postgres,437,0,2026-08-28T15:55:53.836504+00:00,2026-08-28T15:55:53.839966+00:00,3.451918004429899,APPROVED,
voltdb,437,0,2026-08-28T15:55:53.840039+00:00,2026-08-28T15:55:53.855991+00:00,15.943054997478612,APPROVED,
postgres,438,0,2026-08-28T15:55:53.856084+00:00,2026-08-28T15:55:53.859323+00:00,3.2276040001306683,APPROVED,
voltdb,438,0,2026-08-28T15:55:53.859403+00:00,2026-08-28T15:55:53.877032+00:00,17.61979299772065,APPROVED,
postgres,439,0,2026-08-28T15:55:53.877174+00:00,2026-08-28T15:55:53.881381+00:00,4.1566319996491075,APPROVED,
voltdb,439,0,2026-08-28T15:55:53.881458+00:00,2026-08-28T15:55:53.897037+00:00,15.5707399972016,APPROVED,
postgres,440,0,2026-08-28T15:55:53.897155+00:00,2026-08-28T15:55:53.900989+00:00,3.818470999249257,APPROVED,
voltdb,440,0,2026-08-28T15:55:53.901079+00:00,2026-08-28T15:55:53.916163+00:00,15.074948998517357,APPROVED,
postgres,441,0,2026-08-28T15:55:53.916263+00:00,2026-08-28T15:55:53.920011+00:00,3.7380419962573797,REVIEW,
voltdb,441,0,2026-08-28T15:55:53.920084+00:00,2026-08-28T15:55:53.939561+00:00,19.4677719991887,REVIEW,
postgres,443,0,2026-08-28T15:55:53.939699+00:00,2026-08-28T15:55:53.942488+00:00,2.7261220093350857,APPROVED,
voltdb,443,0,2026-08-28T15:55:53.942554+00:00,2026-08-28T15:55:53.957831+00:00,15.268810006091371,APPROVED,
postgres,444,0,2026-08-28T15:55:53.958008+00:00,2026-08-28T15:55:53.962779+00:00,4.756365000503138,APPROVED,
voltdb,444,0,2026-08-28T15:55:53.962883+00:00,2026-08-28T15:55:53.979655+00:00,16.75674998841714,APPROVED,
postgres,445,0,2026-08-28T15:55:53.979801+00:00,2026-08-28T15:55:53.982599+00:00,2.7862299903063104,APPROVED,
voltdb,445,0,2026-08-28T15:55:53.982668+00:00,2026-08-28T15:55:53.998536+00:00,15.858471000683494,APPROVED,
postgres,447,0,2026-08-28T15:55:53.998830+00:00,2026-08-28T15:55:54.001815+00:00,2.9684309993172064,APPROVED,
voltdb,447,0,2026-08-28T15:55:54.001892+00:00,2026-08-28T15:55:54.017266+00:00,15.364544000476599,APPROVED,
postgres,448,1,2026-08-28T15:55:54.017406+00:00,2026-08-28T15:55:54.021739+00:00,4.321243002777919,BLOCKED,
voltdb,448,1,2026-08-28T15:55:54.021810+00:00,2026-08-28T15:55:54.041901+00:00,20.08188999025151,BLOCKED,
postgres,449,0,2026-08-28T15:55:54.042000+00:00,2026-08-28T15:55:54.045423+00:00,3.4099930053343996,APPROVED,
voltdb,449,0,2026-08-28T15:55:54.045536+00:00,2026-08-28T15:55:54.061294+00:00,15.718050999566913,APPROVED,
postgres,451,0,2026-08-28T15:55:54.061397+00:00,2026-08-28T15:55:54.064281+00:00,2.8742040012730286,APPROVED,
voltdb,451,0,2026-08-28T15:55:54.064350+00:00,2026-08-28T15:55:54.081141+00:00,16.782307997345924,APPROVED,
postgres,452,0,2026-08-28T15:55:54.081227+00:00,2026-08-28T15:55:54.083812+00:00,2.574824000475928,APPROVED,
voltdb,452,0,2026-08-28T15:55:54.083878+00:00,2026-08-28T15:55:54.099555+00:00,15.669002998038195,APPROVED,
postgres,453,0,2026-08-28T15:55:54.099669+00:00,2026-08-28T15:55:54.103342+00:00,3.6628889938583598,APPROVED,
voltdb,453,0,2026-08-28T15:55:54.103408+00:00,2026-08-28T15:55:54.119566+00:00,16.148773007444106,APPROVED,
postgres,455,0,2026-08-28T15:55:54.119666+00:00,2026-08-28T15:55:54.122972+00:00,3.297172996099107,REVIEW,
voltdb,455,0,2026-08-28T15:55:54.123037+00:00,2026-08-28T15:55:54.142334+00:00,19.287919989437796,REVIEW,
postgres,459,0,2026-08-28T15:55:54.142428+00:00,2026-08-28T15:55:54.145114+00:00,2.6751370023703203,APPROVED,
voltdb,459,0,2026-08-28T15:55:54.145190+00:00,2026-08-28T15:55:54.161246+00:00,16.047921002609655,APPROVED,
postgres,460,0,2026-08-28T15:55:54.161369+00:00,2026-08-28T15:55:54.164411+00:00,3.024039004230872,APPROVED,
voltdb,460,0,2026-08-28T15:55:54.164501+00:00,2026-08-28T15:55:54.184770+00:00,20.256746996892616,APPROVED,
postgres,462,0,2026-08-28T15:55:54.184996+00:00,2026-08-28T15:55:54.196097+00:00,11.07919099740684,APPROVED,
voltdb,462,0,2026-08-28T15:55:54.196265+00:00,2026-08-28T15:55:54.219612+00:00,23.328288007178344,APPROVED,
postgres,464,0,2026-08-28T15:55:54.219735+00:00,2026-08-28T15:55:54.227632+00:00,7.883683007094078,APPROVED,
voltdb,464,0,2026-08-28T15:55:54.227778+00:00,2026-08-28T15:55:54.252186+00:00,24.3990019953344,APPROVED,
postgres,467,0,2026-08-28T15:55:54.252337+00:00,2026-08-28T15:55:54.257980+00:00,5.6238449906231835,APPROVED,
voltdb,467,0,2026-08-28T15:55:54.258157+00:00,2026-08-28T15:55:54.280263+00:00,22.088918994995765,APPROVED,
postgres,468,0,2026-08-28T15:55:54.280358+00:00,2026-08-28T15:55:54.284019+00:00,3.652457002317533,APPROVED,
voltdb,468,0,2026-08-28T15:55:54.284152+00:00,2026-08-28T15:55:54.301689+00:00,17.499365989351645,APPROVED,
postgres,469,0,2026-08-28T15:55:54.301844+00:00,2026-08-28T15:55:54.304536+00:00,2.682520993403159,APPROVED,
voltdb,469,0,2026-08-28T15:55:54.304604+00:00,2026-08-28T15:55:54.321173+00:00,16.56053499027621,APPROVED,
postgres,470,0,2026-08-28T15:55:54.321294+00:00,2026-08-28T15:55:54.323975+00:00,2.666044994839467,APPROVED,
voltdb,470,0,2026-08-28T15:55:54.324041+00:00,2026-08-28T15:55:54.338648+00:00,14.598234003642574,APPROVED,
postgres,472,0,2026-08-28T15:55:54.338780+00:00,2026-08-28T15:55:54.342673+00:00,3.8816609885543585,APPROVED,
voltdb,472,0,2026-08-28T15:55:54.342743+00:00,2026-08-28T15:55:54.357626+00:00,14.87387799716089,APPROVED,
postgres,473,0,2026-08-28T15:55:54.357771+00:00,2026-08-28T15:55:54.360879+00:00,3.097584005445242,APPROVED,
voltdb,473,0,2026-08-28T15:55:54.360951+00:00,2026-08-28T15:55:54.376095+00:00,15.134414992644452,APPROVED,
postgres,474,0,2026-08-28T15:55:54.376203+00:00,2026-08-28T15:55:54.379829+00:00,3.6151800013612956,APPROVED,
voltdb,474,0,2026-08-28T15:55:54.379910+00:00,2026-08-28T15:55:54.394981+00:00,15.062904989463277,APPROVED,
postgres,475,0,2026-08-28T15:55:54.395109+00:00,2026-08-28T15:55:54.398084+00:00,2.9657569975825027,APPROVED,
voltdb,475,0,2026-08-28T15:55:54.398160+00:00,2026-08-28T15:55:54.413466+00:00,15.296458994271234,APPROVED,
postgres,477,0,2026-08-28T15:55:54.413581+00:00,2026-08-28T15:55:54.416720+00:00,3.125453004031442,APPROVED,
voltdb,477,0,2026-08-28T15:55:54.416790+00:00,2026-08-28T15:55:54.434417+00:00,17.618149009649642,APPROVED,
postgres,479,0,2026-08-28T15:55:54.434601+00:00,2026-08-28T15:55:54.438495+00:00,3.8810650003142655,APPROVED,
voltdb,479,0,2026-08-28T15:55:54.438574+00:00,2026-08-28T15:55:54.454318+00:00,15.735406006569974,APPROVED,
postgres,482,0,2026-08-28T15:55:54.454448+00:00,2026-08-28T15:55:54.457303+00:00,2.7912149962503463,APPROVED,
voltdb,482,0,2026-08-28T15:55:54.457372+00:00,2026-08-28T15:55:54.474758+00:00,17.374048999045044,APPROVED,
postgres,483,0,2026-08-28T15:55:54.474844+00:00,2026-08-28T15:55:54.477876+00:00,2.999400006956421,APPROVED,
voltdb,483,0,2026-08-28T15:55:54.477961+00:00,2026-08-28T15:55:54.494724+00:00,16.753315008827485,APPROVED,
postgres,484,0,2026-08-28T15:55:54.494904+00:00,2026-08-28T15:55:54.497452+00:00,2.5315700040664524,APPROVED,
voltdb,484,0,2026-08-28T15:55:54.497528+00:00,2026-08-28T15:55:54.514538+00:00,17.001172993332148,APPROVED,
postgres,486,0,2026-08-28T15:55:54.514652+00:00,2026-08-28T15:55:54.517701+00:00,3.036656999029219,APPROVED,
voltdb,486,0,2026-08-28T15:55:54.517769+00:00,2026-08-28T15:55:54.535580+00:00,17.80110200343188,APPROVED,
postgres,489,0,2026-08-28T15:55:54.535716+00:00,2026-08-28T15:55:54.541093+00:00,5.363119998946786,APPROVED,
voltdb,489,0,2026-08-28T15:55:54.541170+00:00,2026-08-28T15:55:54.558836+00:00,17.655832998570986,APPROVED,
postgres,491,0,2026-08-28T15:55:54.559024+00:00,2026-08-28T15:55:54.562193+00:00,3.1370840006275102,APPROVED,
voltdb,491,0,2026-08-28T15:55:54.562267+00:00,2026-08-28T15:55:54.576792+00:00,14.516451992676593,APPROVED,
postgres,493,0,2026-08-28T15:55:54.576963+00:00,2026-08-28T15:55:54.580852+00:00,3.8796570006525144,APPROVED,
voltdb,493,0,2026-08-28T15:55:54.580927+00:00,2026-08-28T15:55:54.596014+00:00,15.07825599401258,APPROVED,
postgres,496,0,2026-08-28T15:55:54.596113+00:00,2026-08-28T15:55:54.599465+00:00,3.3417200029361993,APPROVED,
voltdb,496,0,2026-08-28T15:55:54.599578+00:00,2026-08-28T15:55:54.614196+00:00,14.604754003812559,APPROVED,
postgres,499,0,2026-08-28T15:55:54.614326+00:00,2026-08-28T15:55:54.617425+00:00,3.08742601191625,REVIEW,
voltdb,499,0,2026-08-28T15:55:54.617496+00:00,2026-08-28T15:55:54.636551+00:00,19.046226007048972,REVIEW,
postgres,500,0,2026-08-28T15:55:54.636647+00:00,2026-08-28T15:55:54.639941+00:00,3.282288002083078,APPROVED,
voltdb,500,0,2026-08-28T15:55:54.640016+00:00,2026-08-28T15:55:54.654527+00:00,14.501429002848454,APPROVED,
postgres,501,0,2026-08-28T15:55:54.654627+00:00,2026-08-28T15:55:54.657390+00:00,2.7527689962880686,APPROVED,
voltdb,501,0,2026-08-28T15:55:54.657460+00:00,2026-08-28T15:55:54.672651+00:00,15.178936999291182,APPROVED,
postgres,502,0,2026-08-28T15:55:54.672808+00:00,2026-08-28T15:55:54.676834+00:00,4.013775003841147,APPROVED,
voltdb,502,0,2026-08-28T15:55:54.676906+00:00,2026-08-28T15:55:54.691267+00:00,14.340021996758878,APPROVED,
postgres,503,0,2026-08-28T15:55:54.691500+00:00,2026-08-28T15:55:54.695220+00:00,3.700276996823959,APPROVED,
voltdb,503,0,2026-08-28T15:55:54.695297+00:00,2026-08-28T15:55:54.710017+00:00,14.710796007420868,APPROVED,
postgres,507,0,2026-08-28T15:55:54.710113+00:00,2026-08-28T15:55:54.713991+00:00,3.866397004458122,APPROVED,
voltdb,507,0,2026-08-28T15:55:54.714085+00:00,2026-08-28T15:55:54.729803+00:00,15.700949996244162,APPROVED,
postgres,508,0,2026-08-28T15:55:54.729918+00:00,2026-08-28T15:55:54.733571+00:00,3.6425610014703125,APPROVED,
voltdb,508,0,2026-08-28T15:55:54.733653+00:00,2026-08-28T15:55:54.749014+00:00,15.351291003753431,APPROVED,
postgres,509,1,2026-08-28T15:55:54.749120+00:00,2026-08-28T15:55:54.752709+00:00,3.5778450110228732,BLOCKED,
voltdb,509,1,2026-08-28T15:55:54.752802+00:00,2026-08-28T15:55:54.772038+00:00,19.211788006941788,BLOCKED,
postgres,510,0,2026-08-28T15:55:54.772175+00:00,2026-08-28T15:55:54.775384+00:00,3.1975830061128363,APPROVED,
voltdb,510,0,2026-08-28T15:55:54.775455+00:00,2026-08-28T15:55:54.789799+00:00,14.335122992633842,APPROVED,
postgres,511,0,2026-08-28T15:55:54.789994+00:00,2026-08-28T15:55:54.793754+00:00,3.7484979984583333,APPROVED,
voltdb,511,0,2026-08-28T15:55:54.793833+00:00,2026-08-28T15:55:54.808720+00:00,14.877341003739275,APPROVED,
postgres,512,0,2026-08-28T15:55:54.808907+00:00,2026-08-28T15:55:54.812081+00:00,3.162936001899652,REVIEW,
voltdb,512,0,2026-08-28T15:55:54.812159+00:00,2026-08-28T15:55:54.831049+00:00,18.880493007600307,REVIEW,
postgres,513,0,2026-08-28T15:55:54.831173+00:00,2026-08-28T15:55:54.837786+00:00,6.5988499991362914,APPROVED,
voltdb,513,0,2026-08-28T15:55:54.837862+00:00,2026-08-28T15:55:54.856455+00:00,18.582831995445304,APPROVED,
postgres,514,0,2026-08-28T15:55:54.856584+00:00,2026-08-28T15:55:54.860494+00:00,3.898338007275015,APPROVED,
voltdb,514,0,2026-08-28T15:55:54.860570+00:00,2026-08-28T15:55:54.875332+00:00,14.753520998056047,APPROVED,
postgres,515,0,2026-08-28T15:55:54.875432+00:00,2026-08-28T15:55:54.878068+00:00,2.627112000482157,APPROVED,
voltdb,515,0,2026-08-28T15:55:54.878136+00:00,2026-08-28T15:55:54.893174+00:00,15.028736990643665,APPROVED,
postgres,516,0,2026-08-28T15:55:54.893280+00:00,2026-08-28T15:55:54.896258+00:00,2.967645996250212,APPROVED,
voltdb,516,0,2026-08-28T15:55:54.896324+00:00,2026-08-28T15:55:54.909770+00:00,13.437999994494021,APPROVED,
postgres,517,0,2026-08-28T15:55:54.909944+00:00,2026-08-28T15:55:54.913614+00:00,3.6584409972419962,APPROVED,
voltdb,517,0,2026-08-28T15:55:54.913694+00:00,2026-08-28T15:55:54.928726+00:00,14.952196986996569,APPROVED,
postgres,518,0,2026-08-28T15:55:54.928896+00:00,2026-08-28T15:55:54.931719+00:00,2.8093700093450025,APPROVED,
voltdb,518,0,2026-08-28T15:55:54.931806+00:00,2026-08-28T15:55:54.947968+00:00,16.14844000141602,APPROVED,
postgres,519,0,2026-08-28T15:55:54.948067+00:00,2026-08-28T15:55:54.950518+00:00,2.4428000033367425,APPROVED,
voltdb,519,0,2026-08-28T15:55:54.950579+00:00,2026-08-28T15:55:54.966010+00:00,15.421997013618238,APPROVED,
postgres,520,0,2026-08-28T15:55:54.966134+00:00,2026-08-28T15:55:54.969432+00:00,3.2871630100999027,APPROVED,
voltdb,520,0,2026-08-28T15:55:54.969499+00:00,2026-08-28T15:55:54.983831+00:00,14.32295200356748,APPROVED,
postgres,521,0,2026-08-28T15:55:54.983930+00:00,2026-08-28T15:55:54.987295+00:00,3.3548280043760315,APPROVED,
voltdb,521,0,2026-08-28T15:55:54.987371+00:00,2026-08-28T15:55:55.002727+00:00,15.346688000136055,APPROVED,
postgres,522,0,2026-08-28T15:55:55.002820+00:00,2026-08-28T15:55:55.006090+00:00,3.2585250010015443,APPROVED,
voltdb,522,0,2026-08-28T15:55:55.006168+00:00,2026-08-28T15:55:55.021074+00:00,14.89644599496387,APPROVED,
postgres,523,0,2026-08-28T15:55:55.021183+00:00,2026-08-28T15:55:55.024038+00:00,2.841089997673407,APPROVED,
voltdb,523,0,2026-08-28T15:55:55.024107+00:00,2026-08-28T15:55:55.038503+00:00,14.386877999641001,APPROVED,
postgres,524,0,2026-08-28T15:55:55.038621+00:00,2026-08-28T15:55:55.042374+00:00,3.7016540009062737,APPROVED,
voltdb,524,0,2026-08-28T15:55:55.042450+00:00,2026-08-28T15:55:55.058786+00:00,16.325826989486814,APPROVED,
postgres,525,0,2026-08-28T15:55:55.058922+00:00,2026-08-28T15:55:55.064228+00:00,5.292899993946776,APPROVED,
voltdb,525,0,2026-08-28T15:55:55.064366+00:00,2026-08-28T15:55:55.081530+00:00,17.1559539885493,APPROVED,
postgres,526,1,2026-08-28T15:55:55.081627+00:00,2026-08-28T15:55:55.085309+00:00,3.6713759909616783,REVIEW,
voltdb,526,1,2026-08-28T15:55:55.085389+00:00,2026-08-28T15:55:55.105190+00:00,19.791398008237593,REVIEW,
postgres,527,0,2026-08-28T15:55:55.105306+00:00,2026-08-28T15:55:55.108728+00:00,3.411126002902165,REVIEW,
voltdb,527,0,2026-08-28T15:55:55.108793+00:00,2026-08-28T15:55:55.127040+00:00,18.239320008433424,REVIEW,
postgres,528,0,2026-08-28T15:55:55.127141+00:00,2026-08-28T15:55:55.130300+00:00,3.149680997012183,BLOCKED,
voltdb,528,0,2026-08-28T15:55:55.130367+00:00,2026-08-28T15:55:55.150540+00:00,20.163401000900194,BLOCKED,
postgres,529,0,2026-08-28T15:55:55.150640+00:00,2026-08-28T15:55:55.155382+00:00,4.730316999484785,APPROVED,
voltdb,529,0,2026-08-28T15:55:55.155455+00:00,2026-08-28T15:55:55.169854+00:00,14.390104988706298,APPROVED,
postgres,530,0,2026-08-28T15:55:55.169947+00:00,2026-08-28T15:55:55.173092+00:00,3.132690006168559,APPROVED,
voltdb,530,0,2026-08-28T15:55:55.173175+00:00,2026-08-28T15:55:55.187357+00:00,14.173625007970259,APPROVED,
postgres,531,0,2026-08-28T15:55:55.187453+00:00,2026-08-28T15:55:55.189977+00:00,2.514793988666497,APPROVED,
voltdb,531,0,2026-08-28T15:55:55.190045+00:00,2026-08-28T15:55:55.205030+00:00,14.975512007367797,APPROVED,
postgres,532,0,2026-08-28T15:55:55.205185+00:00,2026-08-28T15:55:55.208389+00:00,3.1913890124997124,APPROVED,
voltdb,532,0,2026-08-28T15:55:55.208455+00:00,2026-08-28T15:55:55.223682+00:00,15.218091997667216,APPROVED,
postgres,533,0,2026-08-28T15:55:55.223850+00:00,2026-08-28T15:55:55.226953+00:00,3.089812002144754,APPROVED,
voltdb,533,0,2026-08-28T15:55:55.227026+00:00,2026-08-28T15:55:55.241888+00:00,14.85345300170593,APPROVED,
postgres,535,0,2026-08-28T15:55:55.241983+00:00,2026-08-28T15:55:55.244704+00:00,2.7121989987790585,APPROVED,
voltdb,535,0,2026-08-28T15:55:55.244779+00:00,2026-08-28T15:55:55.259472+00:00,14.683635003166273,APPROVED,
postgres,536,0,2026-08-28T15:55:55.259575+00:00,2026-08-28T15:55:55.263128+00:00,3.5439979983493686,APPROVED,
voltdb,536,0,2026-08-28T15:55:55.263195+00:00,2026-08-28T15:55:55.277495+00:00,14.290231993072666,APPROVED,
postgres,538,0,2026-08-28T15:55:55.277594+00:00,2026-08-28T15:55:55.281171+00:00,3.565184000763111,APPROVED,
voltdb,538,0,2026-08-28T15:55:55.281246+00:00,2026-08-28T15:55:55.295226+00:00,13.97084399650339,APPROVED,
postgres,539,0,2026-08-28T15:55:55.295325+00:00,2026-08-28T15:55:55.298016+00:00,2.6808700058609247,APPROVED,
voltdb,539,0,2026-08-28T15:55:55.298095+00:00,2026-08-28T15:55:55.313697+00:00,15.592545008985326,APPROVED,
postgres,542,0,2026-08-28T15:55:55.313885+00:00,2026-08-28T15:55:55.317356+00:00,3.457088998402469,APPROVED,
voltdb,542,0,2026-08-28T15:55:55.317437+00:00,2026-08-28T15:55:55.332333+00:00,14.885133990901522,APPROVED,
postgres,543,0,2026-08-28T15:55:55.332506+00:00,2026-08-28T15:55:55.335915+00:00,3.3938020060304552,APPROVED,
voltdb,543,0,2026-08-28T15:55:55.335984+00:00,2026-08-28T15:55:55.350910+00:00,14.916939006070606,APPROVED,
postgres,544,0,2026-08-28T15:55:55.351022+00:00,2026-08-28T15:55:55.355980+00:00,4.942933999700472,APPROVED,
voltdb,544,0,2026-08-28T15:55:55.356054+00:00,2026-08-28T15:55:55.370480+00:00,14.417092999792658,APPROVED,
postgres,545,0,2026-08-28T15:55:55.370595+00:00,2026-08-28T15:55:55.374377+00:00,3.771221003262326,APPROVED,
voltdb,545,0,2026-08-28T15:55:55.374458+00:00,2026-08-28T15:55:55.395176+00:00,20.70861899119336,APPROVED,
postgres,546,0,2026-08-28T15:55:55.395280+00:00,2026-08-28T15:55:55.398326+00:00,3.0359390075318515,APPROVED,
voltdb,546,0,2026-08-28T15:55:55.398405+00:00,2026-08-28T15:55:55.412299+00:00,13.885255000786856,APPROVED,
postgres,547,0,2026-08-28T15:55:55.412420+00:00,2026-08-28T15:55:55.416290+00:00,3.85989599453751,REVIEW,
voltdb,547,0,2026-08-28T15:55:55.416355+00:00,2026-08-28T15:55:55.437800+00:00,21.435973001644015,REVIEW,
postgres,548,0,2026-08-28T15:55:55.438005+00:00,2026-08-28T15:55:55.441934+00:00,3.917918002116494,APPROVED,
voltdb,548,0,2026-08-28T15:55:55.442018+00:00,2026-08-28T15:55:55.457005+00:00,14.978342995163985,APPROVED,
postgres,549,0,2026-08-28T15:55:55.457105+00:00,2026-08-28T15:55:55.461575+00:00,4.45921799109783,APPROVED,
voltdb,549,0,2026-08-28T15:55:55.461648+00:00,2026-08-28T15:55:55.477133+00:00,15.476312997634523,APPROVED,
postgres,550,0,2026-08-28T15:55:55.477249+00:00,2026-08-28T15:55:55.482058+00:00,4.795994012965821,APPROVED,
voltdb,550,0,2026-08-28T15:55:55.482133+00:00,2026-08-28T15:55:55.496675+00:00,14.53354800469242,APPROVED,
postgres,551,1,2026-08-28T15:55:55.496828+00:00,2026-08-28T15:55:55.502215+00:00,5.373715001042001,BLOCKED,
voltdb,551,1,2026-08-28T15:55:55.502292+00:00,2026-08-28T15:55:55.520499+00:00,18.197698998847045,BLOCKED,
postgres,553,0,2026-08-28T15:55:55.520594+00:00,2026-08-28T15:55:55.523834+00:00,3.230128000723198,APPROVED,
voltdb,553,0,2026-08-28T15:55:55.523904+00:00,2026-08-28T15:55:55.539438+00:00,15.52468400041107,APPROVED,
postgres,554,0,2026-08-28T15:55:55.539646+00:00,2026-08-28T15:55:55.544938+00:00,5.273996008327231,APPROVED,
voltdb,554,0,2026-08-28T15:55:55.545071+00:00,2026-08-28T15:55:55.562104+00:00,17.01560900255572,APPROVED,
postgres,555,1,2026-08-28T15:55:55.562241+00:00,2026-08-28T15:55:55.568591+00:00,6.336406993796118,BLOCKED,
voltdb,555,1,2026-08-28T15:55:55.568668+00:00,2026-08-28T15:55:55.590343+00:00,21.665898006176576,BLOCKED,
postgres,557,0,2026-08-28T15:55:55.590438+00:00,2026-08-28T15:55:55.595771+00:00,5.321270000422373,APPROVED,
voltdb,557,0,2026-08-28T15:55:55.595849+00:00,2026-08-28T15:55:55.611231+00:00,15.332691007643007,APPROVED,
postgres,560,0,2026-08-28T15:55:55.611390+00:00,2026-08-28T15:55:55.615550+00:00,4.146477003814653,APPROVED,
voltdb,560,0,2026-08-28T15:55:55.615654+00:00,2026-08-28T15:55:55.630793+00:00,15.129355000681244,APPROVED,
postgres,561,0,2026-08-28T15:55:55.630986+00:00,2026-08-28T15:55:55.636865+00:00,5.865195009391755,REVIEW,
voltdb,561,0,2026-08-28T15:55:55.636944+00:00,2026-08-28T15:55:55.657246+00:00,20.29284900345374,REVIEW,
postgres,562,0,2026-08-28T15:55:55.657346+00:00,2026-08-28T15:55:55.662268+00:00,4.911490002996288,APPROVED,
voltdb,562,0,2026-08-28T15:55:55.662342+00:00,2026-08-28T15:55:55.677692+00:00,15.31131200317759,APPROVED,
postgres,565,0,2026-08-28T15:55:55.677927+00:00,2026-08-28T15:55:55.681170+00:00,3.229522000765428,APPROVED,
voltdb,565,0,2026-08-28T15:55:55.681242+00:00,2026-08-28T15:55:55.696146+00:00,14.895107990014367,APPROVED,
postgres,566,0,2026-08-28T15:55:55.696254+00:00,2026-08-28T15:55:55.700504+00:00,4.238444002112374,REVIEW,
voltdb,566,0,2026-08-28T15:55:55.700586+00:00,2026-08-28T15:55:55.719710+00:00,19.11348600697238,REVIEW,
postgres,568,0,2026-08-28T15:55:55.720034+00:00,2026-08-28T15:55:55.723953+00:00,3.900185998645611,APPROVED,
voltdb,568,0,2026-08-28T15:55:55.724029+00:00,2026-08-28T15:55:55.743959+00:00,19.92116600740701,APPROVED,
postgres,571,0,2026-08-28T15:55:55.744095+00:00,2026-08-28T15:55:55.749323+00:00,5.215998011408374,APPROVED,
voltdb,571,0,2026-08-28T15:55:55.749399+00:00,2026-08-28T15:55:55.764953+00:00,15.514191996771842,APPROVED,
postgres,572,0,2026-08-28T15:55:55.765043+00:00,2026-08-28T15:55:55.770870+00:00,5.781402986031026,APPROVED,
voltdb,572,0,2026-08-28T15:55:55.770947+00:00,2026-08-28T15:55:55.788312+00:00,17.356361000565812,APPROVED,
postgres,573,0,2026-08-28T15:55:55.788411+00:00,2026-08-28T15:55:55.791284+00:00,2.8630390006583184,APPROVED,
voltdb,573,0,2026-08-28T15:55:55.791354+00:00,2026-08-28T15:55:55.806118+00:00,14.754489006008953,APPROVED,
postgres,574,0,2026-08-28T15:55:55.806219+00:00,2026-08-28T15:55:55.809730+00:00,3.500392005662434,APPROVED,
voltdb,574,0,2026-08-28T15:55:55.809804+00:00,2026-08-28T15:55:55.823869+00:00,14.055480001843534,APPROVED,
postgres,575,0,2026-08-28T15:55:55.823991+00:00,2026-08-28T15:55:55.828123+00:00,4.119790988625027,REVIEW,
voltdb,575,0,2026-08-28T15:55:55.828197+00:00,2026-08-28T15:55:55.845739+00:00,17.511529993498698,REVIEW,
postgres,578,0,2026-08-28T15:55:55.845875+00:00,2026-08-28T15:55:55.849567+00:00,3.677525994135067,APPROVED,
voltdb,578,0,2026-08-28T15:55:55.849637+00:00,2026-08-28T15:55:55.863780+00:00,14.134126991848461,APPROVED,
postgres,579,0,2026-08-28T15:55:55.863876+00:00,2026-08-28T15:55:55.867189+00:00,3.302719007479027,APPROVED,
voltdb,579,0,2026-08-28T15:55:55.867264+00:00,2026-08-28T15:55:55.881285+00:00,14.011473002028652,APPROVED,
postgres,582,0,2026-08-28T15:55:55.881403+00:00,2026-08-28T15:55:55.884020+00:00,2.6067910075653344,APPROVED,
voltdb,582,0,2026-08-28T15:55:55.884085+00:00,2026-08-28T15:55:55.898191+00:00,14.097375009441748,APPROVED,
postgres,583,0,2026-08-28T15:55:55.898289+00:00,2026-08-28T15:55:55.902523+00:00,4.223530006129295,APPROVED,
voltdb,583,0,2026-08-28T15:55:55.902597+00:00,2026-08-28T15:55:55.916637+00:00,14.030898004421033,APPROVED,
postgres,587,0,2026-08-28T15:55:55.916793+00:00,2026-08-28T15:55:55.919980+00:00,3.173498989781365,APPROVED,
voltdb,587,0,2026-08-28T15:55:55.920060+00:00,2026-08-28T15:55:55.934076+00:00,14.007660996867344,APPROVED,
postgres,588,0,2026-08-28T15:55:55.934178+00:00,2026-08-28T15:55:55.937331+00:00,3.142079003737308,APPROVED,
voltdb,588,0,2026-08-28T15:55:55.937402+00:00,2026-08-28T15:55:55.951436+00:00,14.024717005668208,APPROVED,
postgres,589,0,2026-08-28T15:55:55.951532+00:00,2026-08-28T15:55:55.955584+00:00,4.042198997922242,APPROVED,
voltdb,589,0,2026-08-28T15:55:55.955663+00:00,2026-08-28T15:55:55.969990+00:00,14.318382003693841,APPROVED,
postgres,590,0,2026-08-28T15:55:55.970088+00:00,2026-08-28T15:55:55.973757+00:00,3.6569239891832694,APPROVED,
voltdb,590,0,2026-08-28T15:55:55.973838+00:00,2026-08-28T15:55:55.987275+00:00,13.42787100293208,APPROVED,
postgres,591,0,2026-08-28T15:55:55.987373+00:00,2026-08-28T15:55:55.990104+00:00,2.7209489926462993,APPROVED,
voltdb,591,0,2026-08-28T15:55:55.990173+00:00,2026-08-28T15:55:56.004022+00:00,13.84011200570967,APPROVED,
postgres,593,0,2026-08-28T15:55:56.004120+00:00,2026-08-28T15:55:56.007915+00:00,3.7837729905731976,APPROVED,
voltdb,593,0,2026-08-28T15:55:56.008043+00:00,2026-08-28T15:55:56.021986+00:00,13.934639006038196,APPROVED,
postgres,594,0,2026-08-28T15:55:56.022080+00:00,2026-08-28T15:55:56.024864+00:00,2.7748629945563152,APPROVED,
voltdb,594,0,2026-08-28T15:55:56.024930+00:00,2026-08-28T15:55:56.041355+00:00,16.41697699960787,APPROVED,
postgres,595,0,2026-08-28T15:55:56.041451+00:00,2026-08-28T15:55:56.044306+00:00,2.8453209961298853,APPROVED,
voltdb,595,0,2026-08-28T15:55:56.044374+00:00,2026-08-28T15:55:56.059288+00:00,14.905463001923636,APPROVED,
postgres,596,0,2026-08-28T15:55:56.059582+00:00,2026-08-28T15:55:56.062647+00:00,3.047420992515981,APPROVED,
voltdb,596,0,2026-08-28T15:55:56.062776+00:00,2026-08-28T15:55:56.076947+00:00,14.158602003590204,APPROVED,
postgres,598,0,2026-08-28T15:55:56.077050+00:00,2026-08-28T15:55:56.080651+00:00,3.5897199995815754,APPROVED,
voltdb,598,0,2026-08-28T15:55:56.080780+00:00,2026-08-28T15:55:56.095112+00:00,14.321989991003647,APPROVED,
postgres,599,0,2026-08-28T15:55:56.095262+00:00,2026-08-28T15:55:56.097927+00:00,2.652312003192492,APPROVED,
voltdb,599,0,2026-08-28T15:55:56.097992+00:00,2026-08-28T15:55:56.113230+00:00,15.228083997499198,APPROVED,
postgres,600,0,2026-08-28T15:55:56.113499+00:00,2026-08-28T15:55:56.117072+00:00,3.5526829888112843,APPROVED,
voltdb,600,0,2026-08-28T15:55:56.117142+00:00,2026-08-28T15:55:56.131305+00:00,14.154131000395864,APPROVED,
postgres,601,0,2026-08-28T15:55:56.131453+00:00,2026-08-28T15:55:56.135264+00:00,3.7973649887135252,APPROVED,
voltdb,601,0,2026-08-28T15:55:56.135335+00:00,2026-08-28T15:55:56.149747+00:00,14.402618995518424,APPROVED,
postgres,602,0,2026-08-28T15:55:56.149841+00:00,2026-08-28T15:55:56.153139+00:00,3.28593299491331,APPROVED,
voltdb,602,0,2026-08-28T15:55:56.153321+00:00,2026-08-28T15:55:56.167250+00:00,13.91178100311663,APPROVED,
postgres,605,0,2026-08-28T15:55:56.167347+00:00,2026-08-28T15:55:56.169835+00:00,2.478076989063993,APPROVED,
voltdb,605,0,2026-08-28T15:55:56.169928+00:00,2026-08-28T15:55:56.185130+00:00,15.191915998002514,APPROVED,
postgres,606,0,2026-08-28T15:55:56.185313+00:00,2026-08-28T15:55:56.188493+00:00,3.167672999552451,APPROVED,
voltdb,606,0,2026-08-28T15:55:56.188562+00:00,2026-08-28T15:55:56.202963+00:00,14.392871991731226,APPROVED,
postgres,607,0,2026-08-28T15:55:56.203059+00:00,2026-08-28T15:55:56.206394+00:00,3.323472003103234,APPROVED,
voltdb,607,0,2026-08-28T15:55:56.206472+00:00,2026-08-28T15:55:56.220564+00:00,14.081307002925314,APPROVED,
postgres,609,0,2026-08-28T15:55:56.220974+00:00,2026-08-28T15:55:56.224117+00:00,3.1178359931800514,APPROVED,
voltdb,609,0,2026-08-28T15:55:56.224186+00:00,2026-08-28T15:55:56.238851+00:00,14.655304010375403,APPROVED,
postgres,610,0,2026-08-28T15:55:56.238959+00:00,2026-08-28T15:55:56.242451+00:00,3.4778789995471016,APPROVED,
voltdb,610,0,2026-08-28T15:55:56.242526+00:00,2026-08-28T15:55:56.257204+00:00,14.669424999738112,APPROVED,
postgres,611,0,2026-08-28T15:55:56.257317+00:00,2026-08-28T15:55:56.261792+00:00,4.460085998289287,APPROVED,
voltdb,611,0,2026-08-28T15:55:56.261873+00:00,2026-08-28T15:55:56.277219+00:00,15.336898999521509,APPROVED,
postgres,612,0,2026-08-28T15:55:56.277332+00:00,2026-08-28T15:55:56.281644+00:00,4.2990179936168715,APPROVED,
voltdb,612,0,2026-08-28T15:55:56.281752+00:00,2026-08-28T15:55:56.297046+00:00,15.284460998373106,APPROVED,
postgres,613,0,2026-08-28T15:55:56.297142+00:00,2026-08-28T15:55:56.300972+00:00,3.8181719864951447,APPROVED,
voltdb,613,0,2026-08-28T15:55:56.301054+00:00,2026-08-28T15:55:56.316039+00:00,14.974475998315029,APPROVED,
postgres,614,0,2026-08-28T15:55:56.316202+00:00,2026-08-28T15:55:56.319620+00:00,3.3968820062000304,APPROVED,
voltdb,614,0,2026-08-28T15:55:56.319699+00:00,2026-08-28T15:55:56.334179+00:00,14.471648988546804,APPROVED,
postgres,617,0,2026-08-28T15:55:56.334341+00:00,2026-08-28T15:55:56.337131+00:00,2.7700960054062307,APPROVED,
voltdb,617,0,2026-08-28T15:55:56.337196+00:00,2026-08-28T15:55:56.356229+00:00,19.023225991986692,APPROVED,
postgres,618,0,2026-08-28T15:55:56.356362+00:00,2026-08-28T15:55:56.360589+00:00,4.214982007397339,APPROVED,
voltdb,618,0,2026-08-28T15:55:56.360673+00:00,2026-08-28T15:55:56.380185+00:00,19.499921007081866,APPROVED,
postgres,619,0,2026-08-28T15:55:56.380372+00:00,2026-08-28T15:55:56.385897+00:00,5.505488006747328,APPROVED,
voltdb,619,0,2026-08-28T15:55:56.385984+00:00,2026-08-28T15:55:56.404624+00:00,18.630991005920805,APPROVED,
postgres,620,0,2026-08-28T15:55:56.404765+00:00,2026-08-28T15:55:56.409807+00:00,5.031433000112884,APPROVED,
voltdb,620,0,2026-08-28T15:55:56.409913+00:00,2026-08-28T15:55:56.427234+00:00,17.310957991867326,APPROVED,
postgres,621,0,2026-08-28T15:55:56.427363+00:00,2026-08-28T15:55:56.432080+00:00,4.703888000221923,REVIEW,
voltdb,621,0,2026-08-28T15:55:56.432196+00:00,2026-08-28T15:55:56.455556+00:00,23.3462540054461,REVIEW,
postgres,622,0,2026-08-28T15:55:56.455654+00:00,2026-08-28T15:55:56.459605+00:00,3.9385749987559393,APPROVED,
voltdb,622,0,2026-08-28T15:55:56.459694+00:00,2026-08-28T15:55:56.476486+00:00,16.782958002295345,APPROVED,
postgres,623,0,2026-08-28T15:55:56.476587+00:00,2026-08-28T15:55:56.480856+00:00,4.258043001755141,APPROVED,
voltdb,623,0,2026-08-28T15:55:56.480944+00:00,2026-08-28T15:55:56.496233+00:00,15.280132996849716,APPROVED,
postgres,626,0,2026-08-28T15:55:56.496341+00:00,2026-08-28T15:55:56.500200+00:00,3.8420199998654425,APPROVED,
voltdb,626,0,2026-08-28T15:55:56.500283+00:00,2026-08-28T15:55:56.514652+00:00,14.35941799718421,APPROVED,
postgres,629,0,2026-08-28T15:55:56.514820+00:00,2026-08-28T15:55:56.518105+00:00,3.2662220037309453,APPROVED,
voltdb,629,0,2026-08-28T15:55:56.518196+00:00,2026-08-28T15:55:56.532046+00:00,13.841056992532685,APPROVED,
postgres,630,0,2026-08-28T15:55:56.532153+00:00,2026-08-28T15:55:56.535916+00:00,3.7527350068558007,APPROVED,
voltdb,630,0,2026-08-28T15:55:56.535988+00:00,2026-08-28T15:55:56.549877+00:00,13.87948299816344,APPROVED,
postgres,633,0,2026-08-28T15:55:56.549977+00:00,2026-08-28T15:55:56.552710+00:00,2.7216199960093945,APPROVED,
voltdb,633,0,2026-08-28T15:55:56.552788+00:00,2026-08-28T15:55:56.567527+00:00,14.730224997038022,APPROVED,
postgres,634,0,2026-08-28T15:55:56.567665+00:00,2026-08-28T15:55:56.570554+00:00,2.8766169998561963,APPROVED,
voltdb,634,0,2026-08-28T15:55:56.570621+00:00,2026-08-28T15:55:56.584883+00:00,14.25271799962502,APPROVED,
postgres,635,0,2026-08-28T15:55:56.585066+00:00,2026-08-28T15:55:56.588731+00:00,3.65137800690718,APPROVED,
voltdb,635,0,2026-08-28T15:55:56.588802+00:00,2026-08-28T15:55:56.603620+00:00,14.808877996983938,APPROVED,
postgres,636,0,2026-08-28T15:55:56.603785+00:00,2026-08-28T15:55:56.607300+00:00,3.4983779914909974,APPROVED,
voltdb,636,0,2026-08-28T15:55:56.607377+00:00,2026-08-28T15:55:56.621187+00:00,13.800864995573647,APPROVED,
postgres,637,0,2026-08-28T15:55:56.621306+00:00,2026-08-28T15:55:56.623978+00:00,2.661917998921126,APPROVED,
voltdb,637,0,2026-08-28T15:55:56.624043+00:00,2026-08-28T15:55:56.638255+00:00,14.203161001205444,APPROVED,
postgres,638,0,2026-08-28T15:55:56.638452+00:00,2026-08-28T15:55:56.642555+00:00,4.0895610000006855,APPROVED,
voltdb,638,0,2026-08-28T15:55:56.642624+00:00,2026-08-28T15:55:56.656006+00:00,13.372942004934885,APPROVED,
postgres,639,0,2026-08-28T15:55:56.656105+00:00,2026-08-28T15:55:56.659087+00:00,2.9714599950239062,APPROVED,
voltdb,639,0,2026-08-28T15:55:56.659227+00:00,2026-08-28T15:55:56.673516+00:00,14.198831995599903,APPROVED,
postgres,640,0,2026-08-28T15:55:56.673909+00:00,2026-08-28T15:55:56.677779+00:00,3.850492008496076,REVIEW,
voltdb,640,0,2026-08-28T15:55:56.677846+00:00,2026-08-28T15:55:56.694994+00:00,17.138629002147354,REVIEW,
postgres,641,0,2026-08-28T15:55:56.695092+00:00,2026-08-28T15:55:56.697783+00:00,2.6811020070454106,APPROVED,
voltdb,641,0,2026-08-28T15:55:56.697850+00:00,2026-08-28T15:55:56.712127+00:00,14.266514001064934,APPROVED,
postgres,642,0,2026-08-28T15:55:56.712270+00:00,2026-08-28T15:55:56.716957+00:00,4.671804999816231,APPROVED,
voltdb,642,0,2026-08-28T15:55:56.717035+00:00,2026-08-28T15:55:56.730455+00:00,13.410525003564544,APPROVED,
postgres,643,0,2026-08-28T15:55:56.730581+00:00,2026-08-28T15:55:56.733941+00:00,3.345670993439853,APPROVED,
voltdb,643,0,2026-08-28T15:55:56.734054+00:00,2026-08-28T15:55:56.747771+00:00,13.705042001674883,APPROVED,
postgres,645,0,2026-08-28T15:55:56.747970+00:00,2026-08-28T15:55:56.751105+00:00,3.1229779997374862,REVIEW,
voltdb,645,0,2026-08-28T15:55:56.751171+00:00,2026-08-28T15:55:56.769276+00:00,18.095605992130004,REVIEW,
postgres,646,0,2026-08-28T15:55:56.769379+00:00,2026-08-28T15:55:56.772222+00:00,2.833769001881592,APPROVED,
voltdb,646,0,2026-08-28T15:55:56.772295+00:00,2026-08-28T15:55:56.787079+00:00,14.774459996260703,APPROVED,
postgres,647,0,2026-08-28T15:55:56.787255+00:00,2026-08-28T15:55:56.791161+00:00,3.892110995366238,APPROVED,
voltdb,647,0,2026-08-28T15:55:56.791242+00:00,2026-08-28T15:55:56.806372+00:00,15.119502000743523,APPROVED,
postgres,648,0,2026-08-28T15:55:56.806519+00:00,2026-08-28T15:55:56.810299+00:00,3.7587949918815866,APPROVED,
voltdb,648,0,2026-08-28T15:55:56.810370+00:00,2026-08-28T15:55:56.824272+00:00,13.8937790034106,APPROVED,
postgres,649,0,2026-08-28T15:55:56.824370+00:00,2026-08-28T15:55:56.827278+00:00,2.898125007050112,APPROVED,
voltdb,649,0,2026-08-28T15:55:56.827348+00:00,2026-08-28T15:55:56.843085+00:00,15.728096987004392,APPROVED,
postgres,650,0,2026-08-28T15:55:56.843185+00:00,2026-08-28T15:55:56.847081+00:00,3.8830710109323263,APPROVED,
voltdb,650,0,2026-08-28T15:55:56.847172+00:00,2026-08-28T15:55:56.861431+00:00,14.24984099867288,APPROVED,
postgres,651,0,2026-08-28T15:55:56.861527+00:00,2026-08-28T15:55:56.864134+00:00,2.5979349884437397,APPROVED,
voltdb,651,0,2026-08-28T15:55:56.864204+00:00,2026-08-28T15:55:56.878046+00:00,13.833789998898283,APPROVED,
postgres,653,0,2026-08-28T15:55:56.878142+00:00,2026-08-28T15:55:56.881634+00:00,3.481485997326672,APPROVED,
voltdb,653,0,2026-08-28T15:55:56.881775+00:00,2026-08-28T15:55:56.895984+00:00,14.19968600384891,APPROVED,
postgres,658,0,2026-08-28T15:55:56.896081+00:00,2026-08-28T15:55:56.898794+00:00,2.704312006244436,APPROVED,
voltdb,658,0,2026-08-28T15:55:56.898862+00:00,2026-08-28T15:55:56.914556+00:00,15.684886006056331,APPROVED,
postgres,659,1,2026-08-28T15:55:56.914675+00:00,2026-08-28T15:55:56.918134+00:00,3.4442329924786463,REVIEW,
voltdb,659,1,2026-08-28T15:55:56.918208+00:00,2026-08-28T15:55:56.936014+00:00,17.79762501246296,REVIEW,
postgres,660,0,2026-08-28T15:55:56.936108+00:00,2026-08-28T15:55:56.938829+00:00,2.7115099946968257,APPROVED,
voltdb,660,0,2026-08-28T15:55:56.938903+00:00,2026-08-28T15:55:56.954004+00:00,15.06548299221322,APPROVED,
postgres,661,0,2026-08-28T15:55:56.954134+00:00,2026-08-28T15:55:56.957274+00:00,3.1284639990190044,APPROVED,
voltdb,661,0,2026-08-28T15:55:56.957348+00:00,2026-08-28T15:55:56.974446+00:00,17.08978900569491,APPROVED,
postgres,662,0,2026-08-28T15:55:56.974542+00:00,2026-08-28T15:55:56.992620+00:00,18.065904994728044,APPROVED,
voltdb,662,0,2026-08-28T15:55:56.992729+00:00,2026-08-28T15:55:57.009280+00:00,16.416490005212836,APPROVED,
postgres,663,0,2026-08-28T15:55:57.009382+00:00,2026-08-28T15:55:57.013606+00:00,4.2135580006288365,APPROVED,
voltdb,663,0,2026-08-28T15:55:57.013690+00:00,2026-08-28T15:55:57.027672+00:00,13.971995009342209,APPROVED,
postgres,664,0,2026-08-28T15:55:57.027814+00:00,2026-08-28T15:55:57.051531+00:00,23.70303400675766,APPROVED,
voltdb,664,0,2026-08-28T15:55:57.051630+00:00,2026-08-28T15:55:57.066977+00:00,15.33473799645435,APPROVED,
postgres,665,0,2026-08-28T15:55:57.067091+00:00,2026-08-28T15:55:57.092478+00:00,25.373408003360964,APPROVED,
voltdb,665,0,2026-08-28T15:55:57.092570+00:00,2026-08-28T15:55:57.107980+00:00,15.399347001221031,APPROVED,
postgres,666,0,2026-08-28T15:55:57.108082+00:00,2026-08-28T15:55:57.111566+00:00,3.473785996902734,APPROVED,
voltdb,666,0,2026-08-28T15:55:57.111635+00:00,2026-08-28T15:55:57.126754+00:00,15.109225001651794,APPROVED,
postgres,667,0,2026-08-28T15:55:57.126902+00:00,2026-08-28T15:55:57.149648+00:00,22.695762003422715,APPROVED,
voltdb,667,0,2026-08-28T15:55:57.149729+00:00,2026-08-28T15:55:57.163702+00:00,13.965203004772775,APPROVED,
postgres,668,0,2026-08-28T15:55:57.163908+00:00,2026-08-28T15:55:57.167507+00:00,3.587402999983169,APPROVED,
voltdb,668,0,2026-08-28T15:55:57.167588+00:00,2026-08-28T15:55:57.181863+00:00,14.249859988922253,APPROVED,
postgres,669,0,2026-08-28T15:55:57.181993+00:00,2026-08-28T15:55:57.184828+00:00,2.8250009927432984,APPROVED,
voltdb,669,0,2026-08-28T15:55:57.184904+00:00,2026-08-28T15:55:57.198912+00:00,13.99891400069464,APPROVED,
postgres,670,0,2026-08-28T15:55:57.199023+00:00,2026-08-28T15:55:57.202236+00:00,3.200582999852486,APPROVED,
voltdb,670,0,2026-08-28T15:55:57.202308+00:00,2026-08-28T15:55:57.216419+00:00,14.102096989518031,APPROVED,
postgres,671,0,2026-08-28T15:55:57.216520+00:00,2026-08-28T15:55:57.219317+00:00,2.787089004414156,APPROVED,
voltdb,671,0,2026-08-28T15:55:57.219396+00:00,2026-08-28T15:55:57.234294+00:00,14.88725199305918,APPROVED,
postgres,673,0,2026-08-28T15:55:57.234441+00:00,2026-08-28T15:55:57.238278+00:00,3.821203004918061,APPROVED,
voltdb,673,0,2026-08-28T15:55:57.238348+00:00,2026-08-28T15:55:57.254626+00:00,16.268811988993548,APPROVED,
postgres,674,0,2026-08-28T15:55:57.254799+00:00,2026-08-28T15:55:57.258684+00:00,3.8684590108459815,APPROVED,
voltdb,674,0,2026-08-28T15:55:57.258760+00:00,2026-08-28T15:55:57.278769+00:00,19.999113996163942,APPROVED,
postgres,675,0,2026-08-28T15:55:57.278874+00:00,2026-08-28T15:55:57.284066+00:00,5.18094100698363,APPROVED,
voltdb,675,0,2026-08-28T15:55:57.284142+00:00,2026-08-28T15:55:57.302690+00:00,18.524162005633116,APPROVED,
postgres,676,0,2026-08-28T15:55:57.302858+00:00,2026-08-28T15:55:57.305738+00:00,2.8684440039796755,APPROVED,
voltdb,676,0,2026-08-28T15:55:57.305824+00:00,2026-08-28T15:55:57.321386+00:00,15.55293399724178,APPROVED,
postgres,678,0,2026-08-28T15:55:57.321485+00:00,2026-08-28T15:55:57.324584+00:00,3.0898650002200156,APPROVED,
voltdb,678,0,2026-08-28T15:55:57.324648+00:00,2026-08-28T15:55:57.339899+00:00,15.240906999679282,APPROVED,
postgres,680,0,2026-08-28T15:55:57.340128+00:00,2026-08-28T15:55:57.343982+00:00,3.8347919908119366,APPROVED,
voltdb,680,0,2026-08-28T15:55:57.344053+00:00,2026-08-28T15:55:57.357654+00:00,13.592689007055014,APPROVED,
postgres,681,0,2026-08-28T15:55:57.357755+00:00,2026-08-28T15:55:57.361194+00:00,3.4286139998584986,APPROVED,
voltdb,681,0,2026-08-28T15:55:57.361272+00:00,2026-08-28T15:55:57.375776+00:00,14.494977003778331,APPROVED,
postgres,682,0,2026-08-28T15:55:57.375941+00:00,2026-08-28T15:55:57.378797+00:00,2.8451060061343014,APPROVED,
voltdb,682,0,2026-08-28T15:55:57.378892+00:00,2026-08-28T15:55:57.394174+00:00,15.249807998770848,APPROVED,
postgres,683,0,2026-08-28T15:55:57.394380+00:00,2026-08-28T15:55:57.397324+00:00,2.929733003838919,APPROVED,
voltdb,683,0,2026-08-28T15:55:57.397389+00:00,2026-08-28T15:55:57.411662+00:00,14.263929988374002,APPROVED,
postgres,685,1,2026-08-28T15:55:57.411870+00:00,2026-08-28T15:55:57.416395+00:00,4.514728992944583,BLOCKED,
voltdb,685,1,2026-08-28T15:55:57.416465+00:00,2026-08-28T15:55:57.434497+00:00,18.022331001702696,BLOCKED,
postgres,686,0,2026-08-28T15:55:57.434632+00:00,2026-08-28T15:55:57.437744+00:00,3.1013919942779467,APPROVED,
voltdb,686,0,2026-08-28T15:55:57.437812+00:00,2026-08-28T15:55:57.452207+00:00,14.386401991941966,APPROVED,
postgres,687,0,2026-08-28T15:55:57.452366+00:00,2026-08-28T15:55:57.456026+00:00,3.6463069991441444,APPROVED,
voltdb,687,0,2026-08-28T15:55:57.456096+00:00,2026-08-28T15:55:57.470014+00:00,13.90935700328555,APPROVED,
postgres,688,0,2026-08-28T15:55:57.470138+00:00,2026-08-28T15:55:57.472928+00:00,2.7779100055340677,APPROVED,
voltdb,688,0,2026-08-28T15:55:57.473017+00:00,2026-08-28T15:55:57.488637+00:00,15.60775499092415,APPROVED,
postgres,689,0,2026-08-28T15:55:57.488942+00:00,2026-08-28T15:55:57.491764+00:00,2.811168000334874,APPROVED,
voltdb,689,0,2026-08-28T15:55:57.491840+00:00,2026-08-28T15:55:57.506363+00:00,14.513478992739692,APPROVED,
postgres,691,0,2026-08-28T15:55:57.506485+00:00,2026-08-28T15:55:57.509569+00:00,3.074307009228505,APPROVED,
voltdb,691,0,2026-08-28T15:55:57.509639+00:00,2026-08-28T15:55:57.524638+00:00,14.99025100201834,APPROVED,
postgres,692,0,2026-08-28T15:55:57.524787+00:00,2026-08-28T15:55:57.529035+00:00,4.237487999489531,APPROVED,
voltdb,692,0,2026-08-28T15:55:57.529125+00:00,2026-08-28T15:55:57.543293+00:00,14.158262012642808,APPROVED,
postgres,693,0,2026-08-28T15:55:57.543388+00:00,2026-08-28T15:55:57.546285+00:00,2.886104994104244,APPROVED,
voltdb,693,0,2026-08-28T15:55:57.546361+00:00,2026-08-28T15:55:57.561505+00:00,15.134310000576079,APPROVED,
postgres,695,0,2026-08-28T15:55:57.561600+00:00,2026-08-28T15:55:57.564413+00:00,2.80353199923411,APPROVED,
voltdb,695,0,2026-08-28T15:55:57.564478+00:00,2026-08-28T15:55:57.579192+00:00,14.702923988807015,APPROVED,
postgres,696,0,2026-08-28T15:55:57.579326+00:00,2026-08-28T15:55:57.583305+00:00,3.960539004765451,APPROVED,
voltdb,696,0,2026-08-28T15:55:57.583372+00:00,2026-08-28T15:55:57.603640+00:00,20.259893004549667,APPROVED,
postgres,697,0,2026-08-28T15:55:57.603894+00:00,2026-08-28T15:55:57.608445+00:00,4.53785399440676,REVIEW,
voltdb,697,0,2026-08-28T15:55:57.608525+00:00,2026-08-28T15:55:57.627264+00:00,18.73053499730304,REVIEW,
postgres,698,0,2026-08-28T15:55:57.627445+00:00,2026-08-28T15:55:57.630090+00:00,2.6318370073568076,APPROVED,
voltdb,698,0,2026-08-28T15:55:57.630156+00:00,2026-08-28T15:55:57.644578+00:00,14.413430995773524,APPROVED,
postgres,700,0,2026-08-28T15:55:57.644680+00:00,2026-08-28T15:55:57.649272+00:00,4.58261399762705,REVIEW,
voltdb,700,0,2026-08-28T15:55:57.649342+00:00,2026-08-28T15:55:57.667417+00:00,18.065657000988722,REVIEW,
postgres,701,0,2026-08-28T15:55:57.667536+00:00,2026-08-28T15:55:57.670488+00:00,2.9427580011542886,APPROVED,
voltdb,701,0,2026-08-28T15:55:57.670554+00:00,2026-08-28T15:55:57.685690+00:00,15.128083003219217,APPROVED,
postgres,704,0,2026-08-28T15:55:57.685792+00:00,2026-08-28T15:55:57.690037+00:00,4.100896010641009,APPROVED,
voltdb,704,0,2026-08-28T15:55:57.690108+00:00,2026-08-28T15:55:57.704505+00:00,14.387593007995747,APPROVED,
postgres,705,0,2026-08-28T15:55:57.704645+00:00,2026-08-28T15:55:57.708442+00:00,3.784406013437547,APPROVED,
voltdb,705,0,2026-08-28T15:55:57.708520+00:00,2026-08-28T15:55:57.723769+00:00,15.239660002407618,APPROVED,
postgres,706,0,2026-08-28T15:55:57.723938+00:00,2026-08-28T15:55:57.727693+00:00,3.7401260051410645,APPROVED,
voltdb,706,0,2026-08-28T15:55:57.727777+00:00,2026-08-28T15:55:57.743084+00:00,15.294935001293197,APPROVED,
postgres,707,0,2026-08-28T15:55:57.743192+00:00,2026-08-28T15:55:57.746386+00:00,3.1698759994469583,APPROVED,
voltdb,707,0,2026-08-28T15:55:57.746468+00:00,2026-08-28T15:55:57.761097+00:00,14.619105000747368,APPROVED,
postgres,709,0,2026-08-28T15:55:57.761217+00:00,2026-08-28T15:55:57.764204+00:00,2.974773000460118,APPROVED,
voltdb,709,0,2026-08-28T15:55:57.764275+00:00,2026-08-28T15:55:57.778313+00:00,14.030247999471612,APPROVED,
postgres,710,0,2026-08-28T15:55:57.778413+00:00,2026-08-28T15:55:57.782658+00:00,4.233478000969626,APPROVED,
voltdb,710,0,2026-08-28T15:55:57.782791+00:00,2026-08-28T15:55:57.796861+00:00,14.060909001273103,APPROVED,
postgres,711,0,2026-08-28T15:55:57.796960+00:00,2026-08-28T15:55:57.799941+00:00,2.9686790076084435,APPROVED,
voltdb,711,0,2026-08-28T15:55:57.800031+00:00,2026-08-28T15:55:57.814580+00:00,14.538626986905001,APPROVED,
postgres,712,0,2026-08-28T15:55:57.814684+00:00,2026-08-28T15:55:57.817420+00:00,2.7270219870842993,APPROVED,
voltdb,712,0,2026-08-28T15:55:57.817485+00:00,2026-08-28T15:55:57.831511+00:00,14.0176009881543,APPROVED,
postgres,713,0,2026-08-28T15:55:57.831616+00:00,2026-08-28T15:55:57.836623+00:00,4.993145994376391,REVIEW,
voltdb,713,0,2026-08-28T15:55:57.836761+00:00,2026-08-28T15:55:57.859296+00:00,22.522985993418843,REVIEW,
postgres,714,0,2026-08-28T15:55:57.859611+00:00,2026-08-28T15:55:57.865889+00:00,6.257886998355389,APPROVED,
voltdb,714,0,2026-08-28T15:55:57.866010+00:00,2026-08-28T15:55:57.884361+00:00,18.32786700106226,APPROVED,
postgres,715,0,2026-08-28T15:55:57.884512+00:00,2026-08-28T15:55:57.897267+00:00,12.739850993966684,APPROVED,
voltdb,715,0,2026-08-28T15:55:57.897506+00:00,2026-08-28T15:55:57.929507+00:00,31.980544998077676,APPROVED,
postgres,716,0,2026-08-28T15:55:57.929728+00:00,2026-08-28T15:55:57.934143+00:00,4.235562999383546,APPROVED,
voltdb,716,0,2026-08-28T15:55:57.934257+00:00,2026-08-28T15:55:57.951011+00:00,16.741295999963768,APPROVED,
postgres,717,0,2026-08-28T15:55:57.951106+00:00,2026-08-28T15:55:57.955310+00:00,4.190698993625119,APPROVED,
voltdb,717,0,2026-08-28T15:55:57.955443+00:00,2026-08-28T15:55:57.971537+00:00,16.075598003226332,APPROVED,
postgres,718,0,2026-08-28T15:55:57.971657+00:00,2026-08-28T15:55:57.975856+00:00,4.184592005913146,APPROVED,
voltdb,718,0,2026-08-28T15:55:57.975946+00:00,2026-08-28T15:55:57.990726+00:00,14.770938010769896,APPROVED,
postgres,719,0,2026-08-28T15:55:57.990910+00:00,2026-08-28T15:55:57.994989+00:00,4.065922999870963,APPROVED,
voltdb,719,0,2026-08-28T15:55:57.995071+00:00,2026-08-28T15:55:58.011391+00:00,16.31105100386776,APPROVED,
postgres,720,0,2026-08-28T15:55:58.011487+00:00,2026-08-28T15:55:58.016225+00:00,4.726973013021052,APPROVED,
voltdb,720,0,2026-08-28T15:55:58.016304+00:00,2026-08-28T15:55:58.032611+00:00,16.295622001052834,APPROVED,
postgres,721,0,2026-08-28T15:55:58.032876+00:00,2026-08-28T15:55:58.039544+00:00,6.648276990745217,APPROVED,
voltdb,721,0,2026-08-28T15:55:58.039663+00:00,2026-08-28T15:55:58.058039+00:00,18.363694005529396,APPROVED,
postgres,723,0,2026-08-28T15:55:58.058168+00:00,2026-08-28T15:55:58.063399+00:00,5.219936996581964,APPROVED,
voltdb,723,0,2026-08-28T15:55:58.063473+00:00,2026-08-28T15:55:58.082442+00:00,18.930648002424277,APPROVED,
postgres,724,0,2026-08-28T15:55:58.082537+00:00,2026-08-28T15:55:58.087018+00:00,4.469024002901278,APPROVED,
voltdb,724,0,2026-08-28T15:55:58.087194+00:00,2026-08-28T15:55:58.109311+00:00,22.10280401050113,APPROVED,
postgres,725,0,2026-08-28T15:55:58.109470+00:00,2026-08-28T15:55:58.120418+00:00,10.929609998129308,APPROVED,
voltdb,725,0,2026-08-28T15:55:58.120528+00:00,2026-08-28T15:55:58.156283+00:00,35.73862000484951,APPROVED,
postgres,727,0,2026-08-28T15:55:58.156449+00:00,2026-08-28T15:55:58.169257+00:00,12.773925001965836,APPROVED,
voltdb,727,0,2026-08-28T15:55:58.169630+00:00,2026-08-28T15:55:58.227233+00:00,57.580595996114425,APPROVED,
postgres,728,0,2026-08-28T15:55:58.227476+00:00,2026-08-28T15:55:58.231273+00:00,3.781508989050053,APPROVED,
voltdb,728,0,2026-08-28T15:55:58.231355+00:00,2026-08-28T15:55:58.255007+00:00,23.633595003047958,APPROVED,
postgres,729,0,2026-08-28T15:55:58.255186+00:00,2026-08-28T15:55:58.260065+00:00,4.858937987592071,APPROVED,
voltdb,729,0,2026-08-28T15:55:58.260310+00:00,2026-08-28T15:55:58.278092+00:00,17.754579996108077,APPROVED,
postgres,730,0,2026-08-28T15:55:58.278229+00:00,2026-08-28T15:55:58.284040+00:00,5.795422999653965,APPROVED,
voltdb,730,0,2026-08-28T15:55:58.284223+00:00,2026-08-28T15:55:58.305320+00:00,21.07976899424102,APPROVED,
postgres,732,0,2026-08-28T15:55:58.305426+00:00,2026-08-28T15:55:58.309425+00:00,3.9876020018709823,APPROVED,
voltdb,732,0,2026-08-28T15:55:58.309494+00:00,2026-08-28T15:55:58.330037+00:00,20.53492898994591,APPROVED,
postgres,733,0,2026-08-28T15:55:58.330191+00:00,2026-08-28T15:55:58.337427+00:00,7.1994079917203635,APPROVED,
voltdb,733,0,2026-08-28T15:55:58.337640+00:00,2026-08-28T15:55:58.374363+00:00,36.70502400200348,APPROVED,
postgres,734,0,2026-08-28T15:55:58.374624+00:00,2026-08-28T15:55:58.380310+00:00,5.660299008013681,APPROVED,
voltdb,734,0,2026-08-28T15:55:58.380580+00:00,2026-08-28T15:55:58.404732+00:00,24.127500000759028,APPROVED,
postgres,735,0,2026-08-28T15:55:58.405054+00:00,2026-08-28T15:55:58.410301+00:00,5.228612993960269,APPROVED,
voltdb,735,0,2026-08-28T15:55:58.410381+00:00,2026-08-28T15:55:58.431399+00:00,21.00968500599265,APPROVED,
postgres,736,0,2026-08-28T15:55:58.431509+00:00,2026-08-28T15:55:58.437173+00:00,5.650400009471923,APPROVED,
voltdb,736,0,2026-08-28T15:55:58.437283+00:00,2026-08-28T15:55:58.462362+00:00,25.066465997952037,APPROVED,
postgres,737,0,2026-08-28T15:55:58.462480+00:00,2026-08-28T15:55:58.466421+00:00,3.926367004169151,APPROVED,
voltdb,737,0,2026-08-28T15:55:58.466511+00:00,2026-08-28T15:55:58.490521+00:00,23.996768999495544,APPROVED,
postgres,738,0,2026-08-28T15:55:58.490930+00:00,2026-08-28T15:55:58.497207+00:00,6.250549005926587,APPROVED,
voltdb,738,0,2026-08-28T15:55:58.497355+00:00,2026-08-28T15:55:58.521949+00:00,24.575407995143905,APPROVED,
postgres,739,0,2026-08-28T15:55:58.522093+00:00,2026-08-28T15:55:58.528569+00:00,6.463281999458559,REVIEW,
voltdb,739,0,2026-08-28T15:55:58.528647+00:00,2026-08-28T15:55:58.553999+00:00,25.34143198863603,REVIEW,
postgres,740,0,2026-08-28T15:55:58.554146+00:00,2026-08-28T15:55:58.559898+00:00,5.734883001423441,APPROVED,
voltdb,740,0,2026-08-28T15:55:58.559977+00:00,2026-08-28T15:55:58.577723+00:00,17.737561007379554,APPROVED,
postgres,741,0,2026-08-28T15:55:58.578010+00:00,2026-08-28T15:55:58.582409+00:00,4.382534010801464,APPROVED,
voltdb,741,0,2026-08-28T15:55:58.582490+00:00,2026-08-28T15:55:58.602265+00:00,19.76613599981647,APPROVED,
postgres,743,0,2026-08-28T15:55:58.602433+00:00,2026-08-28T15:55:58.609093+00:00,6.6051119938492775,APPROVED,
voltdb,743,0,2026-08-28T15:55:58.609201+00:00,2026-08-28T15:55:58.630131+00:00,20.91644699976314,APPROVED,
postgres,746,0,2026-08-28T15:55:58.630281+00:00,2026-08-28T15:55:58.635606+00:00,5.308164007146843,APPROVED,
voltdb,746,0,2026-08-28T15:55:58.635712+00:00,2026-08-28T15:55:58.657297+00:00,21.57172400620766,APPROVED,
postgres,747,0,2026-08-28T15:55:58.657437+00:00,2026-08-28T15:55:58.664347+00:00,6.892682999023236,APPROVED,
voltdb,747,0,2026-08-28T15:55:58.664440+00:00,2026-08-28T15:55:58.692935+00:00,28.480736989877187,APPROVED,
postgres,749,0,2026-08-28T15:55:58.693268+00:00,2026-08-28T15:55:58.698408+00:00,5.116974003612995,APPROVED,
voltdb,749,0,2026-08-28T15:55:58.698509+00:00,2026-08-28T15:55:58.726995+00:00,28.46754099300597,APPROVED,
postgres,750,0,2026-08-28T15:55:58.727241+00:00,2026-08-28T15:55:58.732680+00:00,5.419932000222616,APPROVED,
voltdb,750,0,2026-08-28T15:55:58.732793+00:00,2026-08-28T15:55:58.758772+00:00,25.919722000253387,APPROVED,
postgres,753,0,2026-08-28T15:55:58.759005+00:00,2026-08-28T15:55:58.765149+00:00,6.123729996033944,REVIEW,
voltdb,753,0,2026-08-28T15:55:58.765359+00:00,2026-08-28T15:55:58.795398+00:00,30.01889899314847,REVIEW,
postgres,754,0,2026-08-28T15:55:58.795534+00:00,2026-08-28T15:55:58.800718+00:00,5.166824994375929,APPROVED,
voltdb,754,0,2026-08-28T15:55:58.800822+00:00,2026-08-28T15:55:58.824823+00:00,23.987224005395547,APPROVED,
postgres,755,0,2026-08-28T15:55:58.824953+00:00,2026-08-28T15:55:58.830907+00:00,5.939355003647506,APPROVED,
voltdb,755,0,2026-08-28T15:55:58.831034+00:00,2026-08-28T15:55:58.855340+00:00,24.28933000192046,APPROVED,
postgres,758,0,2026-08-28T15:55:58.855436+00:00,2026-08-28T15:55:58.860829+00:00,5.379094000090845,APPROVED,
voltdb,758,0,2026-08-28T15:55:58.860898+00:00,2026-08-28T15:55:58.882133+00:00,21.225129996309988,APPROVED,
postgres,759,0,2026-08-28T15:55:58.882258+00:00,2026-08-28T15:55:58.888728+00:00,6.4496139966649935,APPROVED,
voltdb,759,0,2026-08-28T15:55:58.888841+00:00,2026-08-28T15:55:58.910856+00:00,21.704659986426122,APPROVED,
postgres,760,0,2026-08-28T15:55:58.910957+00:00,2026-08-28T15:55:58.916897+00:00,5.818969002575614,APPROVED,
voltdb,760,0,2026-08-28T15:55:58.917041+00:00,2026-08-28T15:55:58.936660+00:00,19.603501001256518,APPROVED,
postgres,761,0,2026-08-28T15:55:58.936827+00:00,2026-08-28T15:55:58.943257+00:00,6.406173008144833,APPROVED,
voltdb,761,0,2026-08-28T15:55:58.943335+00:00,2026-08-28T15:55:58.961983+00:00,18.635763000929728,APPROVED,
postgres,762,0,2026-08-28T15:55:58.962126+00:00,2026-08-28T15:55:58.967019+00:00,4.876966995652765,APPROVED,
voltdb,762,0,2026-08-28T15:55:58.967179+00:00,2026-08-28T15:55:58.986569+00:00,19.37077200273052,APPROVED,
postgres,763,0,2026-08-28T15:55:58.986695+00:00,2026-08-28T15:55:58.991472+00:00,4.761974007124081,APPROVED,
voltdb,763,0,2026-08-28T15:55:58.991551+00:00,2026-08-28T15:55:59.011516+00:00,19.9564780050423,APPROVED,
postgres,764,0,2026-08-28T15:55:59.011629+00:00,2026-08-28T15:55:59.016167+00:00,4.519299996900372,APPROVED,
voltdb,764,0,2026-08-28T15:55:59.016302+00:00,2026-08-28T15:55:59.038201+00:00,21.862612004042603,APPROVED,
postgres,765,0,2026-08-28T15:55:59.038320+00:00,2026-08-28T15:55:59.043349+00:00,5.014570007915609,APPROVED,
voltdb,765,0,2026-08-28T15:55:59.043545+00:00,2026-08-28T15:55:59.066394+00:00,22.8292510000756,APPROVED,
postgres,766,0,2026-08-28T15:55:59.066539+00:00,2026-08-28T15:55:59.071572+00:00,5.0163949927082285,APPROVED,
voltdb,766,0,2026-08-28T15:55:59.071657+00:00,2026-08-28T15:55:59.097001+00:00,25.33139100705739,APPROVED,
postgres,767,0,2026-08-28T15:55:59.097238+00:00,2026-08-28T15:55:59.105002+00:00,7.746250004856847,APPROVED,
voltdb,767,0,2026-08-28T15:55:59.105107+00:00,2026-08-28T15:55:59.124873+00:00,19.757384987315163,APPROVED,
postgres,769,0,2026-08-28T15:55:59.124974+00:00,2026-08-28T15:55:59.131004+00:00,6.018208005116321,APPROVED,
voltdb,769,0,2026-08-28T15:55:59.131087+00:00,2026-08-28T15:55:59.154528+00:00,23.42945200507529,APPROVED,
postgres,770,0,2026-08-28T15:55:59.154643+00:00,2026-08-28T15:55:59.158877+00:00,4.2231679981341586,APPROVED,
voltdb,770,0,2026-08-28T15:55:59.158954+00:00,2026-08-28T15:55:59.178674+00:00,19.711621003807522,APPROVED,
postgres,772,0,2026-08-28T15:55:59.178809+00:00,2026-08-28T15:55:59.186338+00:00,7.517104008002207,APPROVED,
voltdb,772,0,2026-08-28T15:55:59.186427+00:00,2026-08-28T15:55:59.215021+00:00,28.5787570028333,APPROVED,
postgres,773,0,2026-08-28T15:55:59.215128+00:00,2026-08-28T15:55:59.221261+00:00,6.078694001189433,APPROVED,
voltdb,773,0,2026-08-28T15:55:59.221366+00:00,2026-08-28T15:55:59.238006+00:00,16.625869000563398,APPROVED,
postgres,774,0,2026-08-28T15:55:59.238107+00:00,2026-08-28T15:55:59.241944+00:00,3.8247940101427957,APPROVED,
voltdb,774,0,2026-08-28T15:55:59.242029+00:00,2026-08-28T15:55:59.256928+00:00,14.890147998812608,APPROVED,
postgres,775,0,2026-08-28T15:55:59.257055+00:00,2026-08-28T15:55:59.260242+00:00,3.170658994349651,APPROVED,
voltdb,775,0,2026-08-28T15:55:59.260394+00:00,2026-08-28T15:55:59.275907+00:00,15.497465996304527,APPROVED,
postgres,776,0,2026-08-28T15:55:59.276003+00:00,2026-08-28T15:55:59.278819+00:00,2.8068370011169463,APPROVED,
voltdb,776,0,2026-08-28T15:55:59.278885+00:00,2026-08-28T15:55:59.294617+00:00,15.722891999757849,APPROVED,
postgres,778,0,2026-08-28T15:55:59.294748+00:00,2026-08-28T15:55:59.297894+00:00,3.1335070088971406,APPROVED,
voltdb,778,0,2026-08-28T15:55:59.297968+00:00,2026-08-28T15:55:59.316536+00:00,18.558586001745425,APPROVED,
postgres,779,0,2026-08-28T15:55:59.316994+00:00,2026-08-28T15:55:59.320916+00:00,3.9027140010148287,APPROVED,
voltdb,779,0,2026-08-28T15:55:59.321142+00:00,2026-08-28T15:55:59.335765+00:00,14.608889992814511,APPROVED,
postgres,781,0,2026-08-28T15:55:59.336003+00:00,2026-08-28T15:55:59.339269+00:00,3.249743997002952,APPROVED,
voltdb,781,0,2026-08-28T15:55:59.339345+00:00,2026-08-28T15:55:59.355389+00:00,16.030729995691217,APPROVED,
postgres,782,0,2026-08-28T15:55:59.355494+00:00,2026-08-28T15:55:59.358250+00:00,2.7465370076242834,APPROVED,
voltdb,782,0,2026-08-28T15:55:59.358319+00:00,2026-08-28T15:55:59.373924+00:00,15.594983997289091,APPROVED,
postgres,783,0,2026-08-28T15:55:59.374141+00:00,2026-08-28T15:55:59.377557+00:00,3.3979310101130977,APPROVED,
voltdb,783,0,2026-08-28T15:55:59.377624+00:00,2026-08-28T15:55:59.394166+00:00,16.53280200844165,APPROVED,
postgres,784,0,2026-08-28T15:55:59.394324+00:00,2026-08-28T15:55:59.397341+00:00,3.0046129977563396,APPROVED,
voltdb,784,0,2026-08-28T15:55:59.397412+00:00,2026-08-28T15:55:59.412669+00:00,15.24854100716766,APPROVED,
postgres,785,1,2026-08-28T15:55:59.412900+00:00,2026-08-28T15:55:59.417649+00:00,4.737201001262292,BLOCKED,
voltdb,785,1,2026-08-28T15:55:59.417730+00:00,2026-08-28T15:55:59.442698+00:00,24.958469992270693,BLOCKED,
postgres,788,0,2026-08-28T15:55:59.442974+00:00,2026-08-28T15:55:59.447781+00:00,4.788595993886702,REVIEW,
voltdb,788,0,2026-08-28T15:55:59.447889+00:00,2026-08-28T15:55:59.471641+00:00,23.736984003335238,REVIEW,
postgres,789,0,2026-08-28T15:55:59.471732+00:00,2026-08-28T15:55:59.476511+00:00,4.767709004227072,APPROVED,
voltdb,789,0,2026-08-28T15:55:59.476591+00:00,2026-08-28T15:55:59.494891+00:00,18.290484993485734,APPROVED,
postgres,791,0,2026-08-28T15:55:59.494993+00:00,2026-08-28T15:55:59.498990+00:00,3.985627001384273,APPROVED,
voltdb,791,0,2026-08-28T15:55:59.499066+00:00,2026-08-28T15:55:59.516352+00:00,17.275316000450402,APPROVED,
postgres,792,0,2026-08-28T15:55:59.516552+00:00,2026-08-28T15:55:59.520352+00:00,3.783142994507216,APPROVED,
voltdb,792,0,2026-08-28T15:55:59.520455+00:00,2026-08-28T15:55:59.538337+00:00,17.8697520022979,APPROVED,
postgres,793,0,2026-08-28T15:55:59.538446+00:00,2026-08-28T15:55:59.543746+00:00,5.285667997668497,APPROVED,
voltdb,793,0,2026-08-28T15:55:59.543819+00:00,2026-08-28T15:55:59.558405+00:00,14.577085996279493,APPROVED,
postgres,795,0,2026-08-28T15:55:59.558537+00:00,2026-08-28T15:55:59.562117+00:00,3.5679889988387004,APPROVED,
voltdb,795,0,2026-08-28T15:55:59.562188+00:00,2026-08-28T15:55:59.576287+00:00,14.088048003031872,APPROVED,
postgres,797,0,2026-08-28T15:55:59.576391+00:00,2026-08-28T15:55:59.579066+00:00,2.665336010977626,APPROVED,
voltdb,797,0,2026-08-28T15:55:59.579135+00:00,2026-08-28T15:55:59.594878+00:00,15.734672007965855,APPROVED,
postgres,798,0,2026-08-28T15:55:59.594996+00:00,2026-08-28T15:55:59.598389+00:00,3.3805359998950735,APPROVED,
voltdb,798,0,2026-08-28T15:55:59.598457+00:00,2026-08-28T15:55:59.612813+00:00,14.345242991112173,APPROVED,
postgres,799,0,2026-08-28T15:55:59.612962+00:00,2026-08-28T15:55:59.616222+00:00,3.246548993047327,APPROVED,
voltdb,799,0,2026-08-28T15:55:59.616293+00:00,2026-08-28T15:55:59.630858+00:00,14.557574002537876,APPROVED,
postgres,801,0,2026-08-28T15:55:59.630956+00:00,2026-08-28T15:55:59.635180+00:00,4.212915999232791,APPROVED,
voltdb,801,0,2026-08-28T15:55:59.635306+00:00,2026-08-28T15:55:59.650059+00:00,14.739170001121238,APPROVED,
postgres,803,0,2026-08-28T15:55:59.650169+00:00,2026-08-28T15:55:59.653195+00:00,3.016996997757815,APPROVED,
voltdb,803,0,2026-08-28T15:55:59.653266+00:00,2026-08-28T15:55:59.667484+00:00,14.208218999556266,APPROVED,
postgres,805,0,2026-08-28T15:55:59.667630+00:00,2026-08-28T15:55:59.670601+00:00,2.9608650074806064,APPROVED,
voltdb,805,0,2026-08-28T15:55:59.670667+00:00,2026-08-28T15:55:59.684753+00:00,14.072399004362524,APPROVED,
postgres,806,0,2026-08-28T15:55:59.684887+00:00,2026-08-28T15:55:59.688514+00:00,3.616550995502621,APPROVED,
voltdb,806,0,2026-08-28T15:55:59.688591+00:00,2026-08-28T15:55:59.702452+00:00,13.851897994754836,APPROVED,
postgres,807,0,2026-08-28T15:55:59.702556+00:00,2026-08-28T15:55:59.705387+00:00,2.8199189982842654,APPROVED,
voltdb,807,0,2026-08-28T15:55:59.705461+00:00,2026-08-28T15:55:59.719939+00:00,14.46806499734521,APPROVED,
postgres,809,0,2026-08-28T15:55:59.720067+00:00,2026-08-28T15:55:59.723642+00:00,3.559280012268573,APPROVED,
voltdb,809,0,2026-08-28T15:55:59.723775+00:00,2026-08-28T15:55:59.737935+00:00,14.148211004794575,APPROVED,
postgres,810,0,2026-08-28T15:55:59.738031+00:00,2026-08-28T15:55:59.742932+00:00,4.889576986897737,APPROVED,
voltdb,810,0,2026-08-28T15:55:59.743011+00:00,2026-08-28T15:55:59.758257+00:00,15.237081999657676,APPROVED,
postgres,811,0,2026-08-28T15:55:59.758360+00:00,2026-08-28T15:55:59.762523+00:00,4.151516011916101,REVIEW,
voltdb,811,0,2026-08-28T15:55:59.762594+00:00,2026-08-28T15:55:59.779848+00:00,17.24304200615734,REVIEW,
postgres,812,0,2026-08-28T15:55:59.780132+00:00,2026-08-28T15:55:59.784395+00:00,4.245111005729996,APPROVED,
voltdb,812,0,2026-08-28T15:55:59.784460+00:00,2026-08-28T15:55:59.798510+00:00,14.040745998499915,APPROVED,
postgres,814,0,2026-08-28T15:55:59.798611+00:00,2026-08-28T15:55:59.802229+00:00,3.6072490038350224,APPROVED,
voltdb,814,0,2026-08-28T15:55:59.802303+00:00,2026-08-28T15:55:59.816395+00:00,14.083350004511885,APPROVED,
postgres,816,0,2026-08-28T15:55:59.816505+00:00,2026-08-28T15:55:59.819077+00:00,2.563011003076099,APPROVED,
voltdb,816,0,2026-08-28T15:55:59.819144+00:00,2026-08-28T15:55:59.833622+00:00,14.469301997451112,APPROVED,
postgres,817,0,2026-08-28T15:55:59.833894+00:00,2026-08-28T15:55:59.837310+00:00,3.3945409959414974,APPROVED,
voltdb,817,0,2026-08-28T15:55:59.837375+00:00,2026-08-28T15:55:59.851333+00:00,13.949252999736927,APPROVED,
postgres,822,0,2026-08-28T15:55:59.851446+00:00,2026-08-28T15:55:59.854712+00:00,3.2551140029681846,REVIEW,
voltdb,822,0,2026-08-28T15:55:59.854795+00:00,2026-08-28T15:55:59.871427+00:00,16.62177599791903,REVIEW,
postgres,823,0,2026-08-28T15:55:59.871533+00:00,2026-08-28T15:55:59.875040+00:00,3.4957020106958225,APPROVED,
voltdb,823,0,2026-08-28T15:55:59.875131+00:00,2026-08-28T15:55:59.888116+00:00,12.975627003470436,APPROVED,
postgres,824,0,2026-08-28T15:55:59.888234+00:00,2026-08-28T15:55:59.891535+00:00,3.2871400035219267,APPROVED,
voltdb,824,0,2026-08-28T15:55:59.891602+00:00,2026-08-28T15:55:59.906260+00:00,14.593226995202713,APPROVED,
postgres,825,0,2026-08-28T15:55:59.906370+00:00,2026-08-28T15:55:59.909523+00:00,3.141229011816904,APPROVED,
voltdb,825,0,2026-08-28T15:55:59.909594+00:00,2026-08-28T15:55:59.924060+00:00,14.457978002610616,APPROVED,
postgres,826,0,2026-08-28T15:55:59.924172+00:00,2026-08-28T15:55:59.927649+00:00,3.464212000835687,APPROVED,
voltdb,826,0,2026-08-28T15:55:59.927826+00:00,2026-08-28T15:55:59.942646+00:00,14.806907012825832,APPROVED,
postgres,828,0,2026-08-28T15:55:59.942785+00:00,2026-08-28T15:55:59.945354+00:00,2.559206011937931,APPROVED,
voltdb,828,0,2026-08-28T15:55:59.945418+00:00,2026-08-28T15:55:59.958998+00:00,13.571000992669724,APPROVED,
postgres,831,0,2026-08-28T15:55:59.959096+00:00,2026-08-28T15:55:59.963417+00:00,4.3111470004078,APPROVED,
voltdb,831,0,2026-08-28T15:55:59.963486+00:00,2026-08-28T15:55:59.977468+00:00,13.972650005598553,APPROVED,
postgres,832,0,2026-08-28T15:55:59.977579+00:00,2026-08-28T15:55:59.980780+00:00,3.1864589982433245,APPROVED,
voltdb,832,0,2026-08-28T15:55:59.981012+00:00,2026-08-28T15:55:59.995085+00:00,14.025486001628451,APPROVED,
postgres,835,0,2026-08-28T15:55:59.995191+00:00,2026-08-28T15:55:59.997793+00:00,2.592631004517898,APPROVED,
voltdb,835,0,2026-08-28T15:55:59.997860+00:00,2026-08-28T15:56:00.016292+00:00,18.423039990011603,APPROVED,
postgres,837,0,2026-08-28T15:56:00.016386+00:00,2026-08-28T15:56:00.019104+00:00,2.70804698811844,APPROVED,
voltdb,837,0,2026-08-28T15:56:00.019172+00:00,2026-08-28T15:56:00.034332+00:00,15.136064001126215,APPROVED,
postgres,838,0,2026-08-28T15:56:00.034663+00:00,2026-08-28T15:56:00.037861+00:00,3.176260011969134,APPROVED,
voltdb,838,0,2026-08-28T15:56:00.037932+00:00,2026-08-28T15:56:00.052049+00:00,14.107631999650039,APPROVED,
postgres,839,0,2026-08-28T15:56:00.052148+00:00,2026-08-28T15:56:00.055429+00:00,3.270825996878557,APPROVED,
voltdb,839,0,2026-08-28T15:56:00.055503+00:00,2026-08-28T15:56:00.069408+00:00,13.89586299774237,APPROVED,
postgres,841,0,2026-08-28T15:56:00.069606+00:00,2026-08-28T15:56:00.072330+00:00,2.7125479973619804,APPROVED,
voltdb,841,0,2026-08-28T15:56:00.072396+00:00,2026-08-28T15:56:00.087181+00:00,14.776153999264352,APPROVED,
postgres,842,0,2026-08-28T15:56:00.087318+00:00,2026-08-28T15:56:00.091074+00:00,3.737589009688236,APPROVED,
voltdb,842,0,2026-08-28T15:56:00.091155+00:00,2026-08-28T15:56:00.105040+00:00,13.874823009246029,APPROVED,
postgres,844,0,2026-08-28T15:56:00.105133+00:00,2026-08-28T15:56:00.108184+00:00,3.039395989617333,APPROVED,
voltdb,844,0,2026-08-28T15:56:00.108264+00:00,2026-08-28T15:56:00.122024+00:00,13.750673999311402,APPROVED,
postgres,846,0,2026-08-28T15:56:00.122176+00:00,2026-08-28T15:56:00.124979+00:00,2.789365011267364,APPROVED,
voltdb,846,0,2026-08-28T15:56:00.125043+00:00,2026-08-28T15:56:00.138383+00:00,13.33077100571245,APPROVED,
postgres,848,0,2026-08-28T15:56:00.138488+00:00,2026-08-28T15:56:00.143681+00:00,5.181797998375259,REVIEW,
voltdb,848,0,2026-08-28T15:56:00.143840+00:00,2026-08-28T15:56:00.166242+00:00,22.39226699748542,REVIEW,
postgres,849,0,2026-08-28T15:56:00.166358+00:00,2026-08-28T15:56:00.170280+00:00,3.9111829973990098,APPROVED,
voltdb,849,0,2026-08-28T15:56:00.170347+00:00,2026-08-28T15:56:00.184213+00:00,13.857547994120978,APPROVED,
postgres,850,0,2026-08-28T15:56:00.184323+00:00,2026-08-28T15:56:00.188096+00:00,3.7624340038746595,REVIEW,
voltdb,850,0,2026-08-28T15:56:00.188174+00:00,2026-08-28T15:56:00.205039+00:00,16.85538300080225,REVIEW,
postgres,851,0,2026-08-28T15:56:00.205134+00:00,2026-08-28T15:56:00.208333+00:00,3.187801004969515,APPROVED,
voltdb,851,0,2026-08-28T15:56:00.208415+00:00,2026-08-28T15:56:00.223811+00:00,15.385858991066925,APPROVED,
postgres,852,0,2026-08-28T15:56:00.223941+00:00,2026-08-28T15:56:00.226918+00:00,2.960871992399916,APPROVED,
voltdb,852,0,2026-08-28T15:56:00.226992+00:00,2026-08-28T15:56:00.242303+00:00,15.301723004085943,APPROVED,
postgres,853,0,2026-08-28T15:56:00.242399+00:00,2026-08-28T15:56:00.245394+00:00,2.9858500056434423,REVIEW,
voltdb,853,0,2026-08-28T15:56:00.245458+00:00,2026-08-28T15:56:00.263687+00:00,18.207711007562466,REVIEW,
postgres,854,0,2026-08-28T15:56:00.263812+00:00,2026-08-28T15:56:00.266588+00:00,2.76591899455525,APPROVED,
voltdb,854,0,2026-08-28T15:56:00.266659+00:00,2026-08-28T15:56:00.280373+00:00,13.704561002668925,APPROVED,
postgres,855,0,2026-08-28T15:56:00.280551+00:00,2026-08-28T15:56:00.287661+00:00,7.065907993819565,REVIEW,
voltdb,855,0,2026-08-28T15:56:00.287744+00:00,2026-08-28T15:56:00.305186+00:00,17.433008004445583,REVIEW,
postgres,856,0,2026-08-28T15:56:00.305295+00:00,2026-08-28T15:56:00.308605+00:00,3.298689000075683,APPROVED,
voltdb,856,0,2026-08-28T15:56:00.308682+00:00,2026-08-28T15:56:00.323286+00:00,14.595457003451884,APPROVED,
postgres,857,0,2026-08-28T15:56:00.323388+00:00,2026-08-28T15:56:00.326120+00:00,2.7233339933445677,APPROVED,
voltdb,857,0,2026-08-28T15:56:00.326186+00:00,2026-08-28T15:56:00.339910+00:00,13.712230997043662,APPROVED,
postgres,858,0,2026-08-28T15:56:00.340023+00:00,2026-08-28T15:56:00.344475+00:00,4.4392859999788925,APPROVED,
voltdb,858,0,2026-08-28T15:56:00.344552+00:00,2026-08-28T15:56:00.358370+00:00,13.808946998324245,APPROVED,
postgres,860,0,2026-08-28T15:56:00.358464+00:00,2026-08-28T15:56:00.362027+00:00,3.551332003553398,APPROVED,
voltdb,860,0,2026-08-28T15:56:00.362106+00:00,2026-08-28T15:56:00.375425+00:00,13.309506990481168,APPROVED,
postgres,861,0,2026-08-28T15:56:00.375540+00:00,2026-08-28T15:56:00.378175+00:00,2.6251870003761724,APPROVED,
voltdb,861,0,2026-08-28T15:56:00.378242+00:00,2026-08-28T15:56:00.392702+00:00,14.451330003794283,APPROVED,
postgres,862,0,2026-08-28T15:56:00.392830+00:00,2026-08-28T15:56:00.396507+00:00,3.6670720000984147,APPROVED,
voltdb,862,0,2026-08-28T15:56:00.396576+00:00,2026-08-28T15:56:00.410189+00:00,13.604898995254189,APPROVED,
postgres,863,0,2026-08-28T15:56:00.410297+00:00,2026-08-28T15:56:00.413040+00:00,2.7330960001563653,APPROVED,
voltdb,863,0,2026-08-28T15:56:00.413142+00:00,2026-08-28T15:56:00.429062+00:00,15.91063299565576,APPROVED,
postgres,864,0,2026-08-28T15:56:00.429176+00:00,2026-08-28T15:56:00.432034+00:00,2.846887000487186,APPROVED,
voltdb,864,0,2026-08-28T15:56:00.432102+00:00,2026-08-28T15:56:00.445840+00:00,13.728898004046641,APPROVED,
postgres,866,0,2026-08-28T15:56:00.445933+00:00,2026-08-28T15:56:00.449768+00:00,3.825973006314598,APPROVED,
voltdb,866,0,2026-08-28T15:56:00.449839+00:00,2026-08-28T15:56:00.463684+00:00,13.836724989232607,APPROVED,
postgres,867,1,2026-08-28T15:56:00.463881+00:00,2026-08-28T15:56:00.466954+00:00,3.060684000956826,REVIEW,
voltdb,867,1,2026-08-28T15:56:00.467026+00:00,2026-08-28T15:56:00.484781+00:00,17.74532200943213,REVIEW,
postgres,868,0,2026-08-28T15:56:00.484878+00:00,2026-08-28T15:56:00.488876+00:00,3.9872369961813092,APPROVED,
voltdb,868,0,2026-08-28T15:56:00.488954+00:00,2026-08-28T15:56:00.505137+00:00,16.174358999705873,APPROVED,
postgres,871,0,2026-08-28T15:56:00.505248+00:00,2026-08-28T15:56:00.509002+00:00,3.7378870038082823,APPROVED,
voltdb,871,0,2026-08-28T15:56:00.509082+00:00,2026-08-28T15:56:00.524443+00:00,15.351797002949752,APPROVED,
postgres,872,0,2026-08-28T15:56:00.524538+00:00,2026-08-28T15:56:00.528563+00:00,4.012994992081076,APPROVED,
voltdb,872,0,2026-08-28T15:56:00.528650+00:00,2026-08-28T15:56:00.543078+00:00,14.418755992664956,APPROVED,
postgres,873,0,2026-08-28T15:56:00.543177+00:00,2026-08-28T15:56:00.545870+00:00,2.6840690115932375,APPROVED,
voltdb,873,0,2026-08-28T15:56:00.545937+00:00,2026-08-28T15:56:00.559763+00:00,13.756301006651483,APPROVED,
postgres,874,0,2026-08-28T15:56:00.559945+00:00,2026-08-28T15:56:00.563951+00:00,3.9935670065460727,APPROVED,
voltdb,874,0,2026-08-28T15:56:00.564020+00:00,2026-08-28T15:56:00.577330+00:00,13.302059000125155,APPROVED,
postgres,875,0,2026-08-28T15:56:00.577432+00:00,2026-08-28T15:56:00.580714+00:00,3.2694219989934936,APPROVED,
voltdb,875,0,2026-08-28T15:56:00.581301+00:00,2026-08-28T15:56:00.595473+00:00,14.148920003208332,APPROVED,
postgres,876,0,2026-08-28T15:56:00.595573+00:00,2026-08-28T15:56:00.598916+00:00,3.3325060066999868,APPROVED,
voltdb,876,0,2026-08-28T15:56:00.598988+00:00,2026-08-28T15:56:00.613242+00:00,14.244987003621645,APPROVED,
postgres,877,0,2026-08-28T15:56:00.613340+00:00,2026-08-28T15:56:00.616580+00:00,3.2302800100296736,APPROVED,
voltdb,877,0,2026-08-28T15:56:00.616650+00:00,2026-08-28T15:56:00.630939+00:00,14.280838004196994,APPROVED,
postgres,878,1,2026-08-28T15:56:00.631135+00:00,2026-08-28T15:56:00.634558+00:00,3.385806005098857,BLOCKED,
voltdb,878,1,2026-08-28T15:56:00.634681+00:00,2026-08-28T15:56:00.652323+00:00,17.606401990633458,BLOCKED,
postgres,879,0,2026-08-28T15:56:00.652420+00:00,2026-08-28T15:56:00.655576+00:00,3.1457290024263784,APPROVED,
voltdb,879,0,2026-08-28T15:56:00.655655+00:00,2026-08-28T15:56:00.669583+00:00,13.919431003159843,APPROVED,
postgres,880,0,2026-08-28T15:56:00.669687+00:00,2026-08-28T15:56:00.672341+00:00,2.550840988988057,APPROVED,
voltdb,880,0,2026-08-28T15:56:00.672406+00:00,2026-08-28T15:56:00.686737+00:00,14.262491997214966,APPROVED,
postgres,882,0,2026-08-28T15:56:00.687005+00:00,2026-08-28T15:56:00.691178+00:00,4.158234994974919,APPROVED,
voltdb,882,0,2026-08-28T15:56:00.691262+00:00,2026-08-28T15:56:00.706201+00:00,14.93070500146132,APPROVED,
postgres,886,0,2026-08-28T15:56:00.706305+00:00,2026-08-28T15:56:00.709794+00:00,3.479089995380491,APPROVED,
voltdb,886,0,2026-08-28T15:56:00.709865+00:00,2026-08-28T15:56:00.724190+00:00,14.316986009362154,APPROVED,
postgres,887,0,2026-08-28T15:56:00.724306+00:00,2026-08-28T15:56:00.727297+00:00,2.977464988362044,APPROVED,
voltdb,887,0,2026-08-28T15:56:00.727465+00:00,2026-08-28T15:56:00.747262+00:00,19.78147600311786,APPROVED,
postgres,888,0,2026-08-28T15:56:00.747362+00:00,2026-08-28T15:56:00.752428+00:00,5.0549940060591325,APPROVED,
voltdb,888,0,2026-08-28T15:56:00.752498+00:00,2026-08-28T15:56:00.771893+00:00,19.348368994542398,APPROVED,
postgres,889,0,2026-08-28T15:56:00.772061+00:00,2026-08-28T15:56:00.775585+00:00,3.5134270001435652,APPROVED,
voltdb,889,0,2026-08-28T15:56:00.775662+00:00,2026-08-28T15:56:00.790734+00:00,15.013436001027003,APPROVED,
postgres,890,0,2026-08-28T15:56:00.790814+00:00,2026-08-28T15:56:00.794122+00:00,3.293991001555696,APPROVED,
voltdb,890,0,2026-08-28T15:56:00.794306+00:00,2026-08-28T15:56:00.808381+00:00,14.06228300766088,APPROVED,
postgres,891,0,2026-08-28T15:56:00.808496+00:00,2026-08-28T15:56:00.811835+00:00,3.326776990434155,APPROVED,
voltdb,891,0,2026-08-28T15:56:00.811902+00:00,2026-08-28T15:56:00.825685+00:00,13.774268998531625,APPROVED,
postgres,892,0,2026-08-28T15:56:00.825978+00:00,2026-08-28T15:56:00.830170+00:00,4.1748880030354485,APPROVED,
voltdb,892,0,2026-08-28T15:56:00.830250+00:00,2026-08-28T15:56:00.845367+00:00,15.10756099014543,APPROVED,
postgres,893,0,2026-08-28T15:56:00.845474+00:00,2026-08-28T15:56:00.850006+00:00,4.516996996244416,APPROVED,
voltdb,893,0,2026-08-28T15:56:00.850091+00:00,2026-08-28T15:56:00.865517+00:00,15.412368986289948,APPROVED,
postgres,894,0,2026-08-28T15:56:00.865618+00:00,2026-08-28T15:56:00.869393+00:00,3.7638290086761117,APPROVED,
voltdb,894,0,2026-08-28T15:56:00.869473+00:00,2026-08-28T15:56:00.886234+00:00,16.75220399920363,APPROVED,
postgres,895,0,2026-08-28T15:56:00.886351+00:00,2026-08-28T15:56:00.892646+00:00,6.279034001636319,APPROVED,
voltdb,895,0,2026-08-28T15:56:00.892834+00:00,2026-08-28T15:56:00.910104+00:00,17.26020900241565,APPROVED,
postgres,896,0,2026-08-28T15:56:00.910200+00:00,2026-08-28T15:56:00.913608+00:00,3.3965579932555556,APPROVED,
voltdb,896,0,2026-08-28T15:56:00.913859+00:00,2026-08-28T15:56:00.931373+00:00,17.481788992881775,APPROVED,
postgres,897,0,2026-08-28T15:56:00.931478+00:00,2026-08-28T15:56:00.935946+00:00,4.45609400048852,APPROVED,
voltdb,897,0,2026-08-28T15:56:00.936025+00:00,2026-08-28T15:56:00.952611+00:00,16.577726011746563,APPROVED,
postgres,898,1,2026-08-28T15:56:00.952723+00:00,2026-08-28T15:56:00.958047+00:00,5.311189001076855,BLOCKED,
voltdb,898,1,2026-08-28T15:56:00.958122+00:00,2026-08-28T15:56:00.979593+00:00,21.462571996380575,BLOCKED,
postgres,899,0,2026-08-28T15:56:00.979711+00:00,2026-08-28T15:56:00.986142+00:00,6.4190679986495525,APPROVED,
voltdb,899,0,2026-08-28T15:56:00.986249+00:00,2026-08-28T15:56:01.005492+00:00,19.234416002291255,APPROVED,
postgres,900,0,2026-08-28T15:56:01.005593+00:00,2026-08-28T15:56:01.011211+00:00,5.601996992481872,APPROVED,
voltdb,900,0,2026-08-28T15:56:01.011290+00:00,2026-08-28T15:56:01.027640+00:00,16.33970699913334,APPROVED,
postgres,901,0,2026-08-28T15:56:01.027774+00:00,2026-08-28T15:56:01.031633+00:00,3.842715988866985,APPROVED,
voltdb,901,0,2026-08-28T15:56:01.031707+00:00,2026-08-28T15:56:01.046834+00:00,15.11105999816209,APPROVED,
postgres,902,0,2026-08-28T15:56:01.047115+00:00,2026-08-28T15:56:01.052340+00:00,5.107924996991642,APPROVED,
voltdb,902,0,2026-08-28T15:56:01.052415+00:00,2026-08-28T15:56:01.070229+00:00,17.805067996960133,APPROVED,
postgres,903,0,2026-08-28T15:56:01.070349+00:00,2026-08-28T15:56:01.075017+00:00,4.651434006518684,APPROVED,
voltdb,903,0,2026-08-28T15:56:01.075139+00:00,2026-08-28T15:56:01.094511+00:00,19.354657997610047,APPROVED,
postgres,904,0,2026-08-28T15:56:01.094678+00:00,2026-08-28T15:56:01.099756+00:00,5.059363000327721,REVIEW,
voltdb,904,0,2026-08-28T15:56:01.099830+00:00,2026-08-28T15:56:01.122490+00:00,22.64839399140328,REVIEW,
postgres,905,0,2026-08-28T15:56:01.122843+00:00,2026-08-28T15:56:01.126704+00:00,3.8395489973481745,APPROVED,
voltdb,905,0,2026-08-28T15:56:01.126784+00:00,2026-08-28T15:56:01.146057+00:00,19.262239002273418,APPROVED,
postgres,906,0,2026-08-28T15:56:01.146166+00:00,2026-08-28T15:56:01.150452+00:00,4.274730003089644,APPROVED,
voltdb,906,0,2026-08-28T15:56:01.150530+00:00,2026-08-28T15:56:01.168977+00:00,18.435213991324417,APPROVED,
postgres,909,0,2026-08-28T15:56:01.169108+00:00,2026-08-28T15:56:01.172797+00:00,3.6723380035255104,APPROVED,
voltdb,909,0,2026-08-28T15:56:01.172879+00:00,2026-08-28T15:56:01.191170+00:00,18.28207900689449,APPROVED,
postgres,910,0,2026-08-28T15:56:01.191266+00:00,2026-08-28T15:56:01.195162+00:00,3.8848499971209094,APPROVED,
voltdb,910,0,2026-08-28T15:56:01.195289+00:00,2026-08-28T15:56:01.212431+00:00,17.1286460099509,APPROVED,
postgres,911,0,2026-08-28T15:56:01.212528+00:00,2026-08-28T15:56:01.216557+00:00,4.018131003249437,APPROVED,
voltdb,911,0,2026-08-28T15:56:01.216633+00:00,2026-08-28T15:56:01.233601+00:00,16.959190004854463,APPROVED,
postgres,913,0,2026-08-28T15:56:01.233697+00:00,2026-08-28T15:56:01.238916+00:00,5.20707099349238,APPROVED,
voltdb,913,0,2026-08-28T15:56:01.238999+00:00,2026-08-28T15:56:01.256455+00:00,17.44760099973064,APPROVED,
postgres,914,0,2026-08-28T15:56:01.256557+00:00,2026-08-28T15:56:01.261600+00:00,5.029976993682794,APPROVED,
voltdb,914,0,2026-08-28T15:56:01.261878+00:00,2026-08-28T15:56:01.281273+00:00,19.371700996998698,APPROVED,
postgres,915,0,2026-08-28T15:56:01.281425+00:00,2026-08-28T15:56:01.285344+00:00,3.9035100053297356,APPROVED,
voltdb,915,0,2026-08-28T15:56:01.285419+00:00,2026-08-28T15:56:01.301376+00:00,15.946168001391925,APPROVED,
postgres,916,0,2026-08-28T15:56:01.301600+00:00,2026-08-28T15:56:01.307554+00:00,5.91915899713058,APPROVED,
voltdb,916,0,2026-08-28T15:56:01.307633+00:00,2026-08-28T15:56:01.325198+00:00,17.55603500350844,APPROVED,
postgres,918,0,2026-08-28T15:56:01.325301+00:00,2026-08-28T15:56:01.330088+00:00,4.774842003826052,APPROVED,
voltdb,918,0,2026-08-28T15:56:01.330213+00:00,2026-08-28T15:56:01.348339+00:00,18.116086997906677,APPROVED,
postgres,921,0,2026-08-28T15:56:01.348657+00:00,2026-08-28T15:56:01.353410+00:00,4.722156998468563,APPROVED,
voltdb,921,0,2026-08-28T15:56:01.353485+00:00,2026-08-28T15:56:01.371991+00:00,18.494839998311363,APPROVED,
postgres,922,0,2026-08-28T15:56:01.372087+00:00,2026-08-28T15:56:01.376637+00:00,4.5363100070972,APPROVED,
voltdb,922,0,2026-08-28T15:56:01.376797+00:00,2026-08-28T15:56:01.393799+00:00,16.99182800075505,APPROVED,
postgres,924,0,2026-08-28T15:56:01.393992+00:00,2026-08-28T15:56:01.399136+00:00,5.130158999236301,APPROVED,
voltdb,924,0,2026-08-28T15:56:01.399211+00:00,2026-08-28T15:56:01.415846+00:00,16.625825999653898,APPROVED,
postgres,925,0,2026-08-28T15:56:01.416029+00:00,2026-08-28T15:56:01.419480+00:00,3.4167929989052936,APPROVED,
voltdb,925,0,2026-08-28T15:56:01.419555+00:00,2026-08-28T15:56:01.439479+00:00,19.91442800499499,APPROVED,
postgres,926,0,2026-08-28T15:56:01.439601+00:00,2026-08-28T15:56:01.444713+00:00,5.0989910087082535,APPROVED,
voltdb,926,0,2026-08-28T15:56:01.444793+00:00,2026-08-28T15:56:01.462782+00:00,17.978523988858797,APPROVED,
postgres,928,0,2026-08-28T15:56:01.462975+00:00,2026-08-28T15:56:01.466976+00:00,3.984919996582903,APPROVED,
voltdb,928,0,2026-08-28T15:56:01.467052+00:00,2026-08-28T15:56:01.485579+00:00,18.518768993089907,APPROVED,
postgres,929,0,2026-08-28T15:56:01.485678+00:00,2026-08-28T15:56:01.490600+00:00,4.909326991764829,APPROVED,
voltdb,929,0,2026-08-28T15:56:01.490706+00:00,2026-08-28T15:56:01.507513+00:00,16.741230007028207,APPROVED,
postgres,931,0,2026-08-28T15:56:01.507644+00:00,2026-08-28T15:56:01.512116+00:00,4.458331997739151,APPROVED,
voltdb,931,0,2026-08-28T15:56:01.512201+00:00,2026-08-28T15:56:01.538585+00:00,26.369501996668987,APPROVED,
postgres,932,0,2026-08-28T15:56:01.538733+00:00,2026-08-28T15:56:01.546997+00:00,8.24798499525059,APPROVED,
voltdb,932,0,2026-08-28T15:56:01.547097+00:00,2026-08-28T15:56:01.572214+00:00,25.10542600066401,APPROVED,
postgres,933,0,2026-08-28T15:56:01.572359+00:00,2026-08-28T15:56:01.578989+00:00,6.612747005419806,REVIEW,
voltdb,933,0,2026-08-28T15:56:01.579112+00:00,2026-08-28T15:56:01.605103+00:00,25.97714999865275,REVIEW,
postgres,938,0,2026-08-28T15:56:01.605201+00:00,2026-08-28T15:56:01.610999+00:00,5.787335001514293,APPROVED,
voltdb,938,0,2026-08-28T15:56:01.611166+00:00,2026-08-28T15:56:01.629984+00:00,18.80772200820502,APPROVED,
postgres,940,0,2026-08-28T15:56:01.630106+00:00,2026-08-28T15:56:01.634601+00:00,4.481714000576176,APPROVED,
voltdb,940,0,2026-08-28T15:56:01.634843+00:00,2026-08-28T15:56:01.655315+00:00,20.452165001188405,APPROVED,
postgres,941,0,2026-08-28T15:56:01.655448+00:00,2026-08-28T15:56:01.660406+00:00,4.89783899683971,APPROVED,
voltdb,941,0,2026-08-28T15:56:01.660530+00:00,2026-08-28T15:56:01.683630+00:00,23.080569997546263,APPROVED,
postgres,942,0,2026-08-28T15:56:01.683851+00:00,2026-08-28T15:56:01.691887+00:00,8.020314009627327,APPROVED,
voltdb,942,0,2026-08-28T15:56:01.691935+00:00,2026-08-28T15:56:01.712999+00:00,21.056644996860996,APPROVED,
postgres,943,0,2026-08-28T15:56:01.713095+00:00,2026-08-28T15:56:01.718158+00:00,5.050667008617893,APPROVED,
voltdb,943,0,2026-08-28T15:56:01.718347+00:00,2026-08-28T15:56:01.735732+00:00,17.36768800765276,APPROVED,
postgres,944,0,2026-08-28T15:56:01.735943+00:00,2026-08-28T15:56:01.739765+00:00,3.8053509924793616,APPROVED,
voltdb,944,0,2026-08-28T15:56:01.739874+00:00,2026-08-28T15:56:01.754203+00:00,14.313733001472428,APPROVED,
postgres,945,0,2026-08-28T15:56:01.754387+00:00,2026-08-28T15:56:01.758657+00:00,4.255147010553628,APPROVED,
voltdb,945,0,2026-08-28T15:56:01.758819+00:00,2026-08-28T15:56:01.777585+00:00,18.752941992715932,APPROVED,
postgres,946,0,2026-08-28T15:56:01.777768+00:00,2026-08-28T15:56:01.781275+00:00,3.4953099966514856,APPROVED,
voltdb,946,0,2026-08-28T15:56:01.781476+00:00,2026-08-28T15:56:01.796262+00:00,14.768962006201036,APPROVED,
postgres,947,0,2026-08-28T15:56:01.796364+00:00,2026-08-28T15:56:01.799071+00:00,2.696794006624259,APPROVED,
voltdb,947,0,2026-08-28T15:56:01.799140+00:00,2026-08-28T15:56:01.814856+00:00,15.706252990639769,APPROVED,
postgres,949,0,2026-08-28T15:56:01.815032+00:00,2026-08-28T15:56:01.818301+00:00,3.244840001570992,APPROVED,
voltdb,949,0,2026-08-28T15:56:01.818372+00:00,2026-08-28T15:56:01.833569+00:00,15.189044002909213,APPROVED,
postgres,950,0,2026-08-28T15:56:01.833790+00:00,2026-08-28T15:56:01.838129+00:00,4.322327004047111,APPROVED,
voltdb,950,0,2026-08-28T15:56:01.838202+00:00,2026-08-28T15:56:01.854616+00:00,16.405230009695515,APPROVED,
postgres,951,0,2026-08-28T15:56:01.854872+00:00,2026-08-28T15:56:01.859987+00:00,5.089059006422758,APPROVED,
voltdb,951,0,2026-08-28T15:56:01.860075+00:00,2026-08-28T15:56:01.880716+00:00,20.630888000596315,APPROVED,
postgres,952,0,2026-08-28T15:56:01.881026+00:00,2026-08-28T15:56:01.885517+00:00,4.473502005566843,APPROVED,
voltdb,952,0,2026-08-28T15:56:01.885591+00:00,2026-08-28T15:56:01.901195+00:00,15.59368999733124,APPROVED,
postgres,954,0,2026-08-28T15:56:01.901335+00:00,2026-08-28T15:56:01.907079+00:00,5.729369004257023,APPROVED,
voltdb,954,0,2026-08-28T15:56:01.907181+00:00,2026-08-28T15:56:01.924130+00:00,16.939965993515216,APPROVED,
postgres,955,0,2026-08-28T15:56:01.924224+00:00,2026-08-28T15:56:01.928190+00:00,3.9499879931099713,APPROVED,
voltdb,955,0,2026-08-28T15:56:01.928447+00:00,2026-08-28T15:56:01.943316+00:00,14.850104009383358,APPROVED,
postgres,956,0,2026-08-28T15:56:01.943420+00:00,2026-08-28T15:56:01.946272+00:00,2.8427779907360673,APPROVED,
voltdb,956,0,2026-08-28T15:56:01.946344+00:00,2026-08-28T15:56:01.961170+00:00,14.815638001891784,APPROVED,
postgres,957,0,2026-08-28T15:56:01.961311+00:00,2026-08-28T15:56:01.965303+00:00,3.97667899960652,REVIEW,
voltdb,957,0,2026-08-28T15:56:01.965377+00:00,2026-08-28T15:56:01.984182+00:00,18.796508011291735,REVIEW,
postgres,958,0,2026-08-28T15:56:01.984290+00:00,2026-08-28T15:56:01.987553+00:00,3.2521469984203577,APPROVED,
voltdb,958,0,2026-08-28T15:56:01.987629+00:00,2026-08-28T15:56:02.003731+00:00,16.093844998977147,APPROVED,
postgres,959,0,2026-08-28T15:56:02.003909+00:00,2026-08-28T15:56:02.006767+00:00,2.8452580008888617,APPROVED,
voltdb,959,0,2026-08-28T15:56:02.006838+00:00,2026-08-28T15:56:02.021995+00:00,15.146656005526893,APPROVED,
postgres,960,0,2026-08-28T15:56:02.022183+00:00,2026-08-28T15:56:02.025840+00:00,3.638762005721219,APPROVED,
voltdb,960,0,2026-08-28T15:56:02.025907+00:00,2026-08-28T15:56:02.040800+00:00,14.883541996823624,APPROVED,
postgres,961,0,2026-08-28T15:56:02.041095+00:00,2026-08-28T15:56:02.044965+00:00,3.8518639921676368,REVIEW,
voltdb,961,0,2026-08-28T15:56:02.045035+00:00,2026-08-28T15:56:02.062884+00:00,17.83919999434147,REVIEW,
postgres,964,0,2026-08-28T15:56:02.063019+00:00,2026-08-28T15:56:02.065773+00:00,2.742042997851968,APPROVED,
voltdb,964,0,2026-08-28T15:56:02.065839+00:00,2026-08-28T15:56:02.080432+00:00,14.581461000489071,APPROVED,
postgres,965,0,2026-08-28T15:56:02.080557+00:00,2026-08-28T15:56:02.084295+00:00,3.7276140064932406,APPROVED,
voltdb,965,0,2026-08-28T15:56:02.084362+00:00,2026-08-28T15:56:02.098436+00:00,14.065052004298195,APPROVED,
postgres,966,0,2026-08-28T15:56:02.098537+00:00,2026-08-28T15:56:02.101977+00:00,3.427716001169756,APPROVED,
voltdb,966,0,2026-08-28T15:56:02.102100+00:00,2026-08-28T15:56:02.115752+00:00,13.640928998938762,APPROVED,
postgres,969,1,2026-08-28T15:56:02.115852+00:00,2026-08-28T15:56:02.119872+00:00,4.0103849896695465,BLOCKED,
voltdb,969,1,2026-08-28T15:56:02.119950+00:00,2026-08-28T15:56:02.137128+00:00,17.169284998090006,BLOCKED,
postgres,970,0,2026-08-28T15:56:02.137223+00:00,2026-08-28T15:56:02.140001+00:00,2.767847996437922,APPROVED,
voltdb,970,0,2026-08-28T15:56:02.140086+00:00,2026-08-28T15:56:02.153390+00:00,13.289328999235295,APPROVED,
postgres,971,0,2026-08-28T15:56:02.153486+00:00,2026-08-28T15:56:02.157419+00:00,3.9219439931912348,APPROVED,
voltdb,971,0,2026-08-28T15:56:02.157512+00:00,2026-08-28T15:56:02.171659+00:00,14.133007993223146,APPROVED,
postgres,972,0,2026-08-28T15:56:02.171760+00:00,2026-08-28T15:56:02.174723+00:00,2.8605179977603257,APPROVED,
voltdb,972,0,2026-08-28T15:56:02.174809+00:00,2026-08-28T15:56:02.188482+00:00,13.657166011398658,APPROVED,
postgres,973,0,2026-08-28T15:56:02.188622+00:00,2026-08-28T15:56:02.191640+00:00,2.97474701073952,APPROVED,
voltdb,973,0,2026-08-28T15:56:02.191709+00:00,2026-08-28T15:56:02.205651+00:00,13.933658003224991,APPROVED,
postgres,975,0,2026-08-28T15:56:02.205750+00:00,2026-08-28T15:56:02.209423+00:00,3.662602000986226,APPROVED,
voltdb,975,0,2026-08-28T15:56:02.209501+00:00,2026-08-28T15:56:02.223222+00:00,13.712249012314714,APPROVED,
postgres,976,0,2026-08-28T15:56:02.223337+00:00,2026-08-28T15:56:02.226763+00:00,3.4123470104532316,APPROVED,
voltdb,976,0,2026-08-28T15:56:02.226832+00:00,2026-08-28T15:56:02.241568+00:00,14.726348003023304,APPROVED,
postgres,977,0,2026-08-28T15:56:02.241693+00:00,2026-08-28T15:56:02.245363+00:00,3.655573003925383,APPROVED,
voltdb,977,0,2026-08-28T15:56:02.245438+00:00,2026-08-28T15:56:02.259447+00:00,13.999955001054332,APPROVED,
postgres,979,0,2026-08-28T15:56:02.259622+00:00,2026-08-28T15:56:02.264341+00:00,4.697807991760783,APPROVED,
voltdb,979,0,2026-08-28T15:56:02.264494+00:00,2026-08-28T15:56:02.278699+00:00,14.191434005624615,APPROVED,
postgres,980,1,2026-08-28T15:56:02.278929+00:00,2026-08-28T15:56:02.282731+00:00,3.787530993577093,BLOCKED,
voltdb,980,1,2026-08-28T15:56:02.282807+00:00,2026-08-28T15:56:02.299270+00:00,16.453716001706198,BLOCKED,
postgres,981,0,2026-08-28T15:56:02.299420+00:00,2026-08-28T15:56:02.303460+00:00,4.026143011287786,APPROVED,
voltdb,981,0,2026-08-28T15:56:02.303538+00:00,2026-08-28T15:56:02.317813+00:00,14.265066987718455,APPROVED,
postgres,983,0,2026-08-28T15:56:02.317938+00:00,2026-08-28T15:56:02.321086+00:00,3.1345049937954172,APPROVED,
voltdb,983,0,2026-08-28T15:56:02.321199+00:00,2026-08-28T15:56:02.334447+00:00,13.233831996330991,APPROVED,
postgres,984,0,2026-08-28T15:56:02.334566+00:00,2026-08-28T15:56:02.337883+00:00,3.3043979929061607,APPROVED,
voltdb,984,0,2026-08-28T15:56:02.337950+00:00,2026-08-28T15:56:02.351827+00:00,13.86790000833571,APPROVED,
postgres,985,0,2026-08-28T15:56:02.351949+00:00,2026-08-28T15:56:02.355791+00:00,3.825751002295874,APPROVED,
voltdb,985,0,2026-08-28T15:56:02.355891+00:00,2026-08-28T15:56:02.371938+00:00,16.033585008699447,APPROVED,
postgres,986,0,2026-08-28T15:56:02.372056+00:00,2026-08-28T15:56:02.374887+00:00,2.8201179957250133,APPROVED,
voltdb,986,0,2026-08-28T15:56:02.374982+00:00,2026-08-28T15:56:02.389124+00:00,14.118909995886497,APPROVED,
postgres,987,0,2026-08-28T15:56:02.389353+00:00,2026-08-28T15:56:02.392135+00:00,2.7701420040102676,APPROVED,
voltdb,987,0,2026-08-28T15:56:02.392200+00:00,2026-08-28T15:56:02.405397+00:00,13.187730000936426,APPROVED,
postgres,989,0,2026-08-28T15:56:02.405502+00:00,2026-08-28T15:56:02.408635+00:00,3.12263700470794,APPROVED,
voltdb,989,0,2026-08-28T15:56:02.408792+00:00,2026-08-28T15:56:02.421573+00:00,12.766052997903898,APPROVED,
postgres,990,0,2026-08-28T15:56:02.421682+00:00,2026-08-28T15:56:02.426306+00:00,4.612648001057096,APPROVED,
voltdb,990,0,2026-08-28T15:56:02.426381+00:00,2026-08-28T15:56:02.439353+00:00,12.961947999428958,APPROVED,
postgres,991,0,2026-08-28T15:56:02.439472+00:00,2026-08-28T15:56:02.443352+00:00,3.8634289958281443,APPROVED,
voltdb,991,0,2026-08-28T15:56:02.443429+00:00,2026-08-28T15:56:02.463688+00:00,20.250561996363103,APPROVED,
postgres,992,1,2026-08-28T15:56:02.463874+00:00,2026-08-28T15:56:02.467625+00:00,3.737615988939069,BLOCKED,
voltdb,992,1,2026-08-28T15:56:02.467777+00:00,2026-08-28T15:56:02.486433+00:00,18.646195996552706,BLOCKED,
postgres,993,0,2026-08-28T15:56:02.486528+00:00,2026-08-28T15:56:02.490580+00:00,4.041188003611751,APPROVED,
voltdb,993,0,2026-08-28T15:56:02.490655+00:00,2026-08-28T15:56:02.506304+00:00,15.640144003555179,APPROVED,
postgres,995,0,2026-08-28T15:56:02.506444+00:00,2026-08-28T15:56:02.511108+00:00,4.652180999983102,APPROVED,
voltdb,995,0,2026-08-28T15:56:02.511180+00:00,2026-08-28T15:56:02.525343+00:00,14.15377999364864,APPROVED,
postgres,996,0,2026-08-28T15:56:02.525439+00:00,2026-08-28T15:56:02.528457+00:00,3.004420010256581,APPROVED,
voltdb,996,0,2026-08-28T15:56:02.528563+00:00,2026-08-28T15:56:02.543194+00:00,14.621207999880426,APPROVED,
postgres,997,0,2026-08-28T15:56:02.543289+00:00,2026-08-28T15:56:02.546003+00:00,2.704965998418629,APPROVED,
voltdb,997,0,2026-08-28T15:56:02.546077+00:00,2026-08-28T15:56:02.559290+00:00,13.204110000515357,APPROVED,
postgres,999,0,2026-08-28T15:56:02.559387+00:00,2026-08-28T15:56:02.563119+00:00,3.720858003362082,APPROVED,
voltdb,999,0,2026-08-28T15:56:02.563191+00:00,2026-08-28T15:56:02.576323+00:00,13.122629999998026,APPROVED,
postgres,1001,0,2026-08-28T15:56:02.576427+00:00,2026-08-28T15:56:02.579253+00:00,2.8162119997432455,APPROVED,
voltdb,1001,0,2026-08-28T15:56:02.579329+00:00,2026-08-28T15:56:02.593074+00:00,13.735441010794602,APPROVED,
postgres,1003,0,2026-08-28T15:56:02.593178+00:00,2026-08-28T15:56:02.597054+00:00,3.86469200020656,APPROVED,
voltdb,1003,0,2026-08-28T15:56:02.597131+00:00,2026-08-28T15:56:02.611083+00:00,13.943687998107634,APPROVED,
postgres,1004,0,2026-08-28T15:56:02.611179+00:00,2026-08-28T15:56:02.613841+00:00,2.652265000506304,APPROVED,
voltdb,1004,0,2026-08-28T15:56:02.613937+00:00,2026-08-28T15:56:02.627290+00:00,13.344769991817884,APPROVED,
postgres,1007,0,2026-08-28T15:56:02.627388+00:00,2026-08-28T15:56:02.630804+00:00,3.4074759896611795,APPROVED,
voltdb,1007,0,2026-08-28T15:56:02.630871+00:00,2026-08-28T15:56:02.644890+00:00,14.009435006300919,APPROVED,
postgres,1008,0,2026-08-28T15:56:02.644983+00:00,2026-08-28T15:56:02.647826+00:00,2.832348007359542,APPROVED,
voltdb,1008,0,2026-08-28T15:56:02.647965+00:00,2026-08-28T15:56:02.662075+00:00,14.08957300009206,APPROVED,
postgres,1011,0,2026-08-28T15:56:02.662370+00:00,2026-08-28T15:56:02.665287+00:00,2.899316998082213,APPROVED,
voltdb,1011,0,2026-08-28T15:56:02.665353+00:00,2026-08-28T15:56:02.680189+00:00,14.827216989942826,APPROVED,
postgres,1012,0,2026-08-28T15:56:02.680312+00:00,2026-08-28T15:56:02.684843+00:00,4.516935994615778,APPROVED,
voltdb,1012,0,2026-08-28T15:56:02.684917+00:00,2026-08-28T15:56:02.699139+00:00,14.212748006684706,APPROVED,
postgres,1013,0,2026-08-28T15:56:02.699262+00:00,2026-08-28T15:56:02.706299+00:00,7.0247639960143715,APPROVED,
voltdb,1013,0,2026-08-28T15:56:02.706386+00:00,2026-08-28T15:56:02.726485+00:00,20.089817000553012,APPROVED,
postgres,1017,0,2026-08-28T15:56:02.726580+00:00,2026-08-28T15:56:02.732115+00:00,5.525594999198802,APPROVED,
voltdb,1017,0,2026-08-28T15:56:02.732191+00:00,2026-08-28T15:56:02.748906+00:00,16.705119007383473,APPROVED,
postgres,1019,0,2026-08-28T15:56:02.749043+00:00,2026-08-28T15:56:02.752415+00:00,3.360353992320597,APPROVED,
voltdb,1019,0,2026-08-28T15:56:02.752487+00:00,2026-08-28T15:56:02.769975+00:00,17.478842011769302,APPROVED,
postgres,1021,0,2026-08-28T15:56:02.770086+00:00,2026-08-28T15:56:02.773762+00:00,3.662895003799349,REVIEW,
voltdb,1021,0,2026-08-28T15:56:02.773933+00:00,2026-08-28T15:56:02.793443+00:00,19.4398449966684,REVIEW,
postgres,1022,0,2026-08-28T15:56:02.793560+00:00,2026-08-28T15:56:02.797831+00:00,4.2603089968906716,APPROVED,
voltdb,1022,0,2026-08-28T15:56:02.797903+00:00,2026-08-28T15:56:02.812455+00:00,14.543650002451614,APPROVED,
postgres,1023,0,2026-08-28T15:56:02.812581+00:00,2026-08-28T15:56:02.816159+00:00,3.564857004676014,APPROVED,
voltdb,1023,0,2026-08-28T15:56:02.816239+00:00,2026-08-28T15:56:02.830389+00:00,14.140722996671684,APPROVED,
postgres,1025,0,2026-08-28T15:56:02.830592+00:00,2026-08-28T15:56:02.833458+00:00,2.8504289948614314,APPROVED,
voltdb,1025,0,2026-08-28T15:56:02.833537+00:00,2026-08-28T15:56:02.850304+00:00,16.756450990214944,APPROVED,
postgres,1027,0,2026-08-28T15:56:02.850482+00:00,2026-08-28T15:56:02.854118+00:00,3.6181659961584955,REVIEW,
voltdb,1027,0,2026-08-28T15:56:02.854193+00:00,2026-08-28T15:56:02.872239+00:00,18.03769200341776,REVIEW,
postgres,1028,0,2026-08-28T15:56:02.872351+00:00,2026-08-28T15:56:02.876383+00:00,4.015523998532444,APPROVED,
voltdb,1028,0,2026-08-28T15:56:02.876459+00:00,2026-08-28T15:56:02.890971+00:00,14.503013007924892,APPROVED,
postgres,1031,0,2026-08-28T15:56:02.891092+00:00,2026-08-28T15:56:02.893772+00:00,2.6693830004660413,APPROVED,
voltdb,1031,0,2026-08-28T15:56:02.893839+00:00,2026-08-28T15:56:02.907660+00:00,13.776060994132422,APPROVED,
postgres,1032,0,2026-08-28T15:56:02.907888+00:00,2026-08-28T15:56:02.911127+00:00,3.2264549954561517,APPROVED,
voltdb,1032,0,2026-08-28T15:56:02.911197+00:00,2026-08-28T15:56:02.925205+00:00,13.998660011566244,APPROVED,
postgres,1033,0,2026-08-28T15:56:02.925302+00:00,2026-08-28T15:56:02.928278+00:00,2.964247003546916,APPROVED,
voltdb,1033,0,2026-08-28T15:56:02.928399+00:00,2026-08-28T15:56:02.942015+00:00,13.601728991488926,APPROVED,
postgres,1034,0,2026-08-28T15:56:02.942212+00:00,2026-08-28T15:56:02.945235+00:00,3.009293010109104,APPROVED,
voltdb,1034,0,2026-08-28T15:56:02.945302+00:00,2026-08-28T15:56:02.958639+00:00,13.328198998351581,APPROVED,
postgres,1035,0,2026-08-28T15:56:02.958743+00:00,2026-08-28T15:56:02.963165+00:00,4.41010101349093,APPROVED,
voltdb,1035,0,2026-08-28T15:56:02.963277+00:00,2026-08-28T15:56:02.977576+00:00,14.283901997259818,APPROVED,
postgres,1036,0,2026-08-28T15:56:02.977675+00:00,2026-08-28T15:56:02.980862+00:00,3.175912002916448,REVIEW,
voltdb,1036,0,2026-08-28T15:56:02.980938+00:00,2026-08-28T15:56:02.998320+00:00,17.37241999944672,REVIEW,
postgres,1038,0,2026-08-28T15:56:02.998428+00:00,2026-08-28T15:56:03.001510+00:00,3.0703609954798594,APPROVED,
voltdb,1038,0,2026-08-28T15:56:03.001620+00:00,2026-08-28T15:56:03.016289+00:00,14.660494998679496,APPROVED,
postgres,1040,0,2026-08-28T15:56:03.016386+00:00,2026-08-28T15:56:03.019144+00:00,2.7498780109453946,APPROVED,
voltdb,1040,0,2026-08-28T15:56:03.019206+00:00,2026-08-28T15:56:03.032989+00:00,13.774745995760895,APPROVED,
postgres,1043,0,2026-08-28T15:56:03.033124+00:00,2026-08-28T15:56:03.037433+00:00,4.296138999052346,REVIEW,
voltdb,1043,0,2026-08-28T15:56:03.037501+00:00,2026-08-28T15:56:03.054419+00:00,16.90847799181938,REVIEW,
postgres,1044,0,2026-08-28T15:56:03.054528+00:00,2026-08-28T15:56:03.057717+00:00,3.178236001986079,APPROVED,
voltdb,1044,0,2026-08-28T15:56:03.057751+00:00,2026-08-28T15:56:03.072677+00:00,14.919666995410807,APPROVED,
postgres,1047,0,2026-08-28T15:56:03.072948+00:00,2026-08-28T15:56:03.076946+00:00,3.9775079931132495,APPROVED,
voltdb,1047,0,2026-08-28T15:56:03.077053+00:00,2026-08-28T15:56:03.090942+00:00,13.878390993340872,APPROVED,
postgres,1048,0,2026-08-28T15:56:03.091111+00:00,2026-08-28T15:56:03.093866+00:00,2.744129000348039,APPROVED,
voltdb,1048,0,2026-08-28T15:56:03.093961+00:00,2026-08-28T15:56:03.107899+00:00,13.928282001870684,APPROVED,
postgres,1050,0,2026-08-28T15:56:03.108013+00:00,2026-08-28T15:56:03.111259+00:00,3.2313690026057884,APPROVED,
voltdb,1050,0,2026-08-28T15:56:03.111327+00:00,2026-08-28T15:56:03.125381+00:00,14.045326999621466,APPROVED,
postgres,1051,0,2026-08-28T15:56:03.125503+00:00,2026-08-28T15:56:03.128443+00:00,2.9276940040290356,APPROVED,
voltdb,1051,0,2026-08-28T15:56:03.128577+00:00,2026-08-28T15:56:03.142588+00:00,13.996638997923583,APPROVED,
postgres,1052,0,2026-08-28T15:56:03.142845+00:00,2026-08-28T15:56:03.146209+00:00,3.350508995936252,APPROVED,
voltdb,1052,0,2026-08-28T15:56:03.146276+00:00,2026-08-28T15:56:03.159283+00:00,12.997676007216796,APPROVED,
postgres,1053,0,2026-08-28T15:56:03.159418+00:00,2026-08-28T15:56:03.163163+00:00,3.731557007995434,REVIEW,
voltdb,1053,0,2026-08-28T15:56:03.163245+00:00,2026-08-28T15:56:03.179292+00:00,16.038251997088082,REVIEW,
postgres,1054,0,2026-08-28T15:56:03.179388+00:00,2026-08-28T15:56:03.183329+00:00,3.9306200051214546,APPROVED,
voltdb,1054,0,2026-08-28T15:56:03.183408+00:00,2026-08-28T15:56:03.196695+00:00,13.277559002744965,APPROVED,
postgres,1055,0,2026-08-28T15:56:03.196797+00:00,2026-08-28T15:56:03.199574+00:00,2.7668879920383915,APPROVED,
voltdb,1055,0,2026-08-28T15:56:03.199646+00:00,2026-08-28T15:56:03.213283+00:00,13.628315005917102,APPROVED,
postgres,1056,0,2026-08-28T15:56:03.213394+00:00,2026-08-28T15:56:03.216923+00:00,3.517744000419043,APPROVED,
voltdb,1056,0,2026-08-28T15:56:03.216999+00:00,2026-08-28T15:56:03.231794+00:00,14.786073996219784,APPROVED,
postgres,1057,0,2026-08-28T15:56:03.231888+00:00,2026-08-28T15:56:03.235040+00:00,3.1422269967151806,APPROVED,
voltdb,1057,0,2026-08-28T15:56:03.235157+00:00,2026-08-28T15:56:03.249461+00:00,14.25178900535684,APPROVED,
postgres,1061,0,2026-08-28T15:56:03.249559+00:00,2026-08-28T15:56:03.252480+00:00,2.910530994995497,REVIEW,
voltdb,1061,0,2026-08-28T15:56:03.252544+00:00,2026-08-28T15:56:03.270642+00:00,18.089740988216363,REVIEW,
postgres,1062,0,2026-08-28T15:56:03.270824+00:00,2026-08-28T15:56:03.273488+00:00,2.6543350104475394,APPROVED,
voltdb,1062,0,2026-08-28T15:56:03.273554+00:00,2026-08-28T15:56:03.287027+00:00,13.464258998283185,APPROVED,
postgres,1065,0,2026-08-28T15:56:03.287131+00:00,2026-08-28T15:56:03.291100+00:00,3.960166999604553,REVIEW,
voltdb,1065,0,2026-08-28T15:56:03.291166+00:00,2026-08-28T15:56:03.308399+00:00,17.224410999915563,REVIEW,
postgres,1066,0,2026-08-28T15:56:03.308569+00:00,2026-08-28T15:56:03.311901+00:00,3.317276990856044,APPROVED,
voltdb,1066,0,2026-08-28T15:56:03.311974+00:00,2026-08-28T15:56:03.326187+00:00,14.203533995896578,APPROVED,
postgres,1068,0,2026-08-28T15:56:03.326302+00:00,2026-08-28T15:56:03.329974+00:00,3.6604409979190677,APPROVED,
voltdb,1068,0,2026-08-28T15:56:03.330054+00:00,2026-08-28T15:56:03.343558+00:00,13.495070990757085,APPROVED,
postgres,1069,0,2026-08-28T15:56:03.343685+00:00,2026-08-28T15:56:03.346966+00:00,3.2690869993530214,APPROVED,
voltdb,1069,0,2026-08-28T15:56:03.347032+00:00,2026-08-28T15:56:03.360113+00:00,13.072012006887235,APPROVED,
postgres,1070,0,2026-08-28T15:56:03.360270+00:00,2026-08-28T15:56:03.363718+00:00,3.4357020049355924,APPROVED,
voltdb,1070,0,2026-08-28T15:56:03.363792+00:00,2026-08-28T15:56:03.376969+00:00,13.167686993256211,APPROVED,
postgres,1072,0,2026-08-28T15:56:03.377064+00:00,2026-08-28T15:56:03.380028+00:00,2.95270599599462,APPROVED,
voltdb,1072,0,2026-08-28T15:56:03.380104+00:00,2026-08-28T15:56:03.394027+00:00,13.913332993979566,APPROVED,
postgres,1073,0,2026-08-28T15:56:03.394120+00:00,2026-08-28T15:56:03.397870+00:00,3.7406839983304963,APPROVED,
voltdb,1073,0,2026-08-28T15:56:03.397938+00:00,2026-08-28T15:56:03.411656+00:00,13.709239006857388,APPROVED,
postgres,1074,0,2026-08-28T15:56:03.411749+00:00,2026-08-28T15:56:03.414626+00:00,2.8674720088019967,APPROVED,
voltdb,1074,0,2026-08-28T15:56:03.414771+00:00,2026-08-28T15:56:03.429827+00:00,15.045787004055455,APPROVED,
postgres,1075,0,2026-08-28T15:56:03.429947+00:00,2026-08-28T15:56:03.432525+00:00,2.568896990851499,APPROVED,
voltdb,1075,0,2026-08-28T15:56:03.432590+00:00,2026-08-28T15:56:03.446338+00:00,13.739271002123132,APPROVED,
postgres,1077,0,2026-08-28T15:56:03.446445+00:00,2026-08-28T15:56:03.450278+00:00,3.8229909987421706,REVIEW,
voltdb,1077,0,2026-08-28T15:56:03.450356+00:00,2026-08-28T15:56:03.467189+00:00,16.824092002934776,REVIEW,
postgres,1078,0,2026-08-28T15:56:03.467290+00:00,2026-08-28T15:56:03.470744+00:00,3.4387920022709295,APPROVED,
voltdb,1078,0,2026-08-28T15:56:03.470823+00:00,2026-08-28T15:56:03.484945+00:00,14.11256099527236,APPROVED,
postgres,1081,0,2026-08-28T15:56:03.485045+00:00,2026-08-28T15:56:03.488589+00:00,3.533515991875902,REVIEW,
voltdb,1081,0,2026-08-28T15:56:03.488707+00:00,2026-08-28T15:56:03.505953+00:00,17.202529998030514,REVIEW,
postgres,1083,0,2026-08-28T15:56:03.506056+00:00,2026-08-28T15:56:03.509020+00:00,2.9533870110753924,APPROVED,
voltdb,1083,0,2026-08-28T15:56:03.509147+00:00,2026-08-28T15:56:03.522545+00:00,13.389122002990916,APPROVED,
postgres,1084,0,2026-08-28T15:56:03.522651+00:00,2026-08-28T15:56:03.525638+00:00,2.977284006192349,APPROVED,
voltdb,1084,0,2026-08-28T15:56:03.525705+00:00,2026-08-28T15:56:03.539299+00:00,13.585428998339921,APPROVED,
postgres,1086,0,2026-08-28T15:56:03.539424+00:00,2026-08-28T15:56:03.542809+00:00,3.353862004587427,APPROVED,
voltdb,1086,0,2026-08-28T15:56:03.542969+00:00,2026-08-28T15:56:03.558288+00:00,15.306352986954153,APPROVED,
postgres,1087,0,2026-08-28T15:56:03.558476+00:00,2026-08-28T15:56:03.562848+00:00,4.356898993137293,APPROVED,
voltdb,1087,0,2026-08-28T15:56:03.562938+00:00,2026-08-28T15:56:03.577918+00:00,14.970913995057344,APPROVED,
postgres,1089,0,2026-08-28T15:56:03.578018+00:00,2026-08-28T15:56:03.580926+00:00,2.8977809997741133,APPROVED,
voltdb,1089,0,2026-08-28T15:56:03.581008+00:00,2026-08-28T15:56:03.594348+00:00,13.327463006135076,APPROVED,
postgres,1090,0,2026-08-28T15:56:03.594454+00:00,2026-08-28T15:56:03.598388+00:00,3.91738599864766,APPROVED,
voltdb,1090,0,2026-08-28T15:56:03.598467+00:00,2026-08-28T15:56:03.612580+00:00,14.104121990385465,APPROVED,
postgres,1094,0,2026-08-28T15:56:03.612675+00:00,2026-08-28T15:56:03.615594+00:00,2.90897699596826,APPROVED,
voltdb,1094,0,2026-08-28T15:56:03.615671+00:00,2026-08-28T15:56:03.629932+00:00,14.252029999624938,APPROVED,
postgres,1096,0,2026-08-28T15:56:03.630041+00:00,2026-08-28T15:56:03.632854+00:00,2.8028210072079673,APPROVED,
voltdb,1096,0,2026-08-28T15:56:03.632931+00:00,2026-08-28T15:56:03.647166+00:00,14.224416998331435,APPROVED,
postgres,1097,0,2026-08-28T15:56:03.647279+00:00,2026-08-28T15:56:03.651532+00:00,4.238392997649498,APPROVED,
voltdb,1097,0,2026-08-28T15:56:03.651604+00:00,2026-08-28T15:56:03.665579+00:00,13.96536199899856,APPROVED,
postgres,1098,0,2026-08-28T15:56:03.665684+00:00,2026-08-28T15:56:03.668545+00:00,2.851334007573314,APPROVED,
voltdb,1098,0,2026-08-28T15:56:03.668635+00:00,2026-08-28T15:56:03.682715+00:00,14.070809993427247,APPROVED,
postgres,1099,0,2026-08-28T15:56:03.682864+00:00,2026-08-28T15:56:03.685632+00:00,2.756738002062775,APPROVED,
voltdb,1099,0,2026-08-28T15:56:03.685765+00:00,2026-08-28T15:56:03.699842+00:00,14.068627002416179,APPROVED,
postgres,1100,0,2026-08-28T15:56:03.699949+00:00,2026-08-28T15:56:03.703486+00:00,3.5250669898232445,APPROVED,
voltdb,1100,0,2026-08-28T15:56:03.703575+00:00,2026-08-28T15:56:03.719691+00:00,16.10271599201951,APPROVED,
postgres,1101,0,2026-08-28T15:56:03.719899+00:00,2026-08-28T15:56:03.724265+00:00,4.348911999841221,APPROVED,
voltdb,1101,0,2026-08-28T15:56:03.724342+00:00,2026-08-28T15:56:03.738005+00:00,13.65369999257382,APPROVED,
postgres,1105,1,2026-08-28T15:56:03.738103+00:00,2026-08-28T15:56:03.742171+00:00,4.054935998283327,REVIEW,
voltdb,1105,1,2026-08-28T15:56:03.742263+00:00,2026-08-28T15:56:03.761235+00:00,18.961892012157477,REVIEW,
postgres,1106,0,2026-08-28T15:56:03.761386+00:00,2026-08-28T15:56:03.765310+00:00,3.9078349946066737,APPROVED,
voltdb,1106,0,2026-08-28T15:56:03.765382+00:00,2026-08-28T15:56:03.779312+00:00,13.921347999712452,APPROVED,
postgres,1107,0,2026-08-28T15:56:03.779424+00:00,2026-08-28T15:56:03.783879+00:00,4.439969998202287,APPROVED,
voltdb,1107,0,2026-08-28T15:56:03.783955+00:00,2026-08-28T15:56:03.797016+00:00,13.052160997176543,APPROVED,
postgres,1109,0,2026-08-28T15:56:03.797122+00:00,2026-08-28T15:56:03.799947+00:00,2.814461011439562,APPROVED,
voltdb,1109,0,2026-08-28T15:56:03.800028+00:00,2026-08-28T15:56:03.813895+00:00,13.85788900370244,APPROVED,
postgres,1111,0,2026-08-28T15:56:03.813994+00:00,2026-08-28T15:56:03.817210+00:00,3.2055110059445724,APPROVED,
voltdb,1111,0,2026-08-28T15:56:03.817280+00:00,2026-08-28T15:56:03.830707+00:00,13.401175994658843,APPROVED,
postgres,1113,0,2026-08-28T15:56:03.831025+00:00,2026-08-28T15:56:03.833644+00:00,2.6082060066983104,APPROVED,
voltdb,1113,0,2026-08-28T15:56:03.833772+00:00,2026-08-28T15:56:03.847575+00:00,13.79394400282763,APPROVED,
postgres,1115,0,2026-08-28T15:56:03.847676+00:00,2026-08-28T15:56:03.851638+00:00,3.950950995204039,APPROVED,
voltdb,1115,0,2026-08-28T15:56:03.851856+00:00,2026-08-28T15:56:03.865551+00:00,13.685243000509217,APPROVED,
postgres,1117,1,2026-08-28T15:56:03.865665+00:00,2026-08-28T15:56:03.868893+00:00,3.2145040022442117,BLOCKED,
voltdb,1117,1,2026-08-28T15:56:03.868971+00:00,2026-08-28T15:56:03.886137+00:00,17.15534301183652,BLOCKED,
postgres,1118,0,2026-08-28T15:56:03.886241+00:00,2026-08-28T15:56:03.889227+00:00,2.9748700035270303,APPROVED,
voltdb,1118,0,2026-08-28T15:56:03.889425+00:00,2026-08-28T15:56:03.903846+00:00,14.403729001060128,APPROVED,
postgres,1120,0,2026-08-28T15:56:03.903958+00:00,2026-08-28T15:56:03.907058+00:00,3.0891230126144364,APPROVED,
voltdb,1120,0,2026-08-28T15:56:03.907130+00:00,2026-08-28T15:56:03.920472+00:00,13.333802999113686,APPROVED,
postgres,1122,0,2026-08-28T15:56:03.920617+00:00,2026-08-28T15:56:03.924229+00:00,3.5989580064779148,APPROVED,
voltdb,1122,0,2026-08-28T15:56:03.924299+00:00,2026-08-28T15:56:03.937954+00:00,13.645371000166051,APPROVED,
postgres,1123,0,2026-08-28T15:56:03.938050+00:00,2026-08-28T15:56:03.940929+00:00,2.8695810033241287,APPROVED,
voltdb,1123,0,2026-08-28T15:56:03.941040+00:00,2026-08-28T15:56:03.955582+00:00,14.521570003125817,APPROVED,
postgres,1124,0,2026-08-28T15:56:03.955783+00:00,2026-08-28T15:56:03.958835+00:00,3.0354310001712292,APPROVED,
voltdb,1124,0,2026-08-28T15:56:03.958910+00:00,2026-08-28T15:56:03.972802+00:00,13.882994011510164,APPROVED,
postgres,1125,0,2026-08-28T15:56:03.972895+00:00,2026-08-28T15:56:03.975807+00:00,2.8991589933866635,APPROVED,
voltdb,1125,0,2026-08-28T15:56:03.975892+00:00,2026-08-28T15:56:03.989661+00:00,13.746468001045287,APPROVED,
postgres,1126,0,2026-08-28T15:56:03.989833+00:00,2026-08-28T15:56:03.992761+00:00,2.91727100557182,APPROVED,
voltdb,1126,0,2026-08-28T15:56:03.992827+00:00,2026-08-28T15:56:04.006284+00:00,13.448279001750052,APPROVED,
postgres,1127,0,2026-08-28T15:56:04.006384+00:00,2026-08-28T15:56:04.009779+00:00,3.383887989912182,APPROVED,
voltdb,1127,0,2026-08-28T15:56:04.009870+00:00,2026-08-28T15:56:04.023538+00:00,13.658220006618649,APPROVED,
postgres,1128,0,2026-08-28T15:56:04.023667+00:00,2026-08-28T15:56:04.026371+00:00,2.6917270006379113,APPROVED,
voltdb,1128,0,2026-08-28T15:56:04.026447+00:00,2026-08-28T15:56:04.039906+00:00,13.449785008560866,APPROVED,
postgres,1129,0,2026-08-28T15:56:04.040019+00:00,2026-08-28T15:56:04.043702+00:00,3.672277001896873,APPROVED,
voltdb,1129,0,2026-08-28T15:56:04.043852+00:00,2026-08-28T15:56:04.058391+00:00,14.52871400397271,APPROVED,
postgres,1131,0,2026-08-28T15:56:04.058498+00:00,2026-08-28T15:56:04.062041+00:00,3.529412002535537,APPROVED,
voltdb,1131,0,2026-08-28T15:56:04.062133+00:00,2026-08-28T15:56:04.078097+00:00,15.917122000246309,APPROVED,
postgres,1134,0,2026-08-28T15:56:04.078235+00:00,2026-08-28T15:56:04.081221+00:00,2.972299000248313,APPROVED,
voltdb,1134,0,2026-08-28T15:56:04.081296+00:00,2026-08-28T15:56:04.095376+00:00,14.071913989027962,APPROVED,
postgres,1135,0,2026-08-28T15:56:04.095567+00:00,2026-08-28T15:56:04.098406+00:00,2.8264490101719275,APPROVED,
voltdb,1135,0,2026-08-28T15:56:04.098471+00:00,2026-08-28T15:56:04.111755+00:00,13.27520799532067,APPROVED,
postgres,1136,0,2026-08-28T15:56:04.111972+00:00,2026-08-28T15:56:04.114541+00:00,2.557166008045897,APPROVED,
voltdb,1136,0,2026-08-28T15:56:04.114604+00:00,2026-08-28T15:56:04.128791+00:00,14.152672010823153,APPROVED,
postgres,1137,0,2026-08-28T15:56:04.128938+00:00,2026-08-28T15:56:04.132244+00:00,3.2909120054682717,APPROVED,
voltdb,1137,0,2026-08-28T15:56:04.132404+00:00,2026-08-28T15:56:04.146265+00:00,13.843681997968815,APPROVED,
postgres,1138,0,2026-08-28T15:56:04.146366+00:00,2026-08-28T15:56:04.149387+00:00,3.0108809878583997,APPROVED,
voltdb,1138,0,2026-08-28T15:56:04.149465+00:00,2026-08-28T15:56:04.162962+00:00,13.486915995599702,APPROVED,
postgres,1142,0,2026-08-28T15:56:04.163126+00:00,2026-08-28T15:56:04.166001+00:00,2.861872999346815,APPROVED,
voltdb,1142,0,2026-08-28T15:56:04.166075+00:00,2026-08-28T15:56:04.180775+00:00,14.689382005599327,APPROVED,
postgres,1144,0,2026-08-28T15:56:04.181021+00:00,2026-08-28T15:56:04.187180+00:00,6.140195007901639,APPROVED,
voltdb,1144,0,2026-08-28T15:56:04.187262+00:00,2026-08-28T15:56:04.206217+00:00,18.94562201050576,APPROVED,
postgres,1146,0,2026-08-28T15:56:04.206339+00:00,2026-08-28T15:56:04.211336+00:00,4.982376995030791,APPROVED,
voltdb,1146,0,2026-08-28T15:56:04.211420+00:00,2026-08-28T15:56:04.245141+00:00,33.70630799327046,APPROVED,
postgres,1148,0,2026-08-28T15:56:04.245349+00:00,2026-08-28T15:56:04.251191+00:00,5.819176993099973,APPROVED,
voltdb,1148,0,2026-08-28T15:56:04.251278+00:00,2026-08-28T15:56:04.284620+00:00,33.3289150003111,APPROVED,
postgres,1151,0,2026-08-28T15:56:04.285238+00:00,2026-08-28T15:56:04.294417+00:00,9.147838994977064,APPROVED,
voltdb,1151,0,2026-08-28T15:56:04.294589+00:00,2026-08-28T15:56:04.366411+00:00,71.77264700294472,APPROVED,
postgres,1153,0,2026-08-28T15:56:04.366537+00:00,2026-08-28T15:56:04.373734+00:00,7.184134999988601,APPROVED,
voltdb,1153,0,2026-08-28T15:56:04.373819+00:00,2026-08-28T15:56:04.392953+00:00,19.12318100221455,APPROVED,
postgres,1154,0,2026-08-28T15:56:04.393042+00:00,2026-08-28T15:56:04.398031+00:00,4.978226003004238,APPROVED,
voltdb,1154,0,2026-08-28T15:56:04.398111+00:00,2026-08-28T15:56:04.417906+00:00,19.785558004514314,APPROVED,
postgres,1157,0,2026-08-28T15:56:04.417968+00:00,2026-08-28T15:56:04.423134+00:00,5.157849998795427,REVIEW,
voltdb,1157,0,2026-08-28T15:56:04.423217+00:00,2026-08-28T15:56:04.447094+00:00,23.868698001024313,REVIEW,
postgres,1158,0,2026-08-28T15:56:04.447186+00:00,2026-08-28T15:56:04.452799+00:00,5.601490003755316,APPROVED,
voltdb,1158,0,2026-08-28T15:56:04.452896+00:00,2026-08-28T15:56:04.472895+00:00,19.886107998900115,APPROVED,
postgres,1159,0,2026-08-28T15:56:04.472994+00:00,2026-08-28T15:56:04.477946+00:00,4.940582002745941,APPROVED,
voltdb,1159,0,2026-08-28T15:56:04.478027+00:00,2026-08-28T15:56:04.496959+00:00,18.923024996183813,APPROVED,
postgres,1160,0,2026-08-28T15:56:04.497063+00:00,2026-08-28T15:56:04.502236+00:00,5.159998996532522,APPROVED,
voltdb,1160,0,2026-08-28T15:56:04.502351+00:00,2026-08-28T15:56:04.524080+00:00,21.715614988352172,APPROVED,
postgres,1161,0,2026-08-28T15:56:04.524223+00:00,2026-08-28T15:56:04.528853+00:00,4.613311990397051,APPROVED,
voltdb,1161,0,2026-08-28T15:56:04.528985+00:00,2026-08-28T15:56:04.548756+00:00,19.752029998926446,APPROVED,
postgres,1162,0,2026-08-28T15:56:04.549227+00:00,2026-08-28T15:56:04.553975+00:00,4.690630012191832,APPROVED,
voltdb,1162,0,2026-08-28T15:56:04.554051+00:00,2026-08-28T15:56:04.571792+00:00,17.731855012243614,APPROVED,
postgres,1164,0,2026-08-28T15:56:04.572013+00:00,2026-08-28T15:56:04.576233+00:00,4.204895012662746,APPROVED,
voltdb,1164,0,2026-08-28T15:56:04.576369+00:00,2026-08-28T15:56:04.591200+00:00,14.81185300508514,APPROVED,
postgres,1165,0,2026-08-28T15:56:04.591298+00:00,2026-08-28T15:56:04.593757+00:00,2.4500339932274073,APPROVED,
voltdb,1165,0,2026-08-28T15:56:04.593822+00:00,2026-08-28T15:56:04.607251+00:00,13.420167990261689,APPROVED,
postgres,1166,0,2026-08-28T15:56:04.607355+00:00,2026-08-28T15:56:04.611117+00:00,3.752489006728865,APPROVED,
voltdb,1166,0,2026-08-28T15:56:04.611187+00:00,2026-08-28T15:56:04.628253+00:00,17.05302600748837,APPROVED,
postgres,1168,0,2026-08-28T15:56:04.628371+00:00,2026-08-28T15:56:04.631786+00:00,3.4045430074911565,APPROVED,
voltdb,1168,0,2026-08-28T15:56:04.631851+00:00,2026-08-28T15:56:04.645691+00:00,13.831880001816899,APPROVED,
postgres,1171,0,2026-08-28T15:56:04.645861+00:00,2026-08-28T15:56:04.648885+00:00,3.012298999237828,APPROVED,
voltdb,1171,0,2026-08-28T15:56:04.648978+00:00,2026-08-28T15:56:04.663198+00:00,14.208979002432898,APPROVED,
postgres,1172,1,2026-08-28T15:56:04.663327+00:00,2026-08-28T15:56:04.666430+00:00,3.0884970037732273,REVIEW,
voltdb,1172,1,2026-08-28T15:56:04.666497+00:00,2026-08-28T15:56:04.684005+00:00,17.49977099825628,REVIEW,
postgres,1173,0,2026-08-28T15:56:04.684129+00:00,2026-08-28T15:56:04.687122+00:00,2.9805550002492964,APPROVED,
voltdb,1173,0,2026-08-28T15:56:04.687193+00:00,2026-08-28T15:56:04.700546+00:00,13.343705999432132,APPROVED,
postgres,1175,0,2026-08-28T15:56:04.700678+00:00,2026-08-28T15:56:04.704784+00:00,4.0927430090960115,APPROVED,
voltdb,1175,0,2026-08-28T15:56:04.704858+00:00,2026-08-28T15:56:04.719007+00:00,14.14012600434944,APPROVED,
postgres,1177,0,2026-08-28T15:56:04.719131+00:00,2026-08-28T15:56:04.722836+00:00,3.6797210050281137,APPROVED,
voltdb,1177,0,2026-08-28T15:56:04.722920+00:00,2026-08-28T15:56:04.737004+00:00,14.074093996896408,APPROVED,
postgres,1178,0,2026-08-28T15:56:04.737105+00:00,2026-08-28T15:56:04.740097+00:00,2.9810849955538288,APPROVED,
voltdb,1178,0,2026-08-28T15:56:04.740175+00:00,2026-08-28T15:56:04.753510+00:00,13.326421001693234,APPROVED,
postgres,1179,0,2026-08-28T15:56:04.753608+00:00,2026-08-28T15:56:04.757573+00:00,3.9537330012535676,APPROVED,
voltdb,1179,0,2026-08-28T15:56:04.757694+00:00,2026-08-28T15:56:04.771470+00:00,13.757841006736271,APPROVED,
postgres,1181,0,2026-08-28T15:56:04.771570+00:00,2026-08-28T15:56:04.774261+00:00,2.6816949975909665,APPROVED,
voltdb,1181,0,2026-08-28T15:56:04.774329+00:00,2026-08-28T15:56:04.795881+00:00,21.542741000303067,APPROVED,
postgres,1182,0,2026-08-28T15:56:04.796036+00:00,2026-08-28T15:56:04.800954+00:00,4.902439002762549,APPROVED,
voltdb,1182,0,2026-08-28T15:56:04.801031+00:00,2026-08-28T15:56:04.817099+00:00,16.058296998380683,APPROVED,
postgres,1183,0,2026-08-28T15:56:04.817207+00:00,2026-08-28T15:56:04.820289+00:00,3.070172999287024,APPROVED,
voltdb,1183,0,2026-08-28T15:56:04.820369+00:00,2026-08-28T15:56:04.834524+00:00,14.146810994134285,APPROVED,
postgres,1185,0,2026-08-28T15:56:04.834621+00:00,2026-08-28T15:56:04.839277+00:00,4.6466829953715205,APPROVED,
voltdb,1185,0,2026-08-28T15:56:04.839373+00:00,2026-08-28T15:56:04.853102+00:00,13.71676400594879,APPROVED,
postgres,1186,0,2026-08-28T15:56:04.853200+00:00,2026-08-28T15:56:04.856391+00:00,3.1800500000827014,APPROVED,
voltdb,1186,0,2026-08-28T15:56:04.856470+00:00,2026-08-28T15:56:04.870078+00:00,13.59881401003804,APPROVED,
postgres,1187,0,2026-08-28T15:56:04.870177+00:00,2026-08-28T15:56:04.873066+00:00,2.8795079997507855,APPROVED,
voltdb,1187,0,2026-08-28T15:56:04.873134+00:00,2026-08-28T15:56:04.886468+00:00,13.325545995030552,APPROVED,
postgres,1188,0,2026-08-28T15:56:04.886572+00:00,2026-08-28T15:56:04.889855+00:00,3.272351998020895,APPROVED,
voltdb,1188,0,2026-08-28T15:56:04.889938+00:00,2026-08-28T15:56:04.903596+00:00,13.649084998178296,APPROVED,
postgres,1191,0,2026-08-28T15:56:04.903870+00:00,2026-08-28T15:56:04.906518+00:00,2.6317200099583715,APPROVED,
voltdb,1191,0,2026-08-28T15:56:04.906584+00:00,2026-08-28T15:56:04.920799+00:00,14.206463994923979,APPROVED,
postgres,1192,0,2026-08-28T15:56:04.921165+00:00,2026-08-28T15:56:04.925079+00:00,3.8919990038266405,APPROVED,
voltdb,1192,0,2026-08-28T15:56:04.925150+00:00,2026-08-28T15:56:04.938981+00:00,13.821703003486618,APPROVED,
postgres,1193,0,2026-08-28T15:56:04.939103+00:00,2026-08-28T15:56:04.942488+00:00,3.3728260023053735,APPROVED,
voltdb,1193,0,2026-08-28T15:56:04.942585+00:00,2026-08-28T15:56:04.956509+00:00,13.913962000515312,APPROVED,
postgres,1194,0,2026-08-28T15:56:04.956807+00:00,2026-08-28T15:56:04.959343+00:00,2.5156399933621287,APPROVED,
voltdb,1194,0,2026-08-28T15:56:04.959406+00:00,2026-08-28T15:56:04.973559+00:00,14.14420100627467,APPROVED,
postgres,1195,0,2026-08-28T15:56:04.973659+00:00,2026-08-28T15:56:04.976785+00:00,3.115310988505371,APPROVED,
voltdb,1195,0,2026-08-28T15:56:04.976892+00:00,2026-08-28T15:56:04.990515+00:00,13.606253007310443,APPROVED,
postgres,1197,0,2026-08-28T15:56:04.990618+00:00,2026-08-28T15:56:04.993448+00:00,2.8193569887662306,APPROVED,
voltdb,1197,0,2026-08-28T15:56:04.993520+00:00,2026-08-28T15:56:05.009108+00:00,15.578324004309252,APPROVED,
postgres,1198,0,2026-08-28T15:56:05.009276+00:00,2026-08-28T15:56:05.013236+00:00,3.945517004467547,REVIEW,
voltdb,1198,0,2026-08-28T15:56:05.013309+00:00,2026-08-28T15:56:05.032347+00:00,19.02957199490629,REVIEW,
postgres,1199,0,2026-08-28T15:56:05.032458+00:00,2026-08-28T15:56:05.035468+00:00,2.997709991177544,APPROVED,
voltdb,1199,0,2026-08-28T15:56:05.035580+00:00,2026-08-28T15:56:05.049834+00:00,14.239194002584554,APPROVED,
postgres,1200,0,2026-08-28T15:56:05.050002+00:00,2026-08-28T15:56:05.053845+00:00,3.825471008894965,APPROVED,
voltdb,1200,0,2026-08-28T15:56:05.053915+00:00,2026-08-28T15:56:05.067216+00:00,13.292291987454519,APPROVED,
postgres,1201,0,2026-08-28T15:56:05.067331+00:00,2026-08-28T15:56:05.070452+00:00,3.1114140001591295,APPROVED,
voltdb,1201,0,2026-08-28T15:56:05.070534+00:00,2026-08-28T15:56:05.084654+00:00,14.110795003944077,APPROVED,
postgres,1202,0,2026-08-28T15:56:05.084921+00:00,2026-08-28T15:56:05.087551+00:00,2.6191549986833706,APPROVED,
voltdb,1202,0,2026-08-28T15:56:05.087616+00:00,2026-08-28T15:56:05.101881+00:00,14.255942005547695,APPROVED,
postgres,1203,0,2026-08-28T15:56:05.102071+00:00,2026-08-28T15:56:05.106097+00:00,4.010782009572722,APPROVED,
voltdb,1203,0,2026-08-28T15:56:05.106171+00:00,2026-08-28T15:56:05.120156+00:00,13.976039990666322,APPROVED,
postgres,1204,0,2026-08-28T15:56:05.120285+00:00,2026-08-28T15:56:05.124108+00:00,3.810099995462224,APPROVED,
voltdb,1204,0,2026-08-28T15:56:05.124186+00:00,2026-08-28T15:56:05.137565+00:00,13.37006599351298,APPROVED,
postgres,1205,0,2026-08-28T15:56:05.137663+00:00,2026-08-28T15:56:05.140451+00:00,2.7785109996329993,APPROVED,
voltdb,1205,0,2026-08-28T15:56:05.140536+00:00,2026-08-28T15:56:05.153433+00:00,12.887978009530343,APPROVED,
postgres,1206,0,2026-08-28T15:56:05.153528+00:00,2026-08-28T15:56:05.157277+00:00,3.7389490025816485,APPROVED,
voltdb,1206,0,2026-08-28T15:56:05.157362+00:00,2026-08-28T15:56:05.170860+00:00,13.488700002199039,APPROVED,
postgres,1207,0,2026-08-28T15:56:05.170966+00:00,2026-08-28T15:56:05.173642+00:00,2.666290005436167,APPROVED,
voltdb,1207,0,2026-08-28T15:56:05.173766+00:00,2026-08-28T15:56:05.187897+00:00,14.122281994787045,APPROVED,
postgres,1208,0,2026-08-28T15:56:05.188019+00:00,2026-08-28T15:56:05.191233+00:00,3.162042994517833,APPROVED,
voltdb,1208,0,2026-08-28T15:56:05.191345+00:00,2026-08-28T15:56:05.205055+00:00,13.701848001801409,APPROVED,
postgres,1209,0,2026-08-28T15:56:05.205151+00:00,2026-08-28T15:56:05.208486+00:00,3.3252369903493673,REVIEW,
voltdb,1209,0,2026-08-28T15:56:05.208579+00:00,2026-08-28T15:56:05.226563+00:00,17.942635007784702,REVIEW,
postgres,1210,0,2026-08-28T15:56:05.226667+00:00,2026-08-28T15:56:05.230447+00:00,3.7695409992011264,REVIEW,
voltdb,1210,0,2026-08-28T15:56:05.230524+00:00,2026-08-28T15:56:05.252259+00:00,21.725981001509354,REVIEW,
postgres,1211,0,2026-08-28T15:56:05.252354+00:00,2026-08-28T15:56:05.255333+00:00,2.968674001749605,APPROVED,
voltdb,1211,0,2026-08-28T15:56:05.255408+00:00,2026-08-28T15:56:05.269658+00:00,14.241751996451057,APPROVED,
postgres,1212,0,2026-08-28T15:56:05.269812+00:00,2026-08-28T15:56:05.272903+00:00,3.0802550027146935,APPROVED,
voltdb,1212,0,2026-08-28T15:56:05.272968+00:00,2026-08-28T15:56:05.286908+00:00,13.930825007264502,APPROVED,
postgres,1213,0,2026-08-28T15:56:05.287015+00:00,2026-08-28T15:56:05.290763+00:00,3.735378006240353,APPROVED,
voltdb,1213,0,2026-08-28T15:56:05.290844+00:00,2026-08-28T15:56:05.305383+00:00,14.530512999044731,APPROVED,
postgres,1214,1,2026-08-28T15:56:05.305496+00:00,2026-08-28T15:56:05.308899+00:00,3.3931200014194474,BLOCKED,
voltdb,1214,1,2026-08-28T15:56:05.308981+00:00,2026-08-28T15:56:05.327724+00:00,18.733634002273902,BLOCKED,
postgres,1216,0,2026-08-28T15:56:05.327951+00:00,2026-08-28T15:56:05.332164+00:00,4.200038994895294,APPROVED,
voltdb,1216,0,2026-08-28T15:56:05.332251+00:00,2026-08-28T15:56:05.346458+00:00,14.197918004356325,APPROVED,
postgres,1217,0,2026-08-28T15:56:05.346559+00:00,2026-08-28T15:56:05.349633+00:00,3.057827998418361,APPROVED,
voltdb,1217,0,2026-08-28T15:56:05.349781+00:00,2026-08-28T15:56:05.367492+00:00,17.700903001241386,APPROVED,
postgres,1218,0,2026-08-28T15:56:05.367601+00:00,2026-08-28T15:56:05.372526+00:00,4.912805001367815,APPROVED,
voltdb,1218,0,2026-08-28T15:56:05.372614+00:00,2026-08-28T15:56:05.395160+00:00,22.535045995027758,APPROVED,
postgres,1219,1,2026-08-28T15:56:05.395304+00:00,2026-08-28T15:56:05.424842+00:00,29.521088988985866,REVIEW,
voltdb,1219,1,2026-08-28T15:56:05.424970+00:00,2026-08-28T15:56:05.449573+00:00,24.560025995015167,REVIEW,
postgres,1220,0,2026-08-28T15:56:05.449849+00:00,2026-08-28T15:56:05.453670+00:00,3.806394001003355,APPROVED,
voltdb,1220,0,2026-08-28T15:56:05.453757+00:00,2026-08-28T15:56:05.476392+00:00,22.620697011006996,APPROVED,
postgres,1221,0,2026-08-28T15:56:05.476667+00:00,2026-08-28T15:56:05.486080+00:00,9.15333500597626,APPROVED,
voltdb,1221,0,2026-08-28T15:56:05.486191+00:00,2026-08-28T15:56:05.512242+00:00,26.03561799332965,APPROVED,
postgres,1222,0,2026-08-28T15:56:05.512338+00:00,2026-08-28T15:56:05.517506+00:00,5.157663996214978,APPROVED,
voltdb,1222,0,2026-08-28T15:56:05.517608+00:00,2026-08-28T15:56:05.543556+00:00,25.93440499913413,APPROVED,
postgres,1226,0,2026-08-28T15:56:05.544031+00:00,2026-08-28T15:56:05.552281+00:00,8.223244003602304,APPROVED,
voltdb,1226,0,2026-08-28T15:56:05.552411+00:00,2026-08-28T15:56:05.582235+00:00,29.7842150030192,APPROVED,
postgres,1227,0,2026-08-28T15:56:05.582508+00:00,2026-08-28T15:56:05.592611+00:00,10.08159900084138,APPROVED,
voltdb,1227,0,2026-08-28T15:56:05.592848+00:00,2026-08-28T15:56:05.627342+00:00,34.468532001483254,APPROVED,
postgres,1228,0,2026-08-28T15:56:05.627488+00:00,2026-08-28T15:56:05.633898+00:00,6.395541000529192,APPROVED,
voltdb,1228,0,2026-08-28T15:56:05.633983+00:00,2026-08-28T15:56:05.656419+00:00,22.426404990255833,APPROVED,
postgres,1229,0,2026-08-28T15:56:05.656518+00:00,2026-08-28T15:56:05.663532+00:00,6.986289998167194,APPROVED,
voltdb,1229,0,2026-08-28T15:56:05.663669+00:00,2026-08-28T15:56:05.689857+00:00,26.17354498943314,APPROVED,
postgres,1230,0,2026-08-28T15:56:05.690248+00:00,2026-08-28T15:56:05.696206+00:00,5.927153004449792,APPROVED,
voltdb,1230,0,2026-08-28T15:56:05.696415+00:00,2026-08-28T15:56:05.721325+00:00,24.89190999767743,APPROVED,
postgres,1231,0,2026-08-28T15:56:05.721618+00:00,2026-08-28T15:56:05.726890+00:00,5.2577909955289215,APPROVED,
voltdb,1231,0,2026-08-28T15:56:05.726975+00:00,2026-08-28T15:56:05.752533+00:00,25.54580199648626,APPROVED,
postgres,1233,0,2026-08-28T15:56:05.752653+00:00,2026-08-28T15:56:05.759029+00:00,6.363882988807745,APPROVED,
voltdb,1233,0,2026-08-28T15:56:05.759138+00:00,2026-08-28T15:56:05.781320+00:00,22.12883900210727,APPROVED,
postgres,1234,0,2026-08-28T15:56:05.781478+00:00,2026-08-28T15:56:05.789349+00:00,7.856759999413043,APPROVED,
voltdb,1234,0,2026-08-28T15:56:05.789430+00:00,2026-08-28T15:56:05.816753+00:00,27.310681995004416,APPROVED,
postgres,1235,0,2026-08-28T15:56:05.816973+00:00,2026-08-28T15:56:05.822412+00:00,5.4234540002653375,APPROVED,
voltdb,1235,0,2026-08-28T15:56:05.822605+00:00,2026-08-28T15:56:05.842540+00:00,19.921244005672634,APPROVED,
postgres,1236,0,2026-08-28T15:56:05.842657+00:00,2026-08-28T15:56:05.847159+00:00,4.480903997318819,APPROVED,
voltdb,1236,0,2026-08-28T15:56:05.847301+00:00,2026-08-28T15:56:05.872458+00:00,25.142477999906987,APPROVED,
postgres,1237,0,2026-08-28T15:56:05.872588+00:00,2026-08-28T15:56:05.878044+00:00,5.436077990452759,APPROVED,
voltdb,1237,0,2026-08-28T15:56:05.878129+00:00,2026-08-28T15:56:05.897712+00:00,19.55173299938906,APPROVED,
postgres,1239,0,2026-08-28T15:56:05.898023+00:00,2026-08-28T15:56:05.904831+00:00,6.786612997530028,APPROVED,
voltdb,1239,0,2026-08-28T15:56:05.904946+00:00,2026-08-28T15:56:05.925287+00:00,20.33119701081887,APPROVED,
postgres,1240,0,2026-08-28T15:56:05.925431+00:00,2026-08-28T15:56:05.930241+00:00,4.788787991856225,APPROVED,
voltdb,1240,0,2026-08-28T15:56:05.930350+00:00,2026-08-28T15:56:05.952975+00:00,22.60871700127609,APPROVED,
postgres,1241,0,2026-08-28T15:56:05.953147+00:00,2026-08-28T15:56:05.958591+00:00,5.430316989077255,APPROVED,
voltdb,1241,0,2026-08-28T15:56:05.958673+00:00,2026-08-28T15:56:05.978345+00:00,19.66125900798943,APPROVED,
postgres,1242,0,2026-08-28T15:56:05.978466+00:00,2026-08-28T15:56:05.985089+00:00,6.602969006053172,APPROVED,
voltdb,1242,0,2026-08-28T15:56:05.985172+00:00,2026-08-28T15:56:06.006907+00:00,21.726029997807927,APPROVED,
postgres,1243,0,2026-08-28T15:56:06.007023+00:00,2026-08-28T15:56:06.029459+00:00,22.4197740026284,APPROVED,
voltdb,1243,0,2026-08-28T15:56:06.029689+00:00,2026-08-28T15:56:06.109429+00:00,79.72006099589635,APPROVED,
postgres,1244,0,2026-08-28T15:56:06.109726+00:00,2026-08-28T15:56:06.149079+00:00,39.32648700720165,APPROVED,
voltdb,1244,0,2026-08-28T15:56:06.149429+00:00,2026-08-28T15:56:06.202480+00:00,53.02552600915078,APPROVED,
postgres,1245,0,2026-08-28T15:56:06.202865+00:00,2026-08-28T15:56:06.214314+00:00,11.329968998325057,APPROVED,
voltdb,1245,0,2026-08-28T15:56:06.214399+00:00,2026-08-28T15:56:06.279176+00:00,64.76236799790058,APPROVED,
postgres,1246,0,2026-08-28T15:56:06.279317+00:00,2026-08-28T15:56:06.295106+00:00,15.772589002153836,APPROVED,
voltdb,1246,0,2026-08-28T15:56:06.295338+00:00,2026-08-28T15:56:06.420067+00:00,124.70952300645877,APPROVED,
postgres,1248,0,2026-08-28T15:56:06.428509+00:00,2026-08-28T15:56:06.436196+00:00,7.6187800004845485,APPROVED,
voltdb,1248,0,2026-08-28T15:56:06.436329+00:00,2026-08-28T15:56:06.482668+00:00,46.323344999109395,APPROVED,
postgres,1249,0,2026-08-28T15:56:06.482802+00:00,2026-08-28T15:56:06.509266+00:00,26.449126991792582,APPROVED,
voltdb,1249,0,2026-08-28T15:56:06.509396+00:00,2026-08-28T15:56:06.685457+00:00,176.0430440044729,APPROVED,
postgres,1250,0,2026-08-28T15:56:06.685603+00:00,2026-08-28T15:56:06.694921+00:00,9.303699000156485,APPROVED,
voltdb,1250,0,2026-08-28T15:56:06.695203+00:00,2026-08-28T15:56:06.726667+00:00,31.42955400107894,APPROVED,
postgres,1251,0,2026-08-28T15:56:06.727073+00:00,2026-08-28T15:56:06.733451+00:00,6.354081007884815,APPROVED,
voltdb,1251,0,2026-08-28T15:56:06.733562+00:00,2026-08-28T15:56:06.762879+00:00,29.303143004653975,APPROVED,
postgres,1252,0,2026-08-28T15:56:06.763089+00:00,2026-08-28T15:56:06.771991+00:00,8.881707006366923,APPROVED,
voltdb,1252,0,2026-08-28T15:56:06.772478+00:00,2026-08-28T15:56:06.802279+00:00,29.774155002087355,APPROVED,
postgres,1255,0,2026-08-28T15:56:06.802422+00:00,2026-08-28T15:56:06.809321+00:00,6.88241800526157,REVIEW,
voltdb,1255,0,2026-08-28T15:56:06.810224+00:00,2026-08-28T15:56:06.849336+00:00,39.07950199209154,REVIEW,
postgres,1256,0,2026-08-28T15:56:06.849468+00:00,2026-08-28T15:56:06.857171+00:00,7.688058991334401,APPROVED,
voltdb,1256,0,2026-08-28T15:56:06.857314+00:00,2026-08-28T15:56:06.889648+00:00,32.31804899405688,APPROVED,
postgres,1257,0,2026-08-28T15:56:06.889910+00:00,2026-08-28T15:56:06.896353+00:00,6.4224550005747005,APPROVED,
voltdb,1257,0,2026-08-28T15:56:06.896471+00:00,2026-08-28T15:56:06.924669+00:00,28.18269700219389,APPROVED,
postgres,1258,0,2026-08-28T15:56:06.924843+00:00,2026-08-28T15:56:06.931194+00:00,6.335553000099026,APPROVED,
voltdb,1258,0,2026-08-28T15:56:06.931288+00:00,2026-08-28T15:56:06.998322+00:00,67.02339799085166,APPROVED,
postgres,1259,0,2026-08-28T15:56:06.998529+00:00,2026-08-28T15:56:07.011763+00:00,13.19020800292492,APPROVED,
voltdb,1259,0,2026-08-28T15:56:07.011848+00:00,2026-08-28T15:56:07.095828+00:00,83.96283400361426,APPROVED,
postgres,1260,0,2026-08-28T15:56:07.096349+00:00,2026-08-28T15:56:07.104917+00:00,8.54176000575535,APPROVED,
voltdb,1260,0,2026-08-28T15:56:07.105081+00:00,2026-08-28T15:56:07.136260+00:00,31.1598469997989,APPROVED,
postgres,1261,1,2026-08-28T15:56:07.136483+00:00,2026-08-28T15:56:07.145699+00:00,9.194017999107018,BLOCKED,
voltdb,1261,1,2026-08-28T15:56:07.145941+00:00,2026-08-28T15:56:07.177346+00:00,31.38441199553199,BLOCKED,
postgres,1262,0,2026-08-28T15:56:07.177562+00:00,2026-08-28T15:56:07.184462+00:00,6.879980996018276,APPROVED,
voltdb,1262,0,2026-08-28T15:56:07.184660+00:00,2026-08-28T15:56:07.211615+00:00,26.935985006275587,APPROVED,
postgres,1265,0,2026-08-28T15:56:07.211945+00:00,2026-08-28T15:56:07.218864+00:00,6.901685002958402,APPROVED,
voltdb,1265,0,2026-08-28T15:56:07.219019+00:00,2026-08-28T15:56:07.243683+00:00,24.652238993439823,APPROVED,
postgres,1266,0,2026-08-28T15:56:07.243905+00:00,2026-08-28T15:56:07.253593+00:00,9.669363993452862,APPROVED,
voltdb,1266,0,2026-08-28T15:56:07.253707+00:00,2026-08-28T15:56:07.280273+00:00,26.551817994914018,APPROVED,
postgres,1267,0,2026-08-28T15:56:07.280428+00:00,2026-08-28T15:56:07.289367+00:00,8.920832013245672,APPROVED,
voltdb,1267,0,2026-08-28T15:56:07.289539+00:00,2026-08-28T15:56:07.334149+00:00,44.58620600053109,APPROVED,
postgres,1269,0,2026-08-28T15:56:07.334298+00:00,2026-08-28T15:56:07.343203+00:00,8.890037992387079,APPROVED,
voltdb,1269,0,2026-08-28T15:56:07.343319+00:00,2026-08-28T15:56:07.367686+00:00,24.35286399850156,APPROVED,
postgres,1270,0,2026-08-28T15:56:07.368003+00:00,2026-08-28T15:56:07.373832+00:00,5.777678990853019,APPROVED,
voltdb,1270,0,2026-08-28T15:56:07.374043+00:00,2026-08-28T15:56:07.397567+00:00,23.508311991463415,APPROVED,
postgres,1271,0,2026-08-28T15:56:07.397757+00:00,2026-08-28T15:56:07.405062+00:00,7.240239006932825,APPROVED,
voltdb,1271,0,2026-08-28T15:56:07.405152+00:00,2026-08-28T15:56:07.429680+00:00,24.51619500061497,APPROVED,
postgres,1272,0,2026-08-28T15:56:07.429908+00:00,2026-08-28T15:56:07.435310+00:00,5.384223011787981,APPROVED,
voltdb,1272,0,2026-08-28T15:56:07.435440+00:00,2026-08-28T15:56:07.464340+00:00,28.882057988084853,APPROVED,
postgres,1273,0,2026-08-28T15:56:07.464508+00:00,2026-08-28T15:56:07.474513+00:00,9.990558988647535,APPROVED,
voltdb,1273,0,2026-08-28T15:56:07.474596+00:00,2026-08-28T15:56:07.498346+00:00,23.74018999398686,APPROVED,
postgres,1274,0,2026-08-28T15:56:07.498479+00:00,2026-08-28T15:56:07.506673+00:00,8.179459007806145,APPROVED,
voltdb,1274,0,2026-08-28T15:56:07.506903+00:00,2026-08-28T15:56:07.527087+00:00,20.16730200557504,APPROVED,
postgres,1275,0,2026-08-28T15:56:07.527209+00:00,2026-08-28T15:56:07.533877+00:00,6.653591000940651,REVIEW,
voltdb,1275,0,2026-08-28T15:56:07.534115+00:00,2026-08-28T15:56:07.562786+00:00,28.639746000408195,REVIEW,
postgres,1278,0,2026-08-28T15:56:07.563012+00:00,2026-08-28T15:56:07.568618+00:00,5.589314008830115,APPROVED,
voltdb,1278,0,2026-08-28T15:56:07.568744+00:00,2026-08-28T15:56:07.592802+00:00,24.046502003329806,APPROVED,
postgres,1279,0,2026-08-28T15:56:07.593148+00:00,2026-08-28T15:56:07.602186+00:00,9.00396601355169,APPROVED,
voltdb,1279,0,2026-08-28T15:56:07.602328+00:00,2026-08-28T15:56:07.626573+00:00,24.232739000581205,APPROVED,
postgres,1280,0,2026-08-28T15:56:07.626741+00:00,2026-08-28T15:56:07.632846+00:00,5.972002007183619,APPROVED,
voltdb,1280,0,2026-08-28T15:56:07.632988+00:00,2026-08-28T15:56:07.660626+00:00,27.62539900140837,APPROVED,
postgres,1281,0,2026-08-28T15:56:07.660731+00:00,2026-08-28T15:56:07.667337+00:00,6.588021002244204,APPROVED,
voltdb,1281,0,2026-08-28T15:56:07.667442+00:00,2026-08-28T15:56:07.695623+00:00,28.16561798681505,APPROVED,
postgres,1282,0,2026-08-28T15:56:07.696550+00:00,2026-08-28T15:56:07.708028+00:00,11.437790002673864,REVIEW,
voltdb,1282,0,2026-08-28T15:56:07.708166+00:00,2026-08-28T15:56:07.739791+00:00,31.516257004113868,REVIEW,
postgres,1284,0,2026-08-28T15:56:07.740321+00:00,2026-08-28T15:56:07.747037+00:00,6.684210005914792,APPROVED,
voltdb,1284,0,2026-08-28T15:56:07.747148+00:00,2026-08-28T15:56:07.769074+00:00,21.911212999839336,APPROVED,
postgres,1286,0,2026-08-28T15:56:07.769178+00:00,2026-08-28T15:56:07.774296+00:00,5.106315991724841,APPROVED,
voltdb,1286,0,2026-08-28T15:56:07.774434+00:00,2026-08-28T15:56:07.794811+00:00,20.36604999739211,APPROVED,
postgres,1288,0,2026-08-28T15:56:07.794957+00:00,2026-08-28T15:56:07.803849+00:00,8.865334995789453,APPROVED,
voltdb,1288,0,2026-08-28T15:56:07.803999+00:00,2026-08-28T15:56:07.824554+00:00,20.54373400460463,APPROVED,
postgres,1289,0,2026-08-28T15:56:07.824676+00:00,2026-08-28T15:56:07.828987+00:00,4.295184000511654,APPROVED,
voltdb,1289,0,2026-08-28T15:56:07.829115+00:00,2026-08-28T15:56:07.851297+00:00,22.039502000552602,APPROVED,
postgres,1290,1,2026-08-28T15:56:07.851550+00:00,2026-08-28T15:56:07.858041+00:00,6.469539992394857,REVIEW,
voltdb,1290,1,2026-08-28T15:56:07.858137+00:00,2026-08-28T15:56:07.881249+00:00,23.09631899697706,REVIEW,
postgres,1292,0,2026-08-28T15:56:07.881387+00:00,2026-08-28T15:56:07.886042+00:00,4.636564990505576,APPROVED,
voltdb,1292,0,2026-08-28T15:56:07.886135+00:00,2026-08-28T15:56:07.907529+00:00,21.384989988291636,APPROVED,
postgres,1293,0,2026-08-28T15:56:07.907664+00:00,2026-08-28T15:56:07.911960+00:00,4.28433800698258,APPROVED,
voltdb,1293,0,2026-08-28T15:56:07.912042+00:00,2026-08-28T15:56:07.929466+00:00,17.36557300318964,APPROVED,
postgres,1294,0,2026-08-28T15:56:07.929903+00:00,2026-08-28T15:56:07.939231+00:00,9.300445002736524,REVIEW,
voltdb,1294,0,2026-08-28T15:56:07.939341+00:00,2026-08-28T15:56:08.003456+00:00,64.10139398940373,REVIEW,
postgres,1295,0,2026-08-28T15:56:08.003691+00:00,2026-08-28T15:56:08.015192+00:00,11.477976004243828,APPROVED,
voltdb,1295,0,2026-08-28T15:56:08.015327+00:00,2026-08-28T15:56:08.040203+00:00,24.8613299918361,APPROVED,
postgres,1296,0,2026-08-28T15:56:08.040354+00:00,2026-08-28T15:56:08.045829+00:00,5.457110004499555,APPROVED,
voltdb,1296,0,2026-08-28T15:56:08.045933+00:00,2026-08-28T15:56:08.069650+00:00,23.699893994489685,APPROVED,
postgres,1298,0,2026-08-28T15:56:08.069734+00:00,2026-08-28T15:56:08.076491+00:00,6.64465400041081,APPROVED,
voltdb,1298,0,2026-08-28T15:56:08.076596+00:00,2026-08-28T15:56:08.099642+00:00,23.032717988826334,APPROVED,
postgres,1299,0,2026-08-28T15:56:08.099863+00:00,2026-08-28T15:56:08.106840+00:00,6.958793994272128,APPROVED,
voltdb,1299,0,2026-08-28T15:56:08.106919+00:00,2026-08-28T15:56:08.125974+00:00,19.04482200916391,APPROVED,
postgres,1300,1,2026-08-28T15:56:08.126197+00:00,2026-08-28T15:56:08.130502+00:00,4.290222001145594,BLOCKED,
voltdb,1300,1,2026-08-28T15:56:08.130590+00:00,2026-08-28T15:56:08.154338+00:00,23.739078009384684,BLOCKED,
postgres,1301,0,2026-08-28T15:56:08.154438+00:00,2026-08-28T15:56:08.158961+00:00,4.513655003393069,APPROVED,
voltdb,1301,0,2026-08-28T15:56:08.159036+00:00,2026-08-28T15:56:08.173541+00:00,14.495443014311604,APPROVED,
postgres,1302,0,2026-08-28T15:56:08.173649+00:00,2026-08-28T15:56:08.176915+00:00,3.254202994867228,APPROVED,
voltdb,1302,0,2026-08-28T15:56:08.176992+00:00,2026-08-28T15:56:08.192095+00:00,15.089583001099527,APPROVED,
postgres,1303,0,2026-08-28T15:56:08.192247+00:00,2026-08-28T15:56:08.195848+00:00,3.5888879938283935,APPROVED,
voltdb,1303,0,2026-08-28T15:56:08.195933+00:00,2026-08-28T15:56:08.211941+00:00,15.998613002011552,APPROVED,
postgres,1307,0,2026-08-28T15:56:08.212065+00:00,2026-08-28T15:56:08.214998+00:00,2.920516999438405,APPROVED,
voltdb,1307,0,2026-08-28T15:56:08.215070+00:00,2026-08-28T15:56:08.235102+00:00,20.021892996737733,APPROVED,
postgres,1308,0,2026-08-28T15:56:08.235220+00:00,2026-08-28T15:56:08.240098+00:00,4.860832006670535,APPROVED,
voltdb,1308,0,2026-08-28T15:56:08.240181+00:00,2026-08-28T15:56:08.259887+00:00,19.662930993945338,APPROVED,
postgres,1309,0,2026-08-28T15:56:08.260110+00:00,2026-08-28T15:56:08.266313+00:00,6.181618009577505,APPROVED,
voltdb,1309,0,2026-08-28T15:56:08.266422+00:00,2026-08-28T15:56:08.285483+00:00,19.0457319986308,APPROVED,
postgres,1311,0,2026-08-28T15:56:08.285703+00:00,2026-08-28T15:56:08.290992+00:00,5.272078997222707,APPROVED,
voltdb,1311,0,2026-08-28T15:56:08.291094+00:00,2026-08-28T15:56:08.309817+00:00,18.710937001742423,APPROVED,
postgres,1312,0,2026-08-28T15:56:08.310024+00:00,2026-08-28T15:56:08.314458+00:00,4.41814299847465,APPROVED,
voltdb,1312,0,2026-08-28T15:56:08.314544+00:00,2026-08-28T15:56:08.332434+00:00,17.87866400263738,APPROVED,
postgres,1313,0,2026-08-28T15:56:08.332556+00:00,2026-08-28T15:56:08.336206+00:00,3.6333220050437376,APPROVED,
voltdb,1313,0,2026-08-28T15:56:08.336284+00:00,2026-08-28T15:56:08.355371+00:00,19.07787199888844,APPROVED,
postgres,1314,0,2026-08-28T15:56:08.355480+00:00,2026-08-28T15:56:08.360151+00:00,4.6604310045950115,APPROVED,
voltdb,1314,0,2026-08-28T15:56:08.360239+00:00,2026-08-28T15:56:08.376648+00:00,16.399868007283658,APPROVED,
postgres,1315,0,2026-08-28T15:56:08.376780+00:00,2026-08-28T15:56:08.381421+00:00,4.604895002557896,APPROVED,
voltdb,1315,0,2026-08-28T15:56:08.381500+00:00,2026-08-28T15:56:08.402042+00:00,20.532422000542283,APPROVED,
postgres,1317,0,2026-08-28T15:56:08.402160+00:00,2026-08-28T15:56:08.407370+00:00,5.173887999262661,APPROVED,
voltdb,1317,0,2026-08-28T15:56:08.407568+00:00,2026-08-28T15:56:08.432590+00:00,25.006176001625136,APPROVED,
postgres,1318,0,2026-08-28T15:56:08.432864+00:00,2026-08-28T15:56:08.439087+00:00,6.204482997418381,APPROVED,
voltdb,1318,0,2026-08-28T15:56:08.439197+00:00,2026-08-28T15:56:08.460415+00:00,21.205170996836387,APPROVED,
postgres,1320,0,2026-08-28T15:56:08.460551+00:00,2026-08-28T15:56:08.466775+00:00,6.172267007059418,APPROVED,
voltdb,1320,0,2026-08-28T15:56:08.466924+00:00,2026-08-28T15:56:08.486987+00:00,20.052716994541697,APPROVED,
postgres,1321,0,2026-08-28T15:56:08.487130+00:00,2026-08-28T15:56:08.492337+00:00,5.191128002479672,APPROVED,
voltdb,1321,0,2026-08-28T15:56:08.492434+00:00,2026-08-28T15:56:08.514029+00:00,21.583358000498265,APPROVED,
postgres,1322,0,2026-08-28T15:56:08.514129+00:00,2026-08-28T15:56:08.519361+00:00,5.2190069982316345,APPROVED,
voltdb,1322,0,2026-08-28T15:56:08.519762+00:00,2026-08-28T15:56:08.540285+00:00,20.49484600138385,APPROVED,
postgres,1323,0,2026-08-28T15:56:08.540442+00:00,2026-08-28T15:56:08.546611+00:00,6.151151988888159,APPROVED,
voltdb,1323,0,2026-08-28T15:56:08.546819+00:00,2026-08-28T15:56:08.564156+00:00,17.327260997262783,APPROVED,
postgres,1324,0,2026-08-28T15:56:08.564416+00:00,2026-08-28T15:56:08.568181+00:00,3.7478579906746745,APPROVED,
voltdb,1324,0,2026-08-28T15:56:08.568257+00:00,2026-08-28T15:56:08.585192+00:00,16.926647993386723,APPROVED,
postgres,1325,0,2026-08-28T15:56:08.585416+00:00,2026-08-28T15:56:08.588277+00:00,2.842029993189499,APPROVED,
voltdb,1325,0,2026-08-28T15:56:08.588354+00:00,2026-08-28T15:56:08.605417+00:00,17.053874005796388,APPROVED,
postgres,1328,0,2026-08-28T15:56:08.605514+00:00,2026-08-28T15:56:08.608837+00:00,3.31216499034781,APPROVED,
voltdb,1328,0,2026-08-28T15:56:08.609029+00:00,2026-08-28T15:56:08.625208+00:00,16.145686007803306,APPROVED,
postgres,1329,0,2026-08-28T15:56:08.625361+00:00,2026-08-28T15:56:08.628223+00:00,2.851159995771013,APPROVED,
voltdb,1329,0,2026-08-28T15:56:08.628289+00:00,2026-08-28T15:56:08.645646+00:00,17.347137996694073,APPROVED,
postgres,1330,0,2026-08-28T15:56:08.645956+00:00,2026-08-28T15:56:08.649429+00:00,3.45886500144843,APPROVED,
voltdb,1330,0,2026-08-28T15:56:08.649511+00:00,2026-08-28T15:56:08.666125+00:00,16.603882002527826,APPROVED,
postgres,1331,0,2026-08-28T15:56:08.666262+00:00,2026-08-28T15:56:08.669171+00:00,2.8934639994986355,APPROVED,
voltdb,1331,0,2026-08-28T15:56:08.669237+00:00,2026-08-28T15:56:08.685910+00:00,16.664302005665377,APPROVED,
postgres,1332,0,2026-08-28T15:56:08.686046+00:00,2026-08-28T15:56:08.689542+00:00,3.4824440081138164,APPROVED,
voltdb,1332,0,2026-08-28T15:56:08.689627+00:00,2026-08-28T15:56:08.706174+00:00,16.505229999893345,APPROVED,
postgres,1334,0,2026-08-28T15:56:08.706313+00:00,2026-08-28T15:56:08.709581+00:00,3.255089992308058,APPROVED,
voltdb,1334,0,2026-08-28T15:56:08.709654+00:00,2026-08-28T15:56:08.726733+00:00,17.06947099592071,APPROVED,
postgres,1336,0,2026-08-28T15:56:08.726936+00:00,2026-08-28T15:56:08.732214+00:00,5.266167994705029,REVIEW,
voltdb,1336,0,2026-08-28T15:56:08.732296+00:00,2026-08-28T15:56:08.755406+00:00,23.10122699418571,REVIEW,
postgres,1339,0,2026-08-28T15:56:08.755570+00:00,2026-08-28T15:56:08.760917+00:00,5.3279819985618815,APPROVED,
voltdb,1339,0,2026-08-28T15:56:08.760998+00:00,2026-08-28T15:56:08.781566+00:00,20.557505995384417,APPROVED,
postgres,1340,0,2026-08-28T15:56:08.781876+00:00,2026-08-28T15:56:08.787825+00:00,5.928017009864561,APPROVED,
voltdb,1340,0,2026-08-28T15:56:08.788101+00:00,2026-08-28T15:56:08.809578+00:00,21.457946990267374,APPROVED,
postgres,1343,0,2026-08-28T15:56:08.809916+00:00,2026-08-28T15:56:08.816876+00:00,6.9311739935074,APPROVED,
voltdb,1343,0,2026-08-28T15:56:08.816992+00:00,2026-08-28T15:56:08.842225+00:00,25.222053009201773,APPROVED,
postgres,1345,0,2026-08-28T15:56:08.842394+00:00,2026-08-28T15:56:08.848433+00:00,5.98720800189767,APPROVED,
voltdb,1345,0,2026-08-28T15:56:08.848578+00:00,2026-08-28T15:56:08.872470+00:00,23.87590600119438,APPROVED,
postgres,1346,0,2026-08-28T15:56:08.872590+00:00,2026-08-28T15:56:08.876951+00:00,4.342688989709131,APPROVED,
voltdb,1346,0,2026-08-28T15:56:08.877087+00:00,2026-08-28T15:56:08.899333+00:00,22.23100200353656,APPROVED,
postgres,1347,0,2026-08-28T15:56:08.899525+00:00,2026-08-28T15:56:08.907228+00:00,7.6784539996879175,APPROVED,
voltdb,1347,0,2026-08-28T15:56:08.907306+00:00,2026-08-28T15:56:08.928267+00:00,20.952669001417235,APPROVED,
postgres,1349,0,2026-08-28T15:56:08.928369+00:00,2026-08-28T15:56:08.932742+00:00,4.353339987574145,APPROVED,
voltdb,1349,0,2026-08-28T15:56:08.932985+00:00,2026-08-28T15:56:08.955968+00:00,22.968151009990834,APPROVED,
postgres,1351,0,2026-08-28T15:56:08.956125+00:00,2026-08-28T15:56:08.962039+00:00,5.903760000364855,REVIEW,
voltdb,1351,0,2026-08-28T15:56:08.962177+00:00,2026-08-28T15:56:08.981908+00:00,19.720701995538548,REVIEW,
postgres,1352,0,2026-08-28T15:56:08.982008+00:00,2026-08-28T15:56:08.986501+00:00,4.483379991143011,APPROVED,
voltdb,1352,0,2026-08-28T15:56:08.986576+00:00,2026-08-28T15:56:09.006177+00:00,19.591959004173987,APPROVED,
postgres,1353,0,2026-08-28T15:56:09.006302+00:00,2026-08-28T15:56:09.010003+00:00,3.6895960074616596,APPROVED,
voltdb,1353,0,2026-08-28T15:56:09.010195+00:00,2026-08-28T15:56:09.029073+00:00,18.850121006835252,APPROVED,
postgres,1354,0,2026-08-28T15:56:09.029165+00:00,2026-08-28T15:56:09.033337+00:00,4.159263000474311,APPROVED,
voltdb,1354,0,2026-08-28T15:56:09.033513+00:00,2026-08-28T15:56:09.058248+00:00,24.716197993257083,APPROVED,
postgres,1356,0,2026-08-28T15:56:09.058384+00:00,2026-08-28T15:56:09.063658+00:00,5.257798999082297,APPROVED,
voltdb,1356,0,2026-08-28T15:56:09.063793+00:00,2026-08-28T15:56:09.084567+00:00,20.755981997353956,APPROVED,
postgres,1357,0,2026-08-28T15:56:09.084932+00:00,2026-08-28T15:56:09.095026+00:00,10.07489899348002,APPROVED,
voltdb,1357,0,2026-08-28T15:56:09.095111+00:00,2026-08-28T15:56:09.114579+00:00,19.457357993815094,APPROVED,
postgres,1358,0,2026-08-28T15:56:09.114687+00:00,2026-08-28T15:56:09.118829+00:00,4.130963992793113,APPROVED,
voltdb,1358,0,2026-08-28T15:56:09.118977+00:00,2026-08-28T15:56:09.133625+00:00,14.633888989919797,APPROVED,
postgres,1359,0,2026-08-28T15:56:09.133821+00:00,2026-08-28T15:56:09.139205+00:00,5.367827994632535,APPROVED,
voltdb,1359,0,2026-08-28T15:56:09.139384+00:00,2026-08-28T15:56:09.166208+00:00,26.776771002914757,APPROVED,
postgres,1360,0,2026-08-28T15:56:09.166401+00:00,2026-08-28T15:56:09.172489+00:00,6.06955100374762,APPROVED,
voltdb,1360,0,2026-08-28T15:56:09.172839+00:00,2026-08-28T15:56:09.193724+00:00,20.86855299421586,APPROVED,
postgres,1361,0,2026-08-28T15:56:09.193899+00:00,2026-08-28T15:56:09.199360+00:00,5.449641990708187,APPROVED,
voltdb,1361,0,2026-08-28T15:56:09.199450+00:00,2026-08-28T15:56:09.220943+00:00,21.475485002156347,APPROVED,
postgres,1362,0,2026-08-28T15:56:09.221225+00:00,2026-08-28T15:56:09.227175+00:00,5.9372609975980595,APPROVED,
voltdb,1362,0,2026-08-28T15:56:09.227484+00:00,2026-08-28T15:56:09.255265+00:00,27.759103002608754,APPROVED,
postgres,1363,0,2026-08-28T15:56:09.255391+00:00,2026-08-28T15:56:09.262810+00:00,7.400602989946492,APPROVED,
voltdb,1363,0,2026-08-28T15:56:09.262891+00:00,2026-08-28T15:56:09.287472+00:00,24.530117996619083,APPROVED,
postgres,1365,0,2026-08-28T15:56:09.287586+00:00,2026-08-28T15:56:09.299380+00:00,11.779398992075585,REVIEW,
voltdb,1365,0,2026-08-28T15:56:09.299576+00:00,2026-08-28T15:56:09.336055+00:00,36.46014101104811,REVIEW,
postgres,1366,0,2026-08-28T15:56:09.336184+00:00,2026-08-28T15:56:09.342160+00:00,5.936054993071593,APPROVED,
voltdb,1366,0,2026-08-28T15:56:09.342253+00:00,2026-08-28T15:56:09.370182+00:00,27.919580999878235,APPROVED,
postgres,1367,0,2026-08-28T15:56:09.370276+00:00,2026-08-28T15:56:09.376869+00:00,6.58216500596609,APPROVED,
voltdb,1367,0,2026-08-28T15:56:09.376958+00:00,2026-08-28T15:56:09.408096+00:00,31.123997003305703,APPROVED,
postgres,1368,0,2026-08-28T15:56:09.408233+00:00,2026-08-28T15:56:09.415098+00:00,6.848113000160083,APPROVED,
voltdb,1368,0,2026-08-28T15:56:09.415191+00:00,2026-08-28T15:56:09.451679+00:00,36.47796300356276,APPROVED,
postgres,1371,0,2026-08-28T15:56:09.452511+00:00,2026-08-28T15:56:09.457605+00:00,5.0030179991154,APPROVED,
voltdb,1371,0,2026-08-28T15:56:09.457691+00:00,2026-08-28T15:56:09.477103+00:00,19.401965008000843,APPROVED,
postgres,1373,0,2026-08-28T15:56:09.477382+00:00,2026-08-28T15:56:09.483358+00:00,5.954052991000935,APPROVED,
voltdb,1373,0,2026-08-28T15:56:09.483495+00:00,2026-08-28T15:56:09.508282+00:00,24.76631000172347,APPROVED,
postgres,1374,0,2026-08-28T15:56:09.508455+00:00,2026-08-28T15:56:09.512830+00:00,4.3530660041142255,APPROVED,
voltdb,1374,0,2026-08-28T15:56:09.512918+00:00,2026-08-28T15:56:09.597524+00:00,84.59541600313969,APPROVED,
postgres,1375,0,2026-08-28T15:56:09.597727+00:00,2026-08-28T15:56:09.605448+00:00,7.7029819949530065,BLOCKED,
voltdb,1375,0,2026-08-28T15:56:09.605532+00:00,2026-08-28T15:56:09.628076+00:00,22.534453994012438,BLOCKED,
postgres,1376,0,2026-08-28T15:56:09.628191+00:00,2026-08-28T15:56:09.633119+00:00,4.888406008831225,APPROVED,
voltdb,1376,0,2026-08-28T15:56:09.633215+00:00,2026-08-28T15:56:09.659991+00:00,26.761531989905052,APPROVED,
postgres,1377,0,2026-08-28T15:56:09.660126+00:00,2026-08-28T15:56:09.667074+00:00,6.930500996531919,REVIEW,
voltdb,1377,0,2026-08-28T15:56:09.667183+00:00,2026-08-28T15:56:09.769471+00:00,102.27301900158636,REVIEW,
postgres,1378,0,2026-08-28T15:56:09.769697+00:00,2026-08-28T15:56:09.799754+00:00,35.69376999803353,APPROVED,
voltdb,1378,0,2026-08-28T15:56:09.799866+00:00,2026-08-28T15:56:09.860824+00:00,60.91655099589843,APPROVED,
postgres,1379,0,2026-08-28T15:56:09.861011+00:00,2026-08-28T15:56:09.867199+00:00,6.169562999275513,APPROVED,
voltdb,1379,0,2026-08-28T15:56:09.867296+00:00,2026-08-28T15:56:09.905991+00:00,38.683450999087654,APPROVED,
postgres,1381,0,2026-08-28T15:56:09.906210+00:00,2026-08-28T15:56:09.917984+00:00,11.7528639966622,APPROVED,
voltdb,1381,0,2026-08-28T15:56:09.918091+00:00,2026-08-28T15:56:09.951376+00:00,33.26958000252489,APPROVED,
postgres,1383,0,2026-08-28T15:56:09.952066+00:00,2026-08-28T15:56:09.961450+00:00,9.337413997855037,APPROVED,
voltdb,1383,0,2026-08-28T15:56:09.961576+00:00,2026-08-28T15:56:10.003858+00:00,42.26833900611382,APPROVED,
postgres,1386,0,2026-08-28T15:56:10.004009+00:00,2026-08-28T15:56:10.010254+00:00,6.231206003576517,APPROVED,
voltdb,1386,0,2026-08-28T15:56:10.010335+00:00,2026-08-28T15:56:10.025897+00:00,15.552130003925413,APPROVED,
postgres,1389,0,2026-08-28T15:56:10.026019+00:00,2026-08-28T15:56:10.032080+00:00,6.038688006810844,APPROVED,
voltdb,1389,0,2026-08-28T15:56:10.032258+00:00,2026-08-28T15:56:10.060901+00:00,28.620602999581024,APPROVED,
postgres,1390,0,2026-08-28T15:56:10.061069+00:00,2026-08-28T15:56:10.067813+00:00,6.728088003001176,APPROVED,
voltdb,1390,0,2026-08-28T15:56:10.067898+00:00,2026-08-28T15:56:10.099673+00:00,31.76408300350886,APPROVED,
postgres,1391,0,2026-08-28T15:56:10.099826+00:00,2026-08-28T15:56:10.107286+00:00,7.441884998115711,APPROVED,
voltdb,1391,0,2026-08-28T15:56:10.107389+00:00,2026-08-28T15:56:10.135634+00:00,28.229032002855092,APPROVED,
postgres,1392,0,2026-08-28T15:56:10.135781+00:00,2026-08-28T15:56:10.144590+00:00,8.79003299633041,APPROVED,
voltdb,1392,0,2026-08-28T15:56:10.144695+00:00,2026-08-28T15:56:10.177019+00:00,32.31198899447918,APPROVED,
postgres,1393,0,2026-08-28T15:56:10.177232+00:00,2026-08-28T15:56:10.187353+00:00,10.10209700325504,APPROVED,
voltdb,1393,0,2026-08-28T15:56:10.187622+00:00,2026-08-28T15:56:10.238711+00:00,51.06720900221262,APPROVED,
postgres,1397,0,2026-08-28T15:56:10.238858+00:00,2026-08-28T15:56:10.244989+00:00,6.116924007073976,APPROVED,
voltdb,1397,0,2026-08-28T15:56:10.245152+00:00,2026-08-28T15:56:10.281488+00:00,36.306497000623494,APPROVED,
postgres,1398,0,2026-08-28T15:56:10.281628+00:00,2026-08-28T15:56:10.291195+00:00,9.549123991746455,APPROVED,
voltdb,1398,0,2026-08-28T15:56:10.291494+00:00,2026-08-28T15:56:10.356320+00:00,64.80632298917044,APPROVED,
postgres,1399,0,2026-08-28T15:56:10.356515+00:00,2026-08-28T15:56:10.362671+00:00,6.139617005828768,APPROVED,
voltdb,1399,0,2026-08-28T15:56:10.362811+00:00,2026-08-28T15:56:10.410805+00:00,47.97925299499184,APPROVED,
