target,transaction_id,fraud_label,start_time,end_time,latency_ms,status,error
postgres,1,0,2026-08-28T15:52:59.470675+00:00,2026-08-28T15:52:59.505812+00:00,35.114555998006836,APPROVED,
voltdb,1,0,2026-08-28T15:52:59.505903+00:00,2026-08-28T15:52:59.776475+00:00,270.5615860031685,APPROVED,
postgres,2,0,2026-08-28T15:52:59.776589+00:00,2026-08-28T15:52:59.782274+00:00,5.672729996149428,APPROVED,
voltdb,2,0,2026-08-28T15:52:59.782354+00:00,2026-08-28T15:52:59.818145+00:00,35.782519000349566,APPROVED,
postgres,5,0,2026-08-28T15:52:59.818254+00:00,2026-08-28T15:52:59.823440+00:00,5.174517995328642,APPROVED,
voltdb,5,0,2026-08-28T15:52:59.823524+00:00,2026-08-28T15:52:59.861992+00:00,38.44349599967245,APPROVED,
postgres,6,0,2026-08-28T15:52:59.862186+00:00,2026-08-28T15:52:59.866701+00:00,4.5010920002823696,APPROVED,
voltdb,6,0,2026-08-28T15:52:59.866784+00:00,2026-08-28T15:52:59.896839+00:00,30.04046699788887,APPROVED,
postgres,7,0,2026-08-28T15:52:59.896966+00:00,2026-08-28T15:52:59.902773+00:00,5.789994000224397,APPROVED,
voltdb,7,0,2026-08-28T15:52:59.902908+00:00,2026-08-28T15:52:59.950876+00:00,47.95780700806063,APPROVED,
postgres,8,0,2026-08-28T15:52:59.950947+00:00,2026-08-28T15:52:59.957317+00:00,6.359154998790473,APPROVED,
voltdb,8,0,2026-08-28T15:52:59.957488+00:00,2026-08-28T15:52:59.989547+00:00,32.04060799907893,APPROVED,
postgres,10,0,2026-08-28T15:52:59.990001+00:00,2026-08-28T15:52:59.995261+00:00,5.234438009210862,APPROVED,
voltdb,10,0,2026-08-28T15:52:59.995345+00:00,2026-08-28T15:53:00.030369+00:00,35.01397400395945,APPROVED,
postgres,13,0,2026-08-28T15:53:00.030473+00:00,2026-08-28T15:53:00.036037+00:00,5.543833991396241,APPROVED,
voltdb,13,0,2026-08-28T15:53:00.036116+00:00,2026-08-28T15:53:00.065613+00:00,29.487552994396538,APPROVED,
postgres,16,0,2026-08-28T15:53:00.065734+00:00,2026-08-28T15:53:00.070006+00:00,4.253272010828368,APPROVED,
voltdb,16,0,2026-08-28T15:53:00.070113+00:00,2026-08-28T15:53:00.098358+00:00,28.234002995304763,APPROVED,
postgres,17,1,2026-08-28T15:53:00.098569+00:00,2026-08-28T15:53:00.106488+00:00,7.89786598761566,BLOCKED,
voltdb,17,1,2026-08-28T15:53:00.106566+00:00,2026-08-28T15:53:00.147348+00:00,40.77161700115539,BLOCKED,
postgres,18,0,2026-08-28T15:53:00.147673+00:00,2026-08-28T15:53:00.152167+00:00,4.474436995224096,APPROVED,
voltdb,18,0,2026-08-28T15:53:00.152266+00:00,2026-08-28T15:53:00.178167+00:00,25.8918080071453,APPROVED,
postgres,20,0,2026-08-28T15:53:00.178267+00:00,2026-08-28T15:53:00.183884+00:00,5.60519500868395,APPROVED,
voltdb,20,0,2026-08-28T15:53:00.183964+00:00,2026-08-28T15:53:00.215751+00:00,31.77779600082431,APPROVED,
postgres,23,0,2026-08-28T15:53:00.215851+00:00,2026-08-28T15:53:00.220108+00:00,4.245409989380278,APPROVED,
voltdb,23,0,2026-08-28T15:53:00.220216+00:00,2026-08-28T15:53:00.251077+00:00,30.846845009364188,APPROVED,
postgres,25,0,2026-08-28T15:53:00.251182+00:00,2026-08-28T15:53:00.256461+00:00,5.267501008347608,APPROVED,
voltdb,25,0,2026-08-28T15:53:00.256577+00:00,2026-08-28T15:53:00.284771+00:00,28.184557988424785,APPROVED,
postgres,26,0,2026-08-28T15:53:00.284867+00:00,2026-08-28T15:53:00.291442+00:00,6.54759700410068,APPROVED,
voltdb,26,0,2026-08-28T15:53:00.291694+00:00,2026-08-28T15:53:00.319936+00:00,28.219947998877615,APPROVED,
postgres,27,0,2026-08-28T15:53:00.320073+00:00,2026-08-28T15:53:00.325713+00:00,5.624607001664117,APPROVED,
voltdb,27,0,2026-08-28T15:53:00.325811+00:00,2026-08-28T15:53:00.358093+00:00,32.27122999669518,APPROVED,
postgres,28,0,2026-08-28T15:53:00.358190+00:00,2026-08-28T15:53:00.361971+00:00,3.7703760026488453,APPROVED,
voltdb,28,0,2026-08-28T15:53:00.362051+00:00,2026-08-28T15:53:00.390085+00:00,28.024605999235064,APPROVED,
postgres,29,0,2026-08-28T15:53:00.390198+00:00,2026-08-28T15:53:00.394115+00:00,3.898426002706401,APPROVED,
voltdb,29,0,2026-08-28T15:53:00.394273+00:00,2026-08-28T15:53:00.421212+00:00,26.922289005597122,APPROVED,
postgres,30,0,2026-08-28T15:53:00.421908+00:00,2026-08-28T15:53:00.428160+00:00,6.225517005077563,APPROVED,
voltdb,30,0,2026-08-28T15:53:00.428244+00:00,2026-08-28T15:53:00.456058+00:00,27.802937009255402,APPROVED,
postgres,31,0,2026-08-28T15:53:00.456201+00:00,2026-08-28T15:53:00.462150+00:00,5.933970998739824,REVIEW,
voltdb,31,0,2026-08-28T15:53:00.462232+00:00,2026-08-28T15:53:00.497326+00:00,35.08387799956836,REVIEW,
postgres,32,0,2026-08-28T15:53:00.497461+00:00,2026-08-28T15:53:00.502009+00:00,4.533205006737262,APPROVED,
voltdb,32,0,2026-08-28T15:53:00.502098+00:00,2026-08-28T15:53:00.532265+00:00,30.155358006595634,APPROVED,
postgres,33,0,2026-08-28T15:53:00.532334+00:00,2026-08-28T15:53:00.537047+00:00,4.702673992142081,APPROVED,
voltdb,33,0,2026-08-28T15:53:00.537124+00:00,2026-08-28T15:53:00.564735+00:00,27.6009749941295,APPROVED,
postgres,34,0,2026-08-28T15:53:00.564833+00:00,2026-08-28T15:53:00.570223+00:00,5.378247005864978,APPROVED,
voltdb,34,0,2026-08-28T15:53:00.570305+00:00,2026-08-28T15:53:00.597895+00:00,27.579109999351203,APPROVED,
postgres,35,0,2026-08-28T15:53:00.598133+00:00,2026-08-28T15:53:00.602469+00:00,4.3207790004089475,APPROVED,
voltdb,35,0,2026-08-28T15:53:00.602579+00:00,2026-08-28T15:53:00.628878+00:00,26.289214991265908,APPROVED,
postgres,36,0,2026-08-28T15:53:00.629014+00:00,2026-08-28T15:53:00.633198+00:00,4.169514999375679,APPROVED,
voltdb,36,0,2026-08-28T15:53:00.633300+00:00,2026-08-28T15:53:00.663865+00:00,30.550861993106082,APPROVED,
postgres,37,0,2026-08-28T15:53:00.663993+00:00,2026-08-28T15:53:00.668701+00:00,4.695858006016351,APPROVED,
voltdb,37,0,2026-08-28T15:53:00.668785+00:00,2026-08-28T15:53:00.697775+00:00,28.980747010791674,APPROVED,
postgres,38,0,2026-08-28T15:53:00.697907+00:00,2026-08-28T15:53:00.702255+00:00,4.333322009188123,APPROVED,
voltdb,38,0,2026-08-28T15:53:00.702422+00:00,2026-08-28T15:53:00.740482+00:00,38.01211300014984,APPROVED,
postgres,39,0,2026-08-28T15:53:00.740990+00:00,2026-08-28T15:53:00.750964+00:00,9.945048004738055,APPROVED,
voltdb,39,0,2026-08-28T15:53:00.751071+00:00,2026-08-28T15:53:00.778515+00:00,27.43145100248512,APPROVED,
postgres,41,0,2026-08-28T15:53:00.778612+00:00,2026-08-28T15:53:00.784353+00:00,5.730928009143099,APPROVED,
voltdb,41,0,2026-08-28T15:53:00.784429+00:00,2026-08-28T15:53:00.814152+00:00,29.713118987274356,APPROVED,
postgres,44,0,2026-08-28T15:53:00.814287+00:00,2026-08-28T15:53:00.818528+00:00,4.2205640056636184,APPROVED,
voltdb,44,0,2026-08-28T15:53:00.818623+00:00,2026-08-28T15:53:00.844900+00:00,26.265991007676348,APPROVED,
postgres,45,0,2026-08-28T15:53:00.845002+00:00,2026-08-28T15:53:00.850194+00:00,5.174555000849068,APPROVED,
voltdb,45,0,2026-08-28T15:53:00.850290+00:00,2026-08-28T15:53:00.876501+00:00,26.1928380059544,APPROVED,
postgres,46,0,2026-08-28T15:53:00.876619+00:00,2026-08-28T15:53:00.881942+00:00,5.311768996762112,REVIEW,
voltdb,46,0,2026-08-28T15:53:00.882024+00:00,2026-08-28T15:53:00.920216+00:00,38.182282994966954,REVIEW,
postgres,47,0,2026-08-28T15:53:00.920347+00:00,2026-08-28T15:53:00.924866+00:00,4.504363008891232,APPROVED,
voltdb,47,0,2026-08-28T15:53:00.924943+00:00,2026-08-28T15:53:00.952936+00:00,27.98255899688229,APPROVED,
postgres,49,0,2026-08-28T15:53:00.953081+00:00,2026-08-28T15:53:00.958875+00:00,5.777575002866797,APPROVED,
voltdb,49,0,2026-08-28T15:53:00.958951+00:00,2026-08-28T15:53:00.985309+00:00,26.348326005972922,APPROVED,
postgres,50,0,2026-08-28T15:53:00.985408+00:00,2026-08-28T15:53:00.990533+00:00,5.112753002322279,APPROVED,
voltdb,50,0,2026-08-28T15:53:00.990617+00:00,2026-08-28T15:53:01.016827+00:00,26.200138992862776,APPROVED,
postgres,52,0,2026-08-28T15:53:01.016941+00:00,2026-08-28T15:53:01.021644+00:00,4.6897669963072985,APPROVED,
voltdb,52,0,2026-08-28T15:53:01.021722+00:00,2026-08-28T15:53:01.046781+00:00,25.04721301374957,APPROVED,
postgres,53,0,2026-08-28T15:53:01.046925+00:00,2026-08-28T15:53:01.053175+00:00,6.232027008081786,APPROVED,
voltdb,53,0,2026-08-28T15:53:01.053250+00:00,2026-08-28T15:53:01.077673+00:00,24.413831997662783,APPROVED,
postgres,54,1,2026-08-28T15:53:01.077787+00:00,2026-08-28T15:53:01.083597+00:00,5.7964549923781306,REVIEW,
voltdb,54,1,2026-08-28T15:53:01.083711+00:00,2026-08-28T15:53:01.117182+00:00,33.46202599641401,REVIEW,
postgres,56,0,2026-08-28T15:53:01.117343+00:00,2026-08-28T15:53:01.121340+00:00,3.9771529991412535,APPROVED,
voltdb,56,0,2026-08-28T15:53:01.121421+00:00,2026-08-28T15:53:01.154917+00:00,33.48311899753753,APPROVED,
postgres,58,0,2026-08-28T15:53:01.155155+00:00,2026-08-28T15:53:01.160470+00:00,5.294835005770437,APPROVED,
voltdb,58,0,2026-08-28T15:53:01.160628+00:00,2026-08-28T15:53:01.192158+00:00,31.516950999503024,APPROVED,
postgres,59,0,2026-08-28T15:53:01.192270+00:00,2026-08-28T15:53:01.198290+00:00,6.009435004671104,APPROVED,
voltdb,59,0,2026-08-28T15:53:01.198383+00:00,2026-08-28T15:53:01.225427+00:00,27.0334870001534,APPROVED,
postgres,61,0,2026-08-28T15:53:01.225529+00:00,2026-08-28T15:53:01.230472+00:00,4.931372997816652,APPROVED,
voltdb,61,0,2026-08-28T15:53:01.230555+00:00,2026-08-28T15:53:01.259428+00:00,28.863744999398477,APPROVED,
postgres,62,0,2026-08-28T15:53:01.259548+00:00,2026-08-28T15:53:01.265324+00:00,5.761574997450225,APPROVED,
voltdb,62,0,2026-08-28T15:53:01.265401+00:00,2026-08-28T15:53:01.291997+00:00,26.586986001348123,APPROVED,
postgres,63,0,2026-08-28T15:53:01.292106+00:00,2026-08-28T15:53:01.296832+00:00,4.714533002697863,APPROVED,
voltdb,63,0,2026-08-28T15:53:01.296912+00:00,2026-08-28T15:53:01.322852+00:00,25.929764000466093,APPROVED,
postgres,64,0,2026-08-28T15:53:01.322956+00:00,2026-08-28T15:53:01.327793+00:00,4.802370007382706,APPROVED,
voltdb,64,0,2026-08-28T15:53:01.328038+00:00,2026-08-28T15:53:01.353344+00:00,25.285349009209312,APPROVED,
postgres,66,0,2026-08-28T15:53:01.353440+00:00,2026-08-28T15:53:01.359578+00:00,6.128475011792034,REVIEW,
voltdb,66,0,2026-08-28T15:53:01.359823+00:00,2026-08-28T15:53:01.391023+00:00,31.15780299413018,REVIEW,
postgres,67,0,2026-08-28T15:53:01.391130+00:00,2026-08-28T15:53:01.396819+00:00,5.678095010807738,APPROVED,
voltdb,67,0,2026-08-28T15:53:01.396921+00:00,2026-08-28T15:53:01.427033+00:00,30.095005000475794,APPROVED,
postgres,68,0,2026-08-28T15:53:01.427170+00:00,2026-08-28T15:53:01.432521+00:00,5.335255991667509,APPROVED,
voltdb,68,0,2026-08-28T15:53:01.432644+00:00,2026-08-28T15:53:01.463069+00:00,30.411410989472643,APPROVED,
postgres,69,0,2026-08-28T15:53:01.463211+00:00,2026-08-28T15:53:01.467194+00:00,3.9680740010226145,APPROVED,
voltdb,69,0,2026-08-28T15:53:01.467282+00:00,2026-08-28T15:53:01.492340+00:00,25.044177993549965,APPROVED,
postgres,70,0,2026-08-28T15:53:01.492458+00:00,2026-08-28T15:53:01.498302+00:00,5.828471010318026,REVIEW,
voltdb,70,0,2026-08-28T15:53:01.498379+00:00,2026-08-28T15:53:01.530525+00:00,32.136366004124284,REVIEW,
postgres,72,0,2026-08-28T15:53:01.530860+00:00,2026-08-28T15:53:01.535219+00:00,4.340176994446665,APPROVED,
voltdb,72,0,2026-08-28T15:53:01.535319+00:00,2026-08-28T15:53:01.563845+00:00,28.51431599992793,APPROVED,
postgres,73,0,2026-08-28T15:53:01.563977+00:00,2026-08-28T15:53:01.569105+00:00,5.112893995828927,APPROVED,
voltdb,73,0,2026-08-28T15:53:01.569187+00:00,2026-08-28T15:53:01.599584+00:00,30.387158010853454,APPROVED,
postgres,76,0,2026-08-28T15:53:01.599905+00:00,2026-08-28T15:53:01.604975+00:00,5.04872300371062,APPROVED,
voltdb,76,0,2026-08-28T15:53:01.605160+00:00,2026-08-28T15:53:01.632092+00:00,26.918720002868213,APPROVED,
postgres,77,0,2026-08-28T15:53:01.632198+00:00,2026-08-28T15:53:01.637853+00:00,5.642700009047985,APPROVED,
voltdb,77,0,2026-08-28T15:53:01.637943+00:00,2026-08-28T15:53:01.733427+00:00,95.4735539999092,APPROVED,
postgres,78,1,2026-08-28T15:53:01.733588+00:00,2026-08-28T15:53:01.744304+00:00,10.648007009876892,REVIEW,
voltdb,78,1,2026-08-28T15:53:01.744410+00:00,2026-08-28T15:53:01.785362+00:00,40.93244900286663,REVIEW,
postgres,79,0,2026-08-28T15:53:01.785508+00:00,2026-08-28T15:53:01.790794+00:00,5.268591994536109,APPROVED,
voltdb,79,0,2026-08-28T15:53:01.790900+00:00,2026-08-28T15:53:01.818779+00:00,27.86608799942769,APPROVED,
postgres,80,0,2026-08-28T15:53:01.818919+00:00,2026-08-28T15:53:01.824359+00:00,5.424950999440625,APPROVED,
voltdb,80,0,2026-08-28T15:53:01.824463+00:00,2026-08-28T15:53:01.853836+00:00,29.356992003158666,APPROVED,
postgres,81,0,2026-08-28T15:53:01.853971+00:00,2026-08-28T15:53:01.859294+00:00,5.3078839991940185,APPROVED,
voltdb,81,0,2026-08-28T15:53:01.859379+00:00,2026-08-28T15:53:01.884359+00:00,24.969399004476145,APPROVED,
postgres,82,1,2026-08-28T15:53:01.884472+00:00,2026-08-28T15:53:01.889599+00:00,5.110639001941308,REVIEW,
voltdb,82,1,2026-08-28T15:53:01.889707+00:00,2026-08-28T15:53:01.922860+00:00,33.13897299813107,REVIEW,
postgres,83,0,2026-08-28T15:53:01.922987+00:00,2026-08-28T15:53:01.927372+00:00,4.370298993308097,APPROVED,
voltdb,83,0,2026-08-28T15:53:01.927458+00:00,2026-08-28T15:53:01.951958+00:00,24.486668000463396,APPROVED,
postgres,84,0,2026-08-28T15:53:01.952055+00:00,2026-08-28T15:53:01.957521+00:00,5.454380996525288,APPROVED,
voltdb,84,0,2026-08-28T15:53:01.957599+00:00,2026-08-28T15:53:01.979798+00:00,22.18929100490641,APPROVED,
postgres,86,0,2026-08-28T15:53:01.979901+00:00,2026-08-28T15:53:01.985497+00:00,5.584329002886079,APPROVED,
voltdb,86,0,2026-08-28T15:53:01.985573+00:00,2026-08-28T15:53:02.024921+00:00,39.33682999922894,APPROVED,
postgres,87,0,2026-08-28T15:53:02.025149+00:00,2026-08-28T15:53:02.032456+00:00,7.291243004146963,REVIEW,
voltdb,87,0,2026-08-28T15:53:02.032543+00:00,2026-08-28T15:53:02.066042+00:00,33.42583199264482,REVIEW,
postgres,89,0,2026-08-28T15:53:02.066199+00:00,2026-08-28T15:53:02.070598+00:00,4.383864987175912,APPROVED,
voltdb,89,0,2026-08-28T15:53:02.070743+00:00,2026-08-28T15:53:02.099206+00:00,28.449171004467644,APPROVED,
postgres,90,0,2026-08-28T15:53:02.099411+00:00,2026-08-28T15:53:02.107263+00:00,7.832458999473602,APPROVED,
voltdb,90,0,2026-08-28T15:53:02.107354+00:00,2026-08-28T15:53:02.135889+00:00,28.52165799413342,APPROVED,
postgres,92,0,2026-08-28T15:53:02.136055+00:00,2026-08-28T15:53:02.141260+00:00,5.184396999538876,APPROVED,
voltdb,92,0,2026-08-28T15:53:02.141478+00:00,2026-08-28T15:53:02.166962+00:00,25.462606994551606,APPROVED,
postgres,93,0,2026-08-28T15:53:02.167222+00:00,2026-08-28T15:53:02.173394+00:00,6.146685002022423,APPROVED,
voltdb,93,0,2026-08-28T15:53:02.173529+00:00,2026-08-28T15:53:02.204069+00:00,30.525990994647145,APPROVED,
postgres,94,0,2026-08-28T15:53:02.204211+00:00,2026-08-28T15:53:02.209987+00:00,5.762415996287018,APPROVED,
voltdb,94,0,2026-08-28T15:53:02.210070+00:00,2026-08-28T15:53:02.231309+00:00,21.19365600810852,APPROVED,
postgres,96,0,2026-08-28T15:53:02.231406+00:00,2026-08-28T15:53:02.234809+00:00,3.3919330016942695,APPROVED,
voltdb,96,0,2026-08-28T15:53:02.234894+00:00,2026-08-28T15:53:02.255514+00:00,20.610085004591383,APPROVED,
postgres,98,0,2026-08-28T15:53:02.255699+00:00,2026-08-28T15:53:02.259117+00:00,3.4031510003842413,APPROVED,
voltdb,98,0,2026-08-28T15:53:02.259180+00:00,2026-08-28T15:53:02.279765+00:00,20.57343399792444,APPROVED,
postgres,101,0,2026-08-28T15:53:02.280098+00:00,2026-08-28T15:53:02.285081+00:00,4.957365003065206,APPROVED,
voltdb,101,0,2026-08-28T15:53:02.285175+00:00,2026-08-28T15:53:02.310819+00:00,25.595732004148886,APPROVED,
postgres,103,0,2026-08-28T15:53:02.310995+00:00,2026-08-28T15:53:02.316443+00:00,5.426814008387737,APPROVED,
voltdb,103,0,2026-08-28T15:53:02.316640+00:00,2026-08-28T15:53:02.338698+00:00,22.047978010959923,APPROVED,
postgres,104,0,2026-08-28T15:53:02.338820+00:00,2026-08-28T15:53:02.343999+00:00,5.163547000847757,APPROVED,
voltdb,104,0,2026-08-28T15:53:02.344103+00:00,2026-08-28T15:53:02.367894+00:00,23.78100500209257,APPROVED,
postgres,105,0,2026-08-28T15:53:02.368104+00:00,2026-08-28T15:53:02.372338+00:00,4.218082991428673,APPROVED,
voltdb,105,0,2026-08-28T15:53:02.372406+00:00,2026-08-28T15:53:02.392441+00:00,20.025403995532542,APPROVED,
postgres,107,0,2026-08-28T15:53:02.392627+00:00,2026-08-28T15:53:02.398001+00:00,5.3599500097334385,APPROVED,
voltdb,107,0,2026-08-28T15:53:02.398078+00:00,2026-08-28T15:53:02.417176+00:00,19.088300003204495,APPROVED,
postgres,109,0,2026-08-28T15:53:02.417274+00:00,2026-08-28T15:53:02.420977+00:00,3.6926629982190207,APPROVED,
voltdb,109,0,2026-08-28T15:53:02.421064+00:00,2026-08-28T15:53:02.446125+00:00,25.046958005987108,APPROVED,
postgres,110,0,2026-08-28T15:53:02.446240+00:00,2026-08-28T15:53:02.451172+00:00,4.921305007883348,APPROVED,
voltdb,110,0,2026-08-28T15:53:02.451253+00:00,2026-08-28T15:53:02.473904+00:00,22.641370000201277,APPROVED,
postgres,113,0,2026-08-28T15:53:02.474021+00:00,2026-08-28T15:53:02.479416+00:00,5.381609007599764,APPROVED,
voltdb,113,0,2026-08-28T15:53:02.479496+00:00,2026-08-28T15:53:02.504804+00:00,25.298512002336793,APPROVED,
postgres,114,0,2026-08-28T15:53:02.504868+00:00,2026-08-28T15:53:02.509754+00:00,4.874099002336152,APPROVED,
voltdb,114,0,2026-08-28T15:53:02.509854+00:00,2026-08-28T15:53:02.532731+00:00,22.866815997986123,APPROVED,
postgres,115,0,2026-08-28T15:53:02.532848+00:00,2026-08-28T15:53:02.536682+00:00,3.8215669919736683,APPROVED,
voltdb,115,0,2026-08-28T15:53:02.536762+00:00,2026-08-28T15:53:02.557241+00:00,20.469202994718216,APPROVED,
postgres,116,0,2026-08-28T15:53:02.557607+00:00,2026-08-28T15:53:02.561238+00:00,3.6093679955229163,APPROVED,
voltdb,116,0,2026-08-28T15:53:02.561313+00:00,2026-08-28T15:53:02.578961+00:00,17.63856300385669,APPROVED,
postgres,117,0,2026-08-28T15:53:02.579058+00:00,2026-08-28T15:53:02.582966+00:00,3.896711001289077,APPROVED,
voltdb,117,0,2026-08-28T15:53:02.583050+00:00,2026-08-28T15:53:02.603148+00:00,20.088356002816,APPROVED,
postgres,118,0,2026-08-28T15:53:02.603248+00:00,2026-08-28T15:53:02.606604+00:00,3.3455820084782317,APPROVED,
voltdb,118,0,2026-08-28T15:53:02.606674+00:00,2026-08-28T15:53:02.629448+00:00,22.764492998248897,APPROVED,
postgres,119,0,2026-08-28T15:53:02.629828+00:00,2026-08-28T15:53:02.633669+00:00,3.8233960076468065,APPROVED,
voltdb,119,0,2026-08-28T15:53:02.633763+00:00,2026-08-28T15:53:02.657647+00:00,23.875036000390537,APPROVED,
postgres,120,0,2026-08-28T15:53:02.657814+00:00,2026-08-28T15:53:02.662555+00:00,4.725795006379485,APPROVED,
voltdb,120,0,2026-08-28T15:53:02.662644+00:00,2026-08-28T15:53:02.682857+00:00,20.20482299849391,APPROVED,
postgres,122,0,2026-08-28T15:53:02.682956+00:00,2026-08-28T15:53:02.685887+00:00,2.9218709969427437,APPROVED,
voltdb,122,0,2026-08-28T15:53:02.685956+00:00,2026-08-28T15:53:02.710176+00:00,24.2100199975539,APPROVED,
postgres,123,0,2026-08-28T15:53:02.710313+00:00,2026-08-28T15:53:02.715968+00:00,5.630568994092755,APPROVED,
voltdb,123,0,2026-08-28T15:53:02.716059+00:00,2026-08-28T15:53:02.740854+00:00,24.78510799119249,APPROVED,
postgres,124,0,2026-08-28T15:53:02.741084+00:00,2026-08-28T15:53:02.746191+00:00,5.088043006253429,REVIEW,
voltdb,124,0,2026-08-28T15:53:02.746264+00:00,2026-08-28T15:53:02.776766+00:00,30.49272899806965,REVIEW,
postgres,125,0,2026-08-28T15:53:02.776865+00:00,2026-08-28T15:53:02.781794+00:00,4.914488003123552,APPROVED,
voltdb,125,0,2026-08-28T15:53:02.781902+00:00,2026-08-28T15:53:02.804414+00:00,22.50019699567929,APPROVED,
postgres,126,0,2026-08-28T15:53:02.804637+00:00,2026-08-28T15:53:02.808566+00:00,3.911883002729155,APPROVED,
voltdb,126,0,2026-08-28T15:53:02.808647+00:00,2026-08-28T15:53:02.827282+00:00,18.625405995408073,APPROVED,
postgres,127,0,2026-08-28T15:53:02.827395+00:00,2026-08-28T15:53:02.831227+00:00,3.8166610029293224,APPROVED,
voltdb,127,0,2026-08-28T15:53:02.831302+00:00,2026-08-28T15:53:02.853548+00:00,22.236730001168326,APPROVED,
postgres,128,0,2026-08-28T15:53:02.853776+00:00,2026-08-28T15:53:02.858210+00:00,4.4148849992780015,APPROVED,
voltdb,128,0,2026-08-28T15:53:02.858281+00:00,2026-08-28T15:53:02.876314+00:00,18.023777010967024,APPROVED,
postgres,130,0,2026-08-28T15:53:02.876416+00:00,2026-08-28T15:53:02.879293+00:00,2.8680529940174893,APPROVED,
voltdb,130,0,2026-08-28T15:53:02.879360+00:00,2026-08-28T15:53:02.900585+00:00,21.21603098930791,APPROVED,
postgres,131,0,2026-08-28T15:53:02.900811+00:00,2026-08-28T15:53:02.905773+00:00,4.948121990310028,APPROVED,
voltdb,131,0,2026-08-28T15:53:02.905844+00:00,2026-08-28T15:53:02.926181+00:00,20.327741993241943,APPROVED,
postgres,132,0,2026-08-28T15:53:02.926282+00:00,2026-08-28T15:53:02.930712+00:00,4.415513991261832,APPROVED,
voltdb,132,0,2026-08-28T15:53:02.930826+00:00,2026-08-28T15:53:02.955454+00:00,24.61518198833801,APPROVED,
postgres,135,0,2026-08-28T15:53:02.955609+00:00,2026-08-28T15:53:02.959684+00:00,4.062502004671842,APPROVED,
voltdb,135,0,2026-08-28T15:53:02.959829+00:00,2026-08-28T15:53:02.980760+00:00,20.92098499997519,APPROVED,
postgres,136,0,2026-08-28T15:53:02.980883+00:00,2026-08-28T15:53:02.985624+00:00,4.694998991908506,APPROVED,
voltdb,136,0,2026-08-28T15:53:02.985705+00:00,2026-08-28T15:53:03.008030+00:00,22.314438989269547,APPROVED,
postgres,137,0,2026-08-28T15:53:03.008174+00:00,2026-08-28T15:53:03.011588+00:00,3.3424199937144294,APPROVED,
voltdb,137,0,2026-08-28T15:53:03.011655+00:00,2026-08-28T15:53:03.029032+00:00,17.36724900547415,APPROVED,
postgres,139,0,2026-08-28T15:53:03.029139+00:00,2026-08-28T15:53:03.032657+00:00,3.502184001263231,APPROVED,
voltdb,139,0,2026-08-28T15:53:03.032728+00:00,2026-08-28T15:53:03.054474+00:00,21.73711200885009,APPROVED,
postgres,140,0,2026-08-28T15:53:03.054581+00:00,2026-08-28T15:53:03.059123+00:00,4.530753998551518,APPROVED,
voltdb,140,0,2026-08-28T15:53:03.059195+00:00,2026-08-28T15:53:03.077757+00:00,18.55165399319958,APPROVED,
postgres,141,0,2026-08-28T15:53:03.077903+00:00,2026-08-28T15:53:03.080540+00:00,2.6260469894623384,APPROVED,
voltdb,141,0,2026-08-28T15:53:03.080607+00:00,2026-08-28T15:53:03.102023+00:00,21.407029998954386,APPROVED,
postgres,142,0,2026-08-28T15:53:03.102146+00:00,2026-08-28T15:53:03.106444+00:00,4.283329006284475,APPROVED,
voltdb,142,0,2026-08-28T15:53:03.106604+00:00,2026-08-28T15:53:03.125005+00:00,18.391131001408212,APPROVED,
postgres,143,0,2026-08-28T15:53:03.125102+00:00,2026-08-28T15:53:03.128255+00:00,3.1392420060001314,APPROVED,
voltdb,143,0,2026-08-28T15:53:03.128419+00:00,2026-08-28T15:53:03.148991+00:00,20.537643998977728,APPROVED,
postgres,144,0,2026-08-28T15:53:03.149105+00:00,2026-08-28T15:53:03.152572+00:00,3.4562399960123003,APPROVED,
voltdb,144,0,2026-08-28T15:53:03.152640+00:00,2026-08-28T15:53:03.170903+00:00,18.251516012242064,APPROVED,
postgres,146,0,2026-08-28T15:53:03.171021+00:00,2026-08-28T15:53:03.173938+00:00,2.9069220036035404,APPROVED,
voltdb,146,0,2026-08-28T15:53:03.174003+00:00,2026-08-28T15:53:03.193097+00:00,19.084068000665866,APPROVED,
postgres,147,0,2026-08-28T15:53:03.193201+00:00,2026-08-28T15:53:03.198035+00:00,4.821362002985552,APPROVED,
voltdb,147,0,2026-08-28T15:53:03.198118+00:00,2026-08-28T15:53:03.217736+00:00,19.608540998888202,APPROVED,
postgres,149,0,2026-08-28T15:53:03.217862+00:00,2026-08-28T15:53:03.220640+00:00,2.759989001788199,APPROVED,
voltdb,149,0,2026-08-28T15:53:03.220719+00:00,2026-08-28T15:53:03.241780+00:00,21.050909999758005,APPROVED,
postgres,150,0,2026-08-28T15:53:03.241907+00:00,2026-08-28T15:53:03.246917+00:00,4.997302996343933,APPROVED,
voltdb,150,0,2026-08-28T15:53:03.246996+00:00,2026-08-28T15:53:03.267643+00:00,20.636893008486368,APPROVED,
postgres,153,0,2026-08-28T15:53:03.267731+00:00,2026-08-28T15:53:03.271217+00:00,3.4754119988065213,APPROVED,
voltdb,153,0,2026-08-28T15:53:03.271289+00:00,2026-08-28T15:53:03.289118+00:00,17.8186779958196,APPROVED,
postgres,154,0,2026-08-28T15:53:03.289281+00:00,2026-08-28T15:53:03.292920+00:00,3.625943005317822,APPROVED,
voltdb,154,0,2026-08-28T15:53:03.292989+00:00,2026-08-28T15:53:03.313239+00:00,20.240744008333422,APPROVED,
postgres,157,0,2026-08-28T15:53:03.313336+00:00,2026-08-28T15:53:03.317440+00:00,4.092728006071411,APPROVED,
voltdb,157,0,2026-08-28T15:53:03.317519+00:00,2026-08-28T15:53:03.336181+00:00,18.651537990081124,APPROVED,
postgres,158,0,2026-08-28T15:53:03.336322+00:00,2026-08-28T15:53:03.340103+00:00,3.7664080009562895,APPROVED,
voltdb,158,0,2026-08-28T15:53:03.340177+00:00,2026-08-28T15:53:03.361956+00:00,21.769901999505237,APPROVED,
postgres,159,0,2026-08-28T15:53:03.362076+00:00,2026-08-28T15:53:03.365271+00:00,3.1802190060261637,APPROVED,
voltdb,159,0,2026-08-28T15:53:03.365333+00:00,2026-08-28T15:53:03.383454+00:00,18.110706994775683,APPROVED,
postgres,160,0,2026-08-28T15:53:03.383597+00:00,2026-08-28T15:53:03.386317+00:00,2.709294989472255,APPROVED,
voltdb,160,0,2026-08-28T15:53:03.386388+00:00,2026-08-28T15:53:03.405718+00:00,19.320067993248813,APPROVED,
postgres,161,0,2026-08-28T15:53:03.405813+00:00,2026-08-28T15:53:03.409772+00:00,3.9463230059482157,APPROVED,
voltdb,161,0,2026-08-28T15:53:03.409861+00:00,2026-08-28T15:53:03.428082+00:00,18.210984009783715,APPROVED,
postgres,162,0,2026-08-28T15:53:03.428192+00:00,2026-08-28T15:53:03.432149+00:00,3.9474750083172694,APPROVED,
voltdb,162,0,2026-08-28T15:53:03.432218+00:00,2026-08-28T15:53:03.451827+00:00,19.599937004386447,APPROVED,
postgres,163,0,2026-08-28T15:53:03.451926+00:00,2026-08-28T15:53:03.454957+00:00,3.020546995685436,APPROVED,
voltdb,163,0,2026-08-28T15:53:03.455032+00:00,2026-08-28T15:53:03.472938+00:00,17.896010002004914,APPROVED,
postgres,164,0,2026-08-28T15:53:03.473040+00:00,2026-08-28T15:53:03.477801+00:00,4.729014995973557,APPROVED,
voltdb,164,0,2026-08-28T15:53:03.477884+00:00,2026-08-28T15:53:03.496628+00:00,18.73298900318332,APPROVED,
postgres,166,0,2026-08-28T15:53:03.496739+00:00,2026-08-28T15:53:03.500596+00:00,3.845970000838861,APPROVED,
voltdb,166,0,2026-08-28T15:53:03.500676+00:00,2026-08-28T15:53:03.521344+00:00,20.653118001064286,APPROVED,
postgres,167,0,2026-08-28T15:53:03.521567+00:00,2026-08-28T15:53:03.525824+00:00,4.237325003487058,APPROVED,
voltdb,167,0,2026-08-28T15:53:03.525890+00:00,2026-08-28T15:53:03.547001+00:00,21.10106601321604,APPROVED,
postgres,168,0,2026-08-28T15:53:03.547139+00:00,2026-08-28T15:53:03.552436+00:00,5.284596991259605,APPROVED,
voltdb,168,0,2026-08-28T15:53:03.552600+00:00,2026-08-28T15:53:03.573041+00:00,20.43236800818704,APPROVED,
postgres,169,0,2026-08-28T15:53:03.573104+00:00,2026-08-28T15:53:03.577773+00:00,4.660859005525708,APPROVED,
voltdb,169,0,2026-08-28T15:53:03.577851+00:00,2026-08-28T15:53:03.595970+00:00,18.108964010025375,APPROVED,
postgres,170,1,2026-08-28T15:53:03.596078+00:00,2026-08-28T15:53:03.601574+00:00,5.4849150037625805,REVIEW,
voltdb,170,1,2026-08-28T15:53:03.601681+00:00,2026-08-28T15:53:03.626292+00:00,24.602488992968574,REVIEW,
postgres,171,0,2026-08-28T15:53:03.626394+00:00,2026-08-28T15:53:03.631641+00:00,5.183930989005603,APPROVED,
voltdb,171,0,2026-08-28T15:53:03.631730+00:00,2026-08-28T15:53:03.654066+00:00,22.32492000621278,APPROVED,
postgres,172,0,2026-08-28T15:53:03.654170+00:00,2026-08-28T15:53:03.658637+00:00,4.4565840071300045,APPROVED,
voltdb,172,0,2026-08-28T15:53:03.658740+00:00,2026-08-28T15:53:03.677993+00:00,19.212957995478064,APPROVED,
postgres,173,0,2026-08-28T15:53:03.678101+00:00,2026-08-28T15:53:03.681714+00:00,3.6003499990329146,APPROVED,
voltdb,173,0,2026-08-28T15:53:03.681797+00:00,2026-08-28T15:53:03.707742+00:00,25.93454800080508,APPROVED,
postgres,174,0,2026-08-28T15:53:03.707868+00:00,2026-08-28T15:53:03.713259+00:00,5.376884000725113,APPROVED,
voltdb,174,0,2026-08-28T15:53:03.713336+00:00,2026-08-28T15:53:03.737192+00:00,23.846345007768832,APPROVED,
postgres,176,0,2026-08-28T15:53:03.737436+00:00,2026-08-28T15:53:03.741362+00:00,3.893522996804677,APPROVED,
voltdb,176,0,2026-08-28T15:53:03.741475+00:00,2026-08-28T15:53:03.764311+00:00,22.823663995950483,APPROVED,
postgres,177,0,2026-08-28T15:53:03.764412+00:00,2026-08-28T15:53:03.768787+00:00,4.362102001323365,APPROVED,
voltdb,177,0,2026-08-28T15:53:03.768905+00:00,2026-08-28T15:53:03.790999+00:00,22.080399008700624,APPROVED,
postgres,178,0,2026-08-28T15:53:03.791122+00:00,2026-08-28T15:53:03.796213+00:00,5.078613001387566,REVIEW,
voltdb,178,0,2026-08-28T15:53:03.796291+00:00,2026-08-28T15:53:03.823943+00:00,27.642749992082827,REVIEW,
postgres,179,0,2026-08-28T15:53:03.824062+00:00,2026-08-28T15:53:03.828713+00:00,4.629169998224825,APPROVED,
voltdb,179,0,2026-08-28T15:53:03.828810+00:00,2026-08-28T15:53:03.851313+00:00,22.488045011414215,APPROVED,
postgres,180,0,2026-08-28T15:53:03.851484+00:00,2026-08-28T15:53:03.856208+00:00,4.708652995759621,APPROVED,
voltdb,180,0,2026-08-28T15:53:03.856287+00:00,2026-08-28T15:53:03.877016+00:00,20.7194489921676,APPROVED,
postgres,181,0,2026-08-28T15:53:03.877116+00:00,2026-08-28T15:53:03.881760+00:00,4.632085998309776,REVIEW,
voltdb,181,0,2026-08-28T15:53:03.881947+00:00,2026-08-28T15:53:03.910338+00:00,28.374945992254652,REVIEW,
postgres,182,0,2026-08-28T15:53:03.910478+00:00,2026-08-28T15:53:03.914185+00:00,3.681743997731246,APPROVED,
voltdb,182,0,2026-08-28T15:53:03.914275+00:00,2026-08-28T15:53:03.937155+00:00,22.86864999041427,APPROVED,
postgres,183,0,2026-08-28T15:53:03.937266+00:00,2026-08-28T15:53:03.941164+00:00,3.885371988872066,APPROVED,
voltdb,183,0,2026-08-28T15:53:03.941343+00:00,2026-08-28T15:53:03.962886+00:00,21.522238006582484,APPROVED,
postgres,185,0,2026-08-28T15:53:03.963022+00:00,2026-08-28T15:53:03.966750+00:00,3.7116570019861683,APPROVED,
voltdb,185,0,2026-08-28T15:53:03.966824+00:00,2026-08-28T15:53:03.988795+00:00,21.96069400815759,APPROVED,
postgres,187,0,2026-08-28T15:53:03.988987+00:00,2026-08-28T15:53:03.993497+00:00,4.4763159967260435,APPROVED,
voltdb,187,0,2026-08-28T15:53:03.993573+00:00,2026-08-28T15:53:04.016901+00:00,23.31831300398335,APPROVED,
postgres,188,0,2026-08-28T15:53:04.017001+00:00,2026-08-28T15:53:04.021443+00:00,4.431050998391584,APPROVED,
voltdb,188,0,2026-08-28T15:53:04.021665+00:00,2026-08-28T15:53:04.044231+00:00,22.49564499652479,APPROVED,
postgres,189,0,2026-08-28T15:53:04.044551+00:00,2026-08-28T15:53:04.048795+00:00,4.225277996738441,APPROVED,
voltdb,189,0,2026-08-28T15:53:04.049075+00:00,2026-08-28T15:53:04.071335+00:00,22.240879989112727,APPROVED,
postgres,190,0,2026-08-28T15:53:04.071453+00:00,2026-08-28T15:53:04.076041+00:00,4.541732996585779,REVIEW,
voltdb,190,0,2026-08-28T15:53:04.076288+00:00,2026-08-28T15:53:04.101540+00:00,25.233523003407754,REVIEW,
postgres,192,0,2026-08-28T15:53:04.101868+00:00,2026-08-28T15:53:04.107494+00:00,5.603069992503151,APPROVED,
voltdb,192,0,2026-08-28T15:53:04.107600+00:00,2026-08-28T15:53:04.129209+00:00,21.597302998998202,APPROVED,
postgres,193,0,2026-08-28T15:53:04.130945+00:00,2026-08-28T15:53:04.136073+00:00,5.089084996143356,APPROVED,
voltdb,193,0,2026-08-28T15:53:04.136180+00:00,2026-08-28T15:53:04.160094+00:00,23.90360800200142,APPROVED,
postgres,194,0,2026-08-28T15:53:04.160301+00:00,2026-08-28T15:53:04.164796+00:00,4.479449009522796,APPROVED,
voltdb,194,0,2026-08-28T15:53:04.164867+00:00,2026-08-28T15:53:04.181455+00:00,16.578274007770233,APPROVED,
postgres,195,0,2026-08-28T15:53:04.181852+00:00,2026-08-28T15:53:04.185970+00:00,4.091868991963565,APPROVED,
voltdb,195,0,2026-08-28T15:53:04.186052+00:00,2026-08-28T15:53:04.206305+00:00,20.243424994987436,APPROVED,
postgres,196,0,2026-08-28T15:53:04.206408+00:00,2026-08-28T15:53:04.210300+00:00,3.8812999991932884,APPROVED,
voltdb,196,0,2026-08-28T15:53:04.210390+00:00,2026-08-28T15:53:04.227370+00:00,16.969930002233014,APPROVED,
postgres,197,0,2026-08-28T15:53:04.227606+00:00,2026-08-28T15:53:04.231711+00:00,4.088194997166283,APPROVED,
voltdb,197,0,2026-08-28T15:53:04.231812+00:00,2026-08-28T15:53:04.250773+00:00,18.94732000073418,APPROVED,
postgres,198,0,2026-08-28T15:53:04.250929+00:00,2026-08-28T15:53:04.255429+00:00,4.483882003114559,APPROVED,
voltdb,198,0,2026-08-28T15:53:04.255642+00:00,2026-08-28T15:53:04.274101+00:00,18.417284998577088,APPROVED,
postgres,201,0,2026-08-28T15:53:04.274242+00:00,2026-08-28T15:53:04.278139+00:00,3.8818320026621222,APPROVED,
voltdb,201,0,2026-08-28T15:53:04.278211+00:00,2026-08-28T15:53:04.296943+00:00,18.722224005614407,APPROVED,
postgres,204,0,2026-08-28T15:53:04.297065+00:00,2026-08-28T15:53:04.301984+00:00,4.908143004286103,REVIEW,
voltdb,204,0,2026-08-28T15:53:04.302065+00:00,2026-08-28T15:53:04.325224+00:00,23.1503949908074,REVIEW,
postgres,205,0,2026-08-28T15:53:04.325324+00:00,2026-08-28T15:53:04.328634+00:00,3.2981660042423755,APPROVED,
voltdb,205,0,2026-08-28T15:53:04.328758+00:00,2026-08-28T15:53:04.351196+00:00,22.42842799751088,APPROVED,
postgres,206,0,2026-08-28T15:53:04.351340+00:00,2026-08-28T15:53:04.354898+00:00,3.5448010021355003,APPROVED,
voltdb,206,0,2026-08-28T15:53:04.355002+00:00,2026-08-28T15:53:04.373516+00:00,18.50203399953898,APPROVED,
postgres,207,0,2026-08-28T15:53:04.373619+00:00,2026-08-28T15:53:04.377230+00:00,3.597561997594312,APPROVED,
voltdb,207,0,2026-08-28T15:53:04.377309+00:00,2026-08-28T15:53:04.395390+00:00,18.055612992611714,APPROVED,
postgres,208,0,2026-08-28T15:53:04.395550+00:00,2026-08-28T15:53:04.401363+00:00,5.793589007225819,REVIEW,
voltdb,208,0,2026-08-28T15:53:04.401439+00:00,2026-08-28T15:53:04.423212+00:00,21.76372399844695,REVIEW,
postgres,209,0,2026-08-28T15:53:04.423343+00:00,2026-08-28T15:53:04.427980+00:00,4.620056992280297,APPROVED,
voltdb,209,0,2026-08-28T15:53:04.428050+00:00,2026-08-28T15:53:04.451233+00:00,23.17396599391941,APPROVED,
postgres,212,0,2026-08-28T15:53:04.451359+00:00,2026-08-28T15:53:04.456119+00:00,4.743875993881375,APPROVED,
voltdb,212,0,2026-08-28T15:53:04.456202+00:00,2026-08-28T15:53:04.479290+00:00,23.077421996276826,APPROVED,
postgres,214,0,2026-08-28T15:53:04.479413+00:00,2026-08-28T15:53:04.484523+00:00,5.093390995170921,APPROVED,
voltdb,214,0,2026-08-28T15:53:04.484605+00:00,2026-08-28T15:53:04.509024+00:00,24.408618002780713,APPROVED,
postgres,216,0,2026-08-28T15:53:04.509225+00:00,2026-08-28T15:53:04.514536+00:00,5.29566899058409,APPROVED,
voltdb,216,0,2026-08-28T15:53:04.514652+00:00,2026-08-28T15:53:04.538223+00:00,23.55227699445095,APPROVED,
postgres,217,0,2026-08-28T15:53:04.538324+00:00,2026-08-28T15:53:04.544096+00:00,5.758169005275704,REVIEW,
voltdb,217,0,2026-08-28T15:53:04.544216+00:00,2026-08-28T15:53:04.572680+00:00,28.445326010114513,REVIEW,
postgres,218,0,2026-08-28T15:53:04.572774+00:00,2026-08-28T15:53:04.576749+00:00,3.963652008678764,APPROVED,
voltdb,218,0,2026-08-28T15:53:04.576834+00:00,2026-08-28T15:53:04.595495+00:00,18.650029000127688,APPROVED,
postgres,219,0,2026-08-28T15:53:04.595667+00:00,2026-08-28T15:53:04.600985+00:00,5.300750999595039,APPROVED,
voltdb,219,0,2026-08-28T15:53:04.601145+00:00,2026-08-28T15:53:04.622683+00:00,21.51961700292304,APPROVED,
postgres,220,0,2026-08-28T15:53:04.623020+00:00,2026-08-28T15:53:04.628164+00:00,5.1175979897379875,APPROVED,
voltdb,220,0,2026-08-28T15:53:04.628236+00:00,2026-08-28T15:53:04.648168+00:00,19.920068996725604,APPROVED,
postgres,221,0,2026-08-28T15:53:04.648327+00:00,2026-08-28T15:53:04.654186+00:00,5.8455120015423745,APPROVED,
voltdb,221,0,2026-08-28T15:53:04.654256+00:00,2026-08-28T15:53:04.673250+00:00,18.951685997308232,APPROVED,
postgres,223,0,2026-08-28T15:53:04.673357+00:00,2026-08-28T15:53:04.676401+00:00,3.0305529944598675,APPROVED,
voltdb,223,0,2026-08-28T15:53:04.676496+00:00,2026-08-28T15:53:04.696212+00:00,19.706792998476885,APPROVED,
postgres,225,0,2026-08-28T15:53:04.696418+00:00,2026-08-28T15:53:04.700511+00:00,4.08166300621815,APPROVED,
voltdb,225,0,2026-08-28T15:53:04.700581+00:00,2026-08-28T15:53:04.721273+00:00,20.682778005721048,APPROVED,
postgres,226,0,2026-08-28T15:53:04.721370+00:00,2026-08-28T15:53:04.725388+00:00,4.006463001132943,APPROVED,
voltdb,226,0,2026-08-28T15:53:04.725456+00:00,2026-08-28T15:53:04.748133+00:00,22.667177006951533,APPROVED,
postgres,228,0,2026-08-28T15:53:04.748257+00:00,2026-08-28T15:53:04.753065+00:00,4.795129003468901,APPROVED,
voltdb,228,0,2026-08-28T15:53:04.753163+00:00,2026-08-28T15:53:04.773152+00:00,19.97949500218965,APPROVED,
postgres,229,0,2026-08-28T15:53:04.773261+00:00,2026-08-28T15:53:04.776272+00:00,2.9985399887664244,APPROVED,
voltdb,229,0,2026-08-28T15:53:04.776367+00:00,2026-08-28T15:53:04.793885+00:00,17.50454200373497,APPROVED,
postgres,230,0,2026-08-28T15:53:04.794022+00:00,2026-08-28T15:53:04.800563+00:00,6.527641002321616,REVIEW,
voltdb,230,0,2026-08-28T15:53:04.800637+00:00,2026-08-28T15:53:04.826952+00:00,26.305845007300377,REVIEW,
postgres,232,0,2026-08-28T15:53:04.827073+00:00,2026-08-28T15:53:04.832682+00:00,5.592563989921473,APPROVED,
voltdb,232,0,2026-08-28T15:53:04.832765+00:00,2026-08-28T15:53:04.861783+00:00,29.008318000705913,APPROVED,
postgres,233,0,2026-08-28T15:53:04.861926+00:00,2026-08-28T15:53:04.867426+00:00,5.48423599684611,APPROVED,
voltdb,233,0,2026-08-28T15:53:04.867541+00:00,2026-08-28T15:53:04.891984+00:00,24.18111200677231,APPROVED,
postgres,234,0,2026-08-28T15:53:04.892146+00:00,2026-08-28T15:53:04.897019+00:00,4.857444990193471,APPROVED,
voltdb,234,0,2026-08-28T15:53:04.897106+00:00,2026-08-28T15:53:04.921930+00:00,24.813044001348317,APPROVED,
postgres,235,0,2026-08-28T15:53:04.922089+00:00,2026-08-28T15:53:04.927584+00:00,5.47582600847818,APPROVED,
voltdb,235,0,2026-08-28T15:53:04.927660+00:00,2026-08-28T15:53:04.953809+00:00,26.138959001400508,APPROVED,
postgres,236,0,2026-08-28T15:53:04.953966+00:00,2026-08-28T15:53:04.960749+00:00,6.767909988411702,APPROVED,
voltdb,236,0,2026-08-28T15:53:04.960844+00:00,2026-08-28T15:53:04.986875+00:00,26.01896801206749,APPROVED,
postgres,237,0,2026-08-28T15:53:04.987030+00:00,2026-08-28T15:53:04.993101+00:00,6.0562900034710765,APPROVED,
voltdb,237,0,2026-08-28T15:53:04.993182+00:00,2026-08-28T15:53:05.019366+00:00,26.174511993303895,APPROVED,
postgres,238,0,2026-08-28T15:53:05.019608+00:00,2026-08-28T15:53:05.024183+00:00,4.55282699840609,APPROVED,
voltdb,238,0,2026-08-28T15:53:05.024305+00:00,2026-08-28T15:53:05.047881+00:00,23.560265995911323,APPROVED,
postgres,239,0,2026-08-28T15:53:05.048072+00:00,2026-08-28T15:53:05.054281+00:00,5.953314001089893,APPROVED,
voltdb,239,0,2026-08-28T15:53:05.054364+00:00,2026-08-28T15:53:05.076932+00:00,22.5191170029575,APPROVED,
postgres,245,0,2026-08-28T15:53:05.077128+00:00,2026-08-28T15:53:05.080809+00:00,3.6652139970101416,APPROVED,
voltdb,245,0,2026-08-28T15:53:05.080894+00:00,2026-08-28T15:53:05.104799+00:00,23.892447003163397,APPROVED,
postgres,246,0,2026-08-28T15:53:05.104987+00:00,2026-08-28T15:53:05.108671+00:00,3.6606149951694533,APPROVED,
voltdb,246,0,2026-08-28T15:53:05.108763+00:00,2026-08-28T15:53:05.127708+00:00,18.93388800090179,APPROVED,
postgres,247,0,2026-08-28T15:53:05.127805+00:00,2026-08-28T15:53:05.133168+00:00,5.352046006009914,APPROVED,
voltdb,247,0,2026-08-28T15:53:05.133251+00:00,2026-08-28T15:53:05.156413+00:00,23.121571008232422,APPROVED,
postgres,248,0,2026-08-28T15:53:05.156516+00:00,2026-08-28T15:53:05.161770+00:00,5.241822000243701,APPROVED,
voltdb,248,0,2026-08-28T15:53:05.161843+00:00,2026-08-28T15:53:05.180319+00:00,18.460592997143976,APPROVED,
postgres,249,0,2026-08-28T15:53:05.180416+00:00,2026-08-28T15:53:05.183973+00:00,3.544839011738077,APPROVED,
voltdb,249,0,2026-08-28T15:53:05.184055+00:00,2026-08-28T15:53:05.207032+00:00,22.967434997553937,APPROVED,
postgres,250,0,2026-08-28T15:53:05.207134+00:00,2026-08-28T15:53:05.211412+00:00,4.266424002707936,APPROVED,
voltdb,250,0,2026-08-28T15:53:05.211490+00:00,2026-08-28T15:53:05.228846+00:00,17.346089996863157,APPROVED,
postgres,251,0,2026-08-28T15:53:05.228952+00:00,2026-08-28T15:53:05.232892+00:00,3.928952995920554,APPROVED,
voltdb,251,0,2026-08-28T15:53:05.232967+00:00,2026-08-28T15:53:05.256529+00:00,23.551264996058308,APPROVED,
postgres,253,0,2026-08-28T15:53:05.256730+00:00,2026-08-28T15:53:05.261170+00:00,4.426516010425985,APPROVED,
voltdb,253,0,2026-08-28T15:53:05.261246+00:00,2026-08-28T15:53:05.283151+00:00,21.89555499353446,APPROVED,
postgres,254,0,2026-08-28T15:53:05.283306+00:00,2026-08-28T15:53:05.287671+00:00,4.348488000687212,APPROVED,
voltdb,254,0,2026-08-28T15:53:05.287732+00:00,2026-08-28T15:53:05.311458+00:00,23.688449000474066,APPROVED,
postgres,256,0,2026-08-28T15:53:05.311752+00:00,2026-08-28T15:53:05.315806+00:00,4.033687990158796,APPROVED,
voltdb,256,0,2026-08-28T15:53:05.315937+00:00,2026-08-28T15:53:05.345080+00:00,29.03144300216809,APPROVED,
postgres,257,0,2026-08-28T15:53:05.345203+00:00,2026-08-28T15:53:05.350899+00:00,5.679844005499035,APPROVED,
voltdb,257,0,2026-08-28T15:53:05.351163+00:00,2026-08-28T15:53:05.373227+00:00,22.041004995116964,APPROVED,
postgres,258,0,2026-08-28T15:53:05.373334+00:00,2026-08-28T15:53:05.377366+00:00,4.019408006570302,APPROVED,
voltdb,258,0,2026-08-28T15:53:05.377472+00:00,2026-08-28T15:53:05.404144+00:00,26.660483999876305,APPROVED,
postgres,259,0,2026-08-28T15:53:05.404311+00:00,2026-08-28T15:53:05.408308+00:00,3.9857250085333362,APPROVED,
voltdb,259,0,2026-08-28T15:53:05.408389+00:00,2026-08-28T15:53:05.428073+00:00,19.672248003189452,APPROVED,
postgres,260,0,2026-08-28T15:53:05.428193+00:00,2026-08-28T15:53:05.433885+00:00,5.677086999639869,APPROVED,
voltdb,260,0,2026-08-28T15:53:05.433952+00:00,2026-08-28T15:53:05.458462+00:00,24.499993000063114,APPROVED,
postgres,261,0,2026-08-28T15:53:05.458843+00:00,2026-08-28T15:53:05.462847+00:00,3.9883290010038763,APPROVED,
voltdb,261,0,2026-08-28T15:53:05.462944+00:00,2026-08-28T15:53:05.481627+00:00,18.669694996788166,APPROVED,
postgres,262,0,2026-08-28T15:53:05.481738+00:00,2026-08-28T15:53:05.484859+00:00,3.1108240073081106,APPROVED,
voltdb,262,0,2026-08-28T15:53:05.484926+00:00,2026-08-28T15:53:05.502991+00:00,18.055193999316543,APPROVED,
postgres,263,0,2026-08-28T15:53:05.503178+00:00,2026-08-28T15:53:05.507397+00:00,4.201515999739058,APPROVED,
voltdb,263,0,2026-08-28T15:53:05.507668+00:00,2026-08-28T15:53:05.526755+00:00,19.07724200282246,APPROVED,
postgres,264,0,2026-08-28T15:53:05.526895+00:00,2026-08-28T15:53:05.532202+00:00,5.29426900902763,APPROVED,
voltdb,264,0,2026-08-28T15:53:05.532276+00:00,2026-08-28T15:53:05.553173+00:00,20.88802600337658,APPROVED,
postgres,265,0,2026-08-28T15:53:05.553295+00:00,2026-08-28T15:53:05.559847+00:00,6.540186004713178,REVIEW,
voltdb,265,0,2026-08-28T15:53:05.559924+00:00,2026-08-28T15:53:05.580537+00:00,20.573408997734077,REVIEW,
postgres,267,0,2026-08-28T15:53:05.580641+00:00,2026-08-28T15:53:05.584786+00:00,4.134080998483114,APPROVED,
voltdb,267,0,2026-08-28T15:53:05.584861+00:00,2026-08-28T15:53:05.605014+00:00,20.142845998634584,APPROVED,
postgres,268,0,2026-08-28T15:53:05.605154+00:00,2026-08-28T15:53:05.610453+00:00,5.283225007588044,APPROVED,
voltdb,268,0,2026-08-28T15:53:05.610699+00:00,2026-08-28T15:53:05.631318+00:00,20.599662995664403,APPROVED,
postgres,269,0,2026-08-28T15:53:05.631419+00:00,2026-08-28T15:53:05.634540+00:00,3.1114759913180023,APPROVED,
voltdb,269,0,2026-08-28T15:53:05.634603+00:00,2026-08-28T15:53:05.652175+00:00,17.56243300042115,APPROVED,
postgres,270,0,2026-08-28T15:53:05.652276+00:00,2026-08-28T15:53:05.655529+00:00,3.2420320058008656,APPROVED,
voltdb,270,0,2026-08-28T15:53:05.655610+00:00,2026-08-28T15:53:05.673080+00:00,17.457251000450924,APPROVED,
postgres,271,0,2026-08-28T15:53:05.673288+00:00,2026-08-28T15:53:05.679233+00:00,5.929267994360998,APPROVED,
voltdb,271,0,2026-08-28T15:53:05.679314+00:00,2026-08-28T15:53:05.700900+00:00,21.576471990556456,APPROVED,
postgres,272,0,2026-08-28T15:53:05.701042+00:00,2026-08-28T15:53:05.706951+00:00,5.895740003325045,APPROVED,
voltdb,272,0,2026-08-28T15:53:05.707052+00:00,2026-08-28T15:53:05.727194+00:00,20.132658988586627,APPROVED,
postgres,273,0,2026-08-28T15:53:05.727295+00:00,2026-08-28T15:53:05.732971+00:00,5.662754003424197,APPROVED,
voltdb,273,0,2026-08-28T15:53:05.733054+00:00,2026-08-28T15:53:05.757892+00:00,24.82798798882868,APPROVED,
postgres,274,0,2026-08-28T15:53:05.758000+00:00,2026-08-28T15:53:05.762425+00:00,4.412872993270867,APPROVED,
voltdb,274,0,2026-08-28T15:53:05.762507+00:00,2026-08-28T15:53:05.781195+00:00,18.67827700334601,APPROVED,
postgres,276,0,2026-08-28T15:53:05.781335+00:00,2026-08-28T15:53:05.786555+00:00,5.206835005083121,APPROVED,
voltdb,276,0,2026-08-28T15:53:05.786637+00:00,2026-08-28T15:53:05.807622+00:00,20.9741910075536,APPROVED,
postgres,279,1,2026-08-28T15:53:05.807729+00:00,2026-08-28T15:53:05.813904+00:00,6.163575992104597,BLOCKED,
voltdb,279,1,2026-08-28T15:53:05.814042+00:00,2026-08-28T15:53:05.838806+00:00,24.72486099577509,BLOCKED,
postgres,281,0,2026-08-28T15:53:05.838917+00:00,2026-08-28T15:53:05.842665+00:00,3.7356480024755,APPROVED,
voltdb,281,0,2026-08-28T15:53:05.842765+00:00,2026-08-28T15:53:05.860668+00:00,17.8917760058539,APPROVED,
postgres,282,0,2026-08-28T15:53:05.860767+00:00,2026-08-28T15:53:05.864650+00:00,3.872581000905484,APPROVED,
voltdb,282,0,2026-08-28T15:53:05.864719+00:00,2026-08-28T15:53:05.880424+00:00,15.69557400944177,APPROVED,
postgres,283,0,2026-08-28T15:53:05.880580+00:00,2026-08-28T15:53:05.883999+00:00,3.4068429959006608,APPROVED,
voltdb,283,0,2026-08-28T15:53:05.884075+00:00,2026-08-28T15:53:05.901729+00:00,17.641726997680962,APPROVED,
postgres,284,0,2026-08-28T15:53:05.901917+00:00,2026-08-28T15:53:05.907974+00:00,6.036308986949734,APPROVED,
voltdb,284,0,2026-08-28T15:53:05.908051+00:00,2026-08-28T15:53:05.927276+00:00,19.18129799014423,APPROVED,
postgres,285,0,2026-08-28T15:53:05.927376+00:00,2026-08-28T15:53:05.932669+00:00,5.281399993691593,APPROVED,
voltdb,285,0,2026-08-28T15:53:05.932776+00:00,2026-08-28T15:53:05.953417+00:00,20.63206900493242,APPROVED,
postgres,286,0,2026-08-28T15:53:05.953532+00:00,2026-08-28T15:53:05.958519+00:00,4.970039997715503,APPROVED,
voltdb,286,0,2026-08-28T15:53:05.958596+00:00,2026-08-28T15:53:05.976910+00:00,18.304853001609445,APPROVED,
postgres,287,0,2026-08-28T15:53:05.977081+00:00,2026-08-28T15:53:05.979889+00:00,2.7920199936488643,APPROVED,
voltdb,287,0,2026-08-28T15:53:05.979954+00:00,2026-08-28T15:53:05.997001+00:00,17.03593500133138,APPROVED,
postgres,289,0,2026-08-28T15:53:05.997272+00:00,2026-08-28T15:53:06.002102+00:00,4.809653997654095,APPROVED,
voltdb,289,0,2026-08-28T15:53:06.002178+00:00,2026-08-28T15:53:06.019219+00:00,17.0320439938223,APPROVED,
postgres,290,0,2026-08-28T15:53:06.019343+00:00,2026-08-28T15:53:06.023134+00:00,3.772608994040638,APPROVED,
voltdb,290,0,2026-08-28T15:53:06.023233+00:00,2026-08-28T15:53:06.043894+00:00,20.64699299808126,APPROVED,
postgres,291,0,2026-08-28T15:53:06.044015+00:00,2026-08-28T15:53:06.047961+00:00,3.9342719974229112,APPROVED,
voltdb,291,0,2026-08-28T15:53:06.048033+00:00,2026-08-28T15:53:06.066888+00:00,18.8456820033025,APPROVED,
postgres,292,0,2026-08-28T15:53:06.067001+00:00,2026-08-28T15:53:06.070788+00:00,3.775891993427649,REVIEW,
voltdb,292,0,2026-08-28T15:53:06.070866+00:00,2026-08-28T15:53:06.091861+00:00,20.986240007914603,REVIEW,
postgres,293,0,2026-08-28T15:53:06.091969+00:00,2026-08-28T15:53:06.095621+00:00,3.6383789993124083,APPROVED,
voltdb,293,0,2026-08-28T15:53:06.095771+00:00,2026-08-28T15:53:06.114131+00:00,18.345779011724517,APPROVED,
postgres,294,0,2026-08-28T15:53:06.114228+00:00,2026-08-28T15:53:06.118101+00:00,3.862537007080391,APPROVED,
voltdb,294,0,2026-08-28T15:53:06.118180+00:00,2026-08-28T15:53:06.133844+00:00,15.654543996788561,APPROVED,
postgres,296,0,2026-08-28T15:53:06.133945+00:00,2026-08-28T15:53:06.138066+00:00,4.108416003873572,APPROVED,
voltdb,296,0,2026-08-28T15:53:06.138153+00:00,2026-08-28T15:53:06.157264+00:00,19.101473997579888,APPROVED,
postgres,297,0,2026-08-28T15:53:06.157417+00:00,2026-08-28T15:53:06.161831+00:00,4.3934050045209005,APPROVED,
voltdb,297,0,2026-08-28T15:53:06.161981+00:00,2026-08-28T15:53:06.185098+00:00,23.099225989426486,APPROVED,
postgres,298,0,2026-08-28T15:53:06.185202+00:00,2026-08-28T15:53:06.189559+00:00,4.342760992585681,APPROVED,
voltdb,298,0,2026-08-28T15:53:06.189653+00:00,2026-08-28T15:53:06.210885+00:00,21.221605988102965,APPROVED,
postgres,299,0,2026-08-28T15:53:06.211005+00:00,2026-08-28T15:53:06.214190+00:00,3.17441500374116,APPROVED,
voltdb,299,0,2026-08-28T15:53:06.214256+00:00,2026-08-28T15:53:06.230899+00:00,16.633095990982838,APPROVED,
postgres,302,0,2026-08-28T15:53:06.231011+00:00,2026-08-28T15:53:06.233824+00:00,2.803811992635019,APPROVED,
voltdb,302,0,2026-08-28T15:53:06.233888+00:00,2026-08-28T15:53:06.251274+00:00,17.376706993672997,APPROVED,
postgres,303,0,2026-08-28T15:53:06.251376+00:00,2026-08-28T15:53:06.255112+00:00,3.7261510005919263,APPROVED,
voltdb,303,0,2026-08-28T15:53:06.255180+00:00,2026-08-28T15:53:06.273470+00:00,18.281452998053282,APPROVED,
postgres,304,0,2026-08-28T15:53:06.273667+00:00,2026-08-28T15:53:06.278798+00:00,5.111670005135238,APPROVED,
voltdb,304,0,2026-08-28T15:53:06.278877+00:00,2026-08-28T15:53:06.300355+00:00,21.468441002070904,APPROVED,
postgres,307,0,2026-08-28T15:53:06.300506+00:00,2026-08-28T15:53:06.305775+00:00,5.252832008409314,APPROVED,
voltdb,307,0,2026-08-28T15:53:06.305886+00:00,2026-08-28T15:53:06.326229+00:00,20.331872990936972,APPROVED,
postgres,308,0,2026-08-28T15:53:06.326326+00:00,2026-08-28T15:53:06.331456+00:00,5.119375011418015,APPROVED,
voltdb,308,0,2026-08-28T15:53:06.331537+00:00,2026-08-28T15:53:06.351216+00:00,19.669414003146812,APPROVED,
postgres,310,0,2026-08-28T15:53:06.351338+00:00,2026-08-28T15:53:06.355835+00:00,4.480962001252919,APPROVED,
voltdb,310,0,2026-08-28T15:53:06.355999+00:00,2026-08-28T15:53:06.375934+00:00,19.915112003218383,APPROVED,
postgres,311,0,2026-08-28T15:53:06.376108+00:00,2026-08-28T15:53:06.381070+00:00,4.918535996694118,APPROVED,
voltdb,311,0,2026-08-28T15:53:06.381148+00:00,2026-08-28T15:53:06.401658+00:00,20.500976010225713,APPROVED,
postgres,313,0,2026-08-28T15:53:06.401978+00:00,2026-08-28T15:53:06.406257+00:00,4.2307840049033985,APPROVED,
voltdb,313,0,2026-08-28T15:53:06.406356+00:00,2026-08-28T15:53:06.425854+00:00,19.48825600265991,APPROVED,
postgres,316,0,2026-08-28T15:53:06.425989+00:00,2026-08-28T15:53:06.430880+00:00,4.875742990407161,APPROVED,
voltdb,316,0,2026-08-28T15:53:06.430991+00:00,2026-08-28T15:53:06.452568+00:00,21.480772003997117,APPROVED,
postgres,318,0,2026-08-28T15:53:06.452684+00:00,2026-08-28T15:53:06.457472+00:00,4.774015003931709,APPROVED,
voltdb,318,0,2026-08-28T15:53:06.457622+00:00,2026-08-28T15:53:06.479469+00:00,21.83246600907296,APPROVED,
postgres,319,0,2026-08-28T15:53:06.479702+00:00,2026-08-28T15:53:06.485337+00:00,5.614401990897022,APPROVED,
voltdb,319,0,2026-08-28T15:53:06.485424+00:00,2026-08-28T15:53:06.509982+00:00,24.533806994440965,APPROVED,
postgres,323,0,2026-08-28T15:53:06.510460+00:00,2026-08-28T15:53:06.517133+00:00,6.646035995800048,APPROVED,
voltdb,323,0,2026-08-28T15:53:06.518237+00:00,2026-08-28T15:53:06.542492+00:00,24.222895997809246,APPROVED,
postgres,324,0,2026-08-28T15:53:06.542979+00:00,2026-08-28T15:53:06.548315+00:00,5.29495399678126,APPROVED,
voltdb,324,0,2026-08-28T15:53:06.548448+00:00,2026-08-28T15:53:06.572834+00:00,24.373124004341662,APPROVED,
postgres,325,0,2026-08-28T15:53:06.572943+00:00,2026-08-28T15:53:06.577808+00:00,4.843389993766323,APPROVED,
voltdb,325,0,2026-08-28T15:53:06.577930+00:00,2026-08-28T15:53:06.603329+00:00,25.382398001966067,APPROVED,
postgres,326,0,2026-08-28T15:53:06.603477+00:00,2026-08-28T15:53:06.608353+00:00,4.592639990733005,APPROVED,
voltdb,326,0,2026-08-28T15:53:06.608439+00:00,2026-08-28T15:53:06.632435+00:00,23.981606005690992,APPROVED,
postgres,327,0,2026-08-28T15:53:06.632559+00:00,2026-08-28T15:53:06.637815+00:00,5.240137004875578,APPROVED,
voltdb,327,0,2026-08-28T15:53:06.637954+00:00,2026-08-28T15:53:06.661619+00:00,23.62190499843564,APPROVED,
postgres,328,0,2026-08-28T15:53:06.661787+00:00,2026-08-28T15:53:06.668038+00:00,6.2341709999600425,APPROVED,
voltdb,328,0,2026-08-28T15:53:06.668140+00:00,2026-08-28T15:53:06.691789+00:00,23.635858000488952,APPROVED,
postgres,331,0,2026-08-28T15:53:06.691903+00:00,2026-08-28T15:53:06.696016+00:00,4.099764002603479,APPROVED,
voltdb,331,0,2026-08-28T15:53:06.696103+00:00,2026-08-28T15:53:06.722226+00:00,26.07532500405796,APPROVED,
postgres,334,0,2026-08-28T15:53:06.722356+00:00,2026-08-28T15:53:06.727438+00:00,5.068904996733181,APPROVED,
voltdb,334,0,2026-08-28T15:53:06.727566+00:00,2026-08-28T15:53:06.750480+00:00,22.871381996083073,APPROVED,
postgres,335,0,2026-08-28T15:53:06.750775+00:00,2026-08-28T15:53:06.756226+00:00,5.4309620027197525,APPROVED,
voltdb,335,0,2026-08-28T15:53:06.756350+00:00,2026-08-28T15:53:06.781238+00:00,24.871192988939583,APPROVED,
postgres,336,0,2026-08-28T15:53:06.781369+00:00,2026-08-28T15:53:06.786259+00:00,4.875618004007265,APPROVED,
voltdb,336,0,2026-08-28T15:53:06.786336+00:00,2026-08-28T15:53:06.811592+00:00,25.245067998184822,APPROVED,
postgres,338,0,2026-08-28T15:53:06.812058+00:00,2026-08-28T15:53:06.817281+00:00,5.199890001676977,APPROVED,
voltdb,338,0,2026-08-28T15:53:06.817366+00:00,2026-08-28T15:53:06.841102+00:00,23.71893399686087,APPROVED,
postgres,340,0,2026-08-28T15:53:06.841333+00:00,2026-08-28T15:53:06.846391+00:00,5.042170989327133,APPROVED,
voltdb,340,0,2026-08-28T15:53:06.846512+00:00,2026-08-28T15:53:06.872403+00:00,25.87700600270182,APPROVED,
postgres,341,0,2026-08-28T15:53:06.872520+00:00,2026-08-28T15:53:06.879126+00:00,6.448136002290994,APPROVED,
voltdb,341,0,2026-08-28T15:53:06.879255+00:00,2026-08-28T15:53:06.902922+00:00,23.657573998207226,APPROVED,
postgres,342,0,2026-08-28T15:53:06.903116+00:00,2026-08-28T15:53:06.908848+00:00,5.716460000257939,APPROVED,
voltdb,342,0,2026-08-28T15:53:06.908978+00:00,2026-08-28T15:53:06.933307+00:00,24.29490099893883,APPROVED,
postgres,344,0,2026-08-28T15:53:06.933441+00:00,2026-08-28T15:53:06.938577+00:00,5.1248490053694695,APPROVED,
voltdb,344,0,2026-08-28T15:53:06.938672+00:00,2026-08-28T15:53:06.962345+00:00,23.662912004510872,APPROVED,
postgres,345,0,2026-08-28T15:53:06.962469+00:00,2026-08-28T15:53:06.967431+00:00,4.946515007759444,APPROVED,
voltdb,345,0,2026-08-28T15:53:06.967502+00:00,2026-08-28T15:53:06.990506+00:00,22.993894002866,APPROVED,
postgres,346,0,2026-08-28T15:53:06.990736+00:00,2026-08-28T15:53:06.997067+00:00,6.3127470057224855,APPROVED,
voltdb,346,0,2026-08-28T15:53:06.997185+00:00,2026-08-28T15:53:07.024165+00:00,26.959555005305447,APPROVED,
postgres,348,0,2026-08-28T15:53:07.024391+00:00,2026-08-28T15:53:07.029729+00:00,5.320265001500957,APPROVED,
voltdb,348,0,2026-08-28T15:53:07.029917+00:00,2026-08-28T15:53:07.056039+00:00,26.101941999513656,APPROVED,
postgres,349,0,2026-08-28T15:53:07.056207+00:00,2026-08-28T15:53:07.062306+00:00,6.08326900692191,APPROVED,
voltdb,349,0,2026-08-28T15:53:07.062413+00:00,2026-08-28T15:53:07.087079+00:00,24.657228001160547,APPROVED,
postgres,350,0,2026-08-28T15:53:07.087257+00:00,2026-08-28T15:53:07.093875+00:00,6.590716991922818,APPROVED,
voltdb,350,0,2026-08-28T15:53:07.093965+00:00,2026-08-28T15:53:07.114857+00:00,20.87931300047785,APPROVED,
postgres,351,0,2026-08-28T15:53:07.114972+00:00,2026-08-28T15:53:07.119728+00:00,4.743874989799224,APPROVED,
voltdb,351,0,2026-08-28T15:53:07.119800+00:00,2026-08-28T15:53:07.147250+00:00,27.439948986284435,APPROVED,
postgres,352,0,2026-08-28T15:53:07.147351+00:00,2026-08-28T15:53:07.151353+00:00,3.9897759997984394,APPROVED,
voltdb,352,0,2026-08-28T15:53:07.151435+00:00,2026-08-28T15:53:07.169884+00:00,18.439725012285635,APPROVED,
postgres,353,0,2026-08-28T15:53:07.170039+00:00,2026-08-28T15:53:07.176484+00:00,6.427692991564982,APPROVED,
voltdb,353,0,2026-08-28T15:53:07.176636+00:00,2026-08-28T15:53:07.261649+00:00,85.00353699491825,APPROVED,
postgres,354,0,2026-08-28T15:53:07.261763+00:00,2026-08-28T15:53:07.267458+00:00,5.672928993590176,APPROVED,
voltdb,354,0,2026-08-28T15:53:07.267688+00:00,2026-08-28T15:53:07.291140+00:00,23.431351990438998,APPROVED,
postgres,355,0,2026-08-28T15:53:07.291283+00:00,2026-08-28T15:53:07.297160+00:00,5.862550999154337,APPROVED,
voltdb,355,0,2026-08-28T15:53:07.297332+00:00,2026-08-28T15:53:07.320429+00:00,23.077717996784486,APPROVED,
postgres,356,0,2026-08-28T15:53:07.320665+00:00,2026-08-28T15:53:07.326140+00:00,5.420898000011221,APPROVED,
voltdb,356,0,2026-08-28T15:53:07.326245+00:00,2026-08-28T15:53:07.376613+00:00,50.355300001683645,APPROVED,
postgres,357,0,2026-08-28T15:53:07.376749+00:00,2026-08-28T15:53:07.382133+00:00,5.371541003114544,APPROVED,
voltdb,357,0,2026-08-28T15:53:07.382214+00:00,2026-08-28T15:53:07.406427+00:00,24.202667002100497,APPROVED,
postgres,358,0,2026-08-28T15:53:07.406667+00:00,2026-08-28T15:53:07.413533+00:00,6.848719000117853,APPROVED,
voltdb,358,0,2026-08-28T15:53:07.413608+00:00,2026-08-28T15:53:07.439039+00:00,25.42193299450446,APPROVED,
postgres,359,0,2026-08-28T15:53:07.439319+00:00,2026-08-28T15:53:07.445314+00:00,5.973612001980655,APPROVED,
voltdb,359,0,2026-08-28T15:53:07.445703+00:00,2026-08-28T15:53:07.468918+00:00,23.196045993245207,APPROVED,
postgres,360,0,2026-08-28T15:53:07.469021+00:00,2026-08-28T15:53:07.474819+00:00,5.786255991552025,REVIEW,
voltdb,360,0,2026-08-28T15:53:07.474901+00:00,2026-08-28T15:53:07.504311+00:00,29.37329099222552,REVIEW,
postgres,361,0,2026-08-28T15:53:07.504513+00:00,2026-08-28T15:53:07.509479+00:00,4.942354004015215,APPROVED,
voltdb,361,0,2026-08-28T15:53:07.509647+00:00,2026-08-28T15:53:07.531108+00:00,21.446863989694975,APPROVED,
postgres,362,0,2026-08-28T15:53:07.531388+00:00,2026-08-28T15:53:07.535623+00:00,4.166333994362503,APPROVED,
voltdb,362,0,2026-08-28T15:53:07.535706+00:00,2026-08-28T15:53:07.557400+00:00,21.679979006876238,APPROVED,
postgres,364,0,2026-08-28T15:53:07.558036+00:00,2026-08-28T15:53:07.563160+00:00,5.097524001030251,APPROVED,
voltdb,364,0,2026-08-28T15:53:07.563241+00:00,2026-08-28T15:53:07.583754+00:00,20.503307998296805,APPROVED,
postgres,365,0,2026-08-28T15:53:07.583940+00:00,2026-08-28T15:53:07.588166+00:00,4.2040479893330485,APPROVED,
voltdb,365,0,2026-08-28T15:53:07.588254+00:00,2026-08-28T15:53:07.610520+00:00,22.2507919970667,APPROVED,
postgres,366,0,2026-08-28T15:53:07.610824+00:00,2026-08-28T15:53:07.615925+00:00,5.085777011117898,APPROVED,
voltdb,366,0,2026-08-28T15:53:07.616011+00:00,2026-08-28T15:53:07.637245+00:00,21.224513999186456,APPROVED,
postgres,367,0,2026-08-28T15:53:07.637400+00:00,2026-08-28T15:53:07.642366+00:00,4.9522780027473345,APPROVED,
voltdb,367,0,2026-08-28T15:53:07.642461+00:00,2026-08-28T15:53:07.664555+00:00,22.079054993810132,APPROVED,
postgres,369,0,2026-08-28T15:53:07.664809+00:00,2026-08-28T15:53:07.668052+00:00,3.222127998014912,APPROVED,
voltdb,369,0,2026-08-28T15:53:07.668127+00:00,2026-08-28T15:53:07.689339+00:00,21.1973859986756,APPROVED,
postgres,372,0,2026-08-28T15:53:07.689615+00:00,2026-08-28T15:53:07.695010+00:00,5.373268009861931,APPROVED,
voltdb,372,0,2026-08-28T15:53:07.695105+00:00,2026-08-28T15:53:07.717037+00:00,21.920764003880322,APPROVED,
postgres,374,0,2026-08-28T15:53:07.717186+00:00,2026-08-28T15:53:07.722599+00:00,5.394710999098606,APPROVED,
voltdb,374,0,2026-08-28T15:53:07.722683+00:00,2026-08-28T15:53:07.744847+00:00,22.149644006276503,APPROVED,
postgres,375,0,2026-08-28T15:53:07.744992+00:00,2026-08-28T15:53:07.749264+00:00,4.25687299866695,APPROVED,
voltdb,375,0,2026-08-28T15:53:07.749350+00:00,2026-08-28T15:53:07.770448+00:00,21.086238994030282,APPROVED,
postgres,378,0,2026-08-28T15:53:07.770647+00:00,2026-08-28T15:53:07.776312+00:00,5.645728000672534,APPROVED,
voltdb,378,0,2026-08-28T15:53:07.776389+00:00,2026-08-28T15:53:07.799155+00:00,22.756323000066914,APPROVED,
postgres,379,0,2026-08-28T15:53:07.799274+00:00,2026-08-28T15:53:07.803885+00:00,4.592930999933742,APPROVED,
voltdb,379,0,2026-08-28T15:53:07.804067+00:00,2026-08-28T15:53:07.825380+00:00,21.229499994660728,APPROVED,
postgres,380,1,2026-08-28T15:53:07.825523+00:00,2026-08-28T15:53:07.830876+00:00,5.334670000593178,REVIEW,
voltdb,380,1,2026-08-28T15:53:07.831003+00:00,2026-08-28T15:53:07.858243+00:00,27.21526101231575,REVIEW,
postgres,382,0,2026-08-28T15:53:07.858352+00:00,2026-08-28T15:53:07.862821+00:00,4.457277987967245,APPROVED,
voltdb,382,0,2026-08-28T15:53:07.862915+00:00,2026-08-28T15:53:07.887847+00:00,24.912878987379372,APPROVED,
postgres,383,0,2026-08-28T15:53:07.887987+00:00,2026-08-28T15:53:07.894766+00:00,6.761219003237784,APPROVED,
voltdb,383,0,2026-08-28T15:53:07.894861+00:00,2026-08-28T15:53:07.915248+00:00,20.373004997964017,APPROVED,
postgres,384,0,2026-08-28T15:53:07.915347+00:00,2026-08-28T15:53:07.920570+00:00,5.21359899721574,APPROVED,
voltdb,384,0,2026-08-28T15:53:07.920641+00:00,2026-08-28T15:53:07.940243+00:00,19.592761003877968,APPROVED,
postgres,386,0,2026-08-28T15:53:07.940349+00:00,2026-08-28T15:53:07.945378+00:00,5.018026000470854,APPROVED,
voltdb,386,0,2026-08-28T15:53:07.945458+00:00,2026-08-28T15:53:07.966742+00:00,21.274223996442743,APPROVED,
postgres,388,0,2026-08-28T15:53:07.966859+00:00,2026-08-28T15:53:07.972331+00:00,5.460735002998263,APPROVED,
voltdb,388,0,2026-08-28T15:53:07.972451+00:00,2026-08-28T15:53:07.992408+00:00,19.938191995606758,APPROVED,
postgres,389,0,2026-08-28T15:53:07.992809+00:00,2026-08-28T15:53:07.996782+00:00,3.9471079944632947,APPROVED,
voltdb,389,0,2026-08-28T15:53:07.996872+00:00,2026-08-28T15:53:08.017722+00:00,20.838486001593992,APPROVED,
postgres,390,0,2026-08-28T15:53:08.018062+00:00,2026-08-28T15:53:08.023281+00:00,5.200175000936724,APPROVED,
voltdb,390,0,2026-08-28T15:53:08.023618+00:00,2026-08-28T15:53:08.043582+00:00,19.939546997193247,APPROVED,
postgres,391,0,2026-08-28T15:53:08.043818+00:00,2026-08-28T15:53:08.048486+00:00,4.652591989724897,APPROVED,
voltdb,391,0,2026-08-28T15:53:08.048559+00:00,2026-08-28T15:53:08.070448+00:00,21.878440005821176,APPROVED,
postgres,393,0,2026-08-28T15:53:08.070701+00:00,2026-08-28T15:53:08.074880+00:00,4.161742996075191,APPROVED,
voltdb,393,0,2026-08-28T15:53:08.074955+00:00,2026-08-28T15:53:08.094139+00:00,19.174789005774073,APPROVED,
postgres,397,0,2026-08-28T15:53:08.094255+00:00,2026-08-28T15:53:08.099047+00:00,4.781638999702409,APPROVED,
voltdb,397,0,2026-08-28T15:53:08.099126+00:00,2026-08-28T15:53:08.119910+00:00,20.774737000465393,APPROVED,
postgres,399,0,2026-08-28T15:53:08.120013+00:00,2026-08-28T15:53:08.125066+00:00,5.041882002842613,REVIEW,
voltdb,399,0,2026-08-28T15:53:08.125148+00:00,2026-08-28T15:53:08.149310+00:00,24.151172998244874,REVIEW,
postgres,401,0,2026-08-28T15:53:08.149755+00:00,2026-08-28T15:53:08.154861+00:00,5.080185001133941,APPROVED,
voltdb,401,0,2026-08-28T15:53:08.154934+00:00,2026-08-28T15:53:08.174781+00:00,19.83855399885215,APPROVED,
postgres,402,0,2026-08-28T15:53:08.174879+00:00,2026-08-28T15:53:08.180208+00:00,5.318078998243436,APPROVED,
voltdb,402,0,2026-08-28T15:53:08.180310+00:00,2026-08-28T15:53:08.199904+00:00,19.584503010264598,APPROVED,
postgres,404,0,2026-08-28T15:53:08.200044+00:00,2026-08-28T15:53:08.204466+00:00,4.407791988342069,APPROVED,
voltdb,404,0,2026-08-28T15:53:08.204614+00:00,2026-08-28T15:53:08.224123+00:00,19.498316003591754,APPROVED,
postgres,406,0,2026-08-28T15:53:08.224255+00:00,2026-08-28T15:53:08.228712+00:00,4.443249010364525,APPROVED,
voltdb,406,0,2026-08-28T15:53:08.228783+00:00,2026-08-28T15:53:08.251916+00:00,23.12410098966211,APPROVED,
postgres,407,0,2026-08-28T15:53:08.252048+00:00,2026-08-28T15:53:08.256974+00:00,4.910495001240633,REVIEW,
voltdb,407,0,2026-08-28T15:53:08.257079+00:00,2026-08-28T15:53:08.282873+00:00,25.784132987610064,REVIEW,
postgres,408,0,2026-08-28T15:53:08.282979+00:00,2026-08-28T15:53:08.287838+00:00,4.847303003771231,APPROVED,
voltdb,408,0,2026-08-28T15:53:08.287917+00:00,2026-08-28T15:53:08.310996+00:00,23.06925499578938,APPROVED,
postgres,409,0,2026-08-28T15:53:08.311132+00:00,2026-08-28T15:53:08.315906+00:00,4.7593759954907,APPROVED,
voltdb,409,0,2026-08-28T15:53:08.316007+00:00,2026-08-28T15:53:08.336841+00:00,20.82413800235372,APPROVED,
postgres,410,0,2026-08-28T15:53:08.336969+00:00,2026-08-28T15:53:08.341404+00:00,4.423225997015834,APPROVED,
voltdb,410,0,2026-08-28T15:53:08.341478+00:00,2026-08-28T15:53:08.363372+00:00,21.88438999291975,APPROVED,
postgres,414,0,2026-08-28T15:53:08.363476+00:00,2026-08-28T15:53:08.367850+00:00,4.362987994682044,APPROVED,
voltdb,414,0,2026-08-28T15:53:08.367956+00:00,2026-08-28T15:53:08.388237+00:00,20.271676999982446,APPROVED,
postgres,415,0,2026-08-28T15:53:08.388371+00:00,2026-08-28T15:53:08.393745+00:00,5.363012998714112,APPROVED,
voltdb,415,0,2026-08-28T15:53:08.393825+00:00,2026-08-28T15:53:08.415435+00:00,21.600876993034035,APPROVED,
postgres,417,0,2026-08-28T15:53:08.415695+00:00,2026-08-28T15:53:08.420276+00:00,4.564437011140399,APPROVED,
voltdb,417,0,2026-08-28T15:53:08.420378+00:00,2026-08-28T15:53:08.442603+00:00,22.216041004867293,APPROVED,
postgres,419,0,2026-08-28T15:53:08.442807+00:00,2026-08-28T15:53:08.447070+00:00,4.242414011969231,APPROVED,
voltdb,419,0,2026-08-28T15:53:08.447148+00:00,2026-08-28T15:53:08.468223+00:00,21.065705004730262,APPROVED,
postgres,420,0,2026-08-28T15:53:08.468320+00:00,2026-08-28T15:53:08.473706+00:00,5.375729000661522,APPROVED,
voltdb,420,0,2026-08-28T15:53:08.473785+00:00,2026-08-28T15:53:08.494225+00:00,20.430464996024966,APPROVED,
postgres,422,0,2026-08-28T15:53:08.494349+00:00,2026-08-28T15:53:08.499057+00:00,4.695126001024619,APPROVED,
voltdb,422,0,2026-08-28T15:53:08.499138+00:00,2026-08-28T15:53:08.519816+00:00,20.667595003033057,APPROVED,
postgres,423,0,2026-08-28T15:53:08.519952+00:00,2026-08-28T15:53:08.524223+00:00,4.258364002453163,APPROVED,
voltdb,423,0,2026-08-28T15:53:08.524304+00:00,2026-08-28T15:53:08.544520+00:00,20.206514993333258,APPROVED,
postgres,424,0,2026-08-28T15:53:08.544711+00:00,2026-08-28T15:53:08.549448+00:00,4.716377996373922,APPROVED,
voltdb,424,0,2026-08-28T15:53:08.549561+00:00,2026-08-28T15:53:08.571421+00:00,21.84587699593976,APPROVED,
postgres,425,0,2026-08-28T15:53:08.571562+00:00,2026-08-28T15:53:08.577036+00:00,5.459018997498788,APPROVED,
voltdb,425,0,2026-08-28T15:53:08.577117+00:00,2026-08-28T15:53:08.596349+00:00,19.105304003460333,APPROVED,
postgres,426,0,2026-08-28T15:53:08.596635+00:00,2026-08-28T15:53:08.602138+00:00,5.485463989316486,APPROVED,
voltdb,426,0,2026-08-28T15:53:08.602246+00:00,2026-08-28T15:53:08.622517+00:00,20.26227601163555,APPROVED,
postgres,427,0,2026-08-28T15:53:08.622630+00:00,2026-08-28T15:53:08.629157+00:00,6.3034100021468475,REVIEW,
voltdb,427,0,2026-08-28T15:53:08.629267+00:00,2026-08-28T15:53:08.654247+00:00,24.967402991023846,REVIEW,
postgres,428,0,2026-08-28T15:53:08.654345+00:00,2026-08-28T15:53:08.658692+00:00,4.335983001510613,APPROVED,
voltdb,428,0,2026-08-28T15:53:08.658778+00:00,2026-08-28T15:53:08.680875+00:00,22.085625998442993,APPROVED,
postgres,430,0,2026-08-28T15:53:08.680985+00:00,2026-08-28T15:53:08.685240+00:00,4.2435270006535575,APPROVED,
voltdb,430,0,2026-08-28T15:53:08.685495+00:00,2026-08-28T15:53:08.707530+00:00,22.01989399327431,APPROVED,
postgres,431,0,2026-08-28T15:53:08.707704+00:00,2026-08-28T15:53:08.714677+00:00,6.962618004763499,REVIEW,
voltdb,431,0,2026-08-28T15:53:08.714790+00:00,2026-08-28T15:53:08.743108+00:00,28.307154003414325,REVIEW,
postgres,432,0,2026-08-28T15:53:08.743264+00:00,2026-08-28T15:53:08.748392+00:00,5.112183003802784,APPROVED,
voltdb,432,0,2026-08-28T15:53:08.748468+00:00,2026-08-28T15:53:08.768837+00:00,20.359329995699227,APPROVED,
postgres,433,0,2026-08-28T15:53:08.768933+00:00,2026-08-28T15:53:08.774854+00:00,5.909542000154033,APPROVED,
voltdb,433,0,2026-08-28T15:53:08.774935+00:00,2026-08-28T15:53:08.793949+00:00,19.004935995326377,APPROVED,
postgres,435,0,2026-08-28T15:53:08.794049+00:00,2026-08-28T15:53:08.798891+00:00,4.825085008633323,APPROVED,
voltdb,435,0,2026-08-28T15:53:08.798977+00:00,2026-08-28T15:53:08.819745+00:00,20.759367005666718,APPROVED,
postgres,437,0,2026-08-28T15:53:08.819850+00:00,2026-08-28T15:53:08.824415+00:00,4.554530009045266,APPROVED,
voltdb,437,0,2026-08-28T15:53:08.824587+00:00,2026-08-28T15:53:08.844970+00:00,20.369519988889806,APPROVED,
postgres,438,0,2026-08-28T15:53:08.845088+00:00,2026-08-28T15:53:08.848944+00:00,3.8465319958049804,APPROVED,
voltdb,438,0,2026-08-28T15:53:08.849012+00:00,2026-08-28T15:53:08.872064+00:00,23.041629989165813,APPROVED,
postgres,439,0,2026-08-28T15:53:08.872261+00:00,2026-08-28T15:53:08.880235+00:00,7.952289000968449,APPROVED,
voltdb,439,0,2026-08-28T15:53:08.880341+00:00,2026-08-28T15:53:08.906525+00:00,26.171323988819495,APPROVED,
postgres,440,0,2026-08-28T15:53:08.906742+00:00,2026-08-28T15:53:08.914821+00:00,8.051995988353156,APPROVED,
voltdb,440,0,2026-08-28T15:53:08.914937+00:00,2026-08-28T15:53:08.943123+00:00,28.167075011879206,APPROVED,
postgres,441,0,2026-08-28T15:53:08.943381+00:00,2026-08-28T15:53:08.950329+00:00,6.923809996806085,REVIEW,
voltdb,441,0,2026-08-28T15:53:08.950417+00:00,2026-08-28T15:53:08.975023+00:00,24.591173001681454,REVIEW,
postgres,443,0,2026-08-28T15:53:08.975252+00:00,2026-08-28T15:53:08.980657+00:00,5.388495002989657,APPROVED,
voltdb,443,0,2026-08-28T15:53:08.980745+00:00,2026-08-28T15:53:09.002748+00:00,21.99108300555963,APPROVED,
postgres,444,0,2026-08-28T15:53:09.002904+00:00,2026-08-28T15:53:09.007454+00:00,4.5359209907474,APPROVED,
voltdb,444,0,2026-08-28T15:53:09.007541+00:00,2026-08-28T15:53:09.036170+00:00,28.61341999960132,APPROVED,
postgres,445,0,2026-08-28T15:53:09.036329+00:00,2026-08-28T15:53:09.043106+00:00,6.759348005289212,APPROVED,
voltdb,445,0,2026-08-28T15:53:09.043187+00:00,2026-08-28T15:53:09.064000+00:00,20.79393799067475,APPROVED,
postgres,447,0,2026-08-28T15:53:09.064177+00:00,2026-08-28T15:53:09.068197+00:00,4.003955007647164,APPROVED,
voltdb,447,0,2026-08-28T15:53:09.068264+00:00,2026-08-28T15:53:09.083775+00:00,15.500911002163775,APPROVED,
postgres,448,1,2026-08-28T15:53:09.083900+00:00,2026-08-28T15:53:09.088085+00:00,4.174105997662991,BLOCKED,
voltdb,448,1,2026-08-28T15:53:09.088158+00:00,2026-08-28T15:53:09.112881+00:00,24.708817989449017,BLOCKED,
postgres,449,0,2026-08-28T15:53:09.113085+00:00,2026-08-28T15:53:09.118441+00:00,5.33659900247585,APPROVED,
voltdb,449,0,2026-08-28T15:53:09.118654+00:00,2026-08-28T15:53:09.135148+00:00,16.483956002048217,APPROVED,
postgres,451,0,2026-08-28T15:53:09.135279+00:00,2026-08-28T15:53:09.139438+00:00,4.145601997151971,APPROVED,
voltdb,451,0,2026-08-28T15:53:09.139514+00:00,2026-08-28T15:53:09.157112+00:00,17.587512993486598,APPROVED,
postgres,452,0,2026-08-28T15:53:09.157270+00:00,2026-08-28T15:53:09.161569+00:00,4.286637995392084,APPROVED,
voltdb,452,0,2026-08-28T15:53:09.161637+00:00,2026-08-28T15:53:09.178035+00:00,16.387420997489244,APPROVED,
postgres,453,0,2026-08-28T15:53:09.178167+00:00,2026-08-28T15:53:09.181260+00:00,3.082433991949074,APPROVED,
voltdb,453,0,2026-08-28T15:53:09.181324+00:00,2026-08-28T15:53:09.198533+00:00,17.20015700266231,APPROVED,
postgres,455,0,2026-08-28T15:53:09.198753+00:00,2026-08-28T15:53:09.203914+00:00,5.143430011230521,REVIEW,
voltdb,455,0,2026-08-28T15:53:09.203990+00:00,2026-08-28T15:53:09.224239+00:00,20.23967400600668,REVIEW,
postgres,459,0,2026-08-28T15:53:09.224346+00:00,2026-08-28T15:53:09.227922+00:00,3.5658099950524047,APPROVED,
voltdb,459,0,2026-08-28T15:53:09.227989+00:00,2026-08-28T15:53:09.247049+00:00,19.050447997869924,APPROVED,
postgres,460,0,2026-08-28T15:53:09.247206+00:00,2026-08-28T15:53:09.253232+00:00,5.993152997689322,APPROVED,
voltdb,460,0,2026-08-28T15:53:09.253316+00:00,2026-08-28T15:53:09.270792+00:00,17.465013996115886,APPROVED,
postgres,462,0,2026-08-28T15:53:09.270931+00:00,2026-08-28T15:53:09.274889+00:00,3.93922500370536,APPROVED,
voltdb,462,0,2026-08-28T15:53:09.274957+00:00,2026-08-28T15:53:09.291488+00:00,16.520299002877437,APPROVED,
postgres,464,0,2026-08-28T15:53:09.291825+00:00,2026-08-28T15:53:09.296225+00:00,4.360545994131826,APPROVED,
voltdb,464,0,2026-08-28T15:53:09.296297+00:00,2026-08-28T15:53:09.314328+00:00,18.0217610031832,APPROVED,
postgres,467,0,2026-08-28T15:53:09.314425+00:00,2026-08-28T15:53:09.319743+00:00,5.30624900420662,APPROVED,
voltdb,467,0,2026-08-28T15:53:09.319826+00:00,2026-08-28T15:53:09.340991+00:00,21.155301001272164,APPROVED,
postgres,468,0,2026-08-28T15:53:09.341079+00:00,2026-08-28T15:53:09.346219+00:00,5.126671996549703,APPROVED,
voltdb,468,0,2026-08-28T15:53:09.346502+00:00,2026-08-28T15:53:09.366440+00:00,19.918256992241368,APPROVED,
postgres,469,0,2026-08-28T15:53:09.366544+00:00,2026-08-28T15:53:09.369668+00:00,3.111250000074506,APPROVED,
voltdb,469,0,2026-08-28T15:53:09.369953+00:00,2026-08-28T15:53:09.387750+00:00,17.76575700205285,APPROVED,
postgres,470,0,2026-08-28T15:53:09.387870+00:00,2026-08-28T15:53:09.392220+00:00,4.337075995863415,APPROVED,
voltdb,470,0,2026-08-28T15:53:09.392314+00:00,2026-08-28T15:53:09.415323+00:00,22.999920998699963,APPROVED,
postgres,472,0,2026-08-28T15:53:09.415489+00:00,2026-08-28T15:53:09.420087+00:00,4.579978995025158,APPROVED,
voltdb,472,0,2026-08-28T15:53:09.420187+00:00,2026-08-28T15:53:09.440824+00:00,20.62691999890376,APPROVED,
postgres,473,0,2026-08-28T15:53:09.440941+00:00,2026-08-28T15:53:09.445768+00:00,4.809714009752497,APPROVED,
voltdb,473,0,2026-08-28T15:53:09.445833+00:00,2026-08-28T15:53:09.465835+00:00,19.99414800957311,APPROVED,
postgres,474,0,2026-08-28T15:53:09.465935+00:00,2026-08-28T15:53:09.470493+00:00,4.544996001641266,APPROVED,
voltdb,474,0,2026-08-28T15:53:09.470687+00:00,2026-08-28T15:53:09.489723+00:00,19.019240004126914,APPROVED,
postgres,475,0,2026-08-28T15:53:09.489861+00:00,2026-08-28T15:53:09.494803+00:00,4.92381100775674,APPROVED,
voltdb,475,0,2026-08-28T15:53:09.494902+00:00,2026-08-28T15:53:09.513103+00:00,18.158603998017497,APPROVED,
postgres,477,0,2026-08-28T15:53:09.513242+00:00,2026-08-28T15:53:09.515989+00:00,2.7341769891791046,APPROVED,
voltdb,477,0,2026-08-28T15:53:09.516057+00:00,2026-08-28T15:53:09.532083+00:00,16.016861001844518,APPROVED,
postgres,479,0,2026-08-28T15:53:09.532186+00:00,2026-08-28T15:53:09.534996+00:00,2.7931160002481192,APPROVED,
voltdb,479,0,2026-08-28T15:53:09.535068+00:00,2026-08-28T15:53:09.551878+00:00,16.800391997094266,APPROVED,
postgres,482,0,2026-08-28T15:53:09.551980+00:00,2026-08-28T15:53:09.555032+00:00,3.0413899949053302,APPROVED,
voltdb,482,0,2026-08-28T15:53:09.555102+00:00,2026-08-28T15:53:09.571707+00:00,16.594647997408174,APPROVED,
postgres,483,0,2026-08-28T15:53:09.571816+00:00,2026-08-28T15:53:09.574473+00:00,2.6475039921933785,APPROVED,
voltdb,483,0,2026-08-28T15:53:09.574546+00:00,2026-08-28T15:53:09.589027+00:00,14.471251997747459,APPROVED,
postgres,484,0,2026-08-28T15:53:09.589131+00:00,2026-08-28T15:53:09.593762+00:00,4.619765997631475,APPROVED,
voltdb,484,0,2026-08-28T15:53:09.593834+00:00,2026-08-28T15:53:09.609846+00:00,16.00141999369953,APPROVED,
postgres,486,0,2026-08-28T15:53:09.609996+00:00,2026-08-28T15:53:09.614141+00:00,4.12899001094047,APPROVED,
voltdb,486,0,2026-08-28T15:53:09.614207+00:00,2026-08-28T15:53:09.633265+00:00,19.042813990381546,APPROVED,
postgres,489,0,2026-08-28T15:53:09.633367+00:00,2026-08-28T15:53:09.638027+00:00,4.646813002182171,APPROVED,
voltdb,489,0,2026-08-28T15:53:09.638134+00:00,2026-08-28T15:53:09.658869+00:00,20.723905006889254,APPROVED,
postgres,491,0,2026-08-28T15:53:09.658970+00:00,2026-08-28T15:53:09.662119+00:00,3.1386670016217977,APPROVED,
voltdb,491,0,2026-08-28T15:53:09.662186+00:00,2026-08-28T15:53:09.677347+00:00,15.148852005950175,APPROVED,
postgres,493,0,2026-08-28T15:53:09.677658+00:00,2026-08-28T15:53:09.681751+00:00,4.076163007994182,APPROVED,
voltdb,493,0,2026-08-28T15:53:09.681822+00:00,2026-08-28T15:53:09.698139+00:00,17.572934011695907,APPROVED,
postgres,496,0,2026-08-28T15:53:09.698267+00:00,2026-08-28T15:53:09.703914+00:00,5.6326250050915405,APPROVED,
voltdb,496,0,2026-08-28T15:53:09.704002+00:00,2026-08-28T15:53:09.721027+00:00,17.013229997246526,APPROVED,
postgres,499,0,2026-08-28T15:53:09.721126+00:00,2026-08-28T15:53:09.724967+00:00,3.827611988526769,REVIEW,
voltdb,499,0,2026-08-28T15:53:09.725044+00:00,2026-08-28T15:53:09.745882+00:00,20.828064996749163,REVIEW,
postgres,500,0,2026-08-28T15:53:09.745980+00:00,2026-08-28T15:53:09.750118+00:00,4.126175990677439,APPROVED,
voltdb,500,0,2026-08-28T15:53:09.750318+00:00,2026-08-28T15:53:09.764993+00:00,14.66466099373065,APPROVED,
postgres,501,0,2026-08-28T15:53:09.765100+00:00,2026-08-28T15:53:09.767861+00:00,2.751253006863408,APPROVED,
voltdb,501,0,2026-08-28T15:53:09.767923+00:00,2026-08-28T15:53:09.783212+00:00,15.279123006621376,APPROVED,
postgres,502,0,2026-08-28T15:53:09.783518+00:00,2026-08-28T15:53:09.786515+00:00,2.979733995744027,APPROVED,
voltdb,502,0,2026-08-28T15:53:09.786586+00:00,2026-08-28T15:53:09.801970+00:00,15.374006994534284,APPROVED,
postgres,503,0,2026-08-28T15:53:09.802136+00:00,2026-08-28T15:53:09.805874+00:00,3.726014998392202,APPROVED,
voltdb,503,0,2026-08-28T15:53:09.805947+00:00,2026-08-28T15:53:09.823069+00:00,17.112392000854015,APPROVED,
postgres,507,0,2026-08-28T15:53:09.823424+00:00,2026-08-28T15:53:09.826243+00:00,2.79810800566338,APPROVED,
voltdb,507,0,2026-08-28T15:53:09.826307+00:00,2026-08-28T15:53:09.841577+00:00,15.224336995743215,APPROVED,
postgres,508,0,2026-08-28T15:53:09.841787+00:00,2026-08-28T15:53:09.845565+00:00,3.7663530092686415,APPROVED,
voltdb,508,0,2026-08-28T15:53:09.845644+00:00,2026-08-28T15:53:09.860777+00:00,15.124450001167133,APPROVED,
postgres,509,1,2026-08-28T15:53:09.860880+00:00,2026-08-28T15:53:09.864962+00:00,4.072399999131449,BLOCKED,
voltdb,509,1,2026-08-28T15:53:09.865028+00:00,2026-08-28T15:53:09.884978+00:00,19.939803998568095,BLOCKED,
postgres,510,0,2026-08-28T15:53:09.885086+00:00,2026-08-28T15:53:09.888070+00:00,2.9731640097452328,APPROVED,
voltdb,510,0,2026-08-28T15:53:09.888141+00:00,2026-08-28T15:53:09.908768+00:00,20.61725899693556,APPROVED,
postgres,511,0,2026-08-28T15:53:09.908904+00:00,2026-08-28T15:53:09.913059+00:00,4.141051002079621,APPROVED,
voltdb,511,0,2026-08-28T15:53:09.913129+00:00,2026-08-28T15:53:09.927919+00:00,14.781085003050976,APPROVED,
postgres,512,0,2026-08-28T15:53:09.928019+00:00,2026-08-28T15:53:09.933450+00:00,5.421968002337962,REVIEW,
voltdb,512,0,2026-08-28T15:53:09.933518+00:00,2026-08-28T15:53:09.954664+00:00,21.137777002877556,REVIEW,
postgres,513,0,2026-08-28T15:53:09.954769+00:00,2026-08-28T15:53:09.959075+00:00,4.296457002055831,APPROVED,
voltdb,513,0,2026-08-28T15:53:09.959144+00:00,2026-08-28T15:53:09.974459+00:00,15.306187997339293,APPROVED,
postgres,514,0,2026-08-28T15:53:09.974564+00:00,2026-08-28T15:53:09.978057+00:00,3.481003994238563,APPROVED,
voltdb,514,0,2026-08-28T15:53:09.978132+00:00,2026-08-28T15:53:09.994014+00:00,15.873083990300074,APPROVED,
postgres,515,0,2026-08-28T15:53:09.994116+00:00,2026-08-28T15:53:09.999366+00:00,5.238636993453838,APPROVED,
voltdb,515,0,2026-08-28T15:53:09.999440+00:00,2026-08-28T15:53:10.017530+00:00,18.08094400621485,APPROVED,
postgres,516,0,2026-08-28T15:53:10.017627+00:00,2026-08-28T15:53:10.020952+00:00,3.316237998660654,APPROVED,
voltdb,516,0,2026-08-28T15:53:10.021021+00:00,2026-08-28T15:53:10.038189+00:00,17.157898997538723,APPROVED,
postgres,517,0,2026-08-28T15:53:10.038364+00:00,2026-08-28T15:53:10.042487+00:00,4.106702006538399,APPROVED,
voltdb,517,0,2026-08-28T15:53:10.042569+00:00,2026-08-28T15:53:10.060554+00:00,17.975520007894374,APPROVED,
postgres,518,0,2026-08-28T15:53:10.060645+00:00,2026-08-28T15:53:10.064999+00:00,4.342967004049569,APPROVED,
voltdb,518,0,2026-08-28T15:53:10.065078+00:00,2026-08-28T15:53:10.080334+00:00,15.240991997416131,APPROVED,
postgres,519,0,2026-08-28T15:53:10.080441+00:00,2026-08-28T15:53:10.083401+00:00,2.949225003249012,APPROVED,
voltdb,519,0,2026-08-28T15:53:10.083525+00:00,2026-08-28T15:53:10.101593+00:00,18.05795601103455,APPROVED,
postgres,520,0,2026-08-28T15:53:10.101691+00:00,2026-08-28T15:53:10.106612+00:00,4.908236005576327,APPROVED,
voltdb,520,0,2026-08-28T15:53:10.106689+00:00,2026-08-28T15:53:10.122773+00:00,16.07397101179231,APPROVED,
postgres,521,0,2026-08-28T15:53:10.122893+00:00,2026-08-28T15:53:10.126260+00:00,3.3538660063641146,APPROVED,
voltdb,521,0,2026-08-28T15:53:10.126329+00:00,2026-08-28T15:53:10.142796+00:00,16.45703599206172,APPROVED,
postgres,522,0,2026-08-28T15:53:10.142948+00:00,2026-08-28T15:53:10.147537+00:00,4.57111099967733,APPROVED,
voltdb,522,0,2026-08-28T15:53:10.147621+00:00,2026-08-28T15:53:10.165324+00:00,17.694262001896277,APPROVED,
postgres,523,0,2026-08-28T15:53:10.165420+00:00,2026-08-28T15:53:10.168271+00:00,2.8421610040822998,APPROVED,
voltdb,523,0,2026-08-28T15:53:10.168342+00:00,2026-08-28T15:53:10.184572+00:00,16.22048999706749,APPROVED,
postgres,524,0,2026-08-28T15:53:10.184709+00:00,2026-08-28T15:53:10.189318+00:00,4.592826997395605,APPROVED,
voltdb,524,0,2026-08-28T15:53:10.189528+00:00,2026-08-28T15:53:10.207639+00:00,18.024491000687703,APPROVED,
postgres,525,0,2026-08-28T15:53:10.207758+00:00,2026-08-28T15:53:10.212237+00:00,4.466061000130139,APPROVED,
voltdb,525,0,2026-08-28T15:53:10.212310+00:00,2026-08-28T15:53:10.228214+00:00,15.894396987278014,APPROVED,
postgres,526,1,2026-08-28T15:53:10.228469+00:00,2026-08-28T15:53:10.232596+00:00,4.114590003155172,REVIEW,
voltdb,526,1,2026-08-28T15:53:10.232661+00:00,2026-08-28T15:53:10.254884+00:00,22.213296993868425,REVIEW,
postgres,527,0,2026-08-28T15:53:10.254987+00:00,2026-08-28T15:53:10.259153+00:00,4.155506001552567,REVIEW,
voltdb,527,0,2026-08-28T15:53:10.259224+00:00,2026-08-28T15:53:10.278138+00:00,18.769861999317072,REVIEW,
postgres,528,0,2026-08-28T15:53:10.278313+00:00,2026-08-28T15:53:10.281599+00:00,3.272879999713041,BLOCKED,
voltdb,528,0,2026-08-28T15:53:10.281674+00:00,2026-08-28T15:53:10.305285+00:00,23.60143300029449,BLOCKED,
postgres,529,0,2026-08-28T15:53:10.305589+00:00,2026-08-28T15:53:10.310200+00:00,4.590083000948653,APPROVED,
voltdb,529,0,2026-08-28T15:53:10.310453+00:00,2026-08-28T15:53:10.330804+00:00,20.329897000920027,APPROVED,
postgres,530,0,2026-08-28T15:53:10.330952+00:00,2026-08-28T15:53:10.335660+00:00,4.692331000114791,APPROVED,
voltdb,530,0,2026-08-28T15:53:10.335772+00:00,2026-08-28T15:53:10.356235+00:00,20.308303006459028,APPROVED,
postgres,531,0,2026-08-28T15:53:10.356745+00:00,2026-08-28T15:53:10.360807+00:00,4.043411012389697,APPROVED,
voltdb,531,0,2026-08-28T15:53:10.360872+00:00,2026-08-28T15:53:10.375972+00:00,15.09040899691172,APPROVED,
postgres,532,0,2026-08-28T15:53:10.376081+00:00,2026-08-28T15:53:10.379674+00:00,3.580817996407859,APPROVED,
voltdb,532,0,2026-08-28T15:53:10.379739+00:00,2026-08-28T15:53:10.397499+00:00,17.751064006006345,APPROVED,
postgres,533,0,2026-08-28T15:53:10.397610+00:00,2026-08-28T15:53:10.401122+00:00,3.5012040025321767,APPROVED,
voltdb,533,0,2026-08-28T15:53:10.401205+00:00,2026-08-28T15:53:10.418200+00:00,16.984543995931745,APPROVED,
postgres,535,0,2026-08-28T15:53:10.418439+00:00,2026-08-28T15:53:10.455796+00:00,37.33938999357633,APPROVED,
voltdb,535,0,2026-08-28T15:53:10.455878+00:00,2026-08-28T15:53:10.473089+00:00,17.202054004883394,APPROVED,
postgres,536,0,2026-08-28T15:53:10.473191+00:00,2026-08-28T15:53:10.476931+00:00,3.7291040061973035,APPROVED,
voltdb,536,0,2026-08-28T15:53:10.477009+00:00,2026-08-28T15:53:10.492544+00:00,15.525005990639329,APPROVED,
postgres,538,0,2026-08-28T15:53:10.492645+00:00,2026-08-28T15:53:10.497892+00:00,5.235007003648207,APPROVED,
voltdb,538,0,2026-08-28T15:53:10.497975+00:00,2026-08-28T15:53:10.512635+00:00,14.650708995759487,APPROVED,
postgres,539,0,2026-08-28T15:53:10.512738+00:00,2026-08-28T15:53:10.534745+00:00,21.99431401095353,APPROVED,
voltdb,539,0,2026-08-28T15:53:10.534844+00:00,2026-08-28T15:53:10.553964+00:00,19.10913799656555,APPROVED,
postgres,542,0,2026-08-28T15:53:10.554091+00:00,2026-08-28T15:53:10.559289+00:00,5.18634999752976,APPROVED,
voltdb,542,0,2026-08-28T15:53:10.559368+00:00,2026-08-28T15:53:10.574144+00:00,14.764201012440026,APPROVED,
postgres,543,0,2026-08-28T15:53:10.574243+00:00,2026-08-28T15:53:10.577712+00:00,3.4569429990369827,APPROVED,
voltdb,543,0,2026-08-28T15:53:10.577795+00:00,2026-08-28T15:53:10.603310+00:00,25.50535100453999,APPROVED,
postgres,544,0,2026-08-28T15:53:10.603435+00:00,2026-08-28T15:53:10.608859+00:00,5.407917997217737,APPROVED,
voltdb,544,0,2026-08-28T15:53:10.608979+00:00,2026-08-28T15:53:10.629061+00:00,20.066719996975735,APPROVED,
postgres,545,0,2026-08-28T15:53:10.629210+00:00,2026-08-28T15:53:10.634338+00:00,5.110225989483297,APPROVED,
voltdb,545,0,2026-08-28T15:53:10.634419+00:00,2026-08-28T15:53:10.653339+00:00,18.910532002337277,APPROVED,
postgres,546,0,2026-08-28T15:53:10.653444+00:00,2026-08-28T15:53:10.658293+00:00,4.8366890114266425,APPROVED,
voltdb,546,0,2026-08-28T15:53:10.658370+00:00,2026-08-28T15:53:10.675189+00:00,16.809385997476056,APPROVED,
postgres,547,0,2026-08-28T15:53:10.675364+00:00,2026-08-28T15:53:10.680410+00:00,5.028972998843528,REVIEW,
voltdb,547,0,2026-08-28T15:53:10.680478+00:00,2026-08-28T15:53:10.700667+00:00,20.172703007119708,REVIEW,
postgres,548,0,2026-08-28T15:53:10.700786+00:00,2026-08-28T15:53:10.705097+00:00,4.290584998670965,APPROVED,
voltdb,548,0,2026-08-28T15:53:10.705174+00:00,2026-08-28T15:53:10.725660+00:00,20.47549899725709,APPROVED,
postgres,549,0,2026-08-28T15:53:10.725789+00:00,2026-08-28T15:53:10.733318+00:00,7.510347000788897,APPROVED,
voltdb,549,0,2026-08-28T15:53:10.733400+00:00,2026-08-28T15:53:10.756171+00:00,22.760716994525865,APPROVED,
postgres,550,0,2026-08-28T15:53:10.756331+00:00,2026-08-28T15:53:10.761111+00:00,4.7652619978180155,APPROVED,
voltdb,550,0,2026-08-28T15:53:10.761186+00:00,2026-08-28T15:53:10.776957+00:00,15.760741007397883,APPROVED,
postgres,551,1,2026-08-28T15:53:10.777124+00:00,2026-08-28T15:53:10.780532+00:00,3.395784995518625,BLOCKED,
voltdb,551,1,2026-08-28T15:53:10.780595+00:00,2026-08-28T15:53:10.800504+00:00,19.899843013263308,BLOCKED,
postgres,553,0,2026-08-28T15:53:10.800598+00:00,2026-08-28T15:53:10.803872+00:00,3.2632350048515946,APPROVED,
voltdb,553,0,2026-08-28T15:53:10.803959+00:00,2026-08-28T15:53:10.818754+00:00,14.785078004933894,APPROVED,
postgres,554,0,2026-08-28T15:53:10.818854+00:00,2026-08-28T15:53:10.821498+00:00,2.634983989992179,APPROVED,
voltdb,554,0,2026-08-28T15:53:10.821566+00:00,2026-08-28T15:53:10.835955+00:00,14.378951003891416,APPROVED,
postgres,555,1,2026-08-28T15:53:10.836057+00:00,2026-08-28T15:53:10.840377+00:00,4.31080799899064,BLOCKED,
voltdb,555,1,2026-08-28T15:53:10.840449+00:00,2026-08-28T15:53:10.859510+00:00,19.050051996600814,BLOCKED,
postgres,557,0,2026-08-28T15:53:10.859616+00:00,2026-08-28T15:53:10.862466+00:00,2.838246989995241,APPROVED,
voltdb,557,0,2026-08-28T15:53:10.862648+00:00,2026-08-28T15:53:10.876640+00:00,13.968989995191805,APPROVED,
postgres,560,0,2026-08-28T15:53:10.876855+00:00,2026-08-28T15:53:10.880321+00:00,3.446830000029877,APPROVED,
voltdb,560,0,2026-08-28T15:53:10.880385+00:00,2026-08-28T15:53:10.895632+00:00,15.238413005135953,APPROVED,
postgres,561,0,2026-08-28T15:53:10.895770+00:00,2026-08-28T15:53:10.899994+00:00,4.211633000522852,REVIEW,
voltdb,561,0,2026-08-28T15:53:10.900061+00:00,2026-08-28T15:53:10.917898+00:00,17.82823099347297,REVIEW,
postgres,562,0,2026-08-28T15:53:10.918029+00:00,2026-08-28T15:53:10.920754+00:00,2.7138320001540706,APPROVED,
voltdb,562,0,2026-08-28T15:53:10.920820+00:00,2026-08-28T15:53:10.935194+00:00,14.364528004080057,APPROVED,
postgres,565,0,2026-08-28T15:53:10.935552+00:00,2026-08-28T15:53:10.939179+00:00,3.6112319940002635,APPROVED,
voltdb,565,0,2026-08-28T15:53:10.939307+00:00,2026-08-28T15:53:10.954277+00:00,14.959451000322588,APPROVED,
postgres,566,0,2026-08-28T15:53:10.954418+00:00,2026-08-28T15:53:10.958636+00:00,4.204486001981422,REVIEW,
voltdb,566,0,2026-08-28T15:53:10.958717+00:00,2026-08-28T15:53:10.976771+00:00,18.043983000097796,REVIEW,
postgres,568,0,2026-08-28T15:53:10.976876+00:00,2026-08-28T15:53:10.980076+00:00,3.1886979995761067,APPROVED,
voltdb,568,0,2026-08-28T15:53:10.980142+00:00,2026-08-28T15:53:10.994878+00:00,14.726520006661303,APPROVED,
postgres,571,0,2026-08-28T15:53:10.994996+00:00,2026-08-28T15:53:10.999804+00:00,4.78907699289266,APPROVED,
voltdb,571,0,2026-08-28T15:53:10.999881+00:00,2026-08-28T15:53:11.025905+00:00,26.013225011411123,APPROVED,
postgres,572,0,2026-08-28T15:53:11.026072+00:00,2026-08-28T15:53:11.031194+00:00,5.102394992718473,APPROVED,
voltdb,572,0,2026-08-28T15:53:11.031308+00:00,2026-08-28T15:53:11.055175+00:00,23.85596401290968,APPROVED,
postgres,573,0,2026-08-28T15:53:11.055368+00:00,2026-08-28T15:53:11.060305+00:00,4.921045998344198,APPROVED,
voltdb,573,0,2026-08-28T15:53:11.060424+00:00,2026-08-28T15:53:11.078142+00:00,17.707870007143356,APPROVED,
postgres,574,0,2026-08-28T15:53:11.078429+00:00,2026-08-28T15:53:11.082596+00:00,4.1209130140487105,APPROVED,
voltdb,574,0,2026-08-28T15:53:11.082673+00:00,2026-08-28T15:53:11.100625+00:00,17.942418999155052,APPROVED,
postgres,575,0,2026-08-28T15:53:11.100755+00:00,2026-08-28T15:53:11.106847+00:00,6.0783510125475,REVIEW,
voltdb,575,0,2026-08-28T15:53:11.106924+00:00,2026-08-28T15:53:11.129766+00:00,22.83237499068491,REVIEW,
postgres,578,0,2026-08-28T15:53:11.129909+00:00,2026-08-28T15:53:11.134948+00:00,5.023667996283621,APPROVED,
voltdb,578,0,2026-08-28T15:53:11.135047+00:00,2026-08-28T15:53:11.154478+00:00,19.41896599601023,APPROVED,
postgres,579,0,2026-08-28T15:53:11.154631+00:00,2026-08-28T15:53:11.159655+00:00,5.006513005355373,APPROVED,
voltdb,579,0,2026-08-28T15:53:11.159756+00:00,2026-08-28T15:53:11.174313+00:00,14.548414997989312,APPROVED,
postgres,582,0,2026-08-28T15:53:11.174407+00:00,2026-08-28T15:53:11.177653+00:00,3.235313997720368,APPROVED,
voltdb,582,0,2026-08-28T15:53:11.177733+00:00,2026-08-28T15:53:11.192874+00:00,15.131155989365652,APPROVED,
postgres,583,0,2026-08-28T15:53:11.192983+00:00,2026-08-28T15:53:11.196599+00:00,3.603719000238925,APPROVED,
voltdb,583,0,2026-08-28T15:53:11.196701+00:00,2026-08-28T15:53:11.211993+00:00,15.278701001079753,APPROVED,
postgres,587,0,2026-08-28T15:53:11.212095+00:00,2026-08-28T15:53:11.214857+00:00,2.7524730103323236,APPROVED,
voltdb,587,0,2026-08-28T15:53:11.214923+00:00,2026-08-28T15:53:11.229445+00:00,14.51139799610246,APPROVED,
postgres,588,0,2026-08-28T15:53:11.229572+00:00,2026-08-28T15:53:11.232889+00:00,3.3018399990396574,APPROVED,
voltdb,588,0,2026-08-28T15:53:11.232955+00:00,2026-08-28T15:53:11.252160+00:00,19.19668800837826,APPROVED,
postgres,589,0,2026-08-28T15:53:11.252282+00:00,2026-08-28T15:53:11.255951+00:00,3.6586950009223074,APPROVED,
voltdb,589,0,2026-08-28T15:53:11.256022+00:00,2026-08-28T15:53:11.270969+00:00,14.937750005628914,APPROVED,
postgres,590,0,2026-08-28T15:53:11.271103+00:00,2026-08-28T15:53:11.273877+00:00,2.763144002528861,APPROVED,
voltdb,590,0,2026-08-28T15:53:11.273941+00:00,2026-08-28T15:53:11.288125+00:00,14.175244010402821,APPROVED,
postgres,591,0,2026-08-28T15:53:11.288276+00:00,2026-08-28T15:53:11.293026+00:00,4.684660001657903,APPROVED,
voltdb,591,0,2026-08-28T15:53:11.293100+00:00,2026-08-28T15:53:11.307714+00:00,14.60578000114765,APPROVED,
postgres,593,0,2026-08-28T15:53:11.307811+00:00,2026-08-28T15:53:11.311594+00:00,3.772700991248712,APPROVED,
voltdb,593,0,2026-08-28T15:53:11.311672+00:00,2026-08-28T15:53:11.325807+00:00,14.126184993074276,APPROVED,
postgres,594,0,2026-08-28T15:53:11.325914+00:00,2026-08-28T15:53:11.332698+00:00,6.772118009394035,APPROVED,
voltdb,594,0,2026-08-28T15:53:11.332804+00:00,2026-08-28T15:53:11.351080+00:00,18.265470993355848,APPROVED,
postgres,595,0,2026-08-28T15:53:11.351175+00:00,2026-08-28T15:53:11.355110+00:00,3.9265779923880473,APPROVED,
voltdb,595,0,2026-08-28T15:53:11.355176+00:00,2026-08-28T15:53:11.369159+00:00,13.973087989143096,APPROVED,
postgres,596,0,2026-08-28T15:53:11.369332+00:00,2026-08-28T15:53:11.373325+00:00,3.9731629949528724,APPROVED,
voltdb,596,0,2026-08-28T15:53:11.373391+00:00,2026-08-28T15:53:11.388190+00:00,14.789677006774582,APPROVED,
postgres,598,0,2026-08-28T15:53:11.388489+00:00,2026-08-28T15:53:11.392557+00:00,4.04362499830313,APPROVED,
voltdb,598,0,2026-08-28T15:53:11.392628+00:00,2026-08-28T15:53:11.407551+00:00,14.913407998392358,APPROVED,
postgres,599,0,2026-08-28T15:53:11.407646+00:00,2026-08-28T15:53:11.411616+00:00,3.959844005294144,APPROVED,
voltdb,599,0,2026-08-28T15:53:11.411693+00:00,2026-08-28T15:53:11.426338+00:00,14.636132997111417,APPROVED,
postgres,600,0,2026-08-28T15:53:11.426471+00:00,2026-08-28T15:53:11.430149+00:00,3.6661689955508336,APPROVED,
voltdb,600,0,2026-08-28T15:53:11.430307+00:00,2026-08-28T15:53:11.446771+00:00,16.451199000584893,APPROVED,
postgres,601,0,2026-08-28T15:53:11.446872+00:00,2026-08-28T15:53:11.450535+00:00,3.651408987934701,APPROVED,
voltdb,601,0,2026-08-28T15:53:11.450669+00:00,2026-08-28T15:53:11.466095+00:00,15.412982000270858,APPROVED,
postgres,602,0,2026-08-28T15:53:11.466192+00:00,2026-08-28T15:53:11.469532+00:00,3.329091996420175,APPROVED,
voltdb,602,0,2026-08-28T15:53:11.469615+00:00,2026-08-28T15:53:11.485980+00:00,16.35520299896598,APPROVED,
postgres,605,0,2026-08-28T15:53:11.486104+00:00,2026-08-28T15:53:11.491177+00:00,5.059959992649965,APPROVED,
voltdb,605,0,2026-08-28T15:53:11.491333+00:00,2026-08-28T15:53:11.509203+00:00,17.85930700134486,APPROVED,
postgres,606,0,2026-08-28T15:53:11.509428+00:00,2026-08-28T15:53:11.514937+00:00,5.491229996550828,APPROVED,
voltdb,606,0,2026-08-28T15:53:11.515012+00:00,2026-08-28T15:53:11.533702+00:00,18.67972699983511,APPROVED,
postgres,607,0,2026-08-28T15:53:11.533800+00:00,2026-08-28T15:53:11.538689+00:00,4.876574996160343,APPROVED,
voltdb,607,0,2026-08-28T15:53:11.538776+00:00,2026-08-28T15:53:11.561037+00:00,22.24972400290426,APPROVED,
postgres,609,0,2026-08-28T15:53:11.561184+00:00,2026-08-28T15:53:11.572298+00:00,11.098863993538544,APPROVED,
voltdb,609,0,2026-08-28T15:53:11.572406+00:00,2026-08-28T15:53:11.602611+00:00,30.192600999725983,APPROVED,
postgres,610,0,2026-08-28T15:53:11.602971+00:00,2026-08-28T15:53:11.611547+00:00,8.551065999199636,APPROVED,
voltdb,610,0,2026-08-28T15:53:11.611964+00:00,2026-08-28T15:53:11.640335+00:00,28.338428994175047,APPROVED,
postgres,611,0,2026-08-28T15:53:11.640588+00:00,2026-08-28T15:53:11.645679+00:00,5.075477994978428,APPROVED,
voltdb,611,0,2026-08-28T15:53:11.645767+00:00,2026-08-28T15:53:11.667535+00:00,21.758253991720267,APPROVED,
postgres,612,0,2026-08-28T15:53:11.667633+00:00,2026-08-28T15:53:11.672322+00:00,4.6785169979557395,APPROVED,
voltdb,612,0,2026-08-28T15:53:11.672457+00:00,2026-08-28T15:53:11.689398+00:00,16.930837999098003,APPROVED,
postgres,613,0,2026-08-28T15:53:11.689539+00:00,2026-08-28T15:53:11.695022+00:00,5.433029000414535,APPROVED,
voltdb,613,0,2026-08-28T15:53:11.695122+00:00,2026-08-28T15:53:11.712233+00:00,17.10151600127574,APPROVED,
postgres,614,0,2026-08-28T15:53:11.712378+00:00,2026-08-28T15:53:11.715247+00:00,2.8595109906746075,APPROVED,
voltdb,614,0,2026-08-28T15:53:11.715313+00:00,2026-08-28T15:53:11.729984+00:00,14.66116499796044,APPROVED,
postgres,617,0,2026-08-28T15:53:11.730258+00:00,2026-08-28T15:53:11.733665+00:00,3.3865090081235394,APPROVED,
voltdb,617,0,2026-08-28T15:53:11.733753+00:00,2026-08-28T15:53:11.754622+00:00,20.859668991761282,APPROVED,
postgres,618,0,2026-08-28T15:53:11.754736+00:00,2026-08-28T15:53:11.760119+00:00,5.36904000909999,APPROVED,
voltdb,618,0,2026-08-28T15:53:11.760199+00:00,2026-08-28T15:53:11.778626+00:00,18.417204002616927,APPROVED,
postgres,619,0,2026-08-28T15:53:11.778725+00:00,2026-08-28T15:53:11.782424+00:00,3.687691001687199,APPROVED,
voltdb,619,0,2026-08-28T15:53:11.782572+00:00,2026-08-28T15:53:11.800758+00:00,18.166941998060793,APPROVED,
postgres,620,0,2026-08-28T15:53:11.800857+00:00,2026-08-28T15:53:11.805442+00:00,4.573869999148883,APPROVED,
voltdb,620,0,2026-08-28T15:53:11.805545+00:00,2026-08-28T15:53:11.825996+00:00,20.441000000573695,APPROVED,
postgres,621,0,2026-08-28T15:53:11.826179+00:00,2026-08-28T15:53:11.830720+00:00,4.523248004261404,REVIEW,
voltdb,621,0,2026-08-28T15:53:11.830800+00:00,2026-08-28T15:53:11.855168+00:00,24.35802700347267,REVIEW,
postgres,622,0,2026-08-28T15:53:11.855262+00:00,2026-08-28T15:53:11.860238+00:00,4.965175001416355,APPROVED,
voltdb,622,0,2026-08-28T15:53:11.860415+00:00,2026-08-28T15:53:11.874577+00:00,14.153052004985511,APPROVED,
postgres,623,0,2026-08-28T15:53:11.874678+00:00,2026-08-28T15:53:11.878250+00:00,3.5596819943748415,APPROVED,
voltdb,623,0,2026-08-28T15:53:11.878297+00:00,2026-08-28T15:53:11.893992+00:00,15.687514998717234,APPROVED,
postgres,626,0,2026-08-28T15:53:11.894107+00:00,2026-08-28T15:53:11.897683+00:00,3.559370990842581,APPROVED,
voltdb,626,0,2026-08-28T15:53:11.897764+00:00,2026-08-28T15:53:11.912230+00:00,14.456606993917376,APPROVED,
postgres,629,0,2026-08-28T15:53:11.912516+00:00,2026-08-28T15:53:11.915253+00:00,2.7201400080230087,APPROVED,
voltdb,629,0,2026-08-28T15:53:11.915318+00:00,2026-08-28T15:53:11.929111+00:00,13.784654991468415,APPROVED,
postgres,630,0,2026-08-28T15:53:11.929230+00:00,2026-08-28T15:53:11.933813+00:00,4.569005992379971,APPROVED,
voltdb,630,0,2026-08-28T15:53:11.933887+00:00,2026-08-28T15:53:11.948490+00:00,14.592466002795845,APPROVED,
postgres,633,0,2026-08-28T15:53:11.948632+00:00,2026-08-28T15:53:11.952580+00:00,3.9329580031335354,APPROVED,
voltdb,633,0,2026-08-28T15:53:11.952682+00:00,2026-08-28T15:53:11.968483+00:00,15.792306992807426,APPROVED,
postgres,634,0,2026-08-28T15:53:11.968600+00:00,2026-08-28T15:53:11.974051+00:00,5.434442005935125,APPROVED,
voltdb,634,0,2026-08-28T15:53:11.974128+00:00,2026-08-28T15:53:11.992822+00:00,18.685221002670005,APPROVED,
postgres,635,0,2026-08-28T15:53:11.992969+00:00,2026-08-28T15:53:11.998230+00:00,5.24630700238049,APPROVED,
voltdb,635,0,2026-08-28T15:53:11.998478+00:00,2026-08-28T15:53:12.017997+00:00,19.501254995702766,APPROVED,
postgres,636,0,2026-08-28T15:53:12.018135+00:00,2026-08-28T15:53:12.022270+00:00,4.119489007280208,APPROVED,
voltdb,636,0,2026-08-28T15:53:12.022417+00:00,2026-08-28T15:53:12.041742+00:00,19.3125189980492,APPROVED,
postgres,637,0,2026-08-28T15:53:12.041861+00:00,2026-08-28T15:53:12.047189+00:00,5.313236993970349,APPROVED,
voltdb,637,0,2026-08-28T15:53:12.047347+00:00,2026-08-28T15:53:12.066212+00:00,18.854253998142667,APPROVED,
postgres,638,0,2026-08-28T15:53:12.066311+00:00,2026-08-28T15:53:12.071112+00:00,4.786802004673518,APPROVED,
voltdb,638,0,2026-08-28T15:53:12.071371+00:00,2026-08-28T15:53:12.088680+00:00,17.28868400095962,APPROVED,
postgres,639,0,2026-08-28T15:53:12.088786+00:00,2026-08-28T15:53:12.094036+00:00,5.238394005573355,APPROVED,
voltdb,639,0,2026-08-28T15:53:12.094111+00:00,2026-08-28T15:53:12.111169+00:00,17.048840993084013,APPROVED,
postgres,640,0,2026-08-28T15:53:12.111307+00:00,2026-08-28T15:53:12.114349+00:00,3.031928004929796,REVIEW,
voltdb,640,0,2026-08-28T15:53:12.114423+00:00,2026-08-28T15:53:12.132562+00:00,18.12939600495156,REVIEW,
postgres,641,0,2026-08-28T15:53:12.132664+00:00,2026-08-28T15:53:12.135369+00:00,2.696337003726512,APPROVED,
voltdb,641,0,2026-08-28T15:53:12.135434+00:00,2026-08-28T15:53:12.152016+00:00,16.57251300639473,APPROVED,
postgres,642,0,2026-08-28T15:53:12.152118+00:00,2026-08-28T15:53:12.154824+00:00,2.6965930010192096,APPROVED,
voltdb,642,0,2026-08-28T15:53:12.154890+00:00,2026-08-28T15:53:12.168778+00:00,13.877866993425414,APPROVED,
postgres,643,0,2026-08-28T15:53:12.168900+00:00,2026-08-28T15:53:12.173270+00:00,4.357609010185115,APPROVED,
voltdb,643,0,2026-08-28T15:53:12.173343+00:00,2026-08-28T15:53:12.188206+00:00,14.85387299908325,APPROVED,
postgres,645,0,2026-08-28T15:53:12.188507+00:00,2026-08-28T15:53:12.193250+00:00,4.725510007119738,REVIEW,
voltdb,645,0,2026-08-28T15:53:12.193321+00:00,2026-08-28T15:53:12.216222+00:00,22.8927139978623,REVIEW,
postgres,646,0,2026-08-28T15:53:12.216488+00:00,2026-08-28T15:53:12.221212+00:00,4.671539005357772,APPROVED,
voltdb,646,0,2026-08-28T15:53:12.221359+00:00,2026-08-28T15:53:12.237743+00:00,16.373909995309077,APPROVED,
postgres,647,0,2026-08-28T15:53:12.237966+00:00,2026-08-28T15:53:12.243159+00:00,5.137397994985804,APPROVED,
voltdb,647,0,2026-08-28T15:53:12.243267+00:00,2026-08-28T15:53:12.262916+00:00,19.550048004020937,APPROVED,
postgres,648,0,2026-08-28T15:53:12.263049+00:00,2026-08-28T15:53:12.268036+00:00,4.975989999365993,APPROVED,
voltdb,648,0,2026-08-28T15:53:12.268113+00:00,2026-08-28T15:53:12.282551+00:00,14.4274820049759,APPROVED,
postgres,649,0,2026-08-28T15:53:12.282688+00:00,2026-08-28T15:53:12.287253+00:00,4.553424994810484,APPROVED,
voltdb,649,0,2026-08-28T15:53:12.287341+00:00,2026-08-28T15:53:12.308479+00:00,21.129153989022598,APPROVED,
postgres,650,0,2026-08-28T15:53:12.308622+00:00,2026-08-28T15:53:12.312907+00:00,4.255808991729282,APPROVED,
voltdb,650,0,2026-08-28T15:53:12.313120+00:00,2026-08-28T15:53:12.327602+00:00,14.468738998402841,APPROVED,
postgres,651,0,2026-08-28T15:53:12.327731+00:00,2026-08-28T15:53:12.332092+00:00,4.348079004557803,APPROVED,
voltdb,651,0,2026-08-28T15:53:12.332172+00:00,2026-08-28T15:53:12.348206+00:00,16.025450997403823,APPROVED,
postgres,653,0,2026-08-28T15:53:12.348561+00:00,2026-08-28T15:53:12.352882+00:00,4.3025490012951195,APPROVED,
voltdb,653,0,2026-08-28T15:53:12.352960+00:00,2026-08-28T15:53:12.367709+00:00,14.740252008778043,APPROVED,
postgres,658,0,2026-08-28T15:53:12.367806+00:00,2026-08-28T15:53:12.372064+00:00,4.24673299130518,APPROVED,
voltdb,658,0,2026-08-28T15:53:12.372148+00:00,2026-08-28T15:53:12.388137+00:00,15.979479008819908,APPROVED,
postgres,659,1,2026-08-28T15:53:12.388307+00:00,2026-08-28T15:53:12.394159+00:00,5.832341004861519,REVIEW,
voltdb,659,1,2026-08-28T15:53:12.394289+00:00,2026-08-28T15:53:12.415616+00:00,21.317360005923547,REVIEW,
postgres,660,0,2026-08-28T15:53:12.415716+00:00,2026-08-28T15:53:12.419080+00:00,3.353173000505194,APPROVED,
voltdb,660,0,2026-08-28T15:53:12.419158+00:00,2026-08-28T15:53:12.435832+00:00,16.66494800883811,APPROVED,
postgres,661,0,2026-08-28T15:53:12.435931+00:00,2026-08-28T15:53:12.441005+00:00,5.061538991867565,APPROVED,
voltdb,661,0,2026-08-28T15:53:12.441081+00:00,2026-08-28T15:53:12.456129+00:00,15.037801989819854,APPROVED,
postgres,662,0,2026-08-28T15:53:12.456251+00:00,2026-08-28T15:53:12.460077+00:00,3.813590999925509,APPROVED,
voltdb,662,0,2026-08-28T15:53:12.460146+00:00,2026-08-28T15:53:12.474740+00:00,14.584721007850021,APPROVED,
postgres,663,0,2026-08-28T15:53:12.474860+00:00,2026-08-28T15:53:12.478580+00:00,3.709067008458078,APPROVED,
voltdb,663,0,2026-08-28T15:53:12.478672+00:00,2026-08-28T15:53:12.496713+00:00,18.031860992778093,APPROVED,
postgres,664,0,2026-08-28T15:53:12.496855+00:00,2026-08-28T15:53:12.501870+00:00,5.0016180030070245,APPROVED,
voltdb,664,0,2026-08-28T15:53:12.501943+00:00,2026-08-28T15:53:12.516749+00:00,14.797573996474966,APPROVED,
postgres,665,0,2026-08-28T15:53:12.516918+00:00,2026-08-28T15:53:12.521113+00:00,4.180935997283086,APPROVED,
voltdb,665,0,2026-08-28T15:53:12.521181+00:00,2026-08-28T15:53:12.535860+00:00,14.667234005173668,APPROVED,
postgres,666,0,2026-08-28T15:53:12.536078+00:00,2026-08-28T15:53:12.540347+00:00,4.240858994307928,APPROVED,
voltdb,666,0,2026-08-28T15:53:12.540419+00:00,2026-08-28T15:53:12.559914+00:00,19.485922995954752,APPROVED,
postgres,667,0,2026-08-28T15:53:12.560038+00:00,2026-08-28T15:53:12.563155+00:00,3.103911003563553,APPROVED,
voltdb,667,0,2026-08-28T15:53:12.563297+00:00,2026-08-28T15:53:12.577957+00:00,14.649026998085901,APPROVED,
postgres,668,0,2026-08-28T15:53:12.578089+00:00,2026-08-28T15:53:12.580961+00:00,2.8612099995370954,APPROVED,
voltdb,668,0,2026-08-28T15:53:12.581025+00:00,2026-08-28T15:53:12.602923+00:00,21.889477007789537,APPROVED,
postgres,669,0,2026-08-28T15:53:12.603067+00:00,2026-08-28T15:53:12.607761+00:00,4.679638994275592,APPROVED,
voltdb,669,0,2026-08-28T15:53:12.607840+00:00,2026-08-28T15:53:12.630869+00:00,23.019118001684546,APPROVED,
postgres,670,0,2026-08-28T15:53:12.631060+00:00,2026-08-28T15:53:12.635121+00:00,4.037099992274307,APPROVED,
voltdb,670,0,2026-08-28T15:53:12.635286+00:00,2026-08-28T15:53:12.653842+00:00,18.54176000051666,APPROVED,
postgres,671,0,2026-08-28T15:53:12.653978+00:00,2026-08-28T15:53:12.678165+00:00,24.172417994122952,APPROVED,
voltdb,671,0,2026-08-28T15:53:12.678296+00:00,2026-08-28T15:53:12.700790+00:00,22.39809300226625,APPROVED,
postgres,673,0,2026-08-28T15:53:12.700885+00:00,2026-08-28T15:53:12.706492+00:00,5.593030000454746,APPROVED,
voltdb,673,0,2026-08-28T15:53:12.706699+00:00,2026-08-28T15:53:12.724273+00:00,17.553110999870114,APPROVED,
postgres,674,0,2026-08-28T15:53:12.724644+00:00,2026-08-28T15:53:12.728255+00:00,3.5825889935949817,APPROVED,
voltdb,674,0,2026-08-28T15:53:12.728354+00:00,2026-08-28T15:53:12.750495+00:00,22.12818899715785,APPROVED,
postgres,675,0,2026-08-28T15:53:12.750629+00:00,2026-08-28T15:53:12.755301+00:00,4.567415991914459,APPROVED,
voltdb,675,0,2026-08-28T15:53:12.755401+00:00,2026-08-28T15:53:12.774895+00:00,19.484684002236463,APPROVED,
postgres,676,0,2026-08-28T15:53:12.775036+00:00,2026-08-28T15:53:12.778634+00:00,3.5840089985867962,APPROVED,
voltdb,676,0,2026-08-28T15:53:12.778711+00:00,2026-08-28T15:53:12.795192+00:00,16.470589995151386,APPROVED,
postgres,678,0,2026-08-28T15:53:12.795413+00:00,2026-08-28T15:53:12.800421+00:00,4.991218986106105,APPROVED,
voltdb,678,0,2026-08-28T15:53:12.800553+00:00,2026-08-28T15:53:12.815349+00:00,14.785400999244303,APPROVED,
postgres,680,0,2026-08-28T15:53:12.815446+00:00,2026-08-28T15:53:12.818711+00:00,3.2537509978283197,APPROVED,
voltdb,680,0,2026-08-28T15:53:12.818786+00:00,2026-08-28T15:53:12.832731+00:00,13.929291002568789,APPROVED,
postgres,681,0,2026-08-28T15:53:12.832930+00:00,2026-08-28T15:53:12.836118+00:00,3.1715939985588193,APPROVED,
voltdb,681,0,2026-08-28T15:53:12.836186+00:00,2026-08-28T15:53:12.858291+00:00,22.095847001764923,APPROVED,
postgres,682,0,2026-08-28T15:53:12.858521+00:00,2026-08-28T15:53:12.862270+00:00,3.735000005690381,APPROVED,
voltdb,682,0,2026-08-28T15:53:12.862335+00:00,2026-08-28T15:53:12.876901+00:00,14.554879991919734,APPROVED,
postgres,683,0,2026-08-28T15:53:12.877123+00:00,2026-08-28T15:53:12.880641+00:00,3.500830993289128,APPROVED,
voltdb,683,0,2026-08-28T15:53:12.880715+00:00,2026-08-28T15:53:12.900600+00:00,19.875654004863463,APPROVED,
postgres,685,1,2026-08-28T15:53:12.900695+00:00,2026-08-28T15:53:12.906117+00:00,5.410894998931326,BLOCKED,
voltdb,685,1,2026-08-28T15:53:12.906203+00:00,2026-08-28T15:53:12.924256+00:00,18.030482999165542,BLOCKED,
postgres,686,0,2026-08-28T15:53:12.924568+00:00,2026-08-28T15:53:12.927570+00:00,2.9873059975216165,APPROVED,
voltdb,686,0,2026-08-28T15:53:12.927642+00:00,2026-08-28T15:53:12.942958+00:00,15.30644900049083,APPROVED,
postgres,687,0,2026-08-28T15:53:12.943074+00:00,2026-08-28T15:53:12.947565+00:00,4.479114999412559,APPROVED,
voltdb,687,0,2026-08-28T15:53:12.947649+00:00,2026-08-28T15:53:12.962562+00:00,14.904462004778907,APPROVED,
postgres,688,0,2026-08-28T15:53:12.962765+00:00,2026-08-28T15:53:12.965802+00:00,3.022099001100287,APPROVED,
voltdb,688,0,2026-08-28T15:53:12.965873+00:00,2026-08-28T15:53:12.980239+00:00,14.35695998952724,APPROVED,
postgres,689,0,2026-08-28T15:53:12.980447+00:00,2026-08-28T15:53:12.983435+00:00,2.9747170046903193,APPROVED,
voltdb,689,0,2026-08-28T15:53:12.983518+00:00,2026-08-28T15:53:12.999565+00:00,16.037154011428356,APPROVED,
postgres,691,0,2026-08-28T15:53:12.999668+00:00,2026-08-28T15:53:13.002592+00:00,2.91460299922619,APPROVED,
voltdb,691,0,2026-08-28T15:53:13.002661+00:00,2026-08-28T15:53:13.016887+00:00,14.217048010323197,APPROVED,
postgres,692,0,2026-08-28T15:53:13.017000+00:00,2026-08-28T15:53:13.020260+00:00,3.244218009058386,APPROVED,
voltdb,692,0,2026-08-28T15:53:13.020331+00:00,2026-08-28T15:53:13.040241+00:00,19.90003300306853,APPROVED,
postgres,693,0,2026-08-28T15:53:13.040471+00:00,2026-08-28T15:53:13.043518+00:00,3.026300997589715,APPROVED,
voltdb,693,0,2026-08-28T15:53:13.043590+00:00,2026-08-28T15:53:13.058936+00:00,15.336646989453584,APPROVED,
postgres,695,0,2026-08-28T15:53:13.059038+00:00,2026-08-28T15:53:13.061623+00:00,2.5757560069905594,APPROVED,
voltdb,695,0,2026-08-28T15:53:13.061689+00:00,2026-08-28T15:53:13.076146+00:00,14.44714399985969,APPROVED,
postgres,696,0,2026-08-28T15:53:13.076427+00:00,2026-08-28T15:53:13.080305+00:00,3.8599700055783615,APPROVED,
voltdb,696,0,2026-08-28T15:53:13.080393+00:00,2026-08-28T15:53:13.095643+00:00,15.24115000211168,APPROVED,
postgres,697,0,2026-08-28T15:53:13.095768+00:00,2026-08-28T15:53:13.100542+00:00,4.762922995723784,REVIEW,
voltdb,697,0,2026-08-28T15:53:13.100610+00:00,2026-08-28T15:53:13.118800+00:00,18.181685998570174,REVIEW,
postgres,698,0,2026-08-28T15:53:13.118905+00:00,2026-08-28T15:53:13.121609+00:00,2.694328999496065,APPROVED,
voltdb,698,0,2026-08-28T15:53:13.121677+00:00,2026-08-28T15:53:13.136465+00:00,14.778406999539584,APPROVED,
postgres,700,0,2026-08-28T15:53:13.136644+00:00,2026-08-28T15:53:13.140927+00:00,4.267287004040554,REVIEW,
voltdb,700,0,2026-08-28T15:53:13.141001+00:00,2026-08-28T15:53:13.160644+00:00,19.633824005723,REVIEW,
postgres,701,0,2026-08-28T15:53:13.160759+00:00,2026-08-28T15:53:13.163665+00:00,2.895047000492923,APPROVED,
voltdb,701,0,2026-08-28T15:53:13.163738+00:00,2026-08-28T15:53:13.178048+00:00,14.299927002866752,APPROVED,
postgres,704,0,2026-08-28T15:53:13.178173+00:00,2026-08-28T15:53:13.181076+00:00,2.8904229984618723,APPROVED,
voltdb,704,0,2026-08-28T15:53:13.181140+00:00,2026-08-28T15:53:13.196081+00:00,14.932260994100943,APPROVED,
postgres,705,0,2026-08-28T15:53:13.196184+00:00,2026-08-28T15:53:13.200899+00:00,4.701949001173489,APPROVED,
voltdb,705,0,2026-08-28T15:53:13.200979+00:00,2026-08-28T15:53:13.214877+00:00,13.888350003981031,APPROVED,
postgres,706,0,2026-08-28T15:53:13.214979+00:00,2026-08-28T15:53:13.218187+00:00,3.197084995917976,APPROVED,
voltdb,706,0,2026-08-28T15:53:13.218324+00:00,2026-08-28T15:53:13.232432+00:00,14.09772300394252,APPROVED,
postgres,707,0,2026-08-28T15:53:13.232537+00:00,2026-08-28T15:53:13.235725+00:00,3.177077989676036,APPROVED,
voltdb,707,0,2026-08-28T15:53:13.235794+00:00,2026-08-28T15:53:13.253652+00:00,17.84845998918172,APPROVED,
postgres,709,0,2026-08-28T15:53:13.253776+00:00,2026-08-28T15:53:13.256966+00:00,3.1774389935890213,APPROVED,
voltdb,709,0,2026-08-28T15:53:13.257047+00:00,2026-08-28T15:53:13.271534+00:00,14.478137993137352,APPROVED,
postgres,710,0,2026-08-28T15:53:13.271665+00:00,2026-08-28T15:53:13.274587+00:00,2.9104850109433755,APPROVED,
voltdb,710,0,2026-08-28T15:53:13.274649+00:00,2026-08-28T15:53:13.289793+00:00,15.133811000850983,APPROVED,
postgres,711,0,2026-08-28T15:53:13.289928+00:00,2026-08-28T15:53:13.295309+00:00,5.360252005630173,APPROVED,
voltdb,711,0,2026-08-28T15:53:13.295400+00:00,2026-08-28T15:53:13.313962+00:00,18.550417007645592,APPROVED,
postgres,712,0,2026-08-28T15:53:13.314056+00:00,2026-08-28T15:53:13.317943+00:00,3.8754980050725862,APPROVED,
voltdb,712,0,2026-08-28T15:53:13.318059+00:00,2026-08-28T15:53:13.331851+00:00,13.776424995739944,APPROVED,
postgres,713,0,2026-08-28T15:53:13.332004+00:00,2026-08-28T15:53:13.335124+00:00,3.100957997958176,REVIEW,
voltdb,713,0,2026-08-28T15:53:13.335188+00:00,2026-08-28T15:53:13.354567+00:00,19.37002199701965,REVIEW,
postgres,714,0,2026-08-28T15:53:13.354674+00:00,2026-08-28T15:53:13.358498+00:00,3.8076950004324317,APPROVED,
voltdb,714,0,2026-08-28T15:53:13.358577+00:00,2026-08-28T15:53:13.372816+00:00,14.230197004508227,APPROVED,
postgres,715,0,2026-08-28T15:53:13.372913+00:00,2026-08-28T15:53:13.375725+00:00,2.8031590045429766,APPROVED,
voltdb,715,0,2026-08-28T15:53:13.375791+00:00,2026-08-28T15:53:13.393854+00:00,18.053645006148145,APPROVED,
postgres,716,0,2026-08-28T15:53:13.393961+00:00,2026-08-28T15:53:13.398456+00:00,4.47900898871012,APPROVED,
voltdb,716,0,2026-08-28T15:53:13.398627+00:00,2026-08-28T15:53:13.414531+00:00,15.880266000749543,APPROVED,
postgres,717,0,2026-08-28T15:53:13.414643+00:00,2026-08-28T15:53:13.418521+00:00,3.8620419945800677,APPROVED,
voltdb,717,0,2026-08-28T15:53:13.418602+00:00,2026-08-28T15:53:13.433522+00:00,14.909664998413064,APPROVED,
postgres,718,0,2026-08-28T15:53:13.433628+00:00,2026-08-28T15:53:13.438689+00:00,5.048726001405157,APPROVED,
voltdb,718,0,2026-08-28T15:53:13.438779+00:00,2026-08-28T15:53:13.454198+00:00,15.408909996040165,APPROVED,
postgres,719,0,2026-08-28T15:53:13.454314+00:00,2026-08-28T15:53:13.457672+00:00,3.3441810082877055,APPROVED,
voltdb,719,0,2026-08-28T15:53:13.457879+00:00,2026-08-28T15:53:13.473368+00:00,15.434918997925706,APPROVED,
postgres,720,0,2026-08-28T15:53:13.473472+00:00,2026-08-28T15:53:13.476364+00:00,2.8781940054614097,APPROVED,
voltdb,720,0,2026-08-28T15:53:13.476600+00:00,2026-08-28T15:53:13.506665+00:00,30.049819994019344,APPROVED,
postgres,721,0,2026-08-28T15:53:13.506782+00:00,2026-08-28T15:53:13.511353+00:00,4.556396001134999,APPROVED,
voltdb,721,0,2026-08-28T15:53:13.511650+00:00,2026-08-28T15:53:13.533561+00:00,21.89185300085228,APPROVED,
postgres,723,0,2026-08-28T15:53:13.533658+00:00,2026-08-28T15:53:13.538627+00:00,4.95624600443989,APPROVED,
voltdb,723,0,2026-08-28T15:53:13.538713+00:00,2026-08-28T15:53:13.558100+00:00,19.37674099463038,APPROVED,
postgres,724,0,2026-08-28T15:53:13.558517+00:00,2026-08-28T15:53:13.563530+00:00,4.987881999113597,APPROVED,
voltdb,724,0,2026-08-28T15:53:13.563612+00:00,2026-08-28T15:53:13.583055+00:00,19.433806010056287,APPROVED,
postgres,725,0,2026-08-28T15:53:13.583149+00:00,2026-08-28T15:53:13.588166+00:00,5.005836006603204,APPROVED,
voltdb,725,0,2026-08-28T15:53:13.588301+00:00,2026-08-28T15:53:13.608751+00:00,20.44086900423281,APPROVED,
postgres,727,0,2026-08-28T15:53:13.608885+00:00,2026-08-28T15:53:13.614786+00:00,5.884636004338972,APPROVED,
voltdb,727,0,2026-08-28T15:53:13.614861+00:00,2026-08-28T15:53:13.634252+00:00,19.381677004275844,APPROVED,
postgres,728,0,2026-08-28T15:53:13.634418+00:00,2026-08-28T15:53:13.642785+00:00,8.352224991540425,APPROVED,
voltdb,728,0,2026-08-28T15:53:13.642867+00:00,2026-08-28T15:53:13.666110+00:00,23.232820007251576,APPROVED,
postgres,729,0,2026-08-28T15:53:13.666390+00:00,2026-08-28T15:53:13.672668+00:00,6.261414004256949,APPROVED,
voltdb,729,0,2026-08-28T15:53:13.672782+00:00,2026-08-28T15:53:13.708871+00:00,36.07400399050675,APPROVED,
postgres,730,0,2026-08-28T15:53:13.708998+00:00,2026-08-28T15:53:13.714158+00:00,5.142335008713417,APPROVED,
voltdb,730,0,2026-08-28T15:53:13.714419+00:00,2026-08-28T15:53:13.737741+00:00,23.2929149933625,APPROVED,
postgres,732,0,2026-08-28T15:53:13.738094+00:00,2026-08-28T15:53:13.743128+00:00,5.011279004975222,APPROVED,
voltdb,732,0,2026-08-28T15:53:13.743421+00:00,2026-08-28T15:53:13.764207+00:00,20.76172899978701,APPROVED,
postgres,733,0,2026-08-28T15:53:13.764423+00:00,2026-08-28T15:53:13.769262+00:00,4.824432005989365,APPROVED,
voltdb,733,0,2026-08-28T15:53:13.769344+00:00,2026-08-28T15:53:13.790983+00:00,21.62791400041897,APPROVED,
postgres,734,0,2026-08-28T15:53:13.791121+00:00,2026-08-28T15:53:13.796765+00:00,5.6269979977514595,APPROVED,
voltdb,734,0,2026-08-28T15:53:13.796985+00:00,2026-08-28T15:53:13.820627+00:00,23.62031801021658,APPROVED,
postgres,735,0,2026-08-28T15:53:13.820750+00:00,2026-08-28T15:53:13.825398+00:00,4.63567599945236,APPROVED,
voltdb,735,0,2026-08-28T15:53:13.825485+00:00,2026-08-28T15:53:13.844139+00:00,18.63958600733895,APPROVED,
postgres,736,0,2026-08-28T15:53:13.844347+00:00,2026-08-28T15:53:13.850451+00:00,6.087546003982425,APPROVED,
voltdb,736,0,2026-08-28T15:53:13.850576+00:00,2026-08-28T15:53:13.872701+00:00,22.109236000687815,APPROVED,
postgres,737,0,2026-08-28T15:53:13.872801+00:00,2026-08-28T15:53:13.888712+00:00,15.898937999736518,APPROVED,
voltdb,737,0,2026-08-28T15:53:13.888830+00:00,2026-08-28T15:53:13.908349+00:00,19.50596300594043,APPROVED,
postgres,738,0,2026-08-28T15:53:13.908556+00:00,2026-08-28T15:53:13.912931+00:00,4.358285994385369,APPROVED,
voltdb,738,0,2026-08-28T15:53:13.913007+00:00,2026-08-28T15:53:13.926728+00:00,13.711842999327928,APPROVED,
postgres,739,0,2026-08-28T15:53:13.926842+00:00,2026-08-28T15:53:13.930234+00:00,3.381053000339307,REVIEW,
voltdb,739,0,2026-08-28T15:53:13.930318+00:00,2026-08-28T15:53:13.949505+00:00,19.177269990905188,REVIEW,
postgres,740,0,2026-08-28T15:53:13.949623+00:00,2026-08-28T15:53:13.953866+00:00,4.22696401074063,APPROVED,
voltdb,740,0,2026-08-28T15:53:13.953940+00:00,2026-08-28T15:53:13.968832+00:00,14.880732996971346,APPROVED,
postgres,741,0,2026-08-28T15:53:13.968965+00:00,2026-08-28T15:53:13.973389+00:00,4.404432998853736,APPROVED,
voltdb,741,0,2026-08-28T15:53:13.973477+00:00,2026-08-28T15:53:13.989622+00:00,16.134859004523605,APPROVED,
postgres,743,0,2026-08-28T15:53:13.989784+00:00,2026-08-28T15:53:13.994652+00:00,4.853726000874303,APPROVED,
voltdb,743,0,2026-08-28T15:53:13.994731+00:00,2026-08-28T15:53:14.013689+00:00,18.94891400297638,APPROVED,
postgres,746,0,2026-08-28T15:53:14.013784+00:00,2026-08-28T15:53:14.018815+00:00,5.0197600066894665,APPROVED,
voltdb,746,0,2026-08-28T15:53:14.018901+00:00,2026-08-28T15:53:14.035920+00:00,17.009829010930844,APPROVED,
postgres,747,0,2026-08-28T15:53:14.036044+00:00,2026-08-28T15:53:14.041061+00:00,5.001117999199778,APPROVED,
voltdb,747,0,2026-08-28T15:53:14.041146+00:00,2026-08-28T15:53:14.060940+00:00,19.78515399969183,APPROVED,
postgres,749,0,2026-08-28T15:53:14.061033+00:00,2026-08-28T15:53:14.065436+00:00,4.347983005573042,APPROVED,
voltdb,749,0,2026-08-28T15:53:14.065540+00:00,2026-08-28T15:53:14.082557+00:00,17.00472499942407,APPROVED,
postgres,750,0,2026-08-28T15:53:14.082662+00:00,2026-08-28T15:53:14.088082+00:00,5.408227996667847,APPROVED,
voltdb,750,0,2026-08-28T15:53:14.088162+00:00,2026-08-28T15:53:14.108510+00:00,20.333406995632686,APPROVED,
postgres,753,0,2026-08-28T15:53:14.108647+00:00,2026-08-28T15:53:14.115523+00:00,6.861150002805516,REVIEW,
voltdb,753,0,2026-08-28T15:53:14.115604+00:00,2026-08-28T15:53:14.141514+00:00,25.900321998051368,REVIEW,
postgres,754,0,2026-08-28T15:53:14.141624+00:00,2026-08-28T15:53:14.148627+00:00,6.991271991864778,APPROVED,
voltdb,754,0,2026-08-28T15:53:14.148734+00:00,2026-08-28T15:53:14.166937+00:00,18.162021995522082,APPROVED,
postgres,755,0,2026-08-28T15:53:14.167104+00:00,2026-08-28T15:53:14.171575+00:00,4.455936999875121,APPROVED,
voltdb,755,0,2026-08-28T15:53:14.171715+00:00,2026-08-28T15:53:14.190796+00:00,19.06546499230899,APPROVED,
postgres,758,0,2026-08-28T15:53:14.190929+00:00,2026-08-28T15:53:14.195885+00:00,4.93991699477192,APPROVED,
voltdb,758,0,2026-08-28T15:53:14.195970+00:00,2026-08-28T15:53:14.214402+00:00,18.421654007397592,APPROVED,
postgres,759,0,2026-08-28T15:53:14.214515+00:00,2026-08-28T15:53:14.219187+00:00,4.658163990825415,APPROVED,
voltdb,759,0,2026-08-28T15:53:14.219431+00:00,2026-08-28T15:53:14.238059+00:00,18.611598992720246,APPROVED,
postgres,760,0,2026-08-28T15:53:14.238334+00:00,2026-08-28T15:53:14.243981+00:00,5.6275230017490685,APPROVED,
voltdb,760,0,2026-08-28T15:53:14.244078+00:00,2026-08-28T15:53:14.263511+00:00,19.416519004153088,APPROVED,
postgres,761,0,2026-08-28T15:53:14.263696+00:00,2026-08-28T15:53:14.268903+00:00,5.187721995753236,APPROVED,
voltdb,761,0,2026-08-28T15:53:14.268985+00:00,2026-08-28T15:53:14.287132+00:00,18.13734500319697,APPROVED,
postgres,762,0,2026-08-28T15:53:14.287396+00:00,2026-08-28T15:53:14.293184+00:00,5.770067989942618,APPROVED,
voltdb,762,0,2026-08-28T15:53:14.293348+00:00,2026-08-28T15:53:14.312057+00:00,18.696592000196688,APPROVED,
postgres,763,0,2026-08-28T15:53:14.312168+00:00,2026-08-28T15:53:14.315427+00:00,3.245339001296088,APPROVED,
voltdb,763,0,2026-08-28T15:53:14.315504+00:00,2026-08-28T15:53:14.330580+00:00,15.064962004544213,APPROVED,
postgres,764,0,2026-08-28T15:53:14.330823+00:00,2026-08-28T15:53:14.336006+00:00,5.161458000657149,APPROVED,
voltdb,764,0,2026-08-28T15:53:14.336096+00:00,2026-08-28T15:53:14.354629+00:00,18.52336199954152,APPROVED,
postgres,765,0,2026-08-28T15:53:14.354732+00:00,2026-08-28T15:53:14.359756+00:00,5.007031009881757,APPROVED,
voltdb,765,0,2026-08-28T15:53:14.359838+00:00,2026-08-28T15:53:14.376955+00:00,17.1080139989499,APPROVED,
postgres,766,0,2026-08-28T15:53:14.377161+00:00,2026-08-28T15:53:14.382917+00:00,5.739205007557757,APPROVED,
voltdb,766,0,2026-08-28T15:53:14.383016+00:00,2026-08-28T15:53:14.403740+00:00,20.70751199789811,APPROVED,
postgres,767,0,2026-08-28T15:53:14.403889+00:00,2026-08-28T15:53:14.408342+00:00,4.436233008163981,APPROVED,
voltdb,767,0,2026-08-28T15:53:14.408475+00:00,2026-08-28T15:53:14.427165+00:00,18.677236992516555,APPROVED,
postgres,769,0,2026-08-28T15:53:14.427264+00:00,2026-08-28T15:53:14.431507+00:00,4.231021986925043,APPROVED,
voltdb,769,0,2026-08-28T15:53:14.431654+00:00,2026-08-28T15:53:14.450893+00:00,19.21340700937435,APPROVED,
postgres,770,0,2026-08-28T15:53:14.451144+00:00,2026-08-28T15:53:14.456136+00:00,4.974165000021458,APPROVED,
voltdb,770,0,2026-08-28T15:53:14.456212+00:00,2026-08-28T15:53:14.470440+00:00,14.219233999028802,APPROVED,
postgres,772,0,2026-08-28T15:53:14.470559+00:00,2026-08-28T15:53:14.473937+00:00,3.367130004335195,APPROVED,
voltdb,772,0,2026-08-28T15:53:14.474005+00:00,2026-08-28T15:53:14.487827+00:00,13.813077996019274,APPROVED,
postgres,773,0,2026-08-28T15:53:14.487930+00:00,2026-08-28T15:53:14.491542+00:00,3.5994169884361327,APPROVED,
voltdb,773,0,2026-08-28T15:53:14.491633+00:00,2026-08-28T15:53:14.505623+00:00,13.9805869985139,APPROVED,
postgres,774,0,2026-08-28T15:53:14.505729+00:00,2026-08-28T15:53:14.508418+00:00,2.675790005014278,APPROVED,
voltdb,774,0,2026-08-28T15:53:14.508519+00:00,2026-08-28T15:53:14.522592+00:00,14.060974994208664,APPROVED,
postgres,775,0,2026-08-28T15:53:14.522755+00:00,2026-08-28T15:53:14.526478+00:00,3.7067819939693436,APPROVED,
voltdb,775,0,2026-08-28T15:53:14.526547+00:00,2026-08-28T15:53:14.540794+00:00,14.237955998396501,APPROVED,
postgres,776,0,2026-08-28T15:53:14.540898+00:00,2026-08-28T15:53:14.543587+00:00,2.679397992324084,APPROVED,
voltdb,776,0,2026-08-28T15:53:14.543696+00:00,2026-08-28T15:53:14.557749+00:00,14.037033004569821,APPROVED,
postgres,778,0,2026-08-28T15:53:14.557909+00:00,2026-08-28T15:53:14.561663+00:00,3.7396359984995797,APPROVED,
voltdb,778,0,2026-08-28T15:53:14.561736+00:00,2026-08-28T15:53:14.575223+00:00,13.478423992637545,APPROVED,
postgres,779,0,2026-08-28T15:53:14.575347+00:00,2026-08-28T15:53:14.578611+00:00,3.254070004913956,APPROVED,
voltdb,779,0,2026-08-28T15:53:14.578707+00:00,2026-08-28T15:53:14.592565+00:00,13.798120999126695,APPROVED,
postgres,781,0,2026-08-28T15:53:14.592703+00:00,2026-08-28T15:53:14.595419+00:00,2.706036000745371,APPROVED,
voltdb,781,0,2026-08-28T15:53:14.595483+00:00,2026-08-28T15:53:14.609788+00:00,14.295943998149596,APPROVED,
postgres,782,0,2026-08-28T15:53:14.609908+00:00,2026-08-28T15:53:14.613856+00:00,3.9344639953924343,APPROVED,
voltdb,782,0,2026-08-28T15:53:14.613927+00:00,2026-08-28T15:53:14.629147+00:00,15.210423996904865,APPROVED,
postgres,783,0,2026-08-28T15:53:14.629262+00:00,2026-08-28T15:53:14.632768+00:00,3.4902629995485768,APPROVED,
voltdb,783,0,2026-08-28T15:53:14.632842+00:00,2026-08-28T15:53:14.646584+00:00,13.732665000134148,APPROVED,
postgres,784,0,2026-08-28T15:53:14.646695+00:00,2026-08-28T15:53:14.649433+00:00,2.7272050065221265,APPROVED,
voltdb,784,0,2026-08-28T15:53:14.649509+00:00,2026-08-28T15:53:14.663717+00:00,14.198210003087297,APPROVED,
postgres,785,1,2026-08-28T15:53:14.663815+00:00,2026-08-28T15:53:14.668102+00:00,4.277311993064359,BLOCKED,
voltdb,785,1,2026-08-28T15:53:14.668171+00:00,2026-08-28T15:53:14.687593+00:00,19.412256006035022,BLOCKED,
postgres,788,0,2026-08-28T15:53:14.687709+00:00,2026-08-28T15:53:14.692124+00:00,4.402132006362081,REVIEW,
voltdb,788,0,2026-08-28T15:53:14.692355+00:00,2026-08-28T15:53:14.711051+00:00,18.682545007322915,REVIEW,
postgres,789,0,2026-08-28T15:53:14.711152+00:00,2026-08-28T15:53:14.715923+00:00,4.701969010056928,APPROVED,
voltdb,789,0,2026-08-28T15:53:14.715996+00:00,2026-08-28T15:53:14.731345+00:00,15.334948999225162,APPROVED,
postgres,791,0,2026-08-28T15:53:14.731650+00:00,2026-08-28T15:53:14.734992+00:00,3.320151998195797,APPROVED,
voltdb,791,0,2026-08-28T15:53:14.735065+00:00,2026-08-28T15:53:14.752262+00:00,17.18732299923431,APPROVED,
postgres,792,0,2026-08-28T15:53:14.752429+00:00,2026-08-28T15:53:14.755925+00:00,3.4807650081347674,APPROVED,
voltdb,792,0,2026-08-28T15:53:14.755998+00:00,2026-08-28T15:53:14.773267+00:00,17.259483007364906,APPROVED,
postgres,793,0,2026-08-28T15:53:14.773533+00:00,2026-08-28T15:53:14.777103+00:00,3.5580739931901917,APPROVED,
voltdb,793,0,2026-08-28T15:53:14.777193+00:00,2026-08-28T15:53:14.790817+00:00,13.613653005450033,APPROVED,
postgres,795,0,2026-08-28T15:53:14.790936+00:00,2026-08-28T15:53:14.794523+00:00,3.573196998331696,APPROVED,
voltdb,795,0,2026-08-28T15:53:14.794591+00:00,2026-08-28T15:53:14.809014+00:00,14.411035008379258,APPROVED,
postgres,797,0,2026-08-28T15:53:14.809170+00:00,2026-08-28T15:53:14.813772+00:00,4.586312003084458,APPROVED,
voltdb,797,0,2026-08-28T15:53:14.813864+00:00,2026-08-28T15:53:14.830101+00:00,16.192730006878264,APPROVED,
postgres,798,0,2026-08-28T15:53:14.830504+00:00,2026-08-28T15:53:14.834834+00:00,4.315512996981852,APPROVED,
voltdb,798,0,2026-08-28T15:53:14.834935+00:00,2026-08-28T15:53:14.852433+00:00,17.474724998464808,APPROVED,
postgres,799,0,2026-08-28T15:53:14.852663+00:00,2026-08-28T15:53:14.857314+00:00,4.634619996068068,APPROVED,
voltdb,799,0,2026-08-28T15:53:14.857374+00:00,2026-08-28T15:53:14.876068+00:00,18.68507100152783,APPROVED,
postgres,801,0,2026-08-28T15:53:14.876167+00:00,2026-08-28T15:53:14.881571+00:00,5.390651000197977,APPROVED,
voltdb,801,0,2026-08-28T15:53:14.881662+00:00,2026-08-28T15:53:14.900282+00:00,18.61029399151448,APPROVED,
postgres,803,0,2026-08-28T15:53:14.900487+00:00,2026-08-28T15:53:14.905545+00:00,5.042040997068398,APPROVED,
voltdb,803,0,2026-08-28T15:53:14.905630+00:00,2026-08-28T15:53:14.922027+00:00,16.38773499871604,APPROVED,
postgres,805,0,2026-08-28T15:53:14.922152+00:00,2026-08-28T15:53:14.926890+00:00,4.723830003058538,APPROVED,
voltdb,805,0,2026-08-28T15:53:14.926968+00:00,2026-08-28T15:53:14.942573+00:00,15.59540699236095,APPROVED,
postgres,806,0,2026-08-28T15:53:14.942682+00:00,2026-08-28T15:53:14.946641+00:00,3.945673000998795,APPROVED,
voltdb,806,0,2026-08-28T15:53:14.946720+00:00,2026-08-28T15:53:14.962299+00:00,15.569352995953523,APPROVED,
postgres,807,0,2026-08-28T15:53:14.962451+00:00,2026-08-28T15:53:14.966775+00:00,4.307722003431991,APPROVED,
voltdb,807,0,2026-08-28T15:53:14.966854+00:00,2026-08-28T15:53:14.983355+00:00,16.491625996422954,APPROVED,
postgres,809,0,2026-08-28T15:53:14.983453+00:00,2026-08-28T15:53:14.987515+00:00,4.051369003718719,APPROVED,
voltdb,809,0,2026-08-28T15:53:14.987590+00:00,2026-08-28T15:53:15.001567+00:00,13.968112994916737,APPROVED,
postgres,810,0,2026-08-28T15:53:15.001668+00:00,2026-08-28T15:53:15.004454+00:00,2.774446998955682,APPROVED,
voltdb,810,0,2026-08-28T15:53:15.004535+00:00,2026-08-28T15:53:15.018999+00:00,14.454169999225996,APPROVED,
postgres,811,0,2026-08-28T15:53:15.019195+00:00,2026-08-28T15:53:15.022430+00:00,3.217669000150636,REVIEW,
voltdb,811,0,2026-08-28T15:53:15.022494+00:00,2026-08-28T15:53:15.040509+00:00,18.00642399757635,REVIEW,
postgres,812,0,2026-08-28T15:53:15.040625+00:00,2026-08-28T15:53:15.043358+00:00,2.7215430018259212,APPROVED,
voltdb,812,0,2026-08-28T15:53:15.043428+00:00,2026-08-28T15:53:15.057586+00:00,14.14741099870298,APPROVED,
postgres,814,0,2026-08-28T15:53:15.057707+00:00,2026-08-28T15:53:15.060770+00:00,3.0526300106430426,APPROVED,
voltdb,814,0,2026-08-28T15:53:15.060838+00:00,2026-08-28T15:53:15.075282+00:00,14.434740995056927,APPROVED,
postgres,816,0,2026-08-28T15:53:15.075381+00:00,2026-08-28T15:53:15.078848+00:00,3.4555019956314936,APPROVED,
voltdb,816,0,2026-08-28T15:53:15.078929+00:00,2026-08-28T15:53:15.092663+00:00,13.723096999456175,APPROVED,
postgres,817,0,2026-08-28T15:53:15.092820+00:00,2026-08-28T15:53:15.095995+00:00,3.1615990010323003,APPROVED,
voltdb,817,0,2026-08-28T15:53:15.096061+00:00,2026-08-28T15:53:15.109803+00:00,13.731262006331235,APPROVED,
postgres,822,0,2026-08-28T15:53:15.109903+00:00,2026-08-28T15:53:15.113740+00:00,3.8260919973254204,REVIEW,
voltdb,822,0,2026-08-28T15:53:15.113810+00:00,2026-08-28T15:53:15.130584+00:00,16.76459600275848,REVIEW,
postgres,823,0,2026-08-28T15:53:15.130771+00:00,2026-08-28T15:53:15.134289+00:00,3.42907098820433,APPROVED,
voltdb,823,0,2026-08-28T15:53:15.134361+00:00,2026-08-28T15:53:15.147939+00:00,13.569068003562279,APPROVED,
postgres,824,0,2026-08-28T15:53:15.148087+00:00,2026-08-28T15:53:15.151392+00:00,3.2920210069278255,APPROVED,
voltdb,824,0,2026-08-28T15:53:15.151489+00:00,2026-08-28T15:53:15.165255+00:00,13.756262997048907,APPROVED,
postgres,825,0,2026-08-28T15:53:15.165619+00:00,2026-08-28T15:53:15.168540+00:00,2.9043590038781986,APPROVED,
voltdb,825,0,2026-08-28T15:53:15.168609+00:00,2026-08-28T15:53:15.182357+00:00,13.739071000600234,APPROVED,
postgres,826,0,2026-08-28T15:53:15.182455+00:00,2026-08-28T15:53:15.185913+00:00,3.4462710027582943,APPROVED,
voltdb,826,0,2026-08-28T15:53:15.186001+00:00,2026-08-28T15:53:15.200522+00:00,14.511599991237745,APPROVED,
postgres,828,0,2026-08-28T15:53:15.200623+00:00,2026-08-28T15:53:15.203388+00:00,2.7545720076886937,APPROVED,
voltdb,828,0,2026-08-28T15:53:15.203462+00:00,2026-08-28T15:53:15.217738+00:00,14.266701007727534,APPROVED,
postgres,831,0,2026-08-28T15:53:15.217868+00:00,2026-08-28T15:53:15.221216+00:00,3.33665800280869,APPROVED,
voltdb,831,0,2026-08-28T15:53:15.221356+00:00,2026-08-28T15:53:15.235708+00:00,14.341287998831831,APPROVED,
postgres,832,0,2026-08-28T15:53:15.235810+00:00,2026-08-28T15:53:15.239584+00:00,3.7628809950547293,APPROVED,
voltdb,832,0,2026-08-28T15:53:15.239661+00:00,2026-08-28T15:53:15.254692+00:00,15.022376988781616,APPROVED,
postgres,835,0,2026-08-28T15:53:15.254807+00:00,2026-08-28T15:53:15.257747+00:00,2.9268540092743933,APPROVED,
voltdb,835,0,2026-08-28T15:53:15.257825+00:00,2026-08-28T15:53:15.271999+00:00,14.164566004183143,APPROVED,
postgres,837,0,2026-08-28T15:53:15.272128+00:00,2026-08-28T15:53:15.274947+00:00,2.8086799866287038,APPROVED,
voltdb,837,0,2026-08-28T15:53:15.275011+00:00,2026-08-28T15:53:15.289077+00:00,14.056511005037464,APPROVED,
postgres,838,0,2026-08-28T15:53:15.289149+00:00,2026-08-28T15:53:15.293392+00:00,4.23305100412108,APPROVED,
voltdb,838,0,2026-08-28T15:53:15.293468+00:00,2026-08-28T15:53:15.307836+00:00,14.358758999151178,APPROVED,
postgres,839,0,2026-08-28T15:53:15.307945+00:00,2026-08-28T15:53:15.310936+00:00,2.9804730002069846,APPROVED,
voltdb,839,0,2026-08-28T15:53:15.311007+00:00,2026-08-28T15:53:15.324599+00:00,13.5819950082805,APPROVED,
postgres,841,0,2026-08-28T15:53:15.324709+00:00,2026-08-28T15:53:15.327782+00:00,3.062314004637301,APPROVED,
voltdb,841,0,2026-08-28T15:53:15.327850+00:00,2026-08-28T15:53:15.341984+00:00,14.124313995125704,APPROVED,
postgres,842,0,2026-08-28T15:53:15.342086+00:00,2026-08-28T15:53:15.345391+00:00,3.2941139943432063,APPROVED,
voltdb,842,0,2026-08-28T15:53:15.345472+00:00,2026-08-28T15:53:15.359801+00:00,14.319740002974868,APPROVED,
postgres,844,0,2026-08-28T15:53:15.359905+00:00,2026-08-28T15:53:15.362612+00:00,2.698428987059742,APPROVED,
voltdb,844,0,2026-08-28T15:53:15.362678+00:00,2026-08-28T15:53:15.376148+00:00,13.461434995406307,APPROVED,
postgres,846,0,2026-08-28T15:53:15.376263+00:00,2026-08-28T15:53:15.379719+00:00,3.437027000472881,APPROVED,
voltdb,846,0,2026-08-28T15:53:15.379794+00:00,2026-08-28T15:53:15.397199+00:00,17.39651600655634,APPROVED,
postgres,848,0,2026-08-28T15:53:15.397339+00:00,2026-08-28T15:53:15.401399+00:00,4.047132999403402,REVIEW,
voltdb,848,0,2026-08-28T15:53:15.401472+00:00,2026-08-28T15:53:15.418740+00:00,17.255752987693995,REVIEW,
postgres,849,0,2026-08-28T15:53:15.418988+00:00,2026-08-28T15:53:15.421912+00:00,2.9057729989290237,APPROVED,
voltdb,849,0,2026-08-28T15:53:15.421976+00:00,2026-08-28T15:53:15.437159+00:00,15.174215004662983,APPROVED,
postgres,850,0,2026-08-28T15:53:15.437375+00:00,2026-08-28T15:53:15.441446+00:00,4.055001001688652,REVIEW,
voltdb,850,0,2026-08-28T15:53:15.441512+00:00,2026-08-28T15:53:15.458724+00:00,17.20321801258251,REVIEW,
postgres,851,0,2026-08-28T15:53:15.458926+00:00,2026-08-28T15:53:15.461678+00:00,2.736729002208449,APPROVED,
voltdb,851,0,2026-08-28T15:53:15.461743+00:00,2026-08-28T15:53:15.475472+00:00,13.71993801149074,APPROVED,
postgres,852,0,2026-08-28T15:53:15.475569+00:00,2026-08-28T15:53:15.479476+00:00,3.8955070049269125,APPROVED,
voltdb,852,0,2026-08-28T15:53:15.479557+00:00,2026-08-28T15:53:15.493791+00:00,14.225099002942443,APPROVED,
postgres,853,0,2026-08-28T15:53:15.493909+00:00,2026-08-28T15:53:15.497035+00:00,3.11533099738881,REVIEW,
voltdb,853,0,2026-08-28T15:53:15.497131+00:00,2026-08-28T15:53:15.514353+00:00,17.21235699369572,REVIEW,
postgres,854,0,2026-08-28T15:53:15.514458+00:00,2026-08-28T15:53:15.517106+00:00,2.6373979926574975,APPROVED,
voltdb,854,0,2026-08-28T15:53:15.517183+00:00,2026-08-28T15:53:15.531545+00:00,14.34795800014399,APPROVED,
postgres,855,0,2026-08-28T15:53:15.531786+00:00,2026-08-28T15:53:15.535302+00:00,3.4540909982752055,REVIEW,
voltdb,855,0,2026-08-28T15:53:15.535390+00:00,2026-08-28T15:53:15.552378+00:00,16.97707100538537,REVIEW,
postgres,856,0,2026-08-28T15:53:15.552500+00:00,2026-08-28T15:53:15.555309+00:00,2.7989210066152737,APPROVED,
voltdb,856,0,2026-08-28T15:53:15.555387+00:00,2026-08-28T15:53:15.569222+00:00,13.825676986016333,APPROVED,
postgres,857,0,2026-08-28T15:53:15.569334+00:00,2026-08-28T15:53:15.573191+00:00,3.8433860026998445,APPROVED,
voltdb,857,0,2026-08-28T15:53:15.573328+00:00,2026-08-28T15:53:15.587551+00:00,14.213636997737922,APPROVED,
postgres,858,0,2026-08-28T15:53:15.587649+00:00,2026-08-28T15:53:15.590799+00:00,3.1392219971166924,APPROVED,
voltdb,858,0,2026-08-28T15:53:15.590871+00:00,2026-08-28T15:53:15.604946+00:00,14.066265997826122,APPROVED,
postgres,860,0,2026-08-28T15:53:15.605090+00:00,2026-08-28T15:53:15.608274+00:00,3.17491999885533,APPROVED,
voltdb,860,0,2026-08-28T15:53:15.608351+00:00,2026-08-28T15:53:15.621961+00:00,13.60117198782973,APPROVED,
postgres,861,0,2026-08-28T15:53:15.622072+00:00,2026-08-28T15:53:15.625422+00:00,3.337998001370579,APPROVED,
voltdb,861,0,2026-08-28T15:53:15.625502+00:00,2026-08-28T15:53:15.639607+00:00,14.095612001256086,APPROVED,
postgres,862,0,2026-08-28T15:53:15.639751+00:00,2026-08-28T15:53:15.642774+00:00,3.012917994055897,APPROVED,
voltdb,862,0,2026-08-28T15:53:15.642839+00:00,2026-08-28T15:53:15.656793+00:00,13.94363799772691,APPROVED,
postgres,863,0,2026-08-28T15:53:15.656903+00:00,2026-08-28T15:53:15.660254+00:00,3.340185998240486,APPROVED,
voltdb,863,0,2026-08-28T15:53:15.660346+00:00,2026-08-28T15:53:15.674035+00:00,13.679767987923697,APPROVED,
postgres,864,0,2026-08-28T15:53:15.674145+00:00,2026-08-28T15:53:15.676952+00:00,2.7965599874733016,APPROVED,
voltdb,864,0,2026-08-28T15:53:15.677030+00:00,2026-08-28T15:53:15.691514+00:00,14.473953997367062,APPROVED,
postgres,866,0,2026-08-28T15:53:15.691729+00:00,2026-08-28T15:53:15.694838+00:00,3.0939069984015077,APPROVED,
voltdb,866,0,2026-08-28T15:53:15.694905+00:00,2026-08-28T15:53:15.709092+00:00,14.17673600371927,APPROVED,
postgres,867,1,2026-08-28T15:53:15.709203+00:00,2026-08-28T15:53:15.713367+00:00,4.153535992372781,REVIEW,
voltdb,867,1,2026-08-28T15:53:15.713441+00:00,2026-08-28T15:53:15.733461+00:00,20.010644002468325,REVIEW,
postgres,868,0,2026-08-28T15:53:15.733602+00:00,2026-08-28T15:53:15.738349+00:00,4.731077991891652,APPROVED,
voltdb,868,0,2026-08-28T15:53:15.738474+00:00,2026-08-28T15:53:15.760797+00:00,22.308115992927924,APPROVED,
postgres,871,0,2026-08-28T15:53:15.760959+00:00,2026-08-28T15:53:15.765128+00:00,4.152080000494607,APPROVED,
voltdb,871,0,2026-08-28T15:53:15.765255+00:00,2026-08-28T15:53:15.783567+00:00,18.233826995128766,APPROVED,
postgres,872,0,2026-08-28T15:53:15.783669+00:00,2026-08-28T15:53:15.787814+00:00,4.134653994697146,APPROVED,
voltdb,872,0,2026-08-28T15:53:15.787883+00:00,2026-08-28T15:53:15.802541+00:00,14.648427997599356,APPROVED,
postgres,873,0,2026-08-28T15:53:15.802643+00:00,2026-08-28T15:53:15.805663+00:00,3.0086229962762445,APPROVED,
voltdb,873,0,2026-08-28T15:53:15.805740+00:00,2026-08-28T15:53:15.820235+00:00,14.486179003142752,APPROVED,
postgres,874,0,2026-08-28T15:53:15.820342+00:00,2026-08-28T15:53:15.823033+00:00,2.6809099945239723,APPROVED,
voltdb,874,0,2026-08-28T15:53:15.823098+00:00,2026-08-28T15:53:15.836829+00:00,13.721695999265648,APPROVED,
postgres,875,0,2026-08-28T15:53:15.836945+00:00,2026-08-28T15:53:15.840976+00:00,4.016274004243314,APPROVED,
voltdb,875,0,2026-08-28T15:53:15.841044+00:00,2026-08-28T15:53:15.855603+00:00,14.551113999914378,APPROVED,
postgres,876,0,2026-08-28T15:53:15.855722+00:00,2026-08-28T15:53:15.859065+00:00,3.3308080019196495,APPROVED,
voltdb,876,0,2026-08-28T15:53:15.859144+00:00,2026-08-28T15:53:15.872899+00:00,13.744982992648147,APPROVED,
postgres,877,0,2026-08-28T15:53:15.873000+00:00,2026-08-28T15:53:15.875966+00:00,2.9570819897344336,APPROVED,
voltdb,877,0,2026-08-28T15:53:15.876030+00:00,2026-08-28T15:53:15.891423+00:00,15.38288700976409,APPROVED,
postgres,878,1,2026-08-28T15:53:15.891683+00:00,2026-08-28T15:53:15.896318+00:00,4.612881006323732,BLOCKED,
voltdb,878,1,2026-08-28T15:53:15.896403+00:00,2026-08-28T15:53:15.913517+00:00,17.104390004533343,BLOCKED,
postgres,879,0,2026-08-28T15:53:15.913617+00:00,2026-08-28T15:53:15.916540+00:00,2.9130689945304766,APPROVED,
voltdb,879,0,2026-08-28T15:53:15.916610+00:00,2026-08-28T15:53:15.930830+00:00,14.20925599813927,APPROVED,
postgres,880,0,2026-08-28T15:53:15.930982+00:00,2026-08-28T15:53:15.935762+00:00,4.76389100367669,APPROVED,
voltdb,880,0,2026-08-28T15:53:15.935852+00:00,2026-08-28T15:53:15.950199+00:00,14.337050000904128,APPROVED,
postgres,882,0,2026-08-28T15:53:15.950337+00:00,2026-08-28T15:53:15.953658+00:00,3.309744002763182,APPROVED,
voltdb,882,0,2026-08-28T15:53:15.953748+00:00,2026-08-28T15:53:15.967509+00:00,13.744564988883212,APPROVED,
postgres,886,0,2026-08-28T15:53:15.967607+00:00,2026-08-28T15:53:15.970668+00:00,3.0512469966197386,APPROVED,
voltdb,886,0,2026-08-28T15:53:15.970739+00:00,2026-08-28T15:53:15.986742+00:00,15.993402994354255,APPROVED,
postgres,887,0,2026-08-28T15:53:15.986855+00:00,2026-08-28T15:53:15.990055+00:00,3.185781999491155,APPROVED,
voltdb,887,0,2026-08-28T15:53:15.990133+00:00,2026-08-28T15:53:16.007027+00:00,16.883870004676282,APPROVED,
postgres,888,0,2026-08-28T15:53:16.007142+00:00,2026-08-28T15:53:16.012715+00:00,5.557782991672866,APPROVED,
voltdb,888,0,2026-08-28T15:53:16.012815+00:00,2026-08-28T15:53:16.032595+00:00,19.75730899721384,APPROVED,
postgres,889,0,2026-08-28T15:53:16.032752+00:00,2026-08-28T15:53:16.037092+00:00,4.32401399302762,APPROVED,
voltdb,889,0,2026-08-28T15:53:16.037203+00:00,2026-08-28T15:53:16.054904+00:00,17.68657800857909,APPROVED,
postgres,890,0,2026-08-28T15:53:16.055145+00:00,2026-08-28T15:53:16.059308+00:00,4.14562999503687,APPROVED,
voltdb,890,0,2026-08-28T15:53:16.059389+00:00,2026-08-28T15:53:16.074597+00:00,15.198319000774063,APPROVED,
postgres,891,0,2026-08-28T15:53:16.074697+00:00,2026-08-28T15:53:16.078567+00:00,3.8576070073759183,APPROVED,
voltdb,891,0,2026-08-28T15:53:16.078674+00:00,2026-08-28T15:53:16.097460+00:00,18.77253400743939,APPROVED,
postgres,892,0,2026-08-28T15:53:16.097705+00:00,2026-08-28T15:53:16.102119+00:00,4.393110997625627,APPROVED,
voltdb,892,0,2026-08-28T15:53:16.102198+00:00,2026-08-28T15:53:16.120539+00:00,18.331129002035595,APPROVED,
postgres,893,0,2026-08-28T15:53:16.120659+00:00,2026-08-28T15:53:16.124614+00:00,3.9390870078932494,APPROVED,
voltdb,893,0,2026-08-28T15:53:16.124698+00:00,2026-08-28T15:53:16.146537+00:00,21.82493099826388,APPROVED,
postgres,894,0,2026-08-28T15:53:16.146710+00:00,2026-08-28T15:53:16.152454+00:00,5.72655099676922,APPROVED,
voltdb,894,0,2026-08-28T15:53:16.152575+00:00,2026-08-28T15:53:16.174502+00:00,21.91276899247896,APPROVED,
postgres,895,0,2026-08-28T15:53:16.174638+00:00,2026-08-28T15:53:16.180378+00:00,5.723149006371386,APPROVED,
voltdb,895,0,2026-08-28T15:53:16.180481+00:00,2026-08-28T15:53:16.203000+00:00,22.507178990053944,APPROVED,
postgres,896,0,2026-08-28T15:53:16.203141+00:00,2026-08-28T15:53:16.207907+00:00,4.7507419949397445,APPROVED,
voltdb,896,0,2026-08-28T15:53:16.207989+00:00,2026-08-28T15:53:16.226079+00:00,18.078963999869302,APPROVED,
postgres,897,0,2026-08-28T15:53:16.226217+00:00,2026-08-28T15:53:16.230956+00:00,4.722277008113451,APPROVED,
voltdb,897,0,2026-08-28T15:53:16.231040+00:00,2026-08-28T15:53:16.252879+00:00,21.82608399016317,APPROVED,
postgres,898,1,2026-08-28T15:53:16.253056+00:00,2026-08-28T15:53:16.258344+00:00,5.272114998660982,BLOCKED,
voltdb,898,1,2026-08-28T15:53:16.258502+00:00,2026-08-28T15:53:16.282617+00:00,24.096549008390866,BLOCKED,
postgres,899,0,2026-08-28T15:53:16.282729+00:00,2026-08-28T15:53:16.287536+00:00,4.789647005964071,APPROVED,
voltdb,899,0,2026-08-28T15:53:16.287621+00:00,2026-08-28T15:53:16.309453+00:00,21.82123699458316,APPROVED,
postgres,900,0,2026-08-28T15:53:16.309956+00:00,2026-08-28T15:53:16.316415+00:00,6.426916996133514,APPROVED,
voltdb,900,0,2026-08-28T15:53:16.316606+00:00,2026-08-28T15:53:16.337800+00:00,21.177550006541423,APPROVED,
postgres,901,0,2026-08-28T15:53:16.337964+00:00,2026-08-28T15:53:16.343482+00:00,5.502048006746918,APPROVED,
voltdb,901,0,2026-08-28T15:53:16.343590+00:00,2026-08-28T15:53:16.367453+00:00,23.851018006098457,APPROVED,
postgres,902,0,2026-08-28T15:53:16.367613+00:00,2026-08-28T15:53:16.374427+00:00,6.800185990869068,APPROVED,
voltdb,902,0,2026-08-28T15:53:16.374519+00:00,2026-08-28T15:53:16.399115+00:00,24.582366007962264,APPROVED,
postgres,903,0,2026-08-28T15:53:16.399605+00:00,2026-08-28T15:53:16.405160+00:00,5.375037988414988,APPROVED,
voltdb,903,0,2026-08-28T15:53:16.405301+00:00,2026-08-28T15:53:16.431257+00:00,25.94004500133451,APPROVED,
postgres,904,0,2026-08-28T15:53:16.431581+00:00,2026-08-28T15:53:16.439183+00:00,7.530982009484433,REVIEW,
voltdb,904,0,2026-08-28T15:53:16.439282+00:00,2026-08-28T15:53:16.467526+00:00,28.233749995706603,REVIEW,
postgres,905,0,2026-08-28T15:53:16.467678+00:00,2026-08-28T15:53:16.473564+00:00,5.872784007806331,APPROVED,
voltdb,905,0,2026-08-28T15:53:16.473666+00:00,2026-08-28T15:53:16.494966+00:00,21.288116011419334,APPROVED,
postgres,906,0,2026-08-28T15:53:16.495141+00:00,2026-08-28T15:53:16.500616+00:00,5.457328996271826,APPROVED,
voltdb,906,0,2026-08-28T15:53:16.500703+00:00,2026-08-28T15:53:16.520575+00:00,19.86042999487836,APPROVED,
postgres,909,0,2026-08-28T15:53:16.520859+00:00,2026-08-28T15:53:16.525100+00:00,4.217886002152227,APPROVED,
voltdb,909,0,2026-08-28T15:53:16.525207+00:00,2026-08-28T15:53:16.543181+00:00,17.894219010486268,APPROVED,
postgres,910,0,2026-08-28T15:53:16.543289+00:00,2026-08-28T15:53:16.548625+00:00,5.323609002516605,APPROVED,
voltdb,910,0,2026-08-28T15:53:16.548731+00:00,2026-08-28T15:53:16.564447+00:00,15.702714008511975,APPROVED,
postgres,911,0,2026-08-28T15:53:16.564670+00:00,2026-08-28T15:53:16.568002+00:00,3.319242998259142,APPROVED,
voltdb,911,0,2026-08-28T15:53:16.568081+00:00,2026-08-28T15:53:16.584585+00:00,16.491746006067842,APPROVED,
postgres,913,0,2026-08-28T15:53:16.584808+00:00,2026-08-28T15:53:16.589678+00:00,4.848458993365057,APPROVED,
voltdb,913,0,2026-08-28T15:53:16.589793+00:00,2026-08-28T15:53:16.608145+00:00,18.33570700546261,APPROVED,
postgres,914,0,2026-08-28T15:53:16.608250+00:00,2026-08-28T15:53:16.613062+00:00,4.7951299929991364,APPROVED,
voltdb,914,0,2026-08-28T15:53:16.613156+00:00,2026-08-28T15:53:16.632824+00:00,19.61639900400769,APPROVED,
postgres,915,0,2026-08-28T15:53:16.633044+00:00,2026-08-28T15:53:16.637180+00:00,4.118889002711512,APPROVED,
voltdb,915,0,2026-08-28T15:53:16.637328+00:00,2026-08-28T15:53:16.655873+00:00,18.534351998823695,APPROVED,
postgres,916,0,2026-08-28T15:53:16.656027+00:00,2026-08-28T15:53:16.661025+00:00,4.967235989170149,APPROVED,
voltdb,916,0,2026-08-28T15:53:16.661172+00:00,2026-08-28T15:53:16.683946+00:00,22.759444007533602,APPROVED,
postgres,918,0,2026-08-28T15:53:16.684135+00:00,2026-08-28T15:53:16.689899+00:00,5.749071991886012,APPROVED,
voltdb,918,0,2026-08-28T15:53:16.690009+00:00,2026-08-28T15:53:16.726787+00:00,36.76300498773344,APPROVED,
postgres,921,0,2026-08-28T15:53:16.727000+00:00,2026-08-28T15:53:16.732945+00:00,5.925867997575551,APPROVED,
voltdb,921,0,2026-08-28T15:53:16.733134+00:00,2026-08-28T15:53:16.755285+00:00,22.131548001198098,APPROVED,
postgres,922,0,2026-08-28T15:53:16.755519+00:00,2026-08-28T15:53:16.762183+00:00,6.646192996413447,APPROVED,
voltdb,922,0,2026-08-28T15:53:16.762355+00:00,2026-08-28T15:53:16.787423+00:00,25.052204990061,APPROVED,
postgres,924,0,2026-08-28T15:53:16.787563+00:00,2026-08-28T15:53:16.793092+00:00,5.512380987056531,APPROVED,
voltdb,924,0,2026-08-28T15:53:16.793403+00:00,2026-08-28T15:53:16.812655+00:00,19.232977007050067,APPROVED,
postgres,925,0,2026-08-28T15:53:16.812945+00:00,2026-08-28T15:53:16.817375+00:00,4.402831007610075,APPROVED,
voltdb,925,0,2026-08-28T15:53:16.817488+00:00,2026-08-28T15:53:16.838028+00:00,20.52753299358301,APPROVED,
postgres,926,0,2026-08-28T15:53:16.838697+00:00,2026-08-28T15:53:16.846512+00:00,7.784283006913029,APPROVED,
voltdb,926,0,2026-08-28T15:53:16.846632+00:00,2026-08-28T15:53:16.869152+00:00,22.50360298785381,APPROVED,
postgres,928,0,2026-08-28T15:53:16.869408+00:00,2026-08-28T15:53:16.874945+00:00,5.519650992937386,APPROVED,
voltdb,928,0,2026-08-28T15:53:16.875053+00:00,2026-08-28T15:53:16.900463+00:00,25.396648998139426,APPROVED,
postgres,929,0,2026-08-28T15:53:16.900572+00:00,2026-08-28T15:53:16.903945+00:00,3.361508992384188,APPROVED,
voltdb,929,0,2026-08-28T15:53:16.904023+00:00,2026-08-28T15:53:16.936521+00:00,32.486776006408036,APPROVED,
postgres,931,0,2026-08-28T15:53:16.936680+00:00,2026-08-28T15:53:16.942824+00:00,6.12720700155478,APPROVED,
voltdb,931,0,2026-08-28T15:53:16.942937+00:00,2026-08-28T15:53:16.968307+00:00,25.354335011797957,APPROVED,
postgres,932,0,2026-08-28T15:53:16.968583+00:00,2026-08-28T15:53:16.976111+00:00,7.50557599531021,APPROVED,
voltdb,932,0,2026-08-28T15:53:16.976201+00:00,2026-08-28T15:53:16.995854+00:00,19.642275001388043,APPROVED,
postgres,933,0,2026-08-28T15:53:16.995958+00:00,2026-08-28T15:53:17.001540+00:00,5.570513996644877,REVIEW,
voltdb,933,0,2026-08-28T15:53:17.001623+00:00,2026-08-28T15:53:17.022961+00:00,21.327594004105777,REVIEW,
postgres,938,0,2026-08-28T15:53:17.023068+00:00,2026-08-28T15:53:17.027914+00:00,4.833689003135078,APPROVED,
voltdb,938,0,2026-08-28T15:53:17.028012+00:00,2026-08-28T15:53:17.047078+00:00,19.05534099205397,APPROVED,
postgres,940,0,2026-08-28T15:53:17.047216+00:00,2026-08-28T15:53:17.051348+00:00,4.115873001865111,APPROVED,
voltdb,940,0,2026-08-28T15:53:17.051465+00:00,2026-08-28T15:53:17.074594+00:00,23.111446003895253,APPROVED,
postgres,941,0,2026-08-28T15:53:17.074750+00:00,2026-08-28T15:53:17.080558+00:00,5.795289995148778,APPROVED,
voltdb,941,0,2026-08-28T15:53:17.080651+00:00,2026-08-28T15:53:17.102593+00:00,21.931128998403437,APPROVED,
postgres,942,0,2026-08-28T15:53:17.102698+00:00,2026-08-28T15:53:17.107263+00:00,4.5542370062321424,APPROVED,
voltdb,942,0,2026-08-28T15:53:17.107350+00:00,2026-08-28T15:53:17.124990+00:00,17.62975200836081,APPROVED,
postgres,943,0,2026-08-28T15:53:17.125144+00:00,2026-08-28T15:53:17.129365+00:00,4.203704986139201,APPROVED,
voltdb,943,0,2026-08-28T15:53:17.129461+00:00,2026-08-28T15:53:17.155289+00:00,25.814378997893073,APPROVED,
postgres,944,0,2026-08-28T15:53:17.155460+00:00,2026-08-28T15:53:17.159812+00:00,4.3392240040702745,APPROVED,
voltdb,944,0,2026-08-28T15:53:17.159896+00:00,2026-08-28T15:53:17.175773+00:00,15.86741600476671,APPROVED,
postgres,945,0,2026-08-28T15:53:17.175884+00:00,2026-08-28T15:53:17.179079+00:00,3.1822669989196584,APPROVED,
voltdb,945,0,2026-08-28T15:53:17.179163+00:00,2026-08-28T15:53:17.200979+00:00,21.806058008223772,APPROVED,
postgres,946,0,2026-08-28T15:53:17.201238+00:00,2026-08-28T15:53:17.205598+00:00,4.3431059893919155,APPROVED,
voltdb,946,0,2026-08-28T15:53:17.205682+00:00,2026-08-28T15:53:17.223388+00:00,17.683530997601338,APPROVED,
postgres,947,0,2026-08-28T15:53:17.223548+00:00,2026-08-28T15:53:17.228377+00:00,4.810244005057029,APPROVED,
voltdb,947,0,2026-08-28T15:53:17.228465+00:00,2026-08-28T15:53:17.253429+00:00,24.950381004600786,APPROVED,
postgres,949,0,2026-08-28T15:53:17.253850+00:00,2026-08-28T15:53:17.259856+00:00,5.9859100001631305,APPROVED,
voltdb,949,0,2026-08-28T15:53:17.260004+00:00,2026-08-28T15:53:17.276977+00:00,16.927528005908243,APPROVED,
postgres,950,0,2026-08-28T15:53:17.277102+00:00,2026-08-28T15:53:17.282784+00:00,5.668244004482403,APPROVED,
voltdb,950,0,2026-08-28T15:53:17.282902+00:00,2026-08-28T15:53:17.308495+00:00,25.57472999615129,APPROVED,
postgres,951,0,2026-08-28T15:53:17.308640+00:00,2026-08-28T15:53:17.313397+00:00,4.738981995615177,APPROVED,
voltdb,951,0,2026-08-28T15:53:17.313490+00:00,2026-08-28T15:53:17.329931+00:00,16.430175994173624,APPROVED,
postgres,952,0,2026-08-28T15:53:17.330072+00:00,2026-08-28T15:53:17.335498+00:00,5.411845006165095,APPROVED,
voltdb,952,0,2026-08-28T15:53:17.335680+00:00,2026-08-28T15:53:17.360796+00:00,25.098425001488067,APPROVED,
postgres,954,0,2026-08-28T15:53:17.360941+00:00,2026-08-28T15:53:17.366043+00:00,5.083069991087541,APPROVED,
voltdb,954,0,2026-08-28T15:53:17.366150+00:00,2026-08-28T15:53:17.389023+00:00,22.858730997540988,APPROVED,
postgres,955,0,2026-08-28T15:53:17.389169+00:00,2026-08-28T15:53:17.394551+00:00,5.368932004785165,APPROVED,
voltdb,955,0,2026-08-28T15:53:17.394638+00:00,2026-08-28T15:53:17.418439+00:00,23.713173999567516,APPROVED,
postgres,956,0,2026-08-28T15:53:17.418562+00:00,2026-08-28T15:53:17.422706+00:00,4.108669003471732,APPROVED,
voltdb,956,0,2026-08-28T15:53:17.422833+00:00,2026-08-28T15:53:17.446076+00:00,23.22821599955205,APPROVED,
postgres,957,0,2026-08-28T15:53:17.446226+00:00,2026-08-28T15:53:17.454352+00:00,8.11016200168524,REVIEW,
voltdb,957,0,2026-08-28T15:53:17.454443+00:00,2026-08-28T15:53:17.478127+00:00,23.673314004554413,REVIEW,
postgres,958,0,2026-08-28T15:53:17.478421+00:00,2026-08-28T15:53:17.484772+00:00,6.327203009277582,APPROVED,
voltdb,958,0,2026-08-28T15:53:17.484885+00:00,2026-08-28T15:53:17.507436+00:00,22.537049997481517,APPROVED,
postgres,959,0,2026-08-28T15:53:17.507637+00:00,2026-08-28T15:53:17.512624+00:00,4.9694839981384575,APPROVED,
voltdb,959,0,2026-08-28T15:53:17.512751+00:00,2026-08-28T15:53:17.532068+00:00,19.297631006338634,APPROVED,
postgres,960,0,2026-08-28T15:53:17.532382+00:00,2026-08-28T15:53:17.539874+00:00,7.471098011592403,APPROVED,
voltdb,960,0,2026-08-28T15:53:17.539969+00:00,2026-08-28T15:53:17.562215+00:00,22.23203200264834,APPROVED,
postgres,961,0,2026-08-28T15:53:17.562523+00:00,2026-08-28T15:53:17.568316+00:00,5.77053299639374,REVIEW,
voltdb,961,0,2026-08-28T15:53:17.568451+00:00,2026-08-28T15:53:17.597850+00:00,29.382488995906897,REVIEW,
postgres,964,0,2026-08-28T15:53:17.598009+00:00,2026-08-28T15:53:17.604615+00:00,6.5892170096049085,APPROVED,
voltdb,964,0,2026-08-28T15:53:17.604701+00:00,2026-08-28T15:53:17.625555+00:00,20.842469995841384,APPROVED,
postgres,965,0,2026-08-28T15:53:17.625713+00:00,2026-08-28T15:53:17.632325+00:00,6.593811995116994,APPROVED,
voltdb,965,0,2026-08-28T15:53:17.632414+00:00,2026-08-28T15:53:17.654231+00:00,21.782126001198776,APPROVED,
postgres,966,0,2026-08-28T15:53:17.654442+00:00,2026-08-28T15:53:17.659217+00:00,4.759945994010195,APPROVED,
voltdb,966,0,2026-08-28T15:53:17.659371+00:00,2026-08-28T15:53:17.681450+00:00,22.06146001117304,APPROVED,
postgres,969,1,2026-08-28T15:53:17.681842+00:00,2026-08-28T15:53:17.689629+00:00,7.758181003737263,BLOCKED,
voltdb,969,1,2026-08-28T15:53:17.689744+00:00,2026-08-28T15:53:17.715668+00:00,25.910506010404788,BLOCKED,
postgres,970,0,2026-08-28T15:53:17.715771+00:00,2026-08-28T15:53:17.722950+00:00,7.167179006501101,APPROVED,
voltdb,970,0,2026-08-28T15:53:17.723037+00:00,2026-08-28T15:53:17.743650+00:00,20.601409996743314,APPROVED,
postgres,971,0,2026-08-28T15:53:17.743798+00:00,2026-08-28T15:53:17.750841+00:00,7.028867999906652,APPROVED,
voltdb,971,0,2026-08-28T15:53:17.750928+00:00,2026-08-28T15:53:17.771989+00:00,21.047424990683794,APPROVED,
postgres,972,0,2026-08-28T15:53:17.772365+00:00,2026-08-28T15:53:17.776664+00:00,4.228068995871581,APPROVED,
voltdb,972,0,2026-08-28T15:53:17.776759+00:00,2026-08-28T15:53:17.802764+00:00,25.99060999637004,APPROVED,
postgres,973,0,2026-08-28T15:53:17.802904+00:00,2026-08-28T15:53:17.807423+00:00,4.50550600362476,APPROVED,
voltdb,973,0,2026-08-28T15:53:17.807555+00:00,2026-08-28T15:53:17.827942+00:00,20.37480700528249,APPROVED,
postgres,975,0,2026-08-28T15:53:17.828083+00:00,2026-08-28T15:53:17.833219+00:00,5.120935995364562,APPROVED,
voltdb,975,0,2026-08-28T15:53:17.833359+00:00,2026-08-28T15:53:17.856389+00:00,22.99702299933415,APPROVED,
postgres,976,0,2026-08-28T15:53:17.856538+00:00,2026-08-28T15:53:17.860926+00:00,4.37344099918846,APPROVED,
voltdb,976,0,2026-08-28T15:53:17.861015+00:00,2026-08-28T15:53:17.883116+00:00,22.08924200385809,APPROVED,
postgres,977,0,2026-08-28T15:53:17.883265+00:00,2026-08-28T15:53:17.889681+00:00,6.397966993972659,APPROVED,
voltdb,977,0,2026-08-28T15:53:17.889850+00:00,2026-08-28T15:53:17.912232+00:00,22.361499999533407,APPROVED,
postgres,979,0,2026-08-28T15:53:17.912440+00:00,2026-08-28T15:53:17.917002+00:00,4.545426010736264,APPROVED,
voltdb,979,0,2026-08-28T15:53:17.917093+00:00,2026-08-28T15:53:17.937176+00:00,20.0727210030891,APPROVED,
postgres,980,1,2026-08-28T15:53:17.937314+00:00,2026-08-28T15:53:17.943467+00:00,6.139591001556255,BLOCKED,
voltdb,980,1,2026-08-28T15:53:17.943572+00:00,2026-08-28T15:53:17.967953+00:00,24.367741993046366,BLOCKED,
postgres,981,0,2026-08-28T15:53:17.968083+00:00,2026-08-28T15:53:17.971938+00:00,3.840834993752651,APPROVED,
voltdb,981,0,2026-08-28T15:53:17.972055+00:00,2026-08-28T15:53:17.989988+00:00,17.902064995723777,APPROVED,
postgres,983,0,2026-08-28T15:53:17.990142+00:00,2026-08-28T15:53:17.995641+00:00,5.482439009938389,APPROVED,
voltdb,983,0,2026-08-28T15:53:17.995728+00:00,2026-08-28T15:53:18.014814+00:00,19.07625600870233,APPROVED,
postgres,984,0,2026-08-28T15:53:18.014942+00:00,2026-08-28T15:53:18.019521+00:00,4.5667909871554,APPROVED,
voltdb,984,0,2026-08-28T15:53:18.019691+00:00,2026-08-28T15:53:18.037188+00:00,17.482776995166205,APPROVED,
postgres,985,0,2026-08-28T15:53:18.037396+00:00,2026-08-28T15:53:18.043775+00:00,6.3614699902245775,APPROVED,
voltdb,985,0,2026-08-28T15:53:18.043871+00:00,2026-08-28T15:53:18.063159+00:00,19.277580999187194,APPROVED,
postgres,986,0,2026-08-28T15:53:18.063265+00:00,2026-08-28T15:53:18.067742+00:00,4.465107005671598,APPROVED,
voltdb,986,0,2026-08-28T15:53:18.067824+00:00,2026-08-28T15:53:18.092573+00:00,24.737981002544984,APPROVED,
postgres,987,0,2026-08-28T15:53:18.092923+00:00,2026-08-28T15:53:18.097774+00:00,4.830963007407263,APPROVED,
voltdb,987,0,2026-08-28T15:53:18.097856+00:00,2026-08-28T15:53:18.113155+00:00,15.289216011296958,APPROVED,
postgres,989,0,2026-08-28T15:53:18.113452+00:00,2026-08-28T15:53:18.116649+00:00,3.178237995598465,APPROVED,
voltdb,989,0,2026-08-28T15:53:18.116725+00:00,2026-08-28T15:53:18.131853+00:00,15.117941002245061,APPROVED,
postgres,990,0,2026-08-28T15:53:18.132047+00:00,2026-08-28T15:53:18.136171+00:00,4.04531900130678,APPROVED,
voltdb,990,0,2026-08-28T15:53:18.136322+00:00,2026-08-28T15:53:18.153717+00:00,17.383400001563132,APPROVED,
postgres,991,0,2026-08-28T15:53:18.153847+00:00,2026-08-28T15:53:18.157007+00:00,3.149355005007237,APPROVED,
voltdb,991,0,2026-08-28T15:53:18.157083+00:00,2026-08-28T15:53:18.170958+00:00,13.865782006178051,APPROVED,
postgres,992,1,2026-08-28T15:53:18.171077+00:00,2026-08-28T15:53:18.175714+00:00,4.625991001375951,BLOCKED,
voltdb,992,1,2026-08-28T15:53:18.175800+00:00,2026-08-28T15:53:18.196780+00:00,20.969211996998638,BLOCKED,
postgres,993,0,2026-08-28T15:53:18.196917+00:00,2026-08-28T15:53:18.201752+00:00,4.819271998712793,APPROVED,
voltdb,993,0,2026-08-28T15:53:18.201827+00:00,2026-08-28T15:53:18.217204+00:00,15.367004001745954,APPROVED,
postgres,995,0,2026-08-28T15:53:18.217401+00:00,2026-08-28T15:53:18.221988+00:00,4.57233699853532,APPROVED,
voltdb,995,0,2026-08-28T15:53:18.222068+00:00,2026-08-28T15:53:18.237172+00:00,15.09354000154417,APPROVED,
postgres,996,0,2026-08-28T15:53:18.237362+00:00,2026-08-28T15:53:18.242775+00:00,5.396275999373756,APPROVED,
voltdb,996,0,2026-08-28T15:53:18.242860+00:00,2026-08-28T15:53:18.259754+00:00,16.884554002899677,APPROVED,
postgres,997,0,2026-08-28T15:53:18.259906+00:00,2026-08-28T15:53:18.263148+00:00,3.2256039994535968,APPROVED,
voltdb,997,0,2026-08-28T15:53:18.263223+00:00,2026-08-28T15:53:18.280576+00:00,17.34259200748056,APPROVED,
postgres,999,0,2026-08-28T15:53:18.280697+00:00,2026-08-28T15:53:18.283863+00:00,3.1543840013910085,APPROVED,
voltdb,999,0,2026-08-28T15:53:18.283953+00:00,2026-08-28T15:53:18.303418+00:00,19.453460001386702,APPROVED,
postgres,1001,0,2026-08-28T15:53:18.303548+00:00,2026-08-28T15:53:18.307937+00:00,4.3746629962697625,APPROVED,
voltdb,1001,0,2026-08-28T15:53:18.308026+00:00,2026-08-28T15:53:18.323628+00:00,15.591182993375696,APPROVED,
postgres,1003,0,2026-08-28T15:53:18.323734+00:00,2026-08-28T15:53:18.327240+00:00,3.493123993393965,APPROVED,
voltdb,1003,0,2026-08-28T15:53:18.327326+00:00,2026-08-28T15:53:18.343260+00:00,15.923289000056684,APPROVED,
postgres,1004,0,2026-08-28T15:53:18.343493+00:00,2026-08-28T15:53:18.347677+00:00,4.169722989900038,APPROVED,
voltdb,1004,0,2026-08-28T15:53:18.347765+00:00,2026-08-28T15:53:18.363611+00:00,15.835671001696028,APPROVED,
postgres,1007,0,2026-08-28T15:53:18.363725+00:00,2026-08-28T15:53:18.367125+00:00,3.3876709931064397,APPROVED,
voltdb,1007,0,2026-08-28T15:53:18.367211+00:00,2026-08-28T15:53:18.382256+00:00,15.03452900215052,APPROVED,
postgres,1008,0,2026-08-28T15:53:18.382483+00:00,2026-08-28T15:53:18.386275+00:00,3.758910999749787,APPROVED,
voltdb,1008,0,2026-08-28T15:53:18.386469+00:00,2026-08-28T15:53:18.403433+00:00,16.848633997142315,APPROVED,
postgres,1011,0,2026-08-28T15:53:18.403542+00:00,2026-08-28T15:53:18.407215+00:00,3.661376002128236,APPROVED,
voltdb,1011,0,2026-08-28T15:53:18.407400+00:00,2026-08-28T15:53:18.423090+00:00,15.675151997129433,APPROVED,
postgres,1012,0,2026-08-28T15:53:18.423328+00:00,2026-08-28T15:53:18.427354+00:00,4.009541007690132,APPROVED,
voltdb,1012,0,2026-08-28T15:53:18.427445+00:00,2026-08-28T15:53:18.443770+00:00,16.315671004122123,APPROVED,
postgres,1013,0,2026-08-28T15:53:18.443904+00:00,2026-08-28T15:53:18.448023+00:00,4.10508899949491,APPROVED,
voltdb,1013,0,2026-08-28T15:53:18.448108+00:00,2026-08-28T15:53:18.463901+00:00,15.78275799693074,APPROVED,
postgres,1017,0,2026-08-28T15:53:18.464024+00:00,2026-08-28T15:53:18.468148+00:00,4.1129739984171465,APPROVED,
voltdb,1017,0,2026-08-28T15:53:18.468305+00:00,2026-08-28T15:53:18.483539+00:00,15.221456007566303,APPROVED,
postgres,1019,0,2026-08-28T15:53:18.483646+00:00,2026-08-28T15:53:18.488032+00:00,4.372972005512565,APPROVED,
voltdb,1019,0,2026-08-28T15:53:18.488119+00:00,2026-08-28T15:53:18.505500+00:00,17.369339999277145,APPROVED,
postgres,1021,0,2026-08-28T15:53:18.505718+00:00,2026-08-28T15:53:18.510606+00:00,4.871876997640356,REVIEW,
voltdb,1021,0,2026-08-28T15:53:18.510686+00:00,2026-08-28T15:53:18.529679+00:00,18.982584995683283,REVIEW,
postgres,1022,0,2026-08-28T15:53:18.529813+00:00,2026-08-28T15:53:18.533929+00:00,4.096685006516054,APPROVED,
voltdb,1022,0,2026-08-28T15:53:18.534018+00:00,2026-08-28T15:53:18.551332+00:00,17.303159009316005,APPROVED,
postgres,1023,0,2026-08-28T15:53:18.551621+00:00,2026-08-28T15:53:18.555430+00:00,3.7949200050206855,APPROVED,
voltdb,1023,0,2026-08-28T15:53:18.555529+00:00,2026-08-28T15:53:18.570457+00:00,14.917566004442051,APPROVED,
postgres,1025,0,2026-08-28T15:53:18.570572+00:00,2026-08-28T15:53:18.574722+00:00,4.139772005146369,APPROVED,
voltdb,1025,0,2026-08-28T15:53:18.574802+00:00,2026-08-28T15:53:18.590875+00:00,16.06267600436695,APPROVED,
postgres,1027,0,2026-08-28T15:53:18.591028+00:00,2026-08-28T15:53:18.596799+00:00,5.75615098932758,REVIEW,
voltdb,1027,0,2026-08-28T15:53:18.596895+00:00,2026-08-28T15:53:18.617145+00:00,20.23926800757181,REVIEW,
postgres,1028,0,2026-08-28T15:53:18.617352+00:00,2026-08-28T15:53:18.621073+00:00,3.707896001287736,APPROVED,
voltdb,1028,0,2026-08-28T15:53:18.621159+00:00,2026-08-28T15:53:18.636928+00:00,15.758052002638578,APPROVED,
postgres,1031,0,2026-08-28T15:53:18.637095+00:00,2026-08-28T15:53:18.642877+00:00,5.764018002082594,APPROVED,
voltdb,1031,0,2026-08-28T15:53:18.642989+00:00,2026-08-28T15:53:18.660684+00:00,17.679102995316498,APPROVED,
postgres,1032,0,2026-08-28T15:53:18.660828+00:00,2026-08-28T15:53:18.664280+00:00,3.4391180088277906,APPROVED,
voltdb,1032,0,2026-08-28T15:53:18.664353+00:00,2026-08-28T15:53:18.679935+00:00,15.570773990475573,APPROVED,
postgres,1033,0,2026-08-28T15:53:18.680049+00:00,2026-08-28T15:53:18.684084+00:00,4.016755003249273,APPROVED,
voltdb,1033,0,2026-08-28T15:53:18.684168+00:00,2026-08-28T15:53:18.704193+00:00,20.014231005916372,APPROVED,
postgres,1034,0,2026-08-28T15:53:18.704343+00:00,2026-08-28T15:53:18.709307+00:00,4.948892004904337,APPROVED,
voltdb,1034,0,2026-08-28T15:53:18.709407+00:00,2026-08-28T15:53:18.725070+00:00,15.65247199323494,APPROVED,
postgres,1035,0,2026-08-28T15:53:18.725188+00:00,2026-08-28T15:53:18.729082+00:00,3.879598996718414,APPROVED,
voltdb,1035,0,2026-08-28T15:53:18.729169+00:00,2026-08-28T15:53:18.747500+00:00,18.3197900041705,APPROVED,
postgres,1036,0,2026-08-28T15:53:18.747613+00:00,2026-08-28T15:53:18.751828+00:00,4.203421995043755,REVIEW,
voltdb,1036,0,2026-08-28T15:53:18.751905+00:00,2026-08-28T15:53:18.770987+00:00,19.071891001658514,REVIEW,
postgres,1038,0,2026-08-28T15:53:18.771095+00:00,2026-08-28T15:53:18.775275+00:00,4.1676929977256805,APPROVED,
voltdb,1038,0,2026-08-28T15:53:18.775357+00:00,2026-08-28T15:53:18.791559+00:00,16.19060500524938,APPROVED,
postgres,1040,0,2026-08-28T15:53:18.791706+00:00,2026-08-28T15:53:18.795927+00:00,4.202508993330412,APPROVED,
voltdb,1040,0,2026-08-28T15:53:18.796013+00:00,2026-08-28T15:53:18.810683+00:00,14.660501008620486,APPROVED,
postgres,1043,0,2026-08-28T15:53:18.810794+00:00,2026-08-28T15:53:18.815666+00:00,4.859585998929106,REVIEW,
voltdb,1043,0,2026-08-28T15:53:18.815751+00:00,2026-08-28T15:53:18.834151+00:00,18.388896991382353,REVIEW,
postgres,1044,0,2026-08-28T15:53:18.834277+00:00,2026-08-28T15:53:18.837935+00:00,3.648359008366242,APPROVED,
voltdb,1044,0,2026-08-28T15:53:18.838008+00:00,2026-08-28T15:53:18.855354+00:00,17.334789008600637,APPROVED,
postgres,1047,0,2026-08-28T15:53:18.855585+00:00,2026-08-28T15:53:18.859073+00:00,3.4690320026129484,APPROVED,
voltdb,1047,0,2026-08-28T15:53:18.859155+00:00,2026-08-28T15:53:18.874477+00:00,15.311145994928665,APPROVED,
postgres,1048,0,2026-08-28T15:53:18.874634+00:00,2026-08-28T15:53:18.879172+00:00,4.5235470024636015,APPROVED,
voltdb,1048,0,2026-08-28T15:53:18.879286+00:00,2026-08-28T15:53:18.905957+00:00,26.655314009985887,APPROVED,
postgres,1050,0,2026-08-28T15:53:18.906553+00:00,2026-08-28T15:53:18.913245+00:00,6.520840004668571,APPROVED,
voltdb,1050,0,2026-08-28T15:53:18.913606+00:00,2026-08-28T15:53:18.937445+00:00,23.814827989554033,APPROVED,
postgres,1051,0,2026-08-28T15:53:18.937679+00:00,2026-08-28T15:53:18.944015+00:00,6.264244992053136,APPROVED,
voltdb,1051,0,2026-08-28T15:53:18.944103+00:00,2026-08-28T15:53:18.980954+00:00,36.83899399766233,APPROVED,
postgres,1052,0,2026-08-28T15:53:18.981128+00:00,2026-08-28T15:53:18.986880+00:00,5.73424699541647,APPROVED,
voltdb,1052,0,2026-08-28T15:53:18.987008+00:00,2026-08-28T15:53:19.006723+00:00,19.69633300905116,APPROVED,
postgres,1053,0,2026-08-28T15:53:19.006939+00:00,2026-08-28T15:53:19.013127+00:00,6.16549099504482,REVIEW,
voltdb,1053,0,2026-08-28T15:53:19.013347+00:00,2026-08-28T15:53:19.039648+00:00,26.278270001057535,REVIEW,
postgres,1054,0,2026-08-28T15:53:19.040094+00:00,2026-08-28T15:53:19.045566+00:00,5.446726005175151,APPROVED,
voltdb,1054,0,2026-08-28T15:53:19.045687+00:00,2026-08-28T15:53:19.066876+00:00,21.175174988457,APPROVED,
postgres,1055,0,2026-08-28T15:53:19.067033+00:00,2026-08-28T15:53:19.073648+00:00,6.597295010578819,APPROVED,
voltdb,1055,0,2026-08-28T15:53:19.073768+00:00,2026-08-28T15:53:19.101860+00:00,28.079094001441263,APPROVED,
postgres,1056,0,2026-08-28T15:53:19.102026+00:00,2026-08-28T15:53:19.106734+00:00,4.685730003984645,APPROVED,
voltdb,1056,0,2026-08-28T15:53:19.106845+00:00,2026-08-28T15:53:19.123813+00:00,16.954054008238018,APPROVED,
postgres,1057,0,2026-08-28T15:53:19.123927+00:00,2026-08-28T15:53:19.127754+00:00,3.8152449997141957,APPROVED,
voltdb,1057,0,2026-08-28T15:53:19.127838+00:00,2026-08-28T15:53:19.144949+00:00,17.10051500413101,APPROVED,
postgres,1061,0,2026-08-28T15:53:19.145059+00:00,2026-08-28T15:53:19.151676+00:00,6.60644999879878,REVIEW,
voltdb,1061,0,2026-08-28T15:53:19.151790+00:00,2026-08-28T15:53:19.171249+00:00,19.44627400371246,REVIEW,
postgres,1062,0,2026-08-28T15:53:19.171470+00:00,2026-08-28T15:53:19.175747+00:00,4.266887000994757,APPROVED,
voltdb,1062,0,2026-08-28T15:53:19.175823+00:00,2026-08-28T15:53:19.195519+00:00,19.684940998558886,APPROVED,
postgres,1065,0,2026-08-28T15:53:19.195622+00:00,2026-08-28T15:53:19.202008+00:00,6.371159994159825,REVIEW,
voltdb,1065,0,2026-08-28T15:53:19.202091+00:00,2026-08-28T15:53:19.221281+00:00,19.17859500099439,REVIEW,
postgres,1066,0,2026-08-28T15:53:19.221479+00:00,2026-08-28T15:53:19.224733+00:00,3.2438269990962,APPROVED,
voltdb,1066,0,2026-08-28T15:53:19.224809+00:00,2026-08-28T15:53:19.243096+00:00,18.276018992764875,APPROVED,
postgres,1068,0,2026-08-28T15:53:19.243246+00:00,2026-08-28T15:53:19.249368+00:00,6.106562999775633,APPROVED,
voltdb,1068,0,2026-08-28T15:53:19.249468+00:00,2026-08-28T15:53:19.265815+00:00,16.33410100475885,APPROVED,
postgres,1069,0,2026-08-28T15:53:19.266007+00:00,2026-08-28T15:53:19.271873+00:00,5.8452899975236505,APPROVED,
voltdb,1069,0,2026-08-28T15:53:19.271963+00:00,2026-08-28T15:53:19.288233+00:00,16.255504990112968,APPROVED,
postgres,1070,0,2026-08-28T15:53:19.288605+00:00,2026-08-28T15:53:19.292211+00:00,3.582912002457306,APPROVED,
voltdb,1070,0,2026-08-28T15:53:19.292380+00:00,2026-08-28T15:53:19.308772+00:00,16.373849008232355,APPROVED,
postgres,1072,0,2026-08-28T15:53:19.308905+00:00,2026-08-28T15:53:19.312552+00:00,3.634909007814713,APPROVED,
voltdb,1072,0,2026-08-28T15:53:19.312636+00:00,2026-08-28T15:53:19.328052+00:00,15.40455401118379,APPROVED,
postgres,1073,0,2026-08-28T15:53:19.328174+00:00,2026-08-28T15:53:19.331898+00:00,3.7132329889573157,APPROVED,
voltdb,1073,0,2026-08-28T15:53:19.331988+00:00,2026-08-28T15:53:19.349888+00:00,17.889415001263842,APPROVED,
postgres,1074,0,2026-08-28T15:53:19.350070+00:00,2026-08-28T15:53:19.354477+00:00,4.375285992864519,APPROVED,
voltdb,1074,0,2026-08-28T15:53:19.354570+00:00,2026-08-28T15:53:19.370640+00:00,16.059421002864838,APPROVED,
postgres,1075,0,2026-08-28T15:53:19.370766+00:00,2026-08-28T15:53:19.375236+00:00,4.4581910042325035,APPROVED,
voltdb,1075,0,2026-08-28T15:53:19.375325+00:00,2026-08-28T15:53:19.390828+00:00,15.491485988604836,APPROVED,
postgres,1077,0,2026-08-28T15:53:19.390949+00:00,2026-08-28T15:53:19.395418+00:00,4.456112990737893,REVIEW,
voltdb,1077,0,2026-08-28T15:53:19.395499+00:00,2026-08-28T15:53:19.419688+00:00,24.177201004931703,REVIEW,
postgres,1078,0,2026-08-28T15:53:19.419861+00:00,2026-08-28T15:53:19.424800+00:00,4.920639999909326,APPROVED,
voltdb,1078,0,2026-08-28T15:53:19.424900+00:00,2026-08-28T15:53:19.448634+00:00,23.72011900297366,APPROVED,
postgres,1081,0,2026-08-28T15:53:19.449002+00:00,2026-08-28T15:53:19.455008+00:00,5.978139000944793,REVIEW,
voltdb,1081,0,2026-08-28T15:53:19.455101+00:00,2026-08-28T15:53:19.482512+00:00,27.400390987168066,REVIEW,
postgres,1083,0,2026-08-28T15:53:19.482649+00:00,2026-08-28T15:53:19.487509+00:00,4.840127003262751,APPROVED,
voltdb,1083,0,2026-08-28T15:53:19.487629+00:00,2026-08-28T15:53:19.507754+00:00,20.111240999540314,APPROVED,
postgres,1084,0,2026-08-28T15:53:19.507878+00:00,2026-08-28T15:53:19.512479+00:00,4.58714400883764,APPROVED,
voltdb,1084,0,2026-08-28T15:53:19.512567+00:00,2026-08-28T15:53:19.528636+00:00,16.05888998892624,APPROVED,
postgres,1086,0,2026-08-28T15:53:19.528803+00:00,2026-08-28T15:53:19.533384+00:00,4.5634140114998445,APPROVED,
voltdb,1086,0,2026-08-28T15:53:19.533548+00:00,2026-08-28T15:53:19.554033+00:00,20.466525995288976,APPROVED,
postgres,1087,0,2026-08-28T15:53:19.554148+00:00,2026-08-28T15:53:19.557726+00:00,3.5664919996634126,APPROVED,
voltdb,1087,0,2026-08-28T15:53:19.557815+00:00,2026-08-28T15:53:19.572733+00:00,14.906756012351252,APPROVED,
postgres,1089,0,2026-08-28T15:53:19.572890+00:00,2026-08-28T15:53:19.577047+00:00,4.140517994528636,APPROVED,
voltdb,1089,0,2026-08-28T15:53:19.577127+00:00,2026-08-28T15:53:19.593015+00:00,15.877329002250917,APPROVED,
postgres,1090,0,2026-08-28T15:53:19.593158+00:00,2026-08-28T15:53:19.596819+00:00,3.649296995718032,APPROVED,
voltdb,1090,0,2026-08-28T15:53:19.596900+00:00,2026-08-28T15:53:19.613651+00:00,16.74126800207887,APPROVED,
postgres,1094,0,2026-08-28T15:53:19.613852+00:00,2026-08-28T15:53:19.617283+00:00,3.417608008021489,APPROVED,
voltdb,1094,0,2026-08-28T15:53:19.617364+00:00,2026-08-28T15:53:19.632780+00:00,15.405010009999387,APPROVED,
postgres,1096,0,2026-08-28T15:53:19.632913+00:00,2026-08-28T15:53:19.636633+00:00,3.7028109945822507,APPROVED,
voltdb,1096,0,2026-08-28T15:53:19.636717+00:00,2026-08-28T15:53:19.653849+00:00,17.119183001341298,APPROVED,
postgres,1097,0,2026-08-28T15:53:19.654060+00:00,2026-08-28T15:53:19.657892+00:00,3.8117669901112095,APPROVED,
voltdb,1097,0,2026-08-28T15:53:19.658001+00:00,2026-08-28T15:53:19.673869+00:00,15.856204001465812,APPROVED,
postgres,1098,0,2026-08-28T15:53:19.674043+00:00,2026-08-28T15:53:19.677262+00:00,3.2075339986477047,APPROVED,
voltdb,1098,0,2026-08-28T15:53:19.677345+00:00,2026-08-28T15:53:19.693036+00:00,15.67944600537885,APPROVED,
postgres,1099,0,2026-08-28T15:53:19.693368+00:00,2026-08-28T15:53:19.697148+00:00,3.7589730054605752,APPROVED,
voltdb,1099,0,2026-08-28T15:53:19.697240+00:00,2026-08-28T15:53:19.713869+00:00,16.618854002445005,APPROVED,
postgres,1100,0,2026-08-28T15:53:19.714046+00:00,2026-08-28T15:53:19.717887+00:00,3.809050002018921,APPROVED,
voltdb,1100,0,2026-08-28T15:53:19.717967+00:00,2026-08-28T15:53:19.740274+00:00,22.296709998045117,APPROVED,
postgres,1101,0,2026-08-28T15:53:19.740619+00:00,2026-08-28T15:53:19.745242+00:00,4.604938003467396,APPROVED,
voltdb,1101,0,2026-08-28T15:53:19.745326+00:00,2026-08-28T15:53:19.764854+00:00,19.48993500263896,APPROVED,
postgres,1105,1,2026-08-28T15:53:19.764973+00:00,2026-08-28T15:53:19.770047+00:00,5.0622989947441965,REVIEW,
voltdb,1105,1,2026-08-28T15:53:19.770132+00:00,2026-08-28T15:53:19.790977+00:00,20.834996001212858,REVIEW,
postgres,1106,0,2026-08-28T15:53:19.791096+00:00,2026-08-28T15:53:19.794785+00:00,3.6762259987881407,APPROVED,
voltdb,1106,0,2026-08-28T15:53:19.794875+00:00,2026-08-28T15:53:19.810425+00:00,15.536156002781354,APPROVED,
postgres,1107,0,2026-08-28T15:53:19.810537+00:00,2026-08-28T15:53:19.814150+00:00,3.59784800093621,APPROVED,
voltdb,1107,0,2026-08-28T15:53:19.814389+00:00,2026-08-28T15:53:19.832069+00:00,17.630941001698375,APPROVED,
postgres,1109,0,2026-08-28T15:53:19.832186+00:00,2026-08-28T15:53:19.836186+00:00,3.9885800069896504,APPROVED,
voltdb,1109,0,2026-08-28T15:53:19.836263+00:00,2026-08-28T15:53:19.851693+00:00,15.41747098963242,APPROVED,
postgres,1111,0,2026-08-28T15:53:19.851810+00:00,2026-08-28T15:53:19.856427+00:00,4.603813009453006,APPROVED,
voltdb,1111,0,2026-08-28T15:53:19.856514+00:00,2026-08-28T15:53:19.871682+00:00,15.157001005718485,APPROVED,
postgres,1113,0,2026-08-28T15:53:19.871795+00:00,2026-08-28T15:53:19.875578+00:00,3.7709650059696287,APPROVED,
voltdb,1113,0,2026-08-28T15:53:19.875667+00:00,2026-08-28T15:53:19.891278+00:00,15.600336002535187,APPROVED,
postgres,1115,0,2026-08-28T15:53:19.891487+00:00,2026-08-28T15:53:19.896000+00:00,4.49845299590379,APPROVED,
voltdb,1115,0,2026-08-28T15:53:19.896101+00:00,2026-08-28T15:53:19.911949+00:00,15.836689999559894,APPROVED,
postgres,1117,1,2026-08-28T15:53:19.912151+00:00,2026-08-28T15:53:19.916490+00:00,4.323468994698487,BLOCKED,
voltdb,1117,1,2026-08-28T15:53:19.916574+00:00,2026-08-28T15:53:19.936651+00:00,20.066804005182348,BLOCKED,
postgres,1118,0,2026-08-28T15:53:19.936793+00:00,2026-08-28T15:53:19.940117+00:00,3.309595995233394,APPROVED,
voltdb,1118,0,2026-08-28T15:53:19.940215+00:00,2026-08-28T15:53:19.957795+00:00,17.568775001564063,APPROVED,
postgres,1120,0,2026-08-28T15:53:19.957929+00:00,2026-08-28T15:53:19.962627+00:00,4.679745004978031,APPROVED,
voltdb,1120,0,2026-08-28T15:53:19.962710+00:00,2026-08-28T15:53:19.979172+00:00,16.45102100155782,APPROVED,
postgres,1122,0,2026-08-28T15:53:19.979390+00:00,2026-08-28T15:53:19.983197+00:00,3.7919699971098453,APPROVED,
voltdb,1122,0,2026-08-28T15:53:19.983357+00:00,2026-08-28T15:53:19.998606+00:00,15.23795300454367,APPROVED,
postgres,1123,0,2026-08-28T15:53:19.998717+00:00,2026-08-28T15:53:20.003336+00:00,4.600803003995679,APPROVED,
voltdb,1123,0,2026-08-28T15:53:20.003563+00:00,2026-08-28T15:53:20.021009+00:00,17.377102994942106,APPROVED,
postgres,1124,0,2026-08-28T15:53:20.021377+00:00,2026-08-28T15:53:20.024850+00:00,3.4259370004292578,APPROVED,
voltdb,1124,0,2026-08-28T15:53:20.024927+00:00,2026-08-28T15:53:20.042400+00:00,17.461602998082526,APPROVED,
postgres,1125,0,2026-08-28T15:53:20.042513+00:00,2026-08-28T15:53:20.045689+00:00,3.1661639950471,APPROVED,
voltdb,1125,0,2026-08-28T15:53:20.045778+00:00,2026-08-28T15:53:20.062096+00:00,16.30413300881628,APPROVED,
postgres,1126,0,2026-08-28T15:53:20.062208+00:00,2026-08-28T15:53:20.065362+00:00,3.1440759921679273,APPROVED,
voltdb,1126,0,2026-08-28T15:53:20.065441+00:00,2026-08-28T15:53:20.082400+00:00,16.94424799643457,APPROVED,
postgres,1127,0,2026-08-28T15:53:20.082603+00:00,2026-08-28T15:53:20.085967+00:00,3.352521001943387,APPROVED,
voltdb,1127,0,2026-08-28T15:53:20.086051+00:00,2026-08-28T15:53:20.105633+00:00,19.57156199205201,APPROVED,
postgres,1128,0,2026-08-28T15:53:20.105747+00:00,2026-08-28T15:53:20.110868+00:00,5.109272009576671,APPROVED,
voltdb,1128,0,2026-08-28T15:53:20.110953+00:00,2026-08-28T15:53:20.126433+00:00,15.468205005163327,APPROVED,
postgres,1129,0,2026-08-28T15:53:20.126569+00:00,2026-08-28T15:53:20.130499+00:00,3.9111380028771237,APPROVED,
voltdb,1129,0,2026-08-28T15:53:20.130581+00:00,2026-08-28T15:53:20.146772+00:00,16.178563004359603,APPROVED,
postgres,1131,0,2026-08-28T15:53:20.146981+00:00,2026-08-28T15:53:20.150851+00:00,3.8550589961232617,APPROVED,
voltdb,1131,0,2026-08-28T15:53:20.150932+00:00,2026-08-28T15:53:20.166801+00:00,15.858309008763172,APPROVED,
postgres,1134,0,2026-08-28T15:53:20.166952+00:00,2026-08-28T15:53:20.170690+00:00,3.7161549989832565,APPROVED,
voltdb,1134,0,2026-08-28T15:53:20.170770+00:00,2026-08-28T15:53:20.186090+00:00,15.306743996916339,APPROVED,
postgres,1135,0,2026-08-28T15:53:20.186254+00:00,2026-08-28T15:53:20.190848+00:00,4.577362007694319,APPROVED,
voltdb,1135,0,2026-08-28T15:53:20.190932+00:00,2026-08-28T15:53:20.206202+00:00,15.258867002557963,APPROVED,
postgres,1136,0,2026-08-28T15:53:20.206475+00:00,2026-08-28T15:53:20.211454+00:00,4.959843005053699,APPROVED,
voltdb,1136,0,2026-08-28T15:53:20.211541+00:00,2026-08-28T15:53:20.229200+00:00,17.648023989750072,APPROVED,
postgres,1137,0,2026-08-28T15:53:20.229357+00:00,2026-08-28T15:53:20.233615+00:00,4.241757997078821,APPROVED,
voltdb,1137,0,2026-08-28T15:53:20.233715+00:00,2026-08-28T15:53:20.251513+00:00,17.7845230064122,APPROVED,
postgres,1138,0,2026-08-28T15:53:20.251642+00:00,2026-08-28T15:53:20.255838+00:00,4.184431993053295,APPROVED,
voltdb,1138,0,2026-08-28T15:53:20.255924+00:00,2026-08-28T15:53:20.272510+00:00,16.575865010963753,APPROVED,
postgres,1142,0,2026-08-28T15:53:20.272712+00:00,2026-08-28T15:53:20.276340+00:00,3.612606000388041,APPROVED,
voltdb,1142,0,2026-08-28T15:53:20.276421+00:00,2026-08-28T15:53:20.294423+00:00,17.989882006077096,APPROVED,
postgres,1144,0,2026-08-28T15:53:20.294590+00:00,2026-08-28T15:53:20.301285+00:00,6.674277989077382,APPROVED,
voltdb,1144,0,2026-08-28T15:53:20.301407+00:00,2026-08-28T15:53:20.323203+00:00,21.78128900413867,APPROVED,
postgres,1146,0,2026-08-28T15:53:20.323596+00:00,2026-08-28T15:53:20.328219+00:00,4.600476997438818,APPROVED,
voltdb,1146,0,2026-08-28T15:53:20.328395+00:00,2026-08-28T15:53:20.346878+00:00,18.466911991708912,APPROVED,
postgres,1148,0,2026-08-28T15:53:20.347005+00:00,2026-08-28T15:53:20.352856+00:00,5.839207005919889,APPROVED,
voltdb,1148,0,2026-08-28T15:53:20.352945+00:00,2026-08-28T15:53:20.372002+00:00,19.045745008043014,APPROVED,
postgres,1151,0,2026-08-28T15:53:20.372139+00:00,2026-08-28T15:53:20.377819+00:00,5.66143800097052,APPROVED,
voltdb,1151,0,2026-08-28T15:53:20.377908+00:00,2026-08-28T15:53:20.397316+00:00,19.397153009776957,APPROVED,
postgres,1153,0,2026-08-28T15:53:20.397433+00:00,2026-08-28T15:53:20.403291+00:00,5.845357009093277,APPROVED,
voltdb,1153,0,2026-08-28T15:53:20.403381+00:00,2026-08-28T15:53:20.421493+00:00,18.101488996762782,APPROVED,
postgres,1154,0,2026-08-28T15:53:20.421616+00:00,2026-08-28T15:53:20.426228+00:00,4.598443003487773,APPROVED,
voltdb,1154,0,2026-08-28T15:53:20.426713+00:00,2026-08-28T15:53:20.446675+00:00,19.93325700459536,APPROVED,
postgres,1157,0,2026-08-28T15:53:20.446810+00:00,2026-08-28T15:53:20.452427+00:00,5.564111997955479,REVIEW,
voltdb,1157,0,2026-08-28T15:53:20.452511+00:00,2026-08-28T15:53:20.473116+00:00,20.593915003701113,REVIEW,
postgres,1158,0,2026-08-28T15:53:20.473241+00:00,2026-08-28T15:53:20.477192+00:00,3.9390300080413,APPROVED,
voltdb,1158,0,2026-08-28T15:53:20.477279+00:00,2026-08-28T15:53:20.495759+00:00,18.469040995114483,APPROVED,
postgres,1159,0,2026-08-28T15:53:20.495998+00:00,2026-08-28T15:53:20.501220+00:00,5.200972998864017,APPROVED,
voltdb,1159,0,2026-08-28T15:53:20.501416+00:00,2026-08-28T15:53:20.518630+00:00,17.202867995365523,APPROVED,
postgres,1160,0,2026-08-28T15:53:20.518759+00:00,2026-08-28T15:53:20.524111+00:00,5.337827999028377,APPROVED,
voltdb,1160,0,2026-08-28T15:53:20.524194+00:00,2026-08-28T15:53:20.541589+00:00,17.383750004228204,APPROVED,
postgres,1161,0,2026-08-28T15:53:20.541756+00:00,2026-08-28T15:53:20.545091+00:00,3.3225599909201264,APPROVED,
voltdb,1161,0,2026-08-28T15:53:20.545175+00:00,2026-08-28T15:53:20.562844+00:00,17.658558004768565,APPROVED,
postgres,1162,0,2026-08-28T15:53:20.562956+00:00,2026-08-28T15:53:20.566279+00:00,3.3014149958034977,APPROVED,
voltdb,1162,0,2026-08-28T15:53:20.566362+00:00,2026-08-28T15:53:20.583547+00:00,17.173523010569625,APPROVED,
postgres,1164,0,2026-08-28T15:53:20.583761+00:00,2026-08-28T15:53:20.587391+00:00,3.6117510026087984,APPROVED,
voltdb,1164,0,2026-08-28T15:53:20.587770+00:00,2026-08-28T15:53:20.611853+00:00,24.060948999249376,APPROVED,
postgres,1165,0,2026-08-28T15:53:20.611985+00:00,2026-08-28T15:53:20.617148+00:00,5.1502959977369756,APPROVED,
voltdb,1165,0,2026-08-28T15:53:20.617379+00:00,2026-08-28T15:53:20.634176+00:00,16.783058003056794,APPROVED,
postgres,1166,0,2026-08-28T15:53:20.634500+00:00,2026-08-28T15:53:20.638603+00:00,4.087812005309388,APPROVED,
voltdb,1166,0,2026-08-28T15:53:20.638684+00:00,2026-08-28T15:53:20.657922+00:00,19.228324003051966,APPROVED,
postgres,1168,0,2026-08-28T15:53:20.658059+00:00,2026-08-28T15:53:20.662014+00:00,3.942040988476947,APPROVED,
voltdb,1168,0,2026-08-28T15:53:20.662104+00:00,2026-08-28T15:53:20.678811+00:00,16.695668004103936,APPROVED,
postgres,1171,0,2026-08-28T15:53:20.678958+00:00,2026-08-28T15:53:20.684158+00:00,5.18850599473808,APPROVED,
voltdb,1171,0,2026-08-28T15:53:20.684339+00:00,2026-08-28T15:53:20.702393+00:00,18.04095999978017,APPROVED,
postgres,1172,1,2026-08-28T15:53:20.702529+00:00,2026-08-28T15:53:20.706877+00:00,4.297859995858744,REVIEW,
voltdb,1172,1,2026-08-28T15:53:20.706982+00:00,2026-08-28T15:53:20.731521+00:00,24.523792992113158,REVIEW,
postgres,1173,0,2026-08-28T15:53:20.731642+00:00,2026-08-28T15:53:20.739886+00:00,8.22975899791345,APPROVED,
voltdb,1173,0,2026-08-28T15:53:20.739999+00:00,2026-08-28T15:53:20.759655+00:00,19.64070500980597,APPROVED,
postgres,1175,0,2026-08-28T15:53:20.759748+00:00,2026-08-28T15:53:20.766451+00:00,6.688327994197607,APPROVED,
voltdb,1175,0,2026-08-28T15:53:20.766546+00:00,2026-08-28T15:53:20.784601+00:00,18.043069998384453,APPROVED,
postgres,1177,0,2026-08-28T15:53:20.784716+00:00,2026-08-28T15:53:20.791133+00:00,6.404563988326117,APPROVED,
voltdb,1177,0,2026-08-28T15:53:20.791225+00:00,2026-08-28T15:53:20.811649+00:00,20.412629994098097,APPROVED,
postgres,1178,0,2026-08-28T15:53:20.811786+00:00,2026-08-28T15:53:20.817043+00:00,5.243213003268465,APPROVED,
voltdb,1178,0,2026-08-28T15:53:20.817134+00:00,2026-08-28T15:53:20.834087+00:00,16.94158199825324,APPROVED,
postgres,1179,0,2026-08-28T15:53:20.834466+00:00,2026-08-28T15:53:20.838088+00:00,3.6048159963684157,APPROVED,
voltdb,1179,0,2026-08-28T15:53:20.838179+00:00,2026-08-28T15:53:20.856087+00:00,17.898210004204884,APPROVED,
postgres,1181,0,2026-08-28T15:53:20.856211+00:00,2026-08-28T15:53:20.859988+00:00,3.7651129969162866,APPROVED,
voltdb,1181,0,2026-08-28T15:53:20.860077+00:00,2026-08-28T15:53:20.877857+00:00,17.769618993042968,APPROVED,
postgres,1182,0,2026-08-28T15:53:20.878002+00:00,2026-08-28T15:53:20.882612+00:00,4.596518992912024,APPROVED,
voltdb,1182,0,2026-08-28T15:53:20.882715+00:00,2026-08-28T15:53:20.899301+00:00,16.5745970007265,APPROVED,
postgres,1183,0,2026-08-28T15:53:20.899556+00:00,2026-08-28T15:53:20.903773+00:00,4.1943210089812055,APPROVED,
voltdb,1183,0,2026-08-28T15:53:20.903855+00:00,2026-08-28T15:53:20.921138+00:00,17.271586999413557,APPROVED,
postgres,1185,0,2026-08-28T15:53:20.921275+00:00,2026-08-28T15:53:20.925521+00:00,4.23204198887106,APPROVED,
voltdb,1185,0,2026-08-28T15:53:20.925612+00:00,2026-08-28T15:53:20.942430+00:00,16.805823994218372,APPROVED,
postgres,1186,0,2026-08-28T15:53:20.942647+00:00,2026-08-28T15:53:20.946046+00:00,3.3877199894050136,APPROVED,
voltdb,1186,0,2026-08-28T15:53:20.946140+00:00,2026-08-28T15:53:20.965623+00:00,19.471450010314584,APPROVED,
postgres,1187,0,2026-08-28T15:53:20.965788+00:00,2026-08-28T15:53:20.971032+00:00,5.2278810035204515,APPROVED,
voltdb,1187,0,2026-08-28T15:53:20.971125+00:00,2026-08-28T15:53:20.990645+00:00,19.509474994265474,APPROVED,
postgres,1188,0,2026-08-28T15:53:20.990795+00:00,2026-08-28T15:53:20.996742+00:00,5.931099993176758,APPROVED,
voltdb,1188,0,2026-08-28T15:53:20.996831+00:00,2026-08-28T15:53:21.016738+00:00,19.896204001270235,APPROVED,
postgres,1191,0,2026-08-28T15:53:21.016852+00:00,2026-08-28T15:53:21.020460+00:00,3.5954670020146295,APPROVED,
voltdb,1191,0,2026-08-28T15:53:21.020563+00:00,2026-08-28T15:53:21.037423+00:00,16.848678002133965,APPROVED,
postgres,1192,0,2026-08-28T15:53:21.037549+00:00,2026-08-28T15:53:21.041990+00:00,4.4281890004640445,APPROVED,
voltdb,1192,0,2026-08-28T15:53:21.042086+00:00,2026-08-28T15:53:21.058555+00:00,16.45666200784035,APPROVED,
postgres,1193,0,2026-08-28T15:53:21.058677+00:00,2026-08-28T15:53:21.062523+00:00,3.833422000752762,APPROVED,
voltdb,1193,0,2026-08-28T15:53:21.062621+00:00,2026-08-28T15:53:21.082255+00:00,19.62267300405074,APPROVED,
postgres,1194,0,2026-08-28T15:53:21.082543+00:00,2026-08-28T15:53:21.086646+00:00,4.075814998941496,APPROVED,
voltdb,1194,0,2026-08-28T15:53:21.086738+00:00,2026-08-28T15:53:21.108848+00:00,22.097061009844765,APPROVED,
postgres,1195,0,2026-08-28T15:53:21.109482+00:00,2026-08-28T15:53:21.115914+00:00,6.402650004019961,APPROVED,
voltdb,1195,0,2026-08-28T15:53:21.116002+00:00,2026-08-28T15:53:21.134559+00:00,18.544656995800324,APPROVED,
postgres,1197,0,2026-08-28T15:53:21.134728+00:00,2026-08-28T15:53:21.139910+00:00,5.164924994460307,APPROVED,
voltdb,1197,0,2026-08-28T15:53:21.140000+00:00,2026-08-28T15:53:21.156602+00:00,16.591024992521852,APPROVED,
postgres,1198,0,2026-08-28T15:53:21.156727+00:00,2026-08-28T15:53:21.161482+00:00,4.742431003251113,REVIEW,
voltdb,1198,0,2026-08-28T15:53:21.161576+00:00,2026-08-28T15:53:21.184082+00:00,22.49464299529791,REVIEW,
postgres,1199,0,2026-08-28T15:53:21.184215+00:00,2026-08-28T15:53:21.189068+00:00,4.8365190014010295,APPROVED,
voltdb,1199,0,2026-08-28T15:53:21.189177+00:00,2026-08-28T15:53:21.206734+00:00,17.539160005981103,APPROVED,
postgres,1200,0,2026-08-28T15:53:21.206916+00:00,2026-08-28T15:53:21.211130+00:00,4.201071002171375,APPROVED,
voltdb,1200,0,2026-08-28T15:53:21.211218+00:00,2026-08-28T15:53:21.227956+00:00,16.727138005080633,APPROVED,
postgres,1201,0,2026-08-28T15:53:21.228082+00:00,2026-08-28T15:53:21.232543+00:00,4.448849009349942,APPROVED,
voltdb,1201,0,2026-08-28T15:53:21.232630+00:00,2026-08-28T15:53:21.251344+00:00,18.702201996347867,APPROVED,
postgres,1202,0,2026-08-28T15:53:21.251493+00:00,2026-08-28T15:53:21.256958+00:00,5.4516630043508485,APPROVED,
voltdb,1202,0,2026-08-28T15:53:21.257053+00:00,2026-08-28T15:53:21.276123+00:00,19.05875900411047,APPROVED,
postgres,1203,0,2026-08-28T15:53:21.276370+00:00,2026-08-28T15:53:21.279794+00:00,3.407915006391704,APPROVED,
voltdb,1203,0,2026-08-28T15:53:21.279903+00:00,2026-08-28T15:53:21.299430+00:00,19.512095997924916,APPROVED,
postgres,1204,0,2026-08-28T15:53:21.299548+00:00,2026-08-28T15:53:21.304442+00:00,4.881610002485104,APPROVED,
voltdb,1204,0,2026-08-28T15:53:21.304531+00:00,2026-08-28T15:53:21.322087+00:00,17.54584300215356,APPROVED,
postgres,1205,0,2026-08-28T15:53:21.322206+00:00,2026-08-28T15:53:21.325491+00:00,3.2743710034992546,APPROVED,
voltdb,1205,0,2026-08-28T15:53:21.325572+00:00,2026-08-28T15:53:21.341695+00:00,16.111947988974862,APPROVED,
postgres,1206,0,2026-08-28T15:53:21.341913+00:00,2026-08-28T15:53:21.345028+00:00,3.10279599216301,APPROVED,
voltdb,1206,0,2026-08-28T15:53:21.345106+00:00,2026-08-28T15:53:21.361948+00:00,16.83139501255937,APPROVED,
postgres,1207,0,2026-08-28T15:53:21.362066+00:00,2026-08-28T15:53:21.365513+00:00,3.435007994994521,APPROVED,
voltdb,1207,0,2026-08-28T15:53:21.365608+00:00,2026-08-28T15:53:21.382372+00:00,16.753738003899343,APPROVED,
postgres,1208,0,2026-08-28T15:53:21.382492+00:00,2026-08-28T15:53:21.386048+00:00,3.5359440080355853,APPROVED,
voltdb,1208,0,2026-08-28T15:53:21.386132+00:00,2026-08-28T15:53:21.403601+00:00,17.45800299977418,APPROVED,
postgres,1209,0,2026-08-28T15:53:21.403735+00:00,2026-08-28T15:53:21.407668+00:00,3.9148060022853315,REVIEW,
voltdb,1209,0,2026-08-28T15:53:21.407760+00:00,2026-08-28T15:53:21.428158+00:00,20.38735299720429,REVIEW,
postgres,1210,0,2026-08-28T15:53:21.428295+00:00,2026-08-28T15:53:21.433260+00:00,4.950603004544973,REVIEW,
voltdb,1210,0,2026-08-28T15:53:21.433353+00:00,2026-08-28T15:53:21.458127+00:00,24.76314599334728,REVIEW,
postgres,1211,0,2026-08-28T15:53:21.458239+00:00,2026-08-28T15:53:21.463583+00:00,5.331300999387167,APPROVED,
voltdb,1211,0,2026-08-28T15:53:21.463671+00:00,2026-08-28T15:53:21.483368+00:00,19.68550700985361,APPROVED,
postgres,1212,0,2026-08-28T15:53:21.483509+00:00,2026-08-28T15:53:21.487101+00:00,3.578030999051407,APPROVED,
voltdb,1212,0,2026-08-28T15:53:21.487193+00:00,2026-08-28T15:53:21.503585+00:00,16.380105007556267,APPROVED,
postgres,1213,0,2026-08-28T15:53:21.503710+00:00,2026-08-28T15:53:21.507668+00:00,3.9435259968740866,APPROVED,
voltdb,1213,0,2026-08-28T15:53:21.507770+00:00,2026-08-28T15:53:21.524217+00:00,16.435525001725182,APPROVED,
postgres,1214,1,2026-08-28T15:53:21.524500+00:00,2026-08-28T15:53:21.528876+00:00,4.355086988653056,BLOCKED,
voltdb,1214,1,2026-08-28T15:53:21.528964+00:00,2026-08-28T15:53:21.549349+00:00,20.37143599591218,BLOCKED,
postgres,1216,0,2026-08-28T15:53:21.549485+00:00,2026-08-28T15:53:21.552864+00:00,3.3666359959170222,APPROVED,
voltdb,1216,0,2026-08-28T15:53:21.552958+00:00,2026-08-28T15:53:21.569103+00:00,16.134265999426134,APPROVED,
postgres,1217,0,2026-08-28T15:53:21.569401+00:00,2026-08-28T15:53:21.572938+00:00,3.521374994306825,APPROVED,
voltdb,1217,0,2026-08-28T15:53:21.573029+00:00,2026-08-28T15:53:21.590573+00:00,17.53189899318386,APPROVED,
postgres,1218,0,2026-08-28T15:53:21.590696+00:00,2026-08-28T15:53:21.594151+00:00,3.429307005717419,APPROVED,
voltdb,1218,0,2026-08-28T15:53:21.594369+00:00,2026-08-28T15:53:21.610919+00:00,16.533745991182514,APPROVED,
postgres,1219,1,2026-08-28T15:53:21.611036+00:00,2026-08-28T15:53:21.618224+00:00,7.17278900265228,REVIEW,
voltdb,1219,1,2026-08-28T15:53:21.618499+00:00,2026-08-28T15:53:21.659882+00:00,41.35630599921569,REVIEW,
postgres,1220,0,2026-08-28T15:53:21.660050+00:00,2026-08-28T15:53:21.669546+00:00,9.47881699539721,APPROVED,
voltdb,1220,0,2026-08-28T15:53:21.669651+00:00,2026-08-28T15:53:21.695952+00:00,26.289778004866093,APPROVED,
postgres,1221,0,2026-08-28T15:53:21.698147+00:00,2026-08-28T15:53:21.715777+00:00,17.598078004084527,APPROVED,
voltdb,1221,0,2026-08-28T15:53:21.715872+00:00,2026-08-28T15:53:21.741216+00:00,25.33242999925278,APPROVED,
postgres,1222,0,2026-08-28T15:53:21.741476+00:00,2026-08-28T15:53:21.745467+00:00,3.9549229986732826,APPROVED,
voltdb,1222,0,2026-08-28T15:53:21.745549+00:00,2026-08-28T15:53:21.762933+00:00,17.3732779949205,APPROVED,
postgres,1226,0,2026-08-28T15:53:21.763073+00:00,2026-08-28T15:53:21.766935+00:00,3.842796999379061,APPROVED,
voltdb,1226,0,2026-08-28T15:53:21.767025+00:00,2026-08-28T15:53:21.783127+00:00,16.090367003926076,APPROVED,
postgres,1227,0,2026-08-28T15:53:21.783243+00:00,2026-08-28T15:53:21.787145+00:00,3.8379769976017997,APPROVED,
voltdb,1227,0,2026-08-28T15:53:21.787408+00:00,2026-08-28T15:53:21.804014+00:00,16.59090399334673,APPROVED,
postgres,1228,0,2026-08-28T15:53:21.804187+00:00,2026-08-28T15:53:21.808337+00:00,4.132954010856338,APPROVED,
voltdb,1228,0,2026-08-28T15:53:21.808566+00:00,2026-08-28T15:53:21.825973+00:00,17.38490699790418,APPROVED,
postgres,1229,0,2026-08-28T15:53:21.826092+00:00,2026-08-28T15:53:21.831441+00:00,5.336016998626292,APPROVED,
voltdb,1229,0,2026-08-28T15:53:21.831539+00:00,2026-08-28T15:53:21.850341+00:00,18.788280998705886,APPROVED,
postgres,1230,0,2026-08-28T15:53:21.850460+00:00,2026-08-28T15:53:21.855970+00:00,5.4950240009929985,APPROVED,
voltdb,1230,0,2026-08-28T15:53:21.856090+00:00,2026-08-28T15:53:21.874474+00:00,18.356703003519215,APPROVED,
postgres,1231,0,2026-08-28T15:53:21.874632+00:00,2026-08-28T15:53:21.878832+00:00,4.178230999968946,APPROVED,
voltdb,1231,0,2026-08-28T15:53:21.878925+00:00,2026-08-28T15:53:21.898601+00:00,19.665041007101536,APPROVED,
postgres,1233,0,2026-08-28T15:53:21.898715+00:00,2026-08-28T15:53:21.903265+00:00,4.538533001323231,APPROVED,
voltdb,1233,0,2026-08-28T15:53:21.903357+00:00,2026-08-28T15:53:21.920550+00:00,17.17959000961855,APPROVED,
postgres,1234,0,2026-08-28T15:53:21.920876+00:00,2026-08-28T15:53:21.924508+00:00,3.6164349876344204,APPROVED,
voltdb,1234,0,2026-08-28T15:53:21.924589+00:00,2026-08-28T15:53:21.942145+00:00,17.544710004585795,APPROVED,
postgres,1235,0,2026-08-28T15:53:21.942288+00:00,2026-08-28T15:53:21.946091+00:00,3.7858949945075437,APPROVED,
voltdb,1235,0,2026-08-28T15:53:21.946173+00:00,2026-08-28T15:53:21.966059+00:00,19.87556499079801,APPROVED,
postgres,1236,0,2026-08-28T15:53:21.966236+00:00,2026-08-28T15:53:21.972316+00:00,6.060729996534064,APPROVED,
voltdb,1236,0,2026-08-28T15:53:21.972407+00:00,2026-08-28T15:53:21.995599+00:00,23.179744006483816,APPROVED,
postgres,1237,0,2026-08-28T15:53:21.995740+00:00,2026-08-28T15:53:22.000175+00:00,4.421802004799247,APPROVED,
voltdb,1237,0,2026-08-28T15:53:22.000487+00:00,2026-08-28T15:53:22.022575+00:00,22.06915400165599,APPROVED,
postgres,1239,0,2026-08-28T15:53:22.022692+00:00,2026-08-28T15:53:22.026828+00:00,4.1213100048480555,APPROVED,
voltdb,1239,0,2026-08-28T15:53:22.026973+00:00,2026-08-28T15:53:22.048678+00:00,21.684444000129588,APPROVED,
postgres,1240,0,2026-08-28T15:53:22.048918+00:00,2026-08-28T15:53:22.054427+00:00,5.457577004563063,APPROVED,
voltdb,1240,0,2026-08-28T15:53:22.054541+00:00,2026-08-28T15:53:22.075616+00:00,21.061848994577304,APPROVED,
postgres,1241,0,2026-08-28T15:53:22.075779+00:00,2026-08-28T15:53:22.080667+00:00,4.872549005085602,APPROVED,
voltdb,1241,0,2026-08-28T15:53:22.080822+00:00,2026-08-28T15:53:22.100592+00:00,19.75112898799125,APPROVED,
postgres,1242,0,2026-08-28T15:53:22.100740+00:00,2026-08-28T15:53:22.105497+00:00,4.7380769974552095,APPROVED,
voltdb,1242,0,2026-08-28T15:53:22.105586+00:00,2026-08-28T15:53:22.123973+00:00,18.376124993665144,APPROVED,
postgres,1243,0,2026-08-28T15:53:22.124103+00:00,2026-08-28T15:53:22.127863+00:00,3.745773996342905,APPROVED,
voltdb,1243,0,2026-08-28T15:53:22.127954+00:00,2026-08-28T15:53:22.145657+00:00,17.69131000037305,APPROVED,
postgres,1244,0,2026-08-28T15:53:22.145777+00:00,2026-08-28T15:53:22.150551+00:00,4.761116986628622,APPROVED,
voltdb,1244,0,2026-08-28T15:53:22.150645+00:00,2026-08-28T15:53:22.166952+00:00,16.295720997732133,APPROVED,
postgres,1245,0,2026-08-28T15:53:22.167093+00:00,2026-08-28T15:53:22.171660+00:00,4.551054997136816,APPROVED,
voltdb,1245,0,2026-08-28T15:53:22.171749+00:00,2026-08-28T15:53:22.188550+00:00,16.786810010671616,APPROVED,
postgres,1246,0,2026-08-28T15:53:22.188837+00:00,2026-08-28T15:53:22.193170+00:00,4.309022013330832,APPROVED,
voltdb,1246,0,2026-08-28T15:53:22.193443+00:00,2026-08-28T15:53:22.209692+00:00,16.226143008680083,APPROVED,
postgres,1248,0,2026-08-28T15:53:22.209947+00:00,2026-08-28T15:53:22.213721+00:00,3.757102007512003,APPROVED,
voltdb,1248,0,2026-08-28T15:53:22.213846+00:00,2026-08-28T15:53:22.230993+00:00,17.123759011155926,APPROVED,
postgres,1249,0,2026-08-28T15:53:22.231112+00:00,2026-08-28T15:53:22.234787+00:00,3.644398006144911,APPROVED,
voltdb,1249,0,2026-08-28T15:53:22.234892+00:00,2026-08-28T15:53:22.255618+00:00,20.71395399980247,APPROVED,
postgres,1250,0,2026-08-28T15:53:22.255738+00:00,2026-08-28T15:53:22.259815+00:00,4.064685999765061,APPROVED,
voltdb,1250,0,2026-08-28T15:53:22.259904+00:00,2026-08-28T15:53:22.277984+00:00,18.06965100695379,APPROVED,
postgres,1251,0,2026-08-28T15:53:22.278110+00:00,2026-08-28T15:53:22.284125+00:00,6.001016998197883,APPROVED,
voltdb,1251,0,2026-08-28T15:53:22.284225+00:00,2026-08-28T15:53:22.304677+00:00,20.441521002794616,APPROVED,
postgres,1252,0,2026-08-28T15:53:22.304795+00:00,2026-08-28T15:53:22.309769+00:00,4.956191987730563,APPROVED,
voltdb,1252,0,2026-08-28T15:53:22.309867+00:00,2026-08-28T15:53:22.328956+00:00,19.07758200832177,APPROVED,
postgres,1255,0,2026-08-28T15:53:22.329127+00:00,2026-08-28T15:53:22.336370+00:00,7.224571003462188,REVIEW,
voltdb,1255,0,2026-08-28T15:53:22.336658+00:00,2026-08-28T15:53:22.363248+00:00,26.56455899705179,REVIEW,
postgres,1256,0,2026-08-28T15:53:22.363517+00:00,2026-08-28T15:53:22.368634+00:00,5.09979399794247,APPROVED,
voltdb,1256,0,2026-08-28T15:53:22.368733+00:00,2026-08-28T15:53:22.389992+00:00,21.246643009362742,APPROVED,
postgres,1257,0,2026-08-28T15:53:22.390155+00:00,2026-08-28T15:53:22.396165+00:00,5.992574006086215,APPROVED,
voltdb,1257,0,2026-08-28T15:53:22.396336+00:00,2026-08-28T15:53:22.418714+00:00,22.364967997418717,APPROVED,
postgres,1258,0,2026-08-28T15:53:22.418998+00:00,2026-08-28T15:53:22.423936+00:00,4.918208011076786,APPROVED,
voltdb,1258,0,2026-08-28T15:53:22.424037+00:00,2026-08-28T15:53:22.449221+00:00,25.16961799119599,APPROVED,
postgres,1259,0,2026-08-28T15:53:22.449618+00:00,2026-08-28T15:53:22.455070+00:00,5.424852002761327,APPROVED,
voltdb,1259,0,2026-08-28T15:53:22.455166+00:00,2026-08-28T15:53:22.475405+00:00,20.225540007231757,APPROVED,
postgres,1260,0,2026-08-28T15:53:22.475594+00:00,2026-08-28T15:53:22.481544+00:00,5.9325960028218105,APPROVED,
voltdb,1260,0,2026-08-28T15:53:22.481758+00:00,2026-08-28T15:53:22.503822+00:00,22.00989000266418,APPROVED,
postgres,1261,1,2026-08-28T15:53:22.503947+00:00,2026-08-28T15:53:22.511431+00:00,7.468827010598034,BLOCKED,
voltdb,1261,1,2026-08-28T15:53:22.511623+00:00,2026-08-28T15:53:22.538649+00:00,27.009893994545564,BLOCKED,
postgres,1262,0,2026-08-28T15:53:22.538771+00:00,2026-08-28T15:53:22.544490+00:00,5.701950998627581,APPROVED,
voltdb,1262,0,2026-08-28T15:53:22.544652+00:00,2026-08-28T15:53:22.566909+00:00,22.239735000766814,APPROVED,
postgres,1265,0,2026-08-28T15:53:22.567031+00:00,2026-08-28T15:53:22.571973+00:00,4.928986003505997,APPROVED,
voltdb,1265,0,2026-08-28T15:53:22.572059+00:00,2026-08-28T15:53:22.592721+00:00,20.6513500015717,APPROVED,
postgres,1266,0,2026-08-28T15:53:22.592862+00:00,2026-08-28T15:53:22.598607+00:00,5.728175005060621,APPROVED,
voltdb,1266,0,2026-08-28T15:53:22.598731+00:00,2026-08-28T15:53:22.618926+00:00,20.181422994937748,APPROVED,
postgres,1267,0,2026-08-28T15:53:22.619097+00:00,2026-08-28T15:53:22.622996+00:00,3.880500007653609,APPROVED,
voltdb,1267,0,2026-08-28T15:53:22.623085+00:00,2026-08-28T15:53:22.641605+00:00,18.508220004150644,APPROVED,
postgres,1269,0,2026-08-28T15:53:22.641937+00:00,2026-08-28T15:53:22.647478+00:00,5.513998010428622,APPROVED,
voltdb,1269,0,2026-08-28T15:53:22.647703+00:00,2026-08-28T15:53:22.669925+00:00,22.20544801093638,APPROVED,
postgres,1270,0,2026-08-28T15:53:22.670172+00:00,2026-08-28T15:53:22.674523+00:00,4.335214995080605,APPROVED,
voltdb,1270,0,2026-08-28T15:53:22.674627+00:00,2026-08-28T15:53:22.697958+00:00,23.317585000768304,APPROVED,
postgres,1271,0,2026-08-28T15:53:22.698083+00:00,2026-08-28T15:53:22.702773+00:00,4.676240001572296,APPROVED,
voltdb,1271,0,2026-08-28T15:53:22.702886+00:00,2026-08-28T15:53:22.724563+00:00,21.66400100395549,APPROVED,
postgres,1272,0,2026-08-28T15:53:22.724681+00:00,2026-08-28T15:53:22.729873+00:00,5.177965998882428,APPROVED,
voltdb,1272,0,2026-08-28T15:53:22.729984+00:00,2026-08-28T15:53:22.751797+00:00,21.79807799984701,APPROVED,
postgres,1273,0,2026-08-28T15:53:22.751916+00:00,2026-08-28T15:53:22.756398+00:00,4.4674590026261285,APPROVED,
voltdb,1273,0,2026-08-28T15:53:22.756543+00:00,2026-08-28T15:53:22.776755+00:00,20.158578001428396,APPROVED,
postgres,1274,0,2026-08-28T15:53:22.776924+00:00,2026-08-28T15:53:22.781486+00:00,4.540572001133114,APPROVED,
voltdb,1274,0,2026-08-28T15:53:22.781581+00:00,2026-08-28T15:53:22.799622+00:00,18.029568003839813,APPROVED,
postgres,1275,0,2026-08-28T15:53:22.799748+00:00,2026-08-28T15:53:22.805067+00:00,5.306437989929691,REVIEW,
voltdb,1275,0,2026-08-28T15:53:22.805163+00:00,2026-08-28T15:53:22.838546+00:00,33.371699988492765,REVIEW,
postgres,1278,0,2026-08-28T15:53:22.838667+00:00,2026-08-28T15:53:22.843331+00:00,4.650594986742362,APPROVED,
voltdb,1278,0,2026-08-28T15:53:22.843491+00:00,2026-08-28T15:53:22.860326+00:00,16.81434099737089,APPROVED,
postgres,1279,0,2026-08-28T15:53:22.860461+00:00,2026-08-28T15:53:22.865076+00:00,4.602344997692853,APPROVED,
voltdb,1279,0,2026-08-28T15:53:22.865171+00:00,2026-08-28T15:53:22.883179+00:00,17.99626598949544,APPROVED,
postgres,1280,0,2026-08-28T15:53:22.883367+00:00,2026-08-28T15:53:22.887726+00:00,4.344776985817589,APPROVED,
voltdb,1280,0,2026-08-28T15:53:22.887829+00:00,2026-08-28T15:53:22.907118+00:00,19.259387991041876,APPROVED,
postgres,1281,0,2026-08-28T15:53:22.907302+00:00,2026-08-28T15:53:22.912100+00:00,4.782481002621353,APPROVED,
voltdb,1281,0,2026-08-28T15:53:22.912183+00:00,2026-08-28T15:53:22.928178+00:00,15.983678997145034,APPROVED,
postgres,1282,0,2026-08-28T15:53:22.928303+00:00,2026-08-28T15:53:22.932727+00:00,4.411346002598293,REVIEW,
voltdb,1282,0,2026-08-28T15:53:22.932814+00:00,2026-08-28T15:53:23.018700+00:00,85.87362700200174,REVIEW,
postgres,1284,0,2026-08-28T15:53:23.018844+00:00,2026-08-28T15:53:23.025950+00:00,7.086782003170811,APPROVED,
voltdb,1284,0,2026-08-28T15:53:23.026053+00:00,2026-08-28T15:53:23.048975+00:00,22.909449005965143,APPROVED,
postgres,1286,0,2026-08-28T15:53:23.049441+00:00,2026-08-28T15:53:23.055941+00:00,6.474647001596168,APPROVED,
voltdb,1286,0,2026-08-28T15:53:23.056040+00:00,2026-08-28T15:53:23.076626+00:00,20.572451001498848,APPROVED,
postgres,1288,0,2026-08-28T15:53:23.076833+00:00,2026-08-28T15:53:23.082667+00:00,5.8161720080534,APPROVED,
voltdb,1288,0,2026-08-28T15:53:23.082772+00:00,2026-08-28T15:53:23.111728+00:00,28.944803998456337,APPROVED,
postgres,1289,0,2026-08-28T15:53:23.111864+00:00,2026-08-28T15:53:23.116811+00:00,4.9273159966105595,APPROVED,
voltdb,1289,0,2026-08-28T15:53:23.116907+00:00,2026-08-28T15:53:23.135301+00:00,18.382412992650643,APPROVED,
postgres,1290,1,2026-08-28T15:53:23.135611+00:00,2026-08-28T15:53:23.143033+00:00,7.400552000035532,REVIEW,
voltdb,1290,1,2026-08-28T15:53:23.143127+00:00,2026-08-28T15:53:23.165631+00:00,22.493404991109855,REVIEW,
postgres,1292,0,2026-08-28T15:53:23.165763+00:00,2026-08-28T15:53:23.170138+00:00,4.36100599472411,APPROVED,
voltdb,1292,0,2026-08-28T15:53:23.170230+00:00,2026-08-28T15:53:23.186615+00:00,16.37462800135836,APPROVED,
postgres,1293,0,2026-08-28T15:53:23.186808+00:00,2026-08-28T15:53:23.192413+00:00,5.586423008935526,APPROVED,
voltdb,1293,0,2026-08-28T15:53:23.192504+00:00,2026-08-28T15:53:23.210687+00:00,18.172715994296595,APPROVED,
postgres,1294,0,2026-08-28T15:53:23.210809+00:00,2026-08-28T15:53:23.215601+00:00,4.778718008310534,REVIEW,
voltdb,1294,0,2026-08-28T15:53:23.215698+00:00,2026-08-28T15:53:23.236859+00:00,21.15033200243488,REVIEW,
postgres,1295,0,2026-08-28T15:53:23.236982+00:00,2026-08-28T15:53:23.240612+00:00,3.616154004703276,APPROVED,
voltdb,1295,0,2026-08-28T15:53:23.240702+00:00,2026-08-28T15:53:23.259237+00:00,18.52343400241807,APPROVED,
postgres,1296,0,2026-08-28T15:53:23.259458+00:00,2026-08-28T15:53:23.263483+00:00,4.010947988717817,APPROVED,
voltdb,1296,0,2026-08-28T15:53:23.263572+00:00,2026-08-28T15:53:23.281176+00:00,17.591433992492966,APPROVED,
postgres,1298,0,2026-08-28T15:53:23.281737+00:00,2026-08-28T15:53:23.286982+00:00,5.204275003052317,APPROVED,
voltdb,1298,0,2026-08-28T15:53:23.287102+00:00,2026-08-28T15:53:23.305442+00:00,18.323109004995786,APPROVED,
postgres,1299,0,2026-08-28T15:53:23.305559+00:00,2026-08-28T15:53:23.310817+00:00,5.244472005870193,APPROVED,
voltdb,1299,0,2026-08-28T15:53:23.310911+00:00,2026-08-28T15:53:23.327685+00:00,16.762857005232945,APPROVED,
postgres,1300,1,2026-08-28T15:53:23.327822+00:00,2026-08-28T15:53:23.332685+00:00,4.848481010412797,BLOCKED,
voltdb,1300,1,2026-08-28T15:53:23.332767+00:00,2026-08-28T15:53:23.354233+00:00,21.454090005136095,BLOCKED,
postgres,1301,0,2026-08-28T15:53:23.354489+00:00,2026-08-28T15:53:23.358676+00:00,4.172967004706152,APPROVED,
voltdb,1301,0,2026-08-28T15:53:23.358757+00:00,2026-08-28T15:53:23.375599+00:00,16.830927997943945,APPROVED,
postgres,1302,0,2026-08-28T15:53:23.375723+00:00,2026-08-28T15:53:23.379512+00:00,3.777427991735749,APPROVED,
voltdb,1302,0,2026-08-28T15:53:23.379593+00:00,2026-08-28T15:53:23.401868+00:00,22.261271995375864,APPROVED,
postgres,1303,0,2026-08-28T15:53:23.402116+00:00,2026-08-28T15:53:23.405656+00:00,3.5212670045439154,APPROVED,
voltdb,1303,0,2026-08-28T15:53:23.405736+00:00,2026-08-28T15:53:23.422948+00:00,17.198907007696107,APPROVED,
postgres,1307,0,2026-08-28T15:53:23.423130+00:00,2026-08-28T15:53:23.428846+00:00,5.6989459990290925,APPROVED,
voltdb,1307,0,2026-08-28T15:53:23.428943+00:00,2026-08-28T15:53:23.446424+00:00,17.46923101018183,APPROVED,
postgres,1308,0,2026-08-28T15:53:23.446500+00:00,2026-08-28T15:53:23.451220+00:00,4.708937995019369,APPROVED,
voltdb,1308,0,2026-08-28T15:53:23.451399+00:00,2026-08-28T15:53:23.471971+00:00,20.559394994052127,APPROVED,
postgres,1309,0,2026-08-28T15:53:23.472183+00:00,2026-08-28T15:53:23.477774+00:00,5.569100001594052,APPROVED,
voltdb,1309,0,2026-08-28T15:53:23.477870+00:00,2026-08-28T15:53:23.498011+00:00,20.12910599296447,APPROVED,
postgres,1311,0,2026-08-28T15:53:23.498150+00:00,2026-08-28T15:53:23.503386+00:00,5.2172980067553,APPROVED,
voltdb,1311,0,2026-08-28T15:53:23.503478+00:00,2026-08-28T15:53:23.523889+00:00,20.40041799773462,APPROVED,
postgres,1312,0,2026-08-28T15:53:23.524007+00:00,2026-08-28T15:53:23.528459+00:00,4.427701001986861,APPROVED,
voltdb,1312,0,2026-08-28T15:53:23.528565+00:00,2026-08-28T15:53:23.546315+00:00,17.736217996571213,APPROVED,
postgres,1313,0,2026-08-28T15:53:23.546432+00:00,2026-08-28T15:53:23.551522+00:00,5.078643007436767,APPROVED,
voltdb,1313,0,2026-08-28T15:53:23.551613+00:00,2026-08-28T15:53:23.568149+00:00,16.52449900575448,APPROVED,
postgres,1314,0,2026-08-28T15:53:23.568350+00:00,2026-08-28T15:53:23.572350+00:00,3.980888010119088,APPROVED,
voltdb,1314,0,2026-08-28T15:53:23.572438+00:00,2026-08-28T15:53:23.589092+00:00,16.642279995721765,APPROVED,
postgres,1315,0,2026-08-28T15:53:23.589259+00:00,2026-08-28T15:53:23.593147+00:00,3.8745490019209683,APPROVED,
voltdb,1315,0,2026-08-28T15:53:23.593333+00:00,2026-08-28T15:53:23.609677+00:00,16.329147008946165,APPROVED,
postgres,1317,0,2026-08-28T15:53:23.609809+00:00,2026-08-28T15:53:23.613469+00:00,3.649179998319596,APPROVED,
voltdb,1317,0,2026-08-28T15:53:23.613555+00:00,2026-08-28T15:53:23.631532+00:00,17.96627700969111,APPROVED,
postgres,1318,0,2026-08-28T15:53:23.631655+00:00,2026-08-28T15:53:23.635323+00:00,3.654444997664541,APPROVED,
voltdb,1318,0,2026-08-28T15:53:23.635428+00:00,2026-08-28T15:53:23.652008+00:00,16.567520011449233,APPROVED,
postgres,1320,0,2026-08-28T15:53:23.652143+00:00,2026-08-28T15:53:23.656646+00:00,4.488385995500721,APPROVED,
voltdb,1320,0,2026-08-28T15:53:23.656743+00:00,2026-08-28T15:53:23.673093+00:00,16.33874599065166,APPROVED,
postgres,1321,0,2026-08-28T15:53:23.673309+00:00,2026-08-28T15:53:23.677472+00:00,4.147958010435104,APPROVED,
voltdb,1321,0,2026-08-28T15:53:23.677576+00:00,2026-08-28T15:53:23.694115+00:00,16.526940002222545,APPROVED,
postgres,1322,0,2026-08-28T15:53:23.694326+00:00,2026-08-28T15:53:23.698442+00:00,4.097919998457655,APPROVED,
voltdb,1322,0,2026-08-28T15:53:23.698529+00:00,2026-08-28T15:53:23.715904+00:00,17.364220999297686,APPROVED,
postgres,1323,0,2026-08-28T15:53:23.716100+00:00,2026-08-28T15:53:23.719692+00:00,3.571798006305471,APPROVED,
voltdb,1323,0,2026-08-28T15:53:23.719786+00:00,2026-08-28T15:53:23.738124+00:00,18.3259360055672,APPROVED,
postgres,1324,0,2026-08-28T15:53:23.738385+00:00,2026-08-28T15:53:23.742992+00:00,4.590697004459798,APPROVED,
voltdb,1324,0,2026-08-28T15:53:23.743087+00:00,2026-08-28T15:53:23.759603+00:00,16.504591010743752,APPROVED,
postgres,1325,0,2026-08-28T15:53:23.759732+00:00,2026-08-28T15:53:23.764611+00:00,4.865426002652384,APPROVED,
voltdb,1325,0,2026-08-28T15:53:23.764704+00:00,2026-08-28T15:53:23.780910+00:00,16.194436000660062,APPROVED,
postgres,1328,0,2026-08-28T15:53:23.781046+00:00,2026-08-28T15:53:23.785163+00:00,4.099057987332344,APPROVED,
voltdb,1328,0,2026-08-28T15:53:23.785341+00:00,2026-08-28T15:53:23.801693+00:00,16.340342990588397,APPROVED,
postgres,1329,0,2026-08-28T15:53:23.801906+00:00,2026-08-28T15:53:23.806075+00:00,4.15300800523255,APPROVED,
voltdb,1329,0,2026-08-28T15:53:23.806164+00:00,2026-08-28T15:53:23.822624+00:00,16.448909998871386,APPROVED,
postgres,1330,0,2026-08-28T15:53:23.822760+00:00,2026-08-28T15:53:23.826472+00:00,3.7004780024290085,APPROVED,
voltdb,1330,0,2026-08-28T15:53:23.826551+00:00,2026-08-28T15:53:23.842660+00:00,16.097239989903755,APPROVED,
postgres,1331,0,2026-08-28T15:53:23.842842+00:00,2026-08-28T15:53:23.846890+00:00,4.027138013043441,APPROVED,
voltdb,1331,0,2026-08-28T15:53:23.846978+00:00,2026-08-28T15:53:23.863323+00:00,16.33425299951341,APPROVED,
postgres,1332,0,2026-08-28T15:53:23.863564+00:00,2026-08-28T15:53:23.867447+00:00,3.8510270096594468,APPROVED,
voltdb,1332,0,2026-08-28T15:53:23.867592+00:00,2026-08-28T15:53:23.883962+00:00,16.353166007320397,APPROVED,
postgres,1334,0,2026-08-28T15:53:23.884094+00:00,2026-08-28T15:53:23.887618+00:00,3.5118619998684153,APPROVED,
voltdb,1334,0,2026-08-28T15:53:23.887710+00:00,2026-08-28T15:53:23.904871+00:00,17.150229003163986,APPROVED,
postgres,1336,0,2026-08-28T15:53:23.905001+00:00,2026-08-28T15:53:23.910152+00:00,5.138578999321908,REVIEW,
voltdb,1336,0,2026-08-28T15:53:23.910341+00:00,2026-08-28T15:53:23.930955+00:00,20.58528699853923,REVIEW,
postgres,1339,0,2026-08-28T15:53:23.931081+00:00,2026-08-28T15:53:23.935014+00:00,3.9185380010167137,APPROVED,
voltdb,1339,0,2026-08-28T15:53:23.935222+00:00,2026-08-28T15:53:23.952429+00:00,17.189951991895214,APPROVED,
postgres,1340,0,2026-08-28T15:53:23.952547+00:00,2026-08-28T15:53:23.956408+00:00,3.846856008749455,APPROVED,
voltdb,1340,0,2026-08-28T15:53:23.956575+00:00,2026-08-28T15:53:23.973274+00:00,16.65488000435289,APPROVED,
postgres,1343,0,2026-08-28T15:53:23.973525+00:00,2026-08-28T15:53:23.978379+00:00,4.83944101142697,APPROVED,
voltdb,1343,0,2026-08-28T15:53:23.978480+00:00,2026-08-28T15:53:23.995820+00:00,17.32805199571885,APPROVED,
postgres,1345,0,2026-08-28T15:53:23.996082+00:00,2026-08-28T15:53:23.999921+00:00,3.8232590013649315,APPROVED,
voltdb,1345,0,2026-08-28T15:53:24.000004+00:00,2026-08-28T15:53:24.017583+00:00,17.567289003636688,APPROVED,
postgres,1346,0,2026-08-28T15:53:24.017736+00:00,2026-08-28T15:53:24.021369+00:00,3.6203310010023415,APPROVED,
voltdb,1346,0,2026-08-28T15:53:24.021459+00:00,2026-08-28T15:53:24.037725+00:00,16.253786991001107,APPROVED,
postgres,1347,0,2026-08-28T15:53:24.037869+00:00,2026-08-28T15:53:24.041190+00:00,3.3064809977076948,APPROVED,
voltdb,1347,0,2026-08-28T15:53:24.041491+00:00,2026-08-28T15:53:24.058283+00:00,16.76864300679881,APPROVED,
postgres,1349,0,2026-08-28T15:53:24.058549+00:00,2026-08-28T15:53:24.062298+00:00,3.7075839936733246,APPROVED,
voltdb,1349,0,2026-08-28T15:53:24.062392+00:00,2026-08-28T15:53:24.079099+00:00,16.69504000165034,APPROVED,
postgres,1351,0,2026-08-28T15:53:24.079223+00:00,2026-08-28T15:53:24.084511+00:00,5.272452006465755,REVIEW,
voltdb,1351,0,2026-08-28T15:53:24.084598+00:00,2026-08-28T15:53:24.105786+00:00,21.176990994717926,REVIEW,
postgres,1352,0,2026-08-28T15:53:24.105916+00:00,2026-08-28T15:53:24.110616+00:00,4.687533000833355,APPROVED,
voltdb,1352,0,2026-08-28T15:53:24.110709+00:00,2026-08-28T15:53:24.126511+00:00,15.790600999025628,APPROVED,
postgres,1353,0,2026-08-28T15:53:24.126647+00:00,2026-08-28T15:53:24.131232+00:00,4.571398996631615,APPROVED,
voltdb,1353,0,2026-08-28T15:53:24.131330+00:00,2026-08-28T15:53:24.149592+00:00,18.250720007927157,APPROVED,
postgres,1354,0,2026-08-28T15:53:24.149733+00:00,2026-08-28T15:53:24.153410+00:00,3.6640269972849637,APPROVED,
voltdb,1354,0,2026-08-28T15:53:24.153490+00:00,2026-08-28T15:53:24.170167+00:00,16.663379996316507,APPROVED,
postgres,1356,0,2026-08-28T15:53:24.170384+00:00,2026-08-28T15:53:24.173820+00:00,3.421355999307707,APPROVED,
voltdb,1356,0,2026-08-28T15:53:24.173914+00:00,2026-08-28T15:53:24.191000+00:00,17.074370000045747,APPROVED,
postgres,1357,0,2026-08-28T15:53:24.191151+00:00,2026-08-28T15:53:24.194798+00:00,3.6345569969853386,APPROVED,
voltdb,1357,0,2026-08-28T15:53:24.194888+00:00,2026-08-28T15:53:24.211936+00:00,17.03637299942784,APPROVED,
postgres,1358,0,2026-08-28T15:53:24.212055+00:00,2026-08-28T15:53:24.216105+00:00,4.036414000438526,APPROVED,
voltdb,1358,0,2026-08-28T15:53:24.216202+00:00,2026-08-28T15:53:24.233993+00:00,17.779490997781977,APPROVED,
postgres,1359,0,2026-08-28T15:53:24.234136+00:00,2026-08-28T15:53:24.238105+00:00,3.951999999117106,APPROVED,
voltdb,1359,0,2026-08-28T15:53:24.238193+00:00,2026-08-28T15:53:24.255630+00:00,17.425211000954732,APPROVED,
postgres,1360,0,2026-08-28T15:53:24.255843+00:00,2026-08-28T15:53:24.259443+00:00,3.583421988878399,APPROVED,
voltdb,1360,0,2026-08-28T15:53:24.259535+00:00,2026-08-28T15:53:24.276698+00:00,17.151833002571948,APPROVED,
postgres,1361,0,2026-08-28T15:53:24.276834+00:00,2026-08-28T15:53:24.280462+00:00,3.613581007812172,APPROVED,
voltdb,1361,0,2026-08-28T15:53:24.280608+00:00,2026-08-28T15:53:24.298660+00:00,18.032702995697036,APPROVED,
postgres,1362,0,2026-08-28T15:53:24.298797+00:00,2026-08-28T15:53:24.302876+00:00,4.064689012011513,APPROVED,
voltdb,1362,0,2026-08-28T15:53:24.302972+00:00,2026-08-28T15:53:24.321295+00:00,18.222981001599692,APPROVED,
postgres,1363,0,2026-08-28T15:53:24.321679+00:00,2026-08-28T15:53:24.325910+00:00,4.214670989313163,APPROVED,
voltdb,1363,0,2026-08-28T15:53:24.325995+00:00,2026-08-28T15:53:24.345012+00:00,19.00605500850361,APPROVED,
postgres,1365,0,2026-08-28T15:53:24.345170+00:00,2026-08-28T15:53:24.350452+00:00,5.263365004793741,REVIEW,
voltdb,1365,0,2026-08-28T15:53:24.350553+00:00,2026-08-28T15:53:24.372072+00:00,21.50677499594167,REVIEW,
postgres,1366,0,2026-08-28T15:53:24.372197+00:00,2026-08-28T15:53:24.377090+00:00,4.879130006884225,APPROVED,
voltdb,1366,0,2026-08-28T15:53:24.377192+00:00,2026-08-28T15:53:24.394938+00:00,17.7330919977976,APPROVED,
postgres,1367,0,2026-08-28T15:53:24.395096+00:00,2026-08-28T15:53:24.399078+00:00,3.9687749958829954,APPROVED,
voltdb,1367,0,2026-08-28T15:53:24.399165+00:00,2026-08-28T15:53:24.416754+00:00,17.57614100642968,APPROVED,
postgres,1368,0,2026-08-28T15:53:24.416992+00:00,2026-08-28T15:53:24.420932+00:00,3.9203829946927726,APPROVED,
voltdb,1368,0,2026-08-28T15:53:24.421025+00:00,2026-08-28T15:53:24.439905+00:00,18.868578001274727,APPROVED,
postgres,1371,0,2026-08-28T15:53:24.440024+00:00,2026-08-28T15:53:24.444958+00:00,4.923115004203282,APPROVED,
voltdb,1371,0,2026-08-28T15:53:24.445046+00:00,2026-08-28T15:53:24.462932+00:00,17.874617988127284,APPROVED,
postgres,1373,0,2026-08-28T15:53:24.463066+00:00,2026-08-28T15:53:24.466922+00:00,3.844639999442734,APPROVED,
voltdb,1373,0,2026-08-28T15:53:24.467004+00:00,2026-08-28T15:53:24.486049+00:00,19.033314994885586,APPROVED,
postgres,1374,0,2026-08-28T15:53:24.486173+00:00,2026-08-28T15:53:24.490372+00:00,4.184907986200415,APPROVED,
voltdb,1374,0,2026-08-28T15:53:24.490494+00:00,2026-08-28T15:53:24.509842+00:00,19.331499992404133,APPROVED,
postgres,1375,0,2026-08-28T15:53:24.510170+00:00,2026-08-28T15:53:24.516150+00:00,5.948891004663892,BLOCKED,
voltdb,1375,0,2026-08-28T15:53:24.516356+00:00,2026-08-28T15:53:24.539496+00:00,23.126468993723392,BLOCKED,
postgres,1376,0,2026-08-28T15:53:24.539619+00:00,2026-08-28T15:53:24.544383+00:00,4.751325002871454,APPROVED,
voltdb,1376,0,2026-08-28T15:53:24.544472+00:00,2026-08-28T15:53:24.562618+00:00,18.134441997972317,APPROVED,
postgres,1377,0,2026-08-28T15:53:24.562761+00:00,2026-08-28T15:53:24.567596+00:00,4.821078997338191,REVIEW,
voltdb,1377,0,2026-08-28T15:53:24.567679+00:00,2026-08-28T15:53:24.589907+00:00,22.21710199955851,REVIEW,
postgres,1378,0,2026-08-28T15:53:24.590037+00:00,2026-08-28T15:53:24.593865+00:00,3.815147007117048,APPROVED,
voltdb,1378,0,2026-08-28T15:53:24.593955+00:00,2026-08-28T15:53:24.611152+00:00,17.185382996103726,APPROVED,
postgres,1379,0,2026-08-28T15:53:24.611387+00:00,2026-08-28T15:53:24.615112+00:00,3.7080399924889207,APPROVED,
voltdb,1379,0,2026-08-28T15:53:24.615350+00:00,2026-08-28T15:53:24.634028+00:00,18.658529996173456,APPROVED,
postgres,1381,0,2026-08-28T15:53:24.634208+00:00,2026-08-28T15:53:24.638904+00:00,4.674823998357169,APPROVED,
voltdb,1381,0,2026-08-28T15:53:24.639003+00:00,2026-08-28T15:53:24.656821+00:00,17.805811992730014,APPROVED,
postgres,1383,0,2026-08-28T15:53:24.657005+00:00,2026-08-28T15:53:24.660710+00:00,3.6844309943262488,APPROVED,
voltdb,1383,0,2026-08-28T15:53:24.660800+00:00,2026-08-28T15:53:24.678623+00:00,17.812005011364818,APPROVED,
postgres,1386,0,2026-08-28T15:53:24.678742+00:00,2026-08-28T15:53:24.682686+00:00,3.930004997528158,APPROVED,
voltdb,1386,0,2026-08-28T15:53:24.682802+00:00,2026-08-28T15:53:24.700753+00:00,17.939144992851652,APPROVED,
postgres,1389,0,2026-08-28T15:53:24.700900+00:00,2026-08-28T15:53:24.705427+00:00,4.508598998654634,APPROVED,
voltdb,1389,0,2026-08-28T15:53:24.705519+00:00,2026-08-28T15:53:24.723578+00:00,18.047632998786867,APPROVED,
postgres,1390,0,2026-08-28T15:53:24.723749+00:00,2026-08-28T15:53:24.728206+00:00,4.439440002897754,APPROVED,
voltdb,1390,0,2026-08-28T15:53:24.728382+00:00,2026-08-28T15:53:24.746853+00:00,18.458942009601742,APPROVED,
postgres,1391,0,2026-08-28T15:53:24.746985+00:00,2026-08-28T15:53:24.753362+00:00,6.363738997606561,APPROVED,
voltdb,1391,0,2026-08-28T15:53:24.753452+00:00,2026-08-28T15:53:24.772571+00:00,19.107425003312528,APPROVED,
postgres,1392,0,2026-08-28T15:53:24.772691+00:00,2026-08-28T15:53:24.777197+00:00,4.493769010878168,APPROVED,
voltdb,1392,0,2026-08-28T15:53:24.777369+00:00,2026-08-28T15:53:24.793844+00:00,16.463309002574533,APPROVED,
postgres,1393,0,2026-08-28T15:53:24.793975+00:00,2026-08-28T15:53:24.798298+00:00,4.311062002670951,APPROVED,
voltdb,1393,0,2026-08-28T15:53:24.798386+00:00,2026-08-28T15:53:24.814968+00:00,16.571237007156014,APPROVED,
postgres,1397,0,2026-08-28T15:53:24.815149+00:00,2026-08-28T15:53:24.820172+00:00,5.005438011721708,APPROVED,
voltdb,1397,0,2026-08-28T15:53:24.820315+00:00,2026-08-28T15:53:24.838332+00:00,18.00499799719546,APPROVED,
postgres,1398,0,2026-08-28T15:53:24.838575+00:00,2026-08-28T15:53:24.842586+00:00,3.9810739981476218,APPROVED,
voltdb,1398,0,2026-08-28T15:53:24.842739+00:00,2026-08-28T15:53:24.860542+00:00,17.786544005502947,APPROVED,
postgres,1399,0,2026-08-28T15:53:24.860709+00:00,2026-08-28T15:53:24.864996+00:00,4.271331999916583,APPROVED,
voltdb,1399,0,2026-08-28T15:53:24.865090+00:00,2026-08-28T15:53:24.882911+00:00,17.809846001910046,APPROVED,
