target,transaction_id,fraud_label,start_time,end_time,latency_ms,status,error
postgres,1,0,2026-08-28T17:29:50.827795+00:00,2026-08-28T17:29:50.866320+00:00,38.49628000170924,APPROVED,
voltdb,1,0,2026-08-28T17:29:50.866400+00:00,2026-08-28T17:29:50.884420+00:00,18.006828002398834,APPROVED,
postgres,2,0,2026-08-28T17:29:50.884613+00:00,2026-08-28T17:29:50.893276+00:00,8.644564004498534,APPROVED,
voltdb,2,0,2026-08-28T17:29:50.893358+00:00,2026-08-28T17:29:50.904720+00:00,11.350938002578914,APPROVED,
postgres,5,0,2026-08-28T17:29:50.904928+00:00,2026-08-28T17:29:50.913005+00:00,7.975947999511845,APPROVED,
voltdb,5,0,2026-08-28T17:29:50.913092+00:00,2026-08-28T17:29:50.925300+00:00,12.197499003377743,APPROVED,
postgres,6,0,2026-08-28T17:29:50.925721+00:00,2026-08-28T17:29:50.934910+00:00,9.164089991827495,APPROVED,
voltdb,6,0,2026-08-28T17:29:50.935026+00:00,2026-08-28T17:29:50.947640+00:00,12.599857000168413,APPROVED,
postgres,7,0,2026-08-28T17:29:50.947751+00:00,2026-08-28T17:29:50.952695+00:00,4.928224007016979,APPROVED,
voltdb,7,0,2026-08-28T17:29:50.952822+00:00,2026-08-28T17:29:50.966574+00:00,13.697461996343918,APPROVED,
postgres,8,0,2026-08-28T17:29:50.966680+00:00,2026-08-28T17:29:50.974984+00:00,8.291189005831257,APPROVED,
voltdb,8,0,2026-08-28T17:29:50.975074+00:00,2026-08-28T17:29:50.989917+00:00,14.832877001026645,APPROVED,
postgres,10,0,2026-08-28T17:29:50.990040+00:00,2026-08-28T17:29:50.996845+00:00,6.781970005249605,APPROVED,
voltdb,10,0,2026-08-28T17:29:50.997013+00:00,2026-08-28T17:29:51.009819+00:00,12.792716996045783,APPROVED,
postgres,13,0,2026-08-28T17:29:51.009960+00:00,2026-08-28T17:29:51.017802+00:00,7.826995002687909,APPROVED,
voltdb,13,0,2026-08-28T17:29:51.017887+00:00,2026-08-28T17:29:51.029787+00:00,11.889464003616013,APPROVED,
postgres,16,0,2026-08-28T17:29:51.029953+00:00,2026-08-28T17:29:51.035813+00:00,5.841118007083423,APPROVED,
voltdb,16,0,2026-08-28T17:29:51.035954+00:00,2026-08-28T17:29:51.059510+00:00,23.520446004113182,APPROVED,
postgres,17,1,2026-08-28T17:29:51.059619+00:00,2026-08-28T17:29:51.068990+00:00,9.357760995044373,BLOCKED,
voltdb,17,1,2026-08-28T17:29:51.069155+00:00,2026-08-28T17:29:51.089616+00:00,20.444879002752714,BLOCKED,
postgres,18,0,2026-08-28T17:29:51.089754+00:00,2026-08-28T17:29:51.094806+00:00,5.028917992603965,APPROVED,
voltdb,18,0,2026-08-28T17:29:51.094910+00:00,2026-08-28T17:29:51.101539+00:00,6.615716003580019,APPROVED,
postgres,20,0,2026-08-28T17:29:51.101816+00:00,2026-08-28T17:29:51.109840+00:00,7.998403991223313,APPROVED,
voltdb,20,0,2026-08-28T17:29:51.110012+00:00,2026-08-28T17:29:51.119858+00:00,9.83038599952124,APPROVED,
postgres,23,0,2026-08-28T17:29:51.119964+00:00,2026-08-28T17:29:51.127541+00:00,7.561491001979448,APPROVED,
voltdb,23,0,2026-08-28T17:29:51.127658+00:00,2026-08-28T17:29:51.138052+00:00,10.38055399840232,APPROVED,
postgres,25,0,2026-08-28T17:29:51.138349+00:00,2026-08-28T17:29:51.145443+00:00,7.0735110057285056,APPROVED,
voltdb,25,0,2026-08-28T17:29:51.145524+00:00,2026-08-28T17:29:51.154734+00:00,9.199406995321624,APPROVED,
postgres,26,0,2026-08-28T17:29:51.154883+00:00,2026-08-28T17:29:51.163186+00:00,8.285003990749829,APPROVED,
voltdb,26,0,2026-08-28T17:29:51.163449+00:00,2026-08-28T17:29:51.175883+00:00,12.378426996292546,APPROVED,
postgres,27,0,2026-08-28T17:29:51.175992+00:00,2026-08-28T17:29:51.182613+00:00,6.608818002860062,APPROVED,
voltdb,27,0,2026-08-28T17:29:51.182697+00:00,2026-08-28T17:29:51.194101+00:00,11.391669002478011,APPROVED,
postgres,28,0,2026-08-28T17:29:51.194458+00:00,2026-08-28T17:29:51.206268+00:00,11.789368989411741,APPROVED,
voltdb,28,0,2026-08-28T17:29:51.206435+00:00,2026-08-28T17:29:51.219534+00:00,13.082787991152145,APPROVED,
postgres,29,0,2026-08-28T17:29:51.219674+00:00,2026-08-28T17:29:51.225111+00:00,5.420143002993427,APPROVED,
voltdb,29,0,2026-08-28T17:29:51.225228+00:00,2026-08-28T17:29:51.239944+00:00,14.702053988003172,APPROVED,
postgres,30,0,2026-08-28T17:29:51.240091+00:00,2026-08-28T17:29:51.247599+00:00,7.491901007597335,APPROVED,
voltdb,30,0,2026-08-28T17:29:51.247697+00:00,2026-08-28T17:29:51.257372+00:00,9.66075700125657,APPROVED,
postgres,31,0,2026-08-28T17:29:51.257580+00:00,2026-08-28T17:29:51.262579+00:00,4.981136997230351,REVIEW,
voltdb,31,0,2026-08-28T17:29:51.262720+00:00,2026-08-28T17:29:51.284477+00:00,21.746033991803415,REVIEW,
postgres,32,0,2026-08-28T17:29:51.284653+00:00,2026-08-28T17:29:51.291664+00:00,6.992723006987944,APPROVED,
voltdb,32,0,2026-08-28T17:29:51.291753+00:00,2026-08-28T17:29:51.299212+00:00,7.4484289943939075,APPROVED,
postgres,33,0,2026-08-28T17:29:51.299401+00:00,2026-08-28T17:29:51.304228+00:00,4.8081599961733446,APPROVED,
voltdb,33,0,2026-08-28T17:29:51.304427+00:00,2026-08-28T17:29:51.314004+00:00,9.559860001900233,APPROVED,
postgres,34,0,2026-08-28T17:29:51.314809+00:00,2026-08-28T17:29:51.319943+00:00,5.103725998196751,APPROVED,
voltdb,34,0,2026-08-28T17:29:51.320044+00:00,2026-08-28T17:29:51.331079+00:00,11.022674007108435,APPROVED,
postgres,35,0,2026-08-28T17:29:51.331201+00:00,2026-08-28T17:29:51.374018+00:00,42.79935399245005,APPROVED,
voltdb,35,0,2026-08-28T17:29:51.374107+00:00,2026-08-28T17:29:51.393337+00:00,19.22027100226842,APPROVED,
postgres,36,0,2026-08-28T17:29:51.393500+00:00,2026-08-28T17:29:51.397848+00:00,4.331272997660562,APPROVED,
voltdb,36,0,2026-08-28T17:29:51.397925+00:00,2026-08-28T17:29:51.406708+00:00,8.772184999543242,APPROVED,
postgres,37,0,2026-08-28T17:29:51.406856+00:00,2026-08-28T17:29:51.426700+00:00,19.827665004413575,APPROVED,
voltdb,37,0,2026-08-28T17:29:51.426788+00:00,2026-08-28T17:29:51.435648+00:00,8.841720002237707,APPROVED,
postgres,38,0,2026-08-28T17:29:51.435851+00:00,2026-08-28T17:29:51.441137+00:00,5.220159000600688,APPROVED,
voltdb,38,0,2026-08-28T17:29:51.441245+00:00,2026-08-28T17:29:51.453037+00:00,11.655356996925548,APPROVED,
postgres,39,0,2026-08-28T17:29:51.453158+00:00,2026-08-28T17:29:51.459633+00:00,6.46165301441215,APPROVED,
voltdb,39,0,2026-08-28T17:29:51.459716+00:00,2026-08-28T17:29:51.470281+00:00,10.555231987382285,APPROVED,
postgres,41,0,2026-08-28T17:29:51.470388+00:00,2026-08-28T17:29:51.476972+00:00,6.572434998815879,APPROVED,
voltdb,41,0,2026-08-28T17:29:51.477058+00:00,2026-08-28T17:29:51.486434+00:00,9.366023994516581,APPROVED,
postgres,44,0,2026-08-28T17:29:51.486534+00:00,2026-08-28T17:29:51.492407+00:00,5.861227007699199,APPROVED,
voltdb,44,0,2026-08-28T17:29:51.492533+00:00,2026-08-28T17:29:51.502415+00:00,9.831192990532145,APPROVED,
postgres,45,0,2026-08-28T17:29:51.502557+00:00,2026-08-28T17:29:51.506869+00:00,4.296282000723295,APPROVED,
voltdb,45,0,2026-08-28T17:29:51.507040+00:00,2026-08-28T17:29:51.517880+00:00,10.827432008227333,APPROVED,
postgres,46,0,2026-08-28T17:29:51.517988+00:00,2026-08-28T17:29:51.523212+00:00,5.212292991927825,REVIEW,
voltdb,46,0,2026-08-28T17:29:51.523291+00:00,2026-08-28T17:29:51.539841+00:00,16.53984800213948,REVIEW,
postgres,47,0,2026-08-28T17:29:51.540019+00:00,2026-08-28T17:29:51.547360+00:00,7.316959003219381,APPROVED,
voltdb,47,0,2026-08-28T17:29:51.547503+00:00,2026-08-28T17:29:51.556639+00:00,9.114380009123124,APPROVED,
postgres,49,0,2026-08-28T17:29:51.556729+00:00,2026-08-28T17:29:51.561372+00:00,4.628480994142592,APPROVED,
voltdb,49,0,2026-08-28T17:29:51.561503+00:00,2026-08-28T17:29:51.574046+00:00,12.52908598689828,APPROVED,
postgres,50,0,2026-08-28T17:29:51.574171+00:00,2026-08-28T17:29:51.578358+00:00,4.168669998762198,APPROVED,
voltdb,50,0,2026-08-28T17:29:51.578531+00:00,2026-08-28T17:29:51.591891+00:00,13.3414529991569,APPROVED,
postgres,52,0,2026-08-28T17:29:51.592102+00:00,2026-08-28T17:29:51.599101+00:00,6.9780159974470735,APPROVED,
voltdb,52,0,2026-08-28T17:29:51.599417+00:00,2026-08-28T17:29:51.609728+00:00,10.287777011399157,APPROVED,
postgres,53,0,2026-08-28T17:29:51.609829+00:00,2026-08-28T17:29:51.619627+00:00,9.783632995095104,APPROVED,
voltdb,53,0,2026-08-28T17:29:51.619723+00:00,2026-08-28T17:29:51.634806+00:00,15.072191003127955,APPROVED,
postgres,54,1,2026-08-28T17:29:51.634945+00:00,2026-08-28T17:29:51.639649+00:00,4.681320002418943,REVIEW,
voltdb,54,1,2026-08-28T17:29:51.639735+00:00,2026-08-28T17:29:51.655971+00:00,16.225983010372147,REVIEW,
postgres,56,0,2026-08-28T17:29:51.656113+00:00,2026-08-28T17:29:51.661420+00:00,5.250756003079005,APPROVED,
voltdb,56,0,2026-08-28T17:29:51.661587+00:00,2026-08-28T17:29:51.668761+00:00,7.162314010201953,APPROVED,
postgres,58,0,2026-08-28T17:29:51.668866+00:00,2026-08-28T17:29:51.674378+00:00,5.447392002679408,APPROVED,
voltdb,58,0,2026-08-28T17:29:51.674467+00:00,2026-08-28T17:29:51.683001+00:00,8.523841999704018,APPROVED,
postgres,59,0,2026-08-28T17:29:51.683148+00:00,2026-08-28T17:29:51.690332+00:00,7.1637079963693395,APPROVED,
voltdb,59,0,2026-08-28T17:29:51.690446+00:00,2026-08-28T17:29:51.703998+00:00,13.53941101115197,APPROVED,
postgres,61,0,2026-08-28T17:29:51.704132+00:00,2026-08-28T17:29:51.713116+00:00,8.965737986727618,APPROVED,
voltdb,61,0,2026-08-28T17:29:51.713199+00:00,2026-08-28T17:29:51.724170+00:00,10.957278005662374,APPROVED,
postgres,62,0,2026-08-28T17:29:51.724348+00:00,2026-08-28T17:29:51.729488+00:00,5.11999599984847,APPROVED,
voltdb,62,0,2026-08-28T17:29:51.729640+00:00,2026-08-28T17:29:51.738870+00:00,9.201446999213658,APPROVED,
postgres,63,0,2026-08-28T17:29:51.739014+00:00,2026-08-28T17:29:51.746010+00:00,6.978882011026144,APPROVED,
voltdb,63,0,2026-08-28T17:29:51.746146+00:00,2026-08-28T17:29:51.755858+00:00,9.660564988735132,APPROVED,
postgres,64,0,2026-08-28T17:29:51.755998+00:00,2026-08-28T17:29:51.763180+00:00,7.154386999900453,APPROVED,
voltdb,64,0,2026-08-28T17:29:51.763298+00:00,2026-08-28T17:29:51.772926+00:00,9.614542010240257,APPROVED,
postgres,66,0,2026-08-28T17:29:51.773061+00:00,2026-08-28T17:29:51.782097+00:00,9.020127996336669,REVIEW,
voltdb,66,0,2026-08-28T17:29:51.782195+00:00,2026-08-28T17:29:51.798048+00:00,15.842508000787348,REVIEW,
postgres,67,0,2026-08-28T17:29:51.798156+00:00,2026-08-28T17:29:51.802300+00:00,4.130804998567328,APPROVED,
voltdb,67,0,2026-08-28T17:29:51.802386+00:00,2026-08-28T17:29:51.811502+00:00,9.105498000280932,APPROVED,
postgres,68,0,2026-08-28T17:29:51.811631+00:00,2026-08-28T17:29:51.818397+00:00,6.749737003701739,APPROVED,
voltdb,68,0,2026-08-28T17:29:51.818490+00:00,2026-08-28T17:29:51.828121+00:00,9.59044400951825,APPROVED,
postgres,69,0,2026-08-28T17:29:51.828518+00:00,2026-08-28T17:29:51.834399+00:00,5.853587994351983,APPROVED,
voltdb,69,0,2026-08-28T17:29:51.834514+00:00,2026-08-28T17:29:51.843978+00:00,9.44794800307136,APPROVED,
postgres,70,0,2026-08-28T17:29:51.844471+00:00,2026-08-28T17:29:51.851452+00:00,6.9145699962973595,REVIEW,
voltdb,70,0,2026-08-28T17:29:51.851517+00:00,2026-08-28T17:29:51.869880+00:00,18.35363599820994,REVIEW,
postgres,72,0,2026-08-28T17:29:51.870033+00:00,2026-08-28T17:29:51.877155+00:00,7.103113006451167,APPROVED,
voltdb,72,0,2026-08-28T17:29:51.877458+00:00,2026-08-28T17:29:51.885416+00:00,7.938872993690893,APPROVED,
postgres,73,0,2026-08-28T17:29:51.885533+00:00,2026-08-28T17:29:51.890108+00:00,4.559684995911084,APPROVED,
voltdb,73,0,2026-08-28T17:29:51.890192+00:00,2026-08-28T17:29:51.901918+00:00,11.71594500192441,APPROVED,
postgres,76,0,2026-08-28T17:29:51.902144+00:00,2026-08-28T17:29:51.908398+00:00,6.091732997447252,APPROVED,
voltdb,76,0,2026-08-28T17:29:51.908568+00:00,2026-08-28T17:29:51.918637+00:00,10.052994010038674,APPROVED,
postgres,77,0,2026-08-28T17:29:51.918776+00:00,2026-08-28T17:29:51.922954+00:00,4.163295001490042,APPROVED,
voltdb,77,0,2026-08-28T17:29:51.923037+00:00,2026-08-28T17:29:51.933679+00:00,10.630824996042065,APPROVED,
postgres,78,1,2026-08-28T17:29:51.933843+00:00,2026-08-28T17:29:51.938692+00:00,4.830442994716577,REVIEW,
voltdb,78,1,2026-08-28T17:29:51.938776+00:00,2026-08-28T17:29:51.957574+00:00,18.787895009154454,REVIEW,
postgres,79,0,2026-08-28T17:29:51.957750+00:00,2026-08-28T17:29:51.964983+00:00,7.211328003904782,APPROVED,
voltdb,79,0,2026-08-28T17:29:51.965066+00:00,2026-08-28T17:29:51.991144+00:00,26.068559003761038,APPROVED,
postgres,80,0,2026-08-28T17:29:51.991322+00:00,2026-08-28T17:29:51.996547+00:00,5.209848008234985,APPROVED,
voltdb,80,0,2026-08-28T17:29:51.996630+00:00,2026-08-28T17:29:52.003083+00:00,6.443438993301243,APPROVED,
postgres,81,0,2026-08-28T17:29:52.003257+00:00,2026-08-28T17:29:52.009592+00:00,6.317221996141598,APPROVED,
voltdb,81,0,2026-08-28T17:29:52.009677+00:00,2026-08-28T17:29:52.018936+00:00,9.248995003872551,APPROVED,
postgres,82,1,2026-08-28T17:29:52.019138+00:00,2026-08-28T17:29:52.028787+00:00,9.626473998650908,REVIEW,
voltdb,82,1,2026-08-28T17:29:52.029049+00:00,2026-08-28T17:29:52.049169+00:00,20.084682997548953,REVIEW,
postgres,83,0,2026-08-28T17:29:52.049272+00:00,2026-08-28T17:29:52.053851+00:00,4.5671370025957,APPROVED,
voltdb,83,0,2026-08-28T17:29:52.054004+00:00,2026-08-28T17:29:52.064481+00:00,10.458608012413606,APPROVED,
postgres,84,0,2026-08-28T17:29:52.064621+00:00,2026-08-28T17:29:52.069857+00:00,5.2206700056558475,APPROVED,
voltdb,84,0,2026-08-28T17:29:52.069938+00:00,2026-08-28T17:29:52.079724+00:00,9.776434992090799,APPROVED,
postgres,86,0,2026-08-28T17:29:52.079854+00:00,2026-08-28T17:29:52.085440+00:00,5.571629997575656,APPROVED,
voltdb,86,0,2026-08-28T17:29:52.085522+00:00,2026-08-28T17:29:52.094847+00:00,9.315539995441213,APPROVED,
postgres,87,0,2026-08-28T17:29:52.095132+00:00,2026-08-28T17:29:52.102763+00:00,7.57077599701006,REVIEW,
voltdb,87,0,2026-08-28T17:29:52.104300+00:00,2026-08-28T17:29:52.121713+00:00,17.3810760024935,REVIEW,
postgres,89,0,2026-08-28T17:29:52.121817+00:00,2026-08-28T17:29:52.127972+00:00,6.127450993517414,APPROVED,
voltdb,89,0,2026-08-28T17:29:52.128129+00:00,2026-08-28T17:29:52.135746+00:00,7.604439000715502,APPROVED,
postgres,90,0,2026-08-28T17:29:52.135851+00:00,2026-08-28T17:29:52.144292+00:00,8.428271001321264,APPROVED,
voltdb,90,0,2026-08-28T17:29:52.144448+00:00,2026-08-28T17:29:52.153577+00:00,9.110913990298286,APPROVED,
postgres,92,0,2026-08-28T17:29:52.153679+00:00,2026-08-28T17:29:52.159661+00:00,5.970428988803178,APPROVED,
voltdb,92,0,2026-08-28T17:29:52.159743+00:00,2026-08-28T17:29:52.168690+00:00,8.936657992308028,APPROVED,
postgres,93,0,2026-08-28T17:29:52.168802+00:00,2026-08-28T17:29:52.172887+00:00,4.072477997397073,APPROVED,
voltdb,93,0,2026-08-28T17:29:52.172967+00:00,2026-08-28T17:29:52.182808+00:00,9.831478004343808,APPROVED,
postgres,94,0,2026-08-28T17:29:52.182922+00:00,2026-08-28T17:29:52.187088+00:00,4.154038004344329,APPROVED,
voltdb,94,0,2026-08-28T17:29:52.187186+00:00,2026-08-28T17:29:52.198080+00:00,10.877718988922425,APPROVED,
postgres,96,0,2026-08-28T17:29:52.198218+00:00,2026-08-28T17:29:52.203310+00:00,5.076842004200444,APPROVED,
voltdb,96,0,2026-08-28T17:29:52.203393+00:00,2026-08-28T17:29:52.213712+00:00,10.308925993740559,APPROVED,
postgres,98,0,2026-08-28T17:29:52.213995+00:00,2026-08-28T17:29:52.220209+00:00,6.1922970053274184,APPROVED,
voltdb,98,0,2026-08-28T17:29:52.220403+00:00,2026-08-28T17:29:52.243895+00:00,23.4742859902326,APPROVED,
postgres,101,0,2026-08-28T17:29:52.244008+00:00,2026-08-28T17:29:52.253026+00:00,9.001685000839643,APPROVED,
voltdb,101,0,2026-08-28T17:29:52.253129+00:00,2026-08-28T17:29:52.262462+00:00,9.322246012743562,APPROVED,
postgres,103,0,2026-08-28T17:29:52.262622+00:00,2026-08-28T17:29:52.268310+00:00,5.66070900822524,APPROVED,
voltdb,103,0,2026-08-28T17:29:52.268421+00:00,2026-08-28T17:29:52.278452+00:00,10.017658001743257,APPROVED,
postgres,104,0,2026-08-28T17:29:52.278569+00:00,2026-08-28T17:29:52.283190+00:00,4.6063859917921945,APPROVED,
voltdb,104,0,2026-08-28T17:29:52.283529+00:00,2026-08-28T17:29:52.294518+00:00,10.976004006806761,APPROVED,
postgres,105,0,2026-08-28T17:29:52.294674+00:00,2026-08-28T17:29:52.300398+00:00,5.70947999949567,APPROVED,
voltdb,105,0,2026-08-28T17:29:52.300521+00:00,2026-08-28T17:29:52.310798+00:00,10.260635986924171,APPROVED,
postgres,107,0,2026-08-28T17:29:52.311198+00:00,2026-08-28T17:29:52.317648+00:00,6.424014994991012,APPROVED,
voltdb,107,0,2026-08-28T17:29:52.317765+00:00,2026-08-28T17:29:52.326714+00:00,8.93448101123795,APPROVED,
postgres,109,0,2026-08-28T17:29:52.326865+00:00,2026-08-28T17:29:52.334104+00:00,7.2236949927173555,APPROVED,
voltdb,109,0,2026-08-28T17:29:52.334538+00:00,2026-08-28T17:29:52.343908+00:00,9.345101003418677,APPROVED,
postgres,110,0,2026-08-28T17:29:52.344156+00:00,2026-08-28T17:29:52.350082+00:00,5.903299999772571,APPROVED,
voltdb,110,0,2026-08-28T17:29:52.350190+00:00,2026-08-28T17:29:52.358899+00:00,8.698360994458199,APPROVED,
postgres,113,0,2026-08-28T17:29:52.359078+00:00,2026-08-28T17:29:52.366745+00:00,7.6510429935297,APPROVED,
voltdb,113,0,2026-08-28T17:29:52.366823+00:00,2026-08-28T17:29:52.374994+00:00,8.161584992194548,APPROVED,
postgres,114,0,2026-08-28T17:29:52.375066+00:00,2026-08-28T17:29:52.381335+00:00,6.2578390061389655,APPROVED,
voltdb,114,0,2026-08-28T17:29:52.381442+00:00,2026-08-28T17:29:52.392759+00:00,11.302054990665056,APPROVED,
postgres,115,0,2026-08-28T17:29:52.392950+00:00,2026-08-28T17:29:52.399326+00:00,6.358004990033805,APPROVED,
voltdb,115,0,2026-08-28T17:29:52.399415+00:00,2026-08-28T17:29:52.409908+00:00,10.483174992259592,APPROVED,
postgres,116,0,2026-08-28T17:29:52.410043+00:00,2026-08-28T17:29:52.416461+00:00,6.401418999303132,APPROVED,
voltdb,116,0,2026-08-28T17:29:52.416542+00:00,2026-08-28T17:29:52.426636+00:00,10.085468005854636,APPROVED,
postgres,117,0,2026-08-28T17:29:52.426798+00:00,2026-08-28T17:29:52.433532+00:00,6.715476993122138,APPROVED,
voltdb,117,0,2026-08-28T17:29:52.433658+00:00,2026-08-28T17:29:52.444224+00:00,10.552397987339646,APPROVED,
postgres,118,0,2026-08-28T17:29:52.444638+00:00,2026-08-28T17:29:52.451042+00:00,6.379031008691527,APPROVED,
voltdb,118,0,2026-08-28T17:29:52.451182+00:00,2026-08-28T17:29:52.462314+00:00,11.117390997242182,APPROVED,
postgres,119,0,2026-08-28T17:29:52.462488+00:00,2026-08-28T17:29:52.470254+00:00,7.747878989903256,APPROVED,
voltdb,119,0,2026-08-28T17:29:52.470420+00:00,2026-08-28T17:29:52.481479+00:00,11.040209996281192,APPROVED,
postgres,120,0,2026-08-28T17:29:52.481593+00:00,2026-08-28T17:29:52.495282+00:00,13.67450000543613,APPROVED,
voltdb,120,0,2026-08-28T17:29:52.495485+00:00,2026-08-28T17:29:52.505854+00:00,10.34678699215874,APPROVED,
postgres,122,0,2026-08-28T17:29:52.505968+00:00,2026-08-28T17:29:52.519330+00:00,13.321478996658698,APPROVED,
voltdb,122,0,2026-08-28T17:29:52.519458+00:00,2026-08-28T17:29:52.529723+00:00,10.248689010040835,APPROVED,
postgres,123,0,2026-08-28T17:29:52.529859+00:00,2026-08-28T17:29:52.535124+00:00,5.247470005997457,APPROVED,
voltdb,123,0,2026-08-28T17:29:52.535241+00:00,2026-08-28T17:29:52.544989+00:00,9.736421998240985,APPROVED,
postgres,124,0,2026-08-28T17:29:52.545281+00:00,2026-08-28T17:29:52.555762+00:00,10.45663699915167,REVIEW,
voltdb,124,0,2026-08-28T17:29:52.555868+00:00,2026-08-28T17:29:52.573450+00:00,17.569786999956705,REVIEW,
postgres,125,0,2026-08-28T17:29:52.573602+00:00,2026-08-28T17:29:52.578270+00:00,4.651426992495544,APPROVED,
voltdb,125,0,2026-08-28T17:29:52.578359+00:00,2026-08-28T17:29:52.585582+00:00,7.209842995507643,APPROVED,
postgres,126,0,2026-08-28T17:29:52.585736+00:00,2026-08-28T17:29:52.592429+00:00,6.63912900199648,APPROVED,
voltdb,126,0,2026-08-28T17:29:52.592533+00:00,2026-08-28T17:29:52.600554+00:00,8.00793401140254,APPROVED,
postgres,127,0,2026-08-28T17:29:52.600661+00:00,2026-08-28T17:29:52.608436+00:00,7.761578992358409,APPROVED,
voltdb,127,0,2026-08-28T17:29:52.608521+00:00,2026-08-28T17:29:52.616622+00:00,8.092049989500083,APPROVED,
postgres,128,0,2026-08-28T17:29:52.616725+00:00,2026-08-28T17:29:52.622037+00:00,5.297846000758,APPROVED,
voltdb,128,0,2026-08-28T17:29:52.622134+00:00,2026-08-28T17:29:52.632160+00:00,10.016987012932077,APPROVED,
postgres,130,0,2026-08-28T17:29:52.632469+00:00,2026-08-28T17:29:52.637831+00:00,5.3365040075732395,APPROVED,
voltdb,130,0,2026-08-28T17:29:52.637919+00:00,2026-08-28T17:29:52.647524+00:00,9.594475995982066,APPROVED,
postgres,131,0,2026-08-28T17:29:52.647631+00:00,2026-08-28T17:29:52.651761+00:00,4.117428004974499,APPROVED,
voltdb,131,0,2026-08-28T17:29:52.651861+00:00,2026-08-28T17:29:52.659719+00:00,7.7931859996169806,APPROVED,
postgres,132,0,2026-08-28T17:29:52.659899+00:00,2026-08-28T17:29:52.665607+00:00,5.684788993676193,APPROVED,
voltdb,132,0,2026-08-28T17:29:52.665686+00:00,2026-08-28T17:29:52.674766+00:00,9.069695006473921,APPROVED,
postgres,135,0,2026-08-28T17:29:52.674910+00:00,2026-08-28T17:29:52.680737+00:00,5.81154199608136,APPROVED,
voltdb,135,0,2026-08-28T17:29:52.680827+00:00,2026-08-28T17:29:52.690272+00:00,9.434097009943798,APPROVED,
postgres,136,0,2026-08-28T17:29:52.690499+00:00,2026-08-28T17:29:52.695592+00:00,5.073109001386911,APPROVED,
voltdb,136,0,2026-08-28T17:29:52.695692+00:00,2026-08-28T17:29:52.703893+00:00,8.187204002751969,APPROVED,
postgres,137,0,2026-08-28T17:29:52.704044+00:00,2026-08-28T17:29:52.710346+00:00,6.285431998549029,APPROVED,
voltdb,137,0,2026-08-28T17:29:52.710495+00:00,2026-08-28T17:29:52.718050+00:00,7.5411480065668,APPROVED,
postgres,139,0,2026-08-28T17:29:52.718453+00:00,2026-08-28T17:29:52.725679+00:00,7.204627007013187,APPROVED,
voltdb,139,0,2026-08-28T17:29:52.725895+00:00,2026-08-28T17:29:52.735219+00:00,9.306901003583334,APPROVED,
postgres,140,0,2026-08-28T17:29:52.735371+00:00,2026-08-28T17:29:52.743697+00:00,8.31018399912864,APPROVED,
voltdb,140,0,2026-08-28T17:29:52.743803+00:00,2026-08-28T17:29:52.753691+00:00,9.877481003059074,APPROVED,
postgres,141,0,2026-08-28T17:29:52.753833+00:00,2026-08-28T17:29:52.759740+00:00,5.889915002626367,APPROVED,
voltdb,141,0,2026-08-28T17:29:52.759863+00:00,2026-08-28T17:29:52.770721+00:00,10.843069001566619,APPROVED,
postgres,142,0,2026-08-28T17:29:52.771050+00:00,2026-08-28T17:29:52.778034+00:00,6.9376829924294725,APPROVED,
voltdb,142,0,2026-08-28T17:29:52.778202+00:00,2026-08-28T17:29:52.786820+00:00,8.606205999967642,APPROVED,
postgres,143,0,2026-08-28T17:29:52.786950+00:00,2026-08-28T17:29:52.794290+00:00,7.32450898794923,APPROVED,
voltdb,143,0,2026-08-28T17:29:52.794390+00:00,2026-08-28T17:29:52.810932+00:00,16.52530000137631,APPROVED,
postgres,144,0,2026-08-28T17:29:52.811094+00:00,2026-08-28T17:29:52.818008+00:00,6.895650003571063,APPROVED,
voltdb,144,0,2026-08-28T17:29:52.818122+00:00,2026-08-28T17:29:52.827054+00:00,8.917664992623031,APPROVED,
postgres,146,0,2026-08-28T17:29:52.827192+00:00,2026-08-28T17:29:52.833791+00:00,6.580521003343165,APPROVED,
voltdb,146,0,2026-08-28T17:29:52.833899+00:00,2026-08-28T17:29:52.843498+00:00,9.584772007656284,APPROVED,
postgres,147,0,2026-08-28T17:29:52.843870+00:00,2026-08-28T17:29:52.850501+00:00,6.606410999665968,APPROVED,
voltdb,147,0,2026-08-28T17:29:52.850608+00:00,2026-08-28T17:29:52.859772+00:00,9.150673999101855,APPROVED,
postgres,149,0,2026-08-28T17:29:52.859931+00:00,2026-08-28T17:29:52.866133+00:00,6.186307989992201,APPROVED,
voltdb,149,0,2026-08-28T17:29:52.866355+00:00,2026-08-28T17:29:52.875423+00:00,9.05131000035908,APPROVED,
postgres,150,0,2026-08-28T17:29:52.875549+00:00,2026-08-28T17:29:52.880630+00:00,5.064134005806409,APPROVED,
voltdb,150,0,2026-08-28T17:29:52.880765+00:00,2026-08-28T17:29:52.891192+00:00,10.417201003292575,APPROVED,
postgres,153,0,2026-08-28T17:29:52.891501+00:00,2026-08-28T17:29:52.897827+00:00,6.304513008217327,APPROVED,
voltdb,153,0,2026-08-28T17:29:52.897908+00:00,2026-08-28T17:29:52.906098+00:00,8.180893011740409,APPROVED,
postgres,154,0,2026-08-28T17:29:52.906244+00:00,2026-08-28T17:29:52.911638+00:00,5.3774749976582825,APPROVED,
voltdb,154,0,2026-08-28T17:29:52.911786+00:00,2026-08-28T17:29:52.919868+00:00,8.065439003985375,APPROVED,
postgres,157,0,2026-08-28T17:29:52.920044+00:00,2026-08-28T17:29:52.926100+00:00,6.036729988409206,APPROVED,
voltdb,157,0,2026-08-28T17:29:52.926268+00:00,2026-08-28T17:29:52.933782+00:00,7.493397992220707,APPROVED,
postgres,158,0,2026-08-28T17:29:52.933937+00:00,2026-08-28T17:29:52.939655+00:00,5.702982991351746,APPROVED,
voltdb,158,0,2026-08-28T17:29:52.939739+00:00,2026-08-28T17:29:52.948922+00:00,9.173063997877762,APPROVED,
postgres,159,0,2026-08-28T17:29:52.949052+00:00,2026-08-28T17:29:52.955209+00:00,6.143908001831733,APPROVED,
voltdb,159,0,2026-08-28T17:29:52.955293+00:00,2026-08-28T17:29:52.962922+00:00,7.619137992151082,APPROVED,
postgres,160,0,2026-08-28T17:29:52.963026+00:00,2026-08-28T17:29:52.968067+00:00,5.02905499888584,APPROVED,
voltdb,160,0,2026-08-28T17:29:52.968158+00:00,2026-08-28T17:29:52.979005+00:00,10.834707994945347,APPROVED,
postgres,161,0,2026-08-28T17:29:52.979350+00:00,2026-08-28T17:29:52.984767+00:00,5.365250006434508,APPROVED,
voltdb,161,0,2026-08-28T17:29:52.984859+00:00,2026-08-28T17:29:52.998339+00:00,13.468214994645678,APPROVED,
postgres,162,0,2026-08-28T17:29:52.998510+00:00,2026-08-28T17:29:53.005724+00:00,7.195873011369258,APPROVED,
voltdb,162,0,2026-08-28T17:29:53.005829+00:00,2026-08-28T17:29:53.014309+00:00,8.468241008813493,APPROVED,
postgres,163,0,2026-08-28T17:29:53.014547+00:00,2026-08-28T17:29:53.019789+00:00,5.223700994974934,APPROVED,
voltdb,163,0,2026-08-28T17:29:53.019907+00:00,2026-08-28T17:29:53.030899+00:00,10.981225001160055,APPROVED,
postgres,164,0,2026-08-28T17:29:53.031000+00:00,2026-08-28T17:29:53.035765+00:00,4.752220993395895,APPROVED,
voltdb,164,0,2026-08-28T17:29:53.035846+00:00,2026-08-28T17:29:53.046967+00:00,11.112274005427025,APPROVED,
postgres,166,0,2026-08-28T17:29:53.047075+00:00,2026-08-28T17:29:53.053247+00:00,6.156859002658166,APPROVED,
voltdb,166,0,2026-08-28T17:29:53.053439+00:00,2026-08-28T17:29:53.063371+00:00,9.918374009430408,APPROVED,
postgres,167,0,2026-08-28T17:29:53.063777+00:00,2026-08-28T17:29:53.068029+00:00,4.2342389933764935,APPROVED,
voltdb,167,0,2026-08-28T17:29:53.068149+00:00,2026-08-28T17:29:53.075730+00:00,7.5706560019170865,APPROVED,
postgres,168,0,2026-08-28T17:29:53.075833+00:00,2026-08-28T17:29:53.083800+00:00,7.955648994538933,APPROVED,
voltdb,168,0,2026-08-28T17:29:53.083946+00:00,2026-08-28T17:29:53.091379+00:00,7.416560998535715,APPROVED,
postgres,169,0,2026-08-28T17:29:53.091556+00:00,2026-08-28T17:29:53.098791+00:00,7.180803993833251,APPROVED,
voltdb,169,0,2026-08-28T17:29:53.098873+00:00,2026-08-28T17:29:53.106103+00:00,7.219882987556048,APPROVED,
postgres,170,1,2026-08-28T17:29:53.106236+00:00,2026-08-28T17:29:53.113707+00:00,7.4553410086082295,REVIEW,
voltdb,170,1,2026-08-28T17:29:53.113790+00:00,2026-08-28T17:29:53.130811+00:00,17.011694988468662,REVIEW,
postgres,171,0,2026-08-28T17:29:53.130912+00:00,2026-08-28T17:29:53.135504+00:00,4.578513995511457,APPROVED,
voltdb,171,0,2026-08-28T17:29:53.135615+00:00,2026-08-28T17:29:53.144703+00:00,9.067531995242462,APPROVED,
postgres,172,0,2026-08-28T17:29:53.144843+00:00,2026-08-28T17:29:53.149383+00:00,4.526228993199766,APPROVED,
voltdb,172,0,2026-08-28T17:29:53.149469+00:00,2026-08-28T17:29:53.158476+00:00,8.995654003228992,APPROVED,
postgres,173,0,2026-08-28T17:29:53.158585+00:00,2026-08-28T17:29:53.164944+00:00,6.346468988340348,APPROVED,
voltdb,173,0,2026-08-28T17:29:53.165026+00:00,2026-08-28T17:29:53.173445+00:00,8.40924600197468,APPROVED,
postgres,174,0,2026-08-28T17:29:53.173630+00:00,2026-08-28T17:29:53.178649+00:00,5.001830999390222,APPROVED,
voltdb,174,0,2026-08-28T17:29:53.178745+00:00,2026-08-28T17:29:53.186802+00:00,8.038433996262029,APPROVED,
postgres,176,0,2026-08-28T17:29:53.187253+00:00,2026-08-28T17:29:53.194958+00:00,7.632691995240748,APPROVED,
voltdb,176,0,2026-08-28T17:29:53.195165+00:00,2026-08-28T17:29:53.205848+00:00,10.66444099706132,APPROVED,
postgres,177,0,2026-08-28T17:29:53.206065+00:00,2026-08-28T17:29:53.213406+00:00,7.3218540055677295,APPROVED,
voltdb,177,0,2026-08-28T17:29:53.213486+00:00,2026-08-28T17:29:53.221007+00:00,7.509431001381017,APPROVED,
postgres,178,0,2026-08-28T17:29:53.221339+00:00,2026-08-28T17:29:53.229931+00:00,8.485174010274932,REVIEW,
voltdb,178,0,2026-08-28T17:29:53.230034+00:00,2026-08-28T17:29:53.244869+00:00,14.824404002865776,REVIEW,
postgres,179,0,2026-08-28T17:29:53.245085+00:00,2026-08-28T17:29:53.249914+00:00,4.809370992006734,APPROVED,
voltdb,179,0,2026-08-28T17:29:53.249994+00:00,2026-08-28T17:29:53.260137+00:00,10.130787995876744,APPROVED,
postgres,180,0,2026-08-28T17:29:53.260348+00:00,2026-08-28T17:29:53.265119+00:00,4.718531999969855,APPROVED,
voltdb,180,0,2026-08-28T17:29:53.265364+00:00,2026-08-28T17:29:53.276320+00:00,10.912341997027397,APPROVED,
postgres,181,0,2026-08-28T17:29:53.276535+00:00,2026-08-28T17:29:53.283723+00:00,7.169178003096022,REVIEW,
voltdb,181,0,2026-08-28T17:29:53.283850+00:00,2026-08-28T17:29:53.302600+00:00,18.736576996161602,REVIEW,
postgres,182,0,2026-08-28T17:29:53.306501+00:00,2026-08-28T17:29:53.312861+00:00,6.33478800591547,APPROVED,
voltdb,182,0,2026-08-28T17:29:53.312945+00:00,2026-08-28T17:29:53.323301+00:00,10.344688998884521,APPROVED,
postgres,183,0,2026-08-28T17:29:53.323474+00:00,2026-08-28T17:29:53.327536+00:00,4.044240995426662,APPROVED,
voltdb,183,0,2026-08-28T17:29:53.327600+00:00,2026-08-28T17:29:53.335853+00:00,8.24306700087618,APPROVED,
postgres,185,0,2026-08-28T17:29:53.335998+00:00,2026-08-28T17:29:53.341934+00:00,5.919857998378575,APPROVED,
voltdb,185,0,2026-08-28T17:29:53.342019+00:00,2026-08-28T17:29:53.353857+00:00,11.827360998722725,APPROVED,
postgres,187,0,2026-08-28T17:29:53.354015+00:00,2026-08-28T17:29:53.361163+00:00,7.130965997930616,APPROVED,
voltdb,187,0,2026-08-28T17:29:53.361289+00:00,2026-08-28T17:29:53.367787+00:00,6.485325997346081,APPROVED,
postgres,188,0,2026-08-28T17:29:53.367930+00:00,2026-08-28T17:29:53.372799+00:00,4.8508470063097775,APPROVED,
voltdb,188,0,2026-08-28T17:29:53.372879+00:00,2026-08-28T17:29:53.382080+00:00,9.191456992994063,APPROVED,
postgres,189,0,2026-08-28T17:29:53.382183+00:00,2026-08-28T17:29:53.387531+00:00,5.334697998478077,APPROVED,
voltdb,189,0,2026-08-28T17:29:53.387629+00:00,2026-08-28T17:29:53.395168+00:00,7.529652008088306,APPROVED,
postgres,190,0,2026-08-28T17:29:53.395381+00:00,2026-08-28T17:29:53.401106+00:00,5.706975993234664,REVIEW,
voltdb,190,0,2026-08-28T17:29:53.401192+00:00,2026-08-28T17:29:53.415486+00:00,14.283878990681842,REVIEW,
postgres,192,0,2026-08-28T17:29:53.415650+00:00,2026-08-28T17:29:53.423018+00:00,7.356180009082891,APPROVED,
voltdb,192,0,2026-08-28T17:29:53.423098+00:00,2026-08-28T17:29:53.430055+00:00,6.947360001504421,APPROVED,
postgres,193,0,2026-08-28T17:29:53.430155+00:00,2026-08-28T17:29:53.434885+00:00,4.717518997495063,APPROVED,
voltdb,193,0,2026-08-28T17:29:53.434972+00:00,2026-08-28T17:29:53.444616+00:00,9.494330995948985,APPROVED,
postgres,194,0,2026-08-28T17:29:53.444722+00:00,2026-08-28T17:29:53.451291+00:00,6.556702996022068,APPROVED,
voltdb,194,0,2026-08-28T17:29:53.451455+00:00,2026-08-28T17:29:53.460235+00:00,8.762281009694561,APPROVED,
postgres,195,0,2026-08-28T17:29:53.460364+00:00,2026-08-28T17:29:53.466821+00:00,6.439977005356923,APPROVED,
voltdb,195,0,2026-08-28T17:29:53.466935+00:00,2026-08-28T17:29:53.476141+00:00,9.08415399317164,APPROVED,
postgres,196,0,2026-08-28T17:29:53.476247+00:00,2026-08-28T17:29:53.481518+00:00,5.258977005723864,APPROVED,
voltdb,196,0,2026-08-28T17:29:53.481602+00:00,2026-08-28T17:29:53.489596+00:00,7.98567698802799,APPROVED,
postgres,197,0,2026-08-28T17:29:53.489703+00:00,2026-08-28T17:29:53.497583+00:00,7.868628003052436,APPROVED,
voltdb,197,0,2026-08-28T17:29:53.497634+00:00,2026-08-28T17:29:53.505657+00:00,8.015114988666028,APPROVED,
postgres,198,0,2026-08-28T17:29:53.505832+00:00,2026-08-28T17:29:53.512188+00:00,6.338015999062918,APPROVED,
voltdb,198,0,2026-08-28T17:29:53.512342+00:00,2026-08-28T17:29:53.519303+00:00,6.947822999791242,APPROVED,
postgres,201,0,2026-08-28T17:29:53.521355+00:00,2026-08-28T17:29:53.526479+00:00,5.098313005873933,APPROVED,
voltdb,201,0,2026-08-28T17:29:53.526580+00:00,2026-08-28T17:29:53.538461+00:00,11.861646999022923,APPROVED,
postgres,204,0,2026-08-28T17:29:53.538684+00:00,2026-08-28T17:29:53.545845+00:00,7.116105000022799,REVIEW,
voltdb,204,0,2026-08-28T17:29:53.546137+00:00,2026-08-28T17:29:53.563072+00:00,16.909401005250402,REVIEW,
postgres,205,0,2026-08-28T17:29:53.563247+00:00,2026-08-28T17:29:53.572187+00:00,8.919693995267153,APPROVED,
voltdb,205,0,2026-08-28T17:29:53.572432+00:00,2026-08-28T17:29:53.579184+00:00,6.736700001056306,APPROVED,
postgres,206,0,2026-08-28T17:29:53.579376+00:00,2026-08-28T17:29:53.584938+00:00,5.548428991460241,APPROVED,
voltdb,206,0,2026-08-28T17:29:53.585155+00:00,2026-08-28T17:29:53.594101+00:00,8.927449001930654,APPROVED,
postgres,207,0,2026-08-28T17:29:53.594307+00:00,2026-08-28T17:29:53.601898+00:00,7.176800994784571,APPROVED,
voltdb,207,0,2026-08-28T17:29:53.602044+00:00,2026-08-28T17:29:53.612167+00:00,10.10697400488425,APPROVED,
postgres,208,0,2026-08-28T17:29:53.612319+00:00,2026-08-28T17:29:53.618164+00:00,5.825601008837111,REVIEW,
voltdb,208,0,2026-08-28T17:29:53.618502+00:00,2026-08-28T17:29:53.639691+00:00,21.165793004911393,REVIEW,
postgres,209,0,2026-08-28T17:29:53.639932+00:00,2026-08-28T17:29:53.648069+00:00,8.112094001262449,APPROVED,
voltdb,209,0,2026-08-28T17:29:53.648154+00:00,2026-08-28T17:29:53.657578+00:00,9.41557899932377,APPROVED,
postgres,212,0,2026-08-28T17:29:53.657684+00:00,2026-08-28T17:29:53.664545+00:00,6.848227989394218,APPROVED,
voltdb,212,0,2026-08-28T17:29:53.664650+00:00,2026-08-28T17:29:53.674137+00:00,9.475636994466186,APPROVED,
postgres,214,0,2026-08-28T17:29:53.674993+00:00,2026-08-28T17:29:53.681524+00:00,6.474699999671429,APPROVED,
voltdb,214,0,2026-08-28T17:29:53.681636+00:00,2026-08-28T17:29:53.690891+00:00,9.245658991858363,APPROVED,
postgres,216,0,2026-08-28T17:29:53.690994+00:00,2026-08-28T17:29:53.696611+00:00,5.604409001534805,APPROVED,
voltdb,216,0,2026-08-28T17:29:53.696693+00:00,2026-08-28T17:29:53.705983+00:00,9.249640002963133,APPROVED,
postgres,217,0,2026-08-28T17:29:53.706098+00:00,2026-08-28T17:29:53.712098+00:00,5.988033008179627,REVIEW,
voltdb,217,0,2026-08-28T17:29:53.712462+00:00,2026-08-28T17:29:53.728127+00:00,15.611075010383502,REVIEW,
postgres,218,0,2026-08-28T17:29:53.728274+00:00,2026-08-28T17:29:53.733705+00:00,5.273779999697581,APPROVED,
voltdb,218,0,2026-08-28T17:29:53.733794+00:00,2026-08-28T17:29:53.742976+00:00,9.171533994958736,APPROVED,
postgres,219,0,2026-08-28T17:29:53.743080+00:00,2026-08-28T17:29:53.749009+00:00,5.880067008547485,APPROVED,
voltdb,219,0,2026-08-28T17:29:53.749196+00:00,2026-08-28T17:29:53.756063+00:00,6.85196700214874,APPROVED,
postgres,220,0,2026-08-28T17:29:53.756164+00:00,2026-08-28T17:29:53.763857+00:00,7.680587994400412,APPROVED,
voltdb,220,0,2026-08-28T17:29:53.763997+00:00,2026-08-28T17:29:53.771197+00:00,7.190885007730685,APPROVED,
postgres,221,0,2026-08-28T17:29:53.771472+00:00,2026-08-28T17:29:53.778020+00:00,6.525553995743394,APPROVED,
voltdb,221,0,2026-08-28T17:29:53.778126+00:00,2026-08-28T17:29:53.785060+00:00,6.901839995407499,APPROVED,
postgres,223,0,2026-08-28T17:29:53.785224+00:00,2026-08-28T17:29:53.790573+00:00,5.332287008059211,APPROVED,
voltdb,223,0,2026-08-28T17:29:53.790657+00:00,2026-08-28T17:29:53.799657+00:00,8.990517002530396,APPROVED,
postgres,225,0,2026-08-28T17:29:53.799851+00:00,2026-08-28T17:29:53.805026+00:00,5.157737992703915,APPROVED,
voltdb,225,0,2026-08-28T17:29:53.805108+00:00,2026-08-28T17:29:53.812147+00:00,7.029294996755198,APPROVED,
postgres,226,0,2026-08-28T17:29:53.812651+00:00,2026-08-28T17:29:53.817345+00:00,4.676298995036632,APPROVED,
voltdb,226,0,2026-08-28T17:29:53.817433+00:00,2026-08-28T17:29:53.825036+00:00,7.593362999614328,APPROVED,
postgres,228,0,2026-08-28T17:29:53.825209+00:00,2026-08-28T17:29:53.830742+00:00,5.518787002074532,APPROVED,
voltdb,228,0,2026-08-28T17:29:53.830881+00:00,2026-08-28T17:29:53.839232+00:00,8.340465996298008,APPROVED,
postgres,229,0,2026-08-28T17:29:53.839452+00:00,2026-08-28T17:29:53.844456+00:00,4.988402011804283,APPROVED,
voltdb,229,0,2026-08-28T17:29:53.844561+00:00,2026-08-28T17:29:53.850816+00:00,6.241327995667234,APPROVED,
postgres,230,0,2026-08-28T17:29:53.851042+00:00,2026-08-28T17:29:53.859733+00:00,8.633029996417463,REVIEW,
voltdb,230,0,2026-08-28T17:29:53.859814+00:00,2026-08-28T17:29:53.875231+00:00,15.408847000799142,REVIEW,
postgres,232,0,2026-08-28T17:29:53.875403+00:00,2026-08-28T17:29:53.880593+00:00,5.174260993953794,APPROVED,
voltdb,232,0,2026-08-28T17:29:53.880671+00:00,2026-08-28T17:29:53.888938+00:00,8.256868008174933,APPROVED,
postgres,233,0,2026-08-28T17:29:53.889054+00:00,2026-08-28T17:29:53.893682+00:00,4.614325996953994,APPROVED,
voltdb,233,0,2026-08-28T17:29:53.893776+00:00,2026-08-28T17:29:53.902053+00:00,8.249562000855803,APPROVED,
postgres,234,0,2026-08-28T17:29:53.902213+00:00,2026-08-28T17:29:53.907081+00:00,4.850134995649569,APPROVED,
voltdb,234,0,2026-08-28T17:29:53.907165+00:00,2026-08-28T17:29:53.916162+00:00,8.97302498924546,APPROVED,
postgres,235,0,2026-08-28T17:29:53.916393+00:00,2026-08-28T17:29:53.922852+00:00,6.44112798909191,APPROVED,
voltdb,235,0,2026-08-28T17:29:53.922939+00:00,2026-08-28T17:29:53.932577+00:00,9.627970997826196,APPROVED,
postgres,236,0,2026-08-28T17:29:53.932741+00:00,2026-08-28T17:29:53.939121+00:00,6.332629011012614,APPROVED,
voltdb,236,0,2026-08-28T17:29:53.939235+00:00,2026-08-28T17:29:53.947614+00:00,8.369112998479977,APPROVED,
postgres,237,0,2026-08-28T17:29:53.947715+00:00,2026-08-28T17:29:53.952771+00:00,5.0429390103090554,APPROVED,
voltdb,237,0,2026-08-28T17:29:53.952868+00:00,2026-08-28T17:29:53.961060+00:00,8.181575991329737,APPROVED,
postgres,238,0,2026-08-28T17:29:53.961196+00:00,2026-08-28T17:29:53.965805+00:00,4.594261001329869,APPROVED,
voltdb,238,0,2026-08-28T17:29:53.965892+00:00,2026-08-28T17:29:53.976101+00:00,10.162941995076835,APPROVED,
postgres,239,0,2026-08-28T17:29:53.976204+00:00,2026-08-28T17:29:53.982521+00:00,6.290108998655342,APPROVED,
voltdb,239,0,2026-08-28T17:29:53.982611+00:00,2026-08-28T17:29:53.992106+00:00,9.471730998484418,APPROVED,
postgres,245,0,2026-08-28T17:29:53.992484+00:00,2026-08-28T17:29:54.000826+00:00,8.316278996062465,APPROVED,
voltdb,245,0,2026-08-28T17:29:54.001241+00:00,2026-08-28T17:29:54.010761+00:00,9.497824998106807,APPROVED,
postgres,246,0,2026-08-28T17:29:54.011204+00:00,2026-08-28T17:29:54.016581+00:00,5.346074991393834,APPROVED,
voltdb,246,0,2026-08-28T17:29:54.016668+00:00,2026-08-28T17:29:54.025048+00:00,8.371118994546123,APPROVED,
postgres,247,0,2026-08-28T17:29:54.025224+00:00,2026-08-28T17:29:54.060193+00:00,34.95032600767445,APPROVED,
voltdb,247,0,2026-08-28T17:29:54.060281+00:00,2026-08-28T17:29:54.074625+00:00,14.331049998872913,APPROVED,
postgres,248,0,2026-08-28T17:29:54.074730+00:00,2026-08-28T17:29:54.081301+00:00,6.556637992616743,APPROVED,
voltdb,248,0,2026-08-28T17:29:54.081381+00:00,2026-08-28T17:29:54.089128+00:00,7.7370229992084205,APPROVED,
postgres,249,0,2026-08-28T17:29:54.089239+00:00,2026-08-28T17:29:54.109580+00:00,20.32500099448953,APPROVED,
voltdb,249,0,2026-08-28T17:29:54.109669+00:00,2026-08-28T17:29:54.117918+00:00,8.238978000008501,APPROVED,
postgres,250,0,2026-08-28T17:29:54.118091+00:00,2026-08-28T17:29:54.124393+00:00,6.282114001805894,APPROVED,
voltdb,250,0,2026-08-28T17:29:54.124502+00:00,2026-08-28T17:29:54.132190+00:00,7.677697998587973,APPROVED,
postgres,251,0,2026-08-28T17:29:54.132589+00:00,2026-08-28T17:29:54.139752+00:00,7.141360008972697,APPROVED,
voltdb,251,0,2026-08-28T17:29:54.139837+00:00,2026-08-28T17:29:54.146202+00:00,6.356761994538829,APPROVED,
postgres,253,0,2026-08-28T17:29:54.146385+00:00,2026-08-28T17:29:54.150936+00:00,4.534969993983395,APPROVED,
voltdb,253,0,2026-08-28T17:29:54.151027+00:00,2026-08-28T17:29:54.158940+00:00,7.895857997937128,APPROVED,
postgres,254,0,2026-08-28T17:29:54.159210+00:00,2026-08-28T17:29:54.164380+00:00,5.148584008566104,APPROVED,
voltdb,254,0,2026-08-28T17:29:54.164482+00:00,2026-08-28T17:29:54.170720+00:00,6.228996993741021,APPROVED,
postgres,256,0,2026-08-28T17:29:54.170880+00:00,2026-08-28T17:29:54.177313+00:00,6.408984991139732,APPROVED,
voltdb,256,0,2026-08-28T17:29:54.177428+00:00,2026-08-28T17:29:54.182525+00:00,5.087216006359085,APPROVED,
postgres,257,0,2026-08-28T17:29:54.182667+00:00,2026-08-28T17:29:54.188420+00:00,5.733012993005104,APPROVED,
voltdb,257,0,2026-08-28T17:29:54.188508+00:00,2026-08-28T17:29:54.197439+00:00,8.92103899968788,APPROVED,
postgres,258,0,2026-08-28T17:29:54.197548+00:00,2026-08-28T17:29:54.203419+00:00,5.856054005562328,APPROVED,
voltdb,258,0,2026-08-28T17:29:54.203540+00:00,2026-08-28T17:29:54.210507+00:00,6.958262005355209,APPROVED,
postgres,259,0,2026-08-28T17:29:54.210706+00:00,2026-08-28T17:29:54.214533+00:00,3.8062219973653555,APPROVED,
voltdb,259,0,2026-08-28T17:29:54.214637+00:00,2026-08-28T17:29:54.221599+00:00,6.952674011699855,APPROVED,
postgres,260,0,2026-08-28T17:29:54.221722+00:00,2026-08-28T17:29:54.226212+00:00,4.476732996408828,APPROVED,
voltdb,260,0,2026-08-28T17:29:54.226346+00:00,2026-08-28T17:29:54.233556+00:00,7.196904000011273,APPROVED,
postgres,261,0,2026-08-28T17:29:54.233692+00:00,2026-08-28T17:29:54.239955+00:00,6.24377399799414,APPROVED,
voltdb,261,0,2026-08-28T17:29:54.240087+00:00,2026-08-28T17:29:54.247152+00:00,7.05532799474895,APPROVED,
postgres,262,0,2026-08-28T17:29:54.247298+00:00,2026-08-28T17:29:54.253126+00:00,5.8109300007345155,APPROVED,
voltdb,262,0,2026-08-28T17:29:54.253254+00:00,2026-08-28T17:29:54.260649+00:00,7.385515986243263,APPROVED,
postgres,263,0,2026-08-28T17:29:54.260819+00:00,2026-08-28T17:29:54.264944+00:00,4.108170003746636,APPROVED,
voltdb,263,0,2026-08-28T17:29:54.265027+00:00,2026-08-28T17:29:54.273474+00:00,8.4360829932848,APPROVED,
postgres,264,0,2026-08-28T17:29:54.273702+00:00,2026-08-28T17:29:54.278757+00:00,5.033056004322134,APPROVED,
voltdb,264,0,2026-08-28T17:29:54.278851+00:00,2026-08-28T17:29:54.285899+00:00,7.034480004222132,APPROVED,
postgres,265,0,2026-08-28T17:29:54.286030+00:00,2026-08-28T17:29:54.294230+00:00,8.187711995560676,REVIEW,
voltdb,265,0,2026-08-28T17:29:54.294333+00:00,2026-08-28T17:29:54.309877+00:00,15.528594012721442,REVIEW,
postgres,267,0,2026-08-28T17:29:54.310078+00:00,2026-08-28T17:29:54.316706+00:00,6.599897009436972,APPROVED,
voltdb,267,0,2026-08-28T17:29:54.316828+00:00,2026-08-28T17:29:54.324492+00:00,7.638738010427915,APPROVED,
postgres,268,0,2026-08-28T17:29:54.324592+00:00,2026-08-28T17:29:54.331413+00:00,6.8088150001131,APPROVED,
voltdb,268,0,2026-08-28T17:29:54.331544+00:00,2026-08-28T17:29:54.339103+00:00,7.550064998213202,APPROVED,
postgres,269,0,2026-08-28T17:29:54.339206+00:00,2026-08-28T17:29:54.347759+00:00,8.486335005727597,APPROVED,
voltdb,269,0,2026-08-28T17:29:54.347864+00:00,2026-08-28T17:29:54.355758+00:00,7.8847099939594045,APPROVED,
postgres,270,0,2026-08-28T17:29:54.355856+00:00,2026-08-28T17:29:54.362421+00:00,6.538569999975152,APPROVED,
voltdb,270,0,2026-08-28T17:29:54.362531+00:00,2026-08-28T17:29:54.372698+00:00,10.153440001886338,APPROVED,
postgres,271,0,2026-08-28T17:29:54.372836+00:00,2026-08-28T17:29:54.377863+00:00,4.995486990083009,APPROVED,
voltdb,271,0,2026-08-28T17:29:54.378025+00:00,2026-08-28T17:29:54.385645+00:00,7.599566990393214,APPROVED,
postgres,272,0,2026-08-28T17:29:54.387707+00:00,2026-08-28T17:29:54.392931+00:00,5.2046189957764,APPROVED,
voltdb,272,0,2026-08-28T17:29:54.393039+00:00,2026-08-28T17:29:54.401546+00:00,8.49740399280563,APPROVED,
postgres,273,0,2026-08-28T17:29:54.403669+00:00,2026-08-28T17:29:54.408727+00:00,5.03206999565009,APPROVED,
voltdb,273,0,2026-08-28T17:29:54.408862+00:00,2026-08-28T17:29:54.417347+00:00,8.474255999317393,APPROVED,
postgres,274,0,2026-08-28T17:29:54.417583+00:00,2026-08-28T17:29:54.424871+00:00,7.2711339889792725,APPROVED,
voltdb,274,0,2026-08-28T17:29:54.424956+00:00,2026-08-28T17:29:54.431987+00:00,7.021678989985958,APPROVED,
postgres,276,0,2026-08-28T17:29:54.432120+00:00,2026-08-28T17:29:54.439045+00:00,6.911762000527233,APPROVED,
voltdb,276,0,2026-08-28T17:29:54.439131+00:00,2026-08-28T17:29:54.446601+00:00,7.427365999319591,APPROVED,
postgres,279,1,2026-08-28T17:29:54.446740+00:00,2026-08-28T17:29:54.452916+00:00,6.163057987578213,BLOCKED,
voltdb,279,1,2026-08-28T17:29:54.453042+00:00,2026-08-28T17:29:54.469809+00:00,16.756344004534185,BLOCKED,
postgres,281,0,2026-08-28T17:29:54.470036+00:00,2026-08-28T17:29:54.476724+00:00,6.665673005045392,APPROVED,
voltdb,281,0,2026-08-28T17:29:54.476830+00:00,2026-08-28T17:29:54.484229+00:00,7.388541998807341,APPROVED,
postgres,282,0,2026-08-28T17:29:54.484428+00:00,2026-08-28T17:29:54.489710+00:00,5.2325489959912375,APPROVED,
voltdb,282,0,2026-08-28T17:29:54.489789+00:00,2026-08-28T17:29:54.497929+00:00,8.13162799749989,APPROVED,
postgres,283,0,2026-08-28T17:29:54.498061+00:00,2026-08-28T17:29:54.504776+00:00,6.702589002088644,APPROVED,
voltdb,283,0,2026-08-28T17:29:54.504861+00:00,2026-08-28T17:29:54.511633+00:00,6.756121991202235,APPROVED,
postgres,284,0,2026-08-28T17:29:54.511879+00:00,2026-08-28T17:29:54.517215+00:00,5.314604000886902,APPROVED,
voltdb,284,0,2026-08-28T17:29:54.517493+00:00,2026-08-28T17:29:54.526713+00:00,9.198025989462622,APPROVED,
postgres,285,0,2026-08-28T17:29:54.526898+00:00,2026-08-28T17:29:54.532148+00:00,5.231385002844036,APPROVED,
voltdb,285,0,2026-08-28T17:29:54.532223+00:00,2026-08-28T17:29:54.541848+00:00,9.614360998966731,APPROVED,
postgres,286,0,2026-08-28T17:29:54.542052+00:00,2026-08-28T17:29:54.547726+00:00,5.65710999944713,APPROVED,
voltdb,286,0,2026-08-28T17:29:54.547800+00:00,2026-08-28T17:29:54.556765+00:00,8.955434008385055,APPROVED,
postgres,287,0,2026-08-28T17:29:54.556894+00:00,2026-08-28T17:29:54.562889+00:00,5.896828006370924,APPROVED,
voltdb,287,0,2026-08-28T17:29:54.562981+00:00,2026-08-28T17:29:54.570117+00:00,7.1265799924731255,APPROVED,
postgres,289,0,2026-08-28T17:29:54.570231+00:00,2026-08-28T17:29:54.576661+00:00,6.416688003810123,APPROVED,
voltdb,289,0,2026-08-28T17:29:54.576767+00:00,2026-08-28T17:29:54.584202+00:00,7.425111994962208,APPROVED,
postgres,290,0,2026-08-28T17:29:54.584467+00:00,2026-08-28T17:29:54.590562+00:00,6.075091994716786,APPROVED,
voltdb,290,0,2026-08-28T17:29:54.590698+00:00,2026-08-28T17:29:54.597511+00:00,6.80294499034062,APPROVED,
postgres,291,0,2026-08-28T17:29:54.597621+00:00,2026-08-28T17:29:54.602885+00:00,5.251592010608874,APPROVED,
voltdb,291,0,2026-08-28T17:29:54.602977+00:00,2026-08-28T17:29:54.611086+00:00,8.09810499777086,APPROVED,
postgres,292,0,2026-08-28T17:29:54.611203+00:00,2026-08-28T17:29:54.616660+00:00,5.444067995995283,REVIEW,
voltdb,292,0,2026-08-28T17:29:54.616854+00:00,2026-08-28T17:29:54.630433+00:00,13.556279009208083,REVIEW,
postgres,293,0,2026-08-28T17:29:54.630571+00:00,2026-08-28T17:29:54.636775+00:00,6.190772997797467,APPROVED,
voltdb,293,0,2026-08-28T17:29:54.636867+00:00,2026-08-28T17:29:54.643532+00:00,6.653762000496499,APPROVED,
postgres,294,0,2026-08-28T17:29:54.643651+00:00,2026-08-28T17:29:54.648885+00:00,5.195186997298151,APPROVED,
voltdb,294,0,2026-08-28T17:29:54.648966+00:00,2026-08-28T17:29:54.656936+00:00,7.865498002502136,APPROVED,
postgres,296,0,2026-08-28T17:29:54.657050+00:00,2026-08-28T17:29:54.663196+00:00,6.129778004833497,APPROVED,
voltdb,296,0,2026-08-28T17:29:54.663341+00:00,2026-08-28T17:29:54.672119+00:00,8.766063998336904,APPROVED,
postgres,297,0,2026-08-28T17:29:54.672265+00:00,2026-08-28T17:29:54.678596+00:00,6.312294004601426,APPROVED,
voltdb,297,0,2026-08-28T17:29:54.678746+00:00,2026-08-28T17:29:54.685509+00:00,6.744379992596805,APPROVED,
postgres,298,0,2026-08-28T17:29:54.685665+00:00,2026-08-28T17:29:54.692149+00:00,6.443488004151732,APPROVED,
voltdb,298,0,2026-08-28T17:29:54.692276+00:00,2026-08-28T17:29:54.699124+00:00,6.833156003267504,APPROVED,
postgres,299,0,2026-08-28T17:29:54.699275+00:00,2026-08-28T17:29:54.706126+00:00,6.834376996266656,APPROVED,
voltdb,299,0,2026-08-28T17:29:54.706431+00:00,2026-08-28T17:29:54.714118+00:00,7.6706760009983554,APPROVED,
postgres,302,0,2026-08-28T17:29:54.714428+00:00,2026-08-28T17:29:54.723107+00:00,8.65540599625092,APPROVED,
voltdb,302,0,2026-08-28T17:29:54.723238+00:00,2026-08-28T17:29:54.731436+00:00,8.181828001397662,APPROVED,
postgres,303,0,2026-08-28T17:29:54.731658+00:00,2026-08-28T17:29:54.737774+00:00,6.102943996665999,APPROVED,
voltdb,303,0,2026-08-28T17:29:54.737920+00:00,2026-08-28T17:29:54.746974+00:00,9.033928989083506,APPROVED,
postgres,304,0,2026-08-28T17:29:54.747079+00:00,2026-08-28T17:29:54.752171+00:00,5.0792609981726855,APPROVED,
voltdb,304,0,2026-08-28T17:29:54.752358+00:00,2026-08-28T17:29:54.761529+00:00,9.15732300200034,APPROVED,
postgres,307,0,2026-08-28T17:29:54.761665+00:00,2026-08-28T17:29:54.766527+00:00,4.845022005611099,APPROVED,
voltdb,307,0,2026-08-28T17:29:54.766682+00:00,2026-08-28T17:29:54.774564+00:00,7.867313994211145,APPROVED,
postgres,308,0,2026-08-28T17:29:54.775079+00:00,2026-08-28T17:29:54.780190+00:00,5.061290998128243,APPROVED,
voltdb,308,0,2026-08-28T17:29:54.780308+00:00,2026-08-28T17:29:54.788519+00:00,8.202030992833897,APPROVED,
postgres,310,0,2026-08-28T17:29:54.788638+00:00,2026-08-28T17:29:54.794637+00:00,5.986133997794241,APPROVED,
voltdb,310,0,2026-08-28T17:29:54.794722+00:00,2026-08-28T17:29:54.801714+00:00,6.981380007346161,APPROVED,
postgres,311,0,2026-08-28T17:29:54.801863+00:00,2026-08-28T17:29:54.809363+00:00,7.482156986952759,APPROVED,
voltdb,311,0,2026-08-28T17:29:54.809469+00:00,2026-08-28T17:29:54.817932+00:00,8.446791005553678,APPROVED,
postgres,313,0,2026-08-28T17:29:54.818006+00:00,2026-08-28T17:29:54.824550+00:00,6.534726009704173,APPROVED,
voltdb,313,0,2026-08-28T17:29:54.824644+00:00,2026-08-28T17:29:54.831684+00:00,7.025503000477329,APPROVED,
postgres,316,0,2026-08-28T17:29:54.831791+00:00,2026-08-28T17:29:54.838217+00:00,6.4118209993466735,APPROVED,
voltdb,316,0,2026-08-28T17:29:54.838362+00:00,2026-08-28T17:29:54.846432+00:00,8.053085999563336,APPROVED,
postgres,318,0,2026-08-28T17:29:54.846653+00:00,2026-08-28T17:29:54.851939+00:00,5.258332006633282,APPROVED,
voltdb,318,0,2026-08-28T17:29:54.852103+00:00,2026-08-28T17:29:54.863849+00:00,11.729923004168086,APPROVED,
postgres,319,0,2026-08-28T17:29:54.864002+00:00,2026-08-28T17:29:54.869011+00:00,4.990132001694292,APPROVED,
voltdb,319,0,2026-08-28T17:29:54.869114+00:00,2026-08-28T17:29:54.879539+00:00,10.413910000352189,APPROVED,
postgres,323,0,2026-08-28T17:29:54.879642+00:00,2026-08-28T17:29:54.884866+00:00,5.211413998040371,APPROVED,
voltdb,323,0,2026-08-28T17:29:54.885036+00:00,2026-08-28T17:29:54.894886+00:00,9.834828990278766,APPROVED,
postgres,324,0,2026-08-28T17:29:54.895200+00:00,2026-08-28T17:29:54.899568+00:00,4.351084993686527,APPROVED,
voltdb,324,0,2026-08-28T17:29:54.899700+00:00,2026-08-28T17:29:54.906717+00:00,7.005260995356366,APPROVED,
postgres,325,0,2026-08-28T17:29:54.906950+00:00,2026-08-28T17:29:54.911163+00:00,4.122063008253463,APPROVED,
voltdb,325,0,2026-08-28T17:29:54.911244+00:00,2026-08-28T17:29:54.921608+00:00,10.354760990594514,APPROVED,
postgres,326,0,2026-08-28T17:29:54.921746+00:00,2026-08-28T17:29:54.926701+00:00,4.942344996379688,APPROVED,
voltdb,326,0,2026-08-28T17:29:54.926805+00:00,2026-08-28T17:29:54.932702+00:00,5.88827500178013,APPROVED,
postgres,327,0,2026-08-28T17:29:54.932850+00:00,2026-08-28T17:29:54.941144+00:00,8.28028199612163,APPROVED,
voltdb,327,0,2026-08-28T17:29:54.941232+00:00,2026-08-28T17:29:54.950074+00:00,8.832894003717229,APPROVED,
postgres,328,0,2026-08-28T17:29:54.950446+00:00,2026-08-28T17:29:54.956578+00:00,6.107326000346802,APPROVED,
voltdb,328,0,2026-08-28T17:29:54.956724+00:00,2026-08-28T17:29:54.963659+00:00,6.920683998032473,APPROVED,
postgres,331,0,2026-08-28T17:29:54.963945+00:00,2026-08-28T17:29:54.972493+00:00,8.526256991899572,APPROVED,
voltdb,331,0,2026-08-28T17:29:54.972629+00:00,2026-08-28T17:29:54.978863+00:00,6.205036988831125,APPROVED,
postgres,334,0,2026-08-28T17:29:54.979182+00:00,2026-08-28T17:29:54.983816+00:00,4.59017300454434,APPROVED,
voltdb,334,0,2026-08-28T17:29:54.983901+00:00,2026-08-28T17:29:54.992871+00:00,8.959871993283741,APPROVED,
postgres,335,0,2026-08-28T17:29:54.993002+00:00,2026-08-28T17:29:54.998108+00:00,5.092904000775889,APPROVED,
voltdb,335,0,2026-08-28T17:29:54.998344+00:00,2026-08-28T17:29:55.007899+00:00,9.501528009423055,APPROVED,
postgres,336,0,2026-08-28T17:29:55.008162+00:00,2026-08-28T17:29:55.012741+00:00,4.555202001938596,APPROVED,
voltdb,336,0,2026-08-28T17:29:55.012855+00:00,2026-08-28T17:29:55.020192+00:00,7.322732999455184,APPROVED,
postgres,338,0,2026-08-28T17:29:55.020383+00:00,2026-08-28T17:29:55.025713+00:00,5.312751003657468,APPROVED,
voltdb,338,0,2026-08-28T17:29:55.026483+00:00,2026-08-28T17:29:55.034756+00:00,8.214457004214637,APPROVED,
postgres,340,0,2026-08-28T17:29:55.034995+00:00,2026-08-28T17:29:55.041736+00:00,6.715722993249074,APPROVED,
voltdb,340,0,2026-08-28T17:29:55.041866+00:00,2026-08-28T17:29:55.048716+00:00,6.836848988314159,APPROVED,
postgres,341,0,2026-08-28T17:29:55.048820+00:00,2026-08-28T17:29:55.054120+00:00,5.286704996251501,APPROVED,
voltdb,341,0,2026-08-28T17:29:55.054211+00:00,2026-08-28T17:29:55.063365+00:00,9.13857099658344,APPROVED,
postgres,342,0,2026-08-28T17:29:55.063466+00:00,2026-08-28T17:29:55.068766+00:00,5.286967993015423,APPROVED,
voltdb,342,0,2026-08-28T17:29:55.068879+00:00,2026-08-28T17:29:55.078206+00:00,9.310749999713153,APPROVED,
postgres,344,0,2026-08-28T17:29:55.078357+00:00,2026-08-28T17:29:55.084819+00:00,6.443991995183751,APPROVED,
voltdb,344,0,2026-08-28T17:29:55.084988+00:00,2026-08-28T17:29:55.098305+00:00,13.284798988024704,APPROVED,
postgres,345,0,2026-08-28T17:29:55.098459+00:00,2026-08-28T17:29:55.107619+00:00,9.142238995991647,APPROVED,
voltdb,345,0,2026-08-28T17:29:55.107733+00:00,2026-08-28T17:29:55.116748+00:00,8.99834001029376,APPROVED,
postgres,346,0,2026-08-28T17:29:55.116874+00:00,2026-08-28T17:29:55.126727+00:00,9.839813006692566,APPROVED,
voltdb,346,0,2026-08-28T17:29:55.126830+00:00,2026-08-28T17:29:55.140131+00:00,13.287348003359511,APPROVED,
postgres,348,0,2026-08-28T17:29:55.140268+00:00,2026-08-28T17:29:55.148347+00:00,8.055541999056004,APPROVED,
voltdb,348,0,2026-08-28T17:29:55.148444+00:00,2026-08-28T17:29:55.159850+00:00,11.394817003747448,APPROVED,
postgres,349,0,2026-08-28T17:29:55.160147+00:00,2026-08-28T17:29:55.166401+00:00,6.235560998902656,APPROVED,
voltdb,349,0,2026-08-28T17:29:55.166545+00:00,2026-08-28T17:29:55.176815+00:00,10.244631994282827,APPROVED,
postgres,350,0,2026-08-28T17:29:55.176970+00:00,2026-08-28T17:29:55.187693+00:00,10.70905799861066,APPROVED,
voltdb,350,0,2026-08-28T17:29:55.187929+00:00,2026-08-28T17:29:55.199915+00:00,11.93062899983488,APPROVED,
postgres,351,0,2026-08-28T17:29:55.200384+00:00,2026-08-28T17:29:55.207889+00:00,7.438293003360741,APPROVED,
voltdb,351,0,2026-08-28T17:29:55.208057+00:00,2026-08-28T17:29:55.218877+00:00,10.79434499843046,APPROVED,
postgres,352,0,2026-08-28T17:29:55.219376+00:00,2026-08-28T17:29:55.226822+00:00,7.416857988573611,APPROVED,
voltdb,352,0,2026-08-28T17:29:55.226979+00:00,2026-08-28T17:29:55.239330+00:00,12.335011007962748,APPROVED,
postgres,353,0,2026-08-28T17:29:55.239738+00:00,2026-08-28T17:29:55.246900+00:00,7.122968003386632,APPROVED,
voltdb,353,0,2026-08-28T17:29:55.247005+00:00,2026-08-28T17:29:55.256627+00:00,9.610627006622963,APPROVED,
postgres,354,0,2026-08-28T17:29:55.256815+00:00,2026-08-28T17:29:55.262569+00:00,5.729659998905845,APPROVED,
voltdb,354,0,2026-08-28T17:29:55.262845+00:00,2026-08-28T17:29:55.269603+00:00,6.729075001203455,APPROVED,
postgres,355,0,2026-08-28T17:29:55.269763+00:00,2026-08-28T17:29:55.277157+00:00,7.37548699544277,APPROVED,
voltdb,355,0,2026-08-28T17:29:55.277360+00:00,2026-08-28T17:29:55.286163+00:00,8.785744998021983,APPROVED,
postgres,356,0,2026-08-28T17:29:55.286385+00:00,2026-08-28T17:29:55.294495+00:00,8.070095005678013,APPROVED,
voltdb,356,0,2026-08-28T17:29:55.294664+00:00,2026-08-28T17:29:55.303331+00:00,8.656373000121675,APPROVED,
postgres,357,0,2026-08-28T17:29:55.303483+00:00,2026-08-28T17:29:55.311419+00:00,7.921345008071512,APPROVED,
voltdb,357,0,2026-08-28T17:29:55.311554+00:00,2026-08-28T17:29:55.319523+00:00,7.953672989970073,APPROVED,
postgres,358,0,2026-08-28T17:29:55.319649+00:00,2026-08-28T17:29:55.328626+00:00,8.957103011198342,APPROVED,
voltdb,358,0,2026-08-28T17:29:55.328736+00:00,2026-08-28T17:29:55.335240+00:00,6.4914069953374565,APPROVED,
postgres,359,0,2026-08-28T17:29:55.335432+00:00,2026-08-28T17:29:55.344730+00:00,9.28274700709153,APPROVED,
voltdb,359,0,2026-08-28T17:29:55.344815+00:00,2026-08-28T17:29:55.350819+00:00,5.992332997266203,APPROVED,
postgres,360,0,2026-08-28T17:29:55.350970+00:00,2026-08-28T17:29:55.358418+00:00,7.413168001221493,REVIEW,
voltdb,360,0,2026-08-28T17:29:55.358596+00:00,2026-08-28T17:29:55.373815+00:00,15.17333000083454,REVIEW,
postgres,361,0,2026-08-28T17:29:55.373924+00:00,2026-08-28T17:29:55.378446+00:00,4.498805006733164,APPROVED,
voltdb,361,0,2026-08-28T17:29:55.378594+00:00,2026-08-28T17:29:55.385298+00:00,6.687697998131625,APPROVED,
postgres,362,0,2026-08-28T17:29:55.385818+00:00,2026-08-28T17:29:55.392839+00:00,6.992959009949118,APPROVED,
voltdb,362,0,2026-08-28T17:29:55.392922+00:00,2026-08-28T17:29:55.400177+00:00,7.245964996400289,APPROVED,
postgres,364,0,2026-08-28T17:29:55.400355+00:00,2026-08-28T17:29:55.407346+00:00,6.9717440055683255,APPROVED,
voltdb,364,0,2026-08-28T17:29:55.407533+00:00,2026-08-28T17:29:55.414610+00:00,7.062635006150231,APPROVED,
postgres,365,0,2026-08-28T17:29:55.414715+00:00,2026-08-28T17:29:55.423492+00:00,8.764400001382455,APPROVED,
voltdb,365,0,2026-08-28T17:29:55.423582+00:00,2026-08-28T17:29:55.430173+00:00,6.576108993613161,APPROVED,
postgres,366,0,2026-08-28T17:29:55.430655+00:00,2026-08-28T17:29:55.435437+00:00,4.760063995490782,APPROVED,
voltdb,366,0,2026-08-28T17:29:55.435511+00:00,2026-08-28T17:29:55.444240+00:00,8.719432997168042,APPROVED,
postgres,367,0,2026-08-28T17:29:55.444588+00:00,2026-08-28T17:29:55.450340+00:00,5.730261997086927,APPROVED,
voltdb,367,0,2026-08-28T17:29:55.450489+00:00,2026-08-28T17:29:55.457870+00:00,7.357277994742617,APPROVED,
postgres,369,0,2026-08-28T17:29:55.458316+00:00,2026-08-28T17:29:55.465022+00:00,6.687027998850681,APPROVED,
voltdb,369,0,2026-08-28T17:29:55.465103+00:00,2026-08-28T17:29:55.471979+00:00,6.866655996418558,APPROVED,
postgres,372,0,2026-08-28T17:29:55.472153+00:00,2026-08-28T17:29:55.478976+00:00,6.80644199019298,APPROVED,
voltdb,372,0,2026-08-28T17:29:55.479060+00:00,2026-08-28T17:29:55.484606+00:00,5.5341310071526095,APPROVED,
postgres,374,0,2026-08-28T17:29:55.484852+00:00,2026-08-28T17:29:55.490642+00:00,5.765966008766554,APPROVED,
voltdb,374,0,2026-08-28T17:29:55.490732+00:00,2026-08-28T17:29:55.500087+00:00,9.33973900100682,APPROVED,
postgres,375,0,2026-08-28T17:29:55.500244+00:00,2026-08-28T17:29:55.507477+00:00,7.213732009404339,APPROVED,
voltdb,375,0,2026-08-28T17:29:55.507691+00:00,2026-08-28T17:29:55.515132+00:00,7.42665899451822,APPROVED,
postgres,378,0,2026-08-28T17:29:55.515343+00:00,2026-08-28T17:29:55.521952+00:00,6.590851000510156,APPROVED,
voltdb,378,0,2026-08-28T17:29:55.522045+00:00,2026-08-28T17:29:55.530037+00:00,7.980874011991546,APPROVED,
postgres,379,0,2026-08-28T17:29:55.530380+00:00,2026-08-28T17:29:55.535614+00:00,5.20836899522692,APPROVED,
voltdb,379,0,2026-08-28T17:29:55.535834+00:00,2026-08-28T17:29:55.545054+00:00,9.201934008160606,APPROVED,
postgres,380,1,2026-08-28T17:29:55.545154+00:00,2026-08-28T17:29:55.552421+00:00,7.255041011376306,REVIEW,
voltdb,380,1,2026-08-28T17:29:55.552514+00:00,2026-08-28T17:29:55.567890+00:00,15.364759994554333,REVIEW,
postgres,382,0,2026-08-28T17:29:55.568050+00:00,2026-08-28T17:29:55.575074+00:00,7.007082997006364,APPROVED,
voltdb,382,0,2026-08-28T17:29:55.575156+00:00,2026-08-28T17:29:55.581151+00:00,5.9857310116058215,APPROVED,
postgres,383,0,2026-08-28T17:29:55.581416+00:00,2026-08-28T17:29:55.586773+00:00,5.3263909940142184,APPROVED,
voltdb,383,0,2026-08-28T17:29:55.586868+00:00,2026-08-28T17:29:55.594824+00:00,7.942904005176388,APPROVED,
postgres,384,0,2026-08-28T17:29:55.595084+00:00,2026-08-28T17:29:55.601716+00:00,6.586833987967111,APPROVED,
voltdb,384,0,2026-08-28T17:29:55.601805+00:00,2026-08-28T17:29:55.609517+00:00,7.699544003116898,APPROVED,
postgres,386,0,2026-08-28T17:29:55.609710+00:00,2026-08-28T17:29:55.616368+00:00,6.630012998357415,APPROVED,
voltdb,386,0,2026-08-28T17:29:55.616487+00:00,2026-08-28T17:29:55.623189+00:00,6.689148998702876,APPROVED,
postgres,388,0,2026-08-28T17:29:55.623306+00:00,2026-08-28T17:29:55.631174+00:00,7.856967000407167,APPROVED,
voltdb,388,0,2026-08-28T17:29:55.631365+00:00,2026-08-28T17:29:55.638574+00:00,7.19938799738884,APPROVED,
postgres,389,0,2026-08-28T17:29:55.638692+00:00,2026-08-28T17:29:55.646374+00:00,7.669157988857478,APPROVED,
voltdb,389,0,2026-08-28T17:29:55.646569+00:00,2026-08-28T17:29:55.652379+00:00,5.795941993710585,APPROVED,
postgres,390,0,2026-08-28T17:29:55.652613+00:00,2026-08-28T17:29:55.657765+00:00,5.130531004397199,APPROVED,
voltdb,390,0,2026-08-28T17:29:55.657865+00:00,2026-08-28T17:29:55.664601+00:00,6.72624800063204,APPROVED,
postgres,391,0,2026-08-28T17:29:55.664787+00:00,2026-08-28T17:29:55.673452+00:00,8.648043993161991,APPROVED,
voltdb,391,0,2026-08-28T17:29:55.673553+00:00,2026-08-28T17:29:55.680868+00:00,7.304102007765323,APPROVED,
postgres,393,0,2026-08-28T17:29:55.680992+00:00,2026-08-28T17:29:55.687544+00:00,6.5395770070608705,APPROVED,
voltdb,393,0,2026-08-28T17:29:55.687669+00:00,2026-08-28T17:29:55.693715+00:00,6.026103990734555,APPROVED,
postgres,397,0,2026-08-28T17:29:55.694009+00:00,2026-08-28T17:29:55.698846+00:00,4.814144005649723,APPROVED,
voltdb,397,0,2026-08-28T17:29:55.698949+00:00,2026-08-28T17:29:55.706905+00:00,7.946251003886573,APPROVED,
postgres,399,0,2026-08-28T17:29:55.707078+00:00,2026-08-28T17:29:55.712201+00:00,5.103592993691564,REVIEW,
voltdb,399,0,2026-08-28T17:29:55.712282+00:00,2026-08-28T17:29:55.724689+00:00,12.398053004289977,REVIEW,
postgres,401,0,2026-08-28T17:29:55.724819+00:00,2026-08-28T17:29:55.730243+00:00,5.410141995525919,APPROVED,
voltdb,401,0,2026-08-28T17:29:55.730323+00:00,2026-08-28T17:29:55.736661+00:00,6.3280460017267615,APPROVED,
postgres,402,0,2026-08-28T17:29:55.736862+00:00,2026-08-28T17:29:55.743529+00:00,6.650958996033296,APPROVED,
voltdb,402,0,2026-08-28T17:29:55.743618+00:00,2026-08-28T17:29:55.750034+00:00,6.405871012248099,APPROVED,
postgres,404,0,2026-08-28T17:29:55.750300+00:00,2026-08-28T17:29:55.755261+00:00,4.936322002322413,APPROVED,
voltdb,404,0,2026-08-28T17:29:55.755350+00:00,2026-08-28T17:29:55.763194+00:00,7.833784999093041,APPROVED,
postgres,406,0,2026-08-28T17:29:55.763300+00:00,2026-08-28T17:29:55.767585+00:00,4.2727129912236705,APPROVED,
voltdb,406,0,2026-08-28T17:29:55.767686+00:00,2026-08-28T17:29:55.775515+00:00,7.816444005584344,APPROVED,
postgres,407,0,2026-08-28T17:29:55.775695+00:00,2026-08-28T17:29:55.780789+00:00,5.062800002633594,REVIEW,
voltdb,407,0,2026-08-28T17:29:55.780872+00:00,2026-08-28T17:29:55.794490+00:00,13.608378998469561,REVIEW,
postgres,408,0,2026-08-28T17:29:55.794600+00:00,2026-08-28T17:29:55.799180+00:00,4.569137992803007,APPROVED,
voltdb,408,0,2026-08-28T17:29:55.799354+00:00,2026-08-28T17:29:55.805989+00:00,6.547871002112515,APPROVED,
postgres,409,0,2026-08-28T17:29:55.806114+00:00,2026-08-28T17:29:55.811630+00:00,5.503537991899066,APPROVED,
voltdb,409,0,2026-08-28T17:29:55.811706+00:00,2026-08-28T17:29:55.816721+00:00,5.006093007978052,APPROVED,
postgres,410,0,2026-08-28T17:29:55.816845+00:00,2026-08-28T17:29:55.823555+00:00,6.693061994155869,APPROVED,
voltdb,410,0,2026-08-28T17:29:55.823728+00:00,2026-08-28T17:29:55.830351+00:00,6.579298002179712,APPROVED,
postgres,414,0,2026-08-28T17:29:55.830455+00:00,2026-08-28T17:29:55.834905+00:00,4.43656399147585,APPROVED,
voltdb,414,0,2026-08-28T17:29:55.835021+00:00,2026-08-28T17:29:55.842757+00:00,7.720492998487316,APPROVED,
postgres,415,0,2026-08-28T17:29:55.843017+00:00,2026-08-28T17:29:55.848980+00:00,5.939722992479801,APPROVED,
voltdb,415,0,2026-08-28T17:29:55.849091+00:00,2026-08-28T17:29:55.857631+00:00,8.53058899519965,APPROVED,
postgres,417,0,2026-08-28T17:29:55.857743+00:00,2026-08-28T17:29:55.863611+00:00,5.8536779979476705,APPROVED,
voltdb,417,0,2026-08-28T17:29:55.863692+00:00,2026-08-28T17:29:55.870169+00:00,6.467486993642524,APPROVED,
postgres,419,0,2026-08-28T17:29:55.870392+00:00,2026-08-28T17:29:55.877056+00:00,6.6466220014262944,APPROVED,
voltdb,419,0,2026-08-28T17:29:55.877164+00:00,2026-08-28T17:29:55.883971+00:00,6.796565008698963,APPROVED,
postgres,420,0,2026-08-28T17:29:55.884416+00:00,2026-08-28T17:29:55.890920+00:00,6.480620999354869,APPROVED,
voltdb,420,0,2026-08-28T17:29:55.891037+00:00,2026-08-28T17:29:55.897182+00:00,6.135766001534648,APPROVED,
postgres,422,0,2026-08-28T17:29:55.897282+00:00,2026-08-28T17:29:55.902601+00:00,5.307515006279573,APPROVED,
voltdb,422,0,2026-08-28T17:29:55.902695+00:00,2026-08-28T17:29:55.911727+00:00,9.022154001286253,APPROVED,
postgres,423,0,2026-08-28T17:29:55.911837+00:00,2026-08-28T17:29:55.916426+00:00,4.577154002618045,APPROVED,
voltdb,423,0,2026-08-28T17:29:55.916507+00:00,2026-08-28T17:29:55.923415+00:00,6.898499996168539,APPROVED,
postgres,424,0,2026-08-28T17:29:55.923553+00:00,2026-08-28T17:29:55.930798+00:00,7.2330580005655065,APPROVED,
voltdb,424,0,2026-08-28T17:29:55.930875+00:00,2026-08-28T17:29:55.937869+00:00,6.984437990467995,APPROVED,
postgres,425,0,2026-08-28T17:29:55.938024+00:00,2026-08-28T17:29:55.944899+00:00,6.857373999082483,APPROVED,
voltdb,425,0,2026-08-28T17:29:55.945011+00:00,2026-08-28T17:29:55.951878+00:00,6.856706997496076,APPROVED,
postgres,426,0,2026-08-28T17:29:55.952346+00:00,2026-08-28T17:29:55.958093+00:00,5.728342002839781,APPROVED,
voltdb,426,0,2026-08-28T17:29:55.958212+00:00,2026-08-28T17:29:55.965612+00:00,7.386996992863715,APPROVED,
postgres,427,0,2026-08-28T17:29:55.965780+00:00,2026-08-28T17:29:55.973519+00:00,7.728288997896016,REVIEW,
voltdb,427,0,2026-08-28T17:29:55.973605+00:00,2026-08-28T17:29:55.985991+00:00,12.376196013065055,REVIEW,
postgres,428,0,2026-08-28T17:29:55.986102+00:00,2026-08-28T17:29:55.993223+00:00,7.0787900040159,APPROVED,
voltdb,428,0,2026-08-28T17:29:55.993304+00:00,2026-08-28T17:29:55.999799+00:00,6.486318001407199,APPROVED,
postgres,430,0,2026-08-28T17:29:55.999910+00:00,2026-08-28T17:29:56.006794+00:00,6.871220000903122,APPROVED,
voltdb,430,0,2026-08-28T17:29:56.006879+00:00,2026-08-28T17:29:56.014423+00:00,7.504340013838373,APPROVED,
postgres,431,0,2026-08-28T17:29:56.014559+00:00,2026-08-28T17:29:56.023314+00:00,8.743434998905286,REVIEW,
voltdb,431,0,2026-08-28T17:29:56.023400+00:00,2026-08-28T17:29:56.036879+00:00,13.467248994857073,REVIEW,
postgres,432,0,2026-08-28T17:29:56.037111+00:00,2026-08-28T17:29:56.044131+00:00,7.000719997449778,APPROVED,
voltdb,432,0,2026-08-28T17:29:56.044218+00:00,2026-08-28T17:29:56.050996+00:00,6.7674269957933575,APPROVED,
postgres,433,0,2026-08-28T17:29:56.051167+00:00,2026-08-28T17:29:56.056115+00:00,4.93087999348063,APPROVED,
voltdb,433,0,2026-08-28T17:29:56.056202+00:00,2026-08-28T17:29:56.064499+00:00,8.286201991722919,APPROVED,
postgres,435,0,2026-08-28T17:29:56.064721+00:00,2026-08-28T17:29:56.070631+00:00,5.895816997508518,APPROVED,
voltdb,435,0,2026-08-28T17:29:56.070780+00:00,2026-08-28T17:29:56.080762+00:00,9.967877005692571,APPROVED,
postgres,437,0,2026-08-28T17:29:56.080866+00:00,2026-08-28T17:29:56.085811+00:00,4.9327510059811175,APPROVED,
voltdb,437,0,2026-08-28T17:29:56.085927+00:00,2026-08-28T17:29:56.094584+00:00,8.640690997708589,APPROVED,
postgres,438,0,2026-08-28T17:29:56.094697+00:00,2026-08-28T17:29:56.099287+00:00,4.576394989271648,APPROVED,
voltdb,438,0,2026-08-28T17:29:56.099598+00:00,2026-08-28T17:29:56.107159+00:00,7.540652004536241,APPROVED,
postgres,439,0,2026-08-28T17:29:56.107380+00:00,2026-08-28T17:29:56.112723+00:00,5.324407000443898,APPROVED,
voltdb,439,0,2026-08-28T17:29:56.112805+00:00,2026-08-28T17:29:56.120145+00:00,7.330269989324734,APPROVED,
postgres,440,0,2026-08-28T17:29:56.120304+00:00,2026-08-28T17:29:56.126588+00:00,6.268083001486957,APPROVED,
voltdb,440,0,2026-08-28T17:29:56.126673+00:00,2026-08-28T17:29:56.133883+00:00,7.200045001809485,APPROVED,
postgres,441,0,2026-08-28T17:29:56.134013+00:00,2026-08-28T17:29:56.141707+00:00,7.6814080093754455,REVIEW,
voltdb,441,0,2026-08-28T17:29:56.141790+00:00,2026-08-28T17:29:56.156803+00:00,15.003474007244222,REVIEW,
postgres,443,0,2026-08-28T17:29:56.157029+00:00,2026-08-28T17:29:56.162039+00:00,4.991808003978804,APPROVED,
voltdb,443,0,2026-08-28T17:29:56.162270+00:00,2026-08-28T17:29:56.169688+00:00,7.262849001563154,APPROVED,
postgres,444,0,2026-08-28T17:29:56.169838+00:00,2026-08-28T17:29:56.177706+00:00,7.852437003748491,APPROVED,
voltdb,444,0,2026-08-28T17:29:56.177805+00:00,2026-08-28T17:29:56.184777+00:00,6.960847997106612,APPROVED,
postgres,445,0,2026-08-28T17:29:56.185058+00:00,2026-08-28T17:29:56.194375+00:00,9.293950992287137,APPROVED,
voltdb,445,0,2026-08-28T17:29:56.194647+00:00,2026-08-28T17:29:56.203651+00:00,8.97043599979952,APPROVED,
postgres,447,0,2026-08-28T17:29:56.203826+00:00,2026-08-28T17:29:56.212094+00:00,8.253100008005276,APPROVED,
voltdb,447,0,2026-08-28T17:29:56.212184+00:00,2026-08-28T17:29:56.218292+00:00,6.096671990235336,APPROVED,
postgres,448,1,2026-08-28T17:29:56.218557+00:00,2026-08-28T17:29:56.225553+00:00,6.963173000258394,BLOCKED,
voltdb,448,1,2026-08-28T17:29:56.225658+00:00,2026-08-28T17:29:56.238187+00:00,12.516058995970525,BLOCKED,
postgres,449,0,2026-08-28T17:29:56.238606+00:00,2026-08-28T17:29:56.245855+00:00,7.226076006190851,APPROVED,
voltdb,449,0,2026-08-28T17:29:56.245933+00:00,2026-08-28T17:29:56.251585+00:00,5.641708004986867,APPROVED,
postgres,451,0,2026-08-28T17:29:56.251836+00:00,2026-08-28T17:29:56.256697+00:00,4.819334993953817,APPROVED,
voltdb,451,0,2026-08-28T17:29:56.256823+00:00,2026-08-28T17:29:56.264038+00:00,7.199470986961387,APPROVED,
postgres,452,0,2026-08-28T17:29:56.264142+00:00,2026-08-28T17:29:56.271185+00:00,7.030630004010163,APPROVED,
voltdb,452,0,2026-08-28T17:29:56.271363+00:00,2026-08-28T17:29:56.278542+00:00,7.166505994973704,APPROVED,
postgres,453,0,2026-08-28T17:29:56.278819+00:00,2026-08-28T17:29:56.285245+00:00,6.4057870040414855,APPROVED,
voltdb,453,0,2026-08-28T17:29:56.285365+00:00,2026-08-28T17:29:56.295348+00:00,9.96839499566704,APPROVED,
postgres,455,0,2026-08-28T17:29:56.295530+00:00,2026-08-28T17:29:56.306580+00:00,11.039586999686435,REVIEW,
voltdb,455,0,2026-08-28T17:29:56.306691+00:00,2026-08-28T17:29:56.329894+00:00,23.18998299597297,REVIEW,
postgres,459,0,2026-08-28T17:29:56.330186+00:00,2026-08-28T17:29:56.337845+00:00,7.621358003234491,APPROVED,
voltdb,459,0,2026-08-28T17:29:56.337920+00:00,2026-08-28T17:29:56.350173+00:00,12.242269003763795,APPROVED,
postgres,460,0,2026-08-28T17:29:56.350309+00:00,2026-08-28T17:29:56.357513+00:00,7.188609000877477,APPROVED,
voltdb,460,0,2026-08-28T17:29:56.357663+00:00,2026-08-28T17:29:56.364391+00:00,6.715062991133891,APPROVED,
postgres,462,0,2026-08-28T17:29:56.364673+00:00,2026-08-28T17:29:56.369649+00:00,4.953907002345659,APPROVED,
voltdb,462,0,2026-08-28T17:29:56.369743+00:00,2026-08-28T17:29:56.378349+00:00,8.595712002716027,APPROVED,
postgres,464,0,2026-08-28T17:29:56.378595+00:00,2026-08-28T17:29:56.386416+00:00,7.763221001368947,APPROVED,
voltdb,464,0,2026-08-28T17:29:56.386599+00:00,2026-08-28T17:29:56.396682+00:00,10.065958005725406,APPROVED,
postgres,467,0,2026-08-28T17:29:56.397055+00:00,2026-08-28T17:29:56.403507+00:00,6.427478001569398,APPROVED,
voltdb,467,0,2026-08-28T17:29:56.403607+00:00,2026-08-28T17:29:56.414636+00:00,11.013597992132418,APPROVED,
postgres,468,0,2026-08-28T17:29:56.414835+00:00,2026-08-28T17:29:56.420612+00:00,5.756507001933642,APPROVED,
voltdb,468,0,2026-08-28T17:29:56.420750+00:00,2026-08-28T17:29:56.432759+00:00,11.991241000941955,APPROVED,
postgres,469,0,2026-08-28T17:29:56.432947+00:00,2026-08-28T17:29:56.438700+00:00,5.733917001634836,APPROVED,
voltdb,469,0,2026-08-28T17:29:56.438824+00:00,2026-08-28T17:29:56.453921+00:00,15.082399986567907,APPROVED,
postgres,470,0,2026-08-28T17:29:56.454027+00:00,2026-08-28T17:29:56.465062+00:00,11.021736994734965,APPROVED,
voltdb,470,0,2026-08-28T17:29:56.465117+00:00,2026-08-28T17:29:56.485559+00:00,20.436277001863346,APPROVED,
postgres,472,0,2026-08-28T17:29:56.485674+00:00,2026-08-28T17:29:56.496598+00:00,10.90077699336689,APPROVED,
voltdb,472,0,2026-08-28T17:29:56.496687+00:00,2026-08-28T17:29:56.503076+00:00,6.379341008141637,APPROVED,
postgres,473,0,2026-08-28T17:29:56.503480+00:00,2026-08-28T17:29:56.509544+00:00,6.040216001565568,APPROVED,
voltdb,473,0,2026-08-28T17:29:56.509635+00:00,2026-08-28T17:29:56.517973+00:00,8.326719995238818,APPROVED,
postgres,474,0,2026-08-28T17:29:56.518118+00:00,2026-08-28T17:29:56.525467+00:00,7.331351007451303,APPROVED,
voltdb,474,0,2026-08-28T17:29:56.525553+00:00,2026-08-28T17:29:56.533262+00:00,7.6992270041955635,APPROVED,
postgres,475,0,2026-08-28T17:29:56.533408+00:00,2026-08-28T17:29:56.542954+00:00,9.527425994747318,APPROVED,
voltdb,475,0,2026-08-28T17:29:56.543083+00:00,2026-08-28T17:29:56.548488+00:00,5.39555300201755,APPROVED,
postgres,477,0,2026-08-28T17:29:56.548653+00:00,2026-08-28T17:29:56.554655+00:00,5.986272997688502,APPROVED,
voltdb,477,0,2026-08-28T17:29:56.554747+00:00,2026-08-28T17:29:56.564038+00:00,9.28155799920205,APPROVED,
postgres,479,0,2026-08-28T17:29:56.564152+00:00,2026-08-28T17:29:56.569321+00:00,5.153074991540052,APPROVED,
voltdb,479,0,2026-08-28T17:29:56.569432+00:00,2026-08-28T17:29:56.578010+00:00,8.56774000567384,APPROVED,
postgres,482,0,2026-08-28T17:29:56.578119+00:00,2026-08-28T17:29:56.582607+00:00,4.476169997360557,APPROVED,
voltdb,482,0,2026-08-28T17:29:56.582697+00:00,2026-08-28T17:29:56.590210+00:00,7.503193992306478,APPROVED,
postgres,483,0,2026-08-28T17:29:56.590358+00:00,2026-08-28T17:29:56.596872+00:00,6.497220994788222,APPROVED,
voltdb,483,0,2026-08-28T17:29:56.596960+00:00,2026-08-28T17:29:56.606118+00:00,9.146939002675936,APPROVED,
postgres,484,0,2026-08-28T17:29:56.606237+00:00,2026-08-28T17:29:56.618997+00:00,12.74410700716544,APPROVED,
voltdb,484,0,2026-08-28T17:29:56.619210+00:00,2026-08-28T17:29:56.630802+00:00,11.573091993341222,APPROVED,
postgres,486,0,2026-08-28T17:29:56.631082+00:00,2026-08-28T17:29:56.642799+00:00,11.694995002471842,APPROVED,
voltdb,486,0,2026-08-28T17:29:56.642917+00:00,2026-08-28T17:29:56.690438+00:00,47.506128990789875,APPROVED,
postgres,489,0,2026-08-28T17:29:56.690563+00:00,2026-08-28T17:29:56.695862+00:00,5.285391991492361,APPROVED,
voltdb,489,0,2026-08-28T17:29:56.695951+00:00,2026-08-28T17:29:56.705656+00:00,9.693974992842413,APPROVED,
postgres,491,0,2026-08-28T17:29:56.705809+00:00,2026-08-28T17:29:56.710867+00:00,5.042061005951837,APPROVED,
voltdb,491,0,2026-08-28T17:29:56.710940+00:00,2026-08-28T17:29:56.718076+00:00,7.114363994332962,APPROVED,
postgres,493,0,2026-08-28T17:29:56.718305+00:00,2026-08-28T17:29:56.723770+00:00,5.419413006165996,APPROVED,
voltdb,493,0,2026-08-28T17:29:56.723868+00:00,2026-08-28T17:29:56.742093+00:00,18.203601997811347,APPROVED,
postgres,496,0,2026-08-28T17:29:56.742234+00:00,2026-08-28T17:29:56.747227+00:00,4.95980899722781,APPROVED,
voltdb,496,0,2026-08-28T17:29:56.747514+00:00,2026-08-28T17:29:56.754775+00:00,7.242032006615773,APPROVED,
postgres,499,0,2026-08-28T17:29:56.754884+00:00,2026-08-28T17:29:56.761119+00:00,6.223446995136328,REVIEW,
voltdb,499,0,2026-08-28T17:29:56.761203+00:00,2026-08-28T17:29:56.778381+00:00,17.165074998047203,REVIEW,
postgres,500,0,2026-08-28T17:29:56.778813+00:00,2026-08-28T17:29:56.788342+00:00,9.447090997127816,APPROVED,
voltdb,500,0,2026-08-28T17:29:56.788455+00:00,2026-08-28T17:29:56.797850+00:00,9.381354000652209,APPROVED,
postgres,501,0,2026-08-28T17:29:56.798006+00:00,2026-08-28T17:29:56.804449+00:00,6.424571998650208,APPROVED,
voltdb,501,0,2026-08-28T17:29:56.804555+00:00,2026-08-28T17:29:56.814477+00:00,9.910342007060535,APPROVED,
postgres,502,0,2026-08-28T17:29:56.814594+00:00,2026-08-28T17:29:56.820493+00:00,5.8853430091403425,APPROVED,
voltdb,502,0,2026-08-28T17:29:56.820598+00:00,2026-08-28T17:29:56.829814+00:00,9.205043999827467,APPROVED,
postgres,503,0,2026-08-28T17:29:56.830009+00:00,2026-08-28T17:29:56.834388+00:00,4.359768994618207,APPROVED,
voltdb,503,0,2026-08-28T17:29:56.834504+00:00,2026-08-28T17:29:56.842167+00:00,7.641935997526161,APPROVED,
postgres,507,0,2026-08-28T17:29:56.842831+00:00,2026-08-28T17:29:56.847900+00:00,4.9640819925116375,APPROVED,
voltdb,507,0,2026-08-28T17:29:56.847982+00:00,2026-08-28T17:29:56.856261+00:00,8.268668010714464,APPROVED,
postgres,508,0,2026-08-28T17:29:56.856505+00:00,2026-08-28T17:29:56.861027+00:00,4.502682000747882,APPROVED,
voltdb,508,0,2026-08-28T17:29:56.861128+00:00,2026-08-28T17:29:56.870509+00:00,9.36547499441076,APPROVED,
postgres,509,1,2026-08-28T17:29:56.870691+00:00,2026-08-28T17:29:56.875778+00:00,5.068577011115849,BLOCKED,
voltdb,509,1,2026-08-28T17:29:56.875895+00:00,2026-08-28T17:29:56.890966+00:00,15.06148200132884,BLOCKED,
postgres,510,0,2026-08-28T17:29:56.891167+00:00,2026-08-28T17:29:56.896726+00:00,5.537193006603047,APPROVED,
voltdb,510,0,2026-08-28T17:29:56.896811+00:00,2026-08-28T17:29:56.902983+00:00,6.162172998301685,APPROVED,
postgres,511,0,2026-08-28T17:29:56.903097+00:00,2026-08-28T17:29:56.910532+00:00,7.4216549983248115,APPROVED,
voltdb,511,0,2026-08-28T17:29:56.910668+00:00,2026-08-28T17:29:56.917664+00:00,6.9865209952695295,APPROVED,
postgres,512,0,2026-08-28T17:29:56.917776+00:00,2026-08-28T17:29:56.925478+00:00,7.686690005357377,REVIEW,
voltdb,512,0,2026-08-28T17:29:56.925680+00:00,2026-08-28T17:29:56.938899+00:00,13.201303998357616,REVIEW,
postgres,513,0,2026-08-28T17:29:56.939148+00:00,2026-08-28T17:29:56.946989+00:00,7.778633997077122,APPROVED,
voltdb,513,0,2026-08-28T17:29:56.947104+00:00,2026-08-28T17:29:56.954919+00:00,7.804968990967609,APPROVED,
postgres,514,0,2026-08-28T17:29:56.955048+00:00,2026-08-28T17:29:56.962661+00:00,7.59993698738981,APPROVED,
voltdb,514,0,2026-08-28T17:29:56.962746+00:00,2026-08-28T17:29:56.969366+00:00,6.609686999581754,APPROVED,
postgres,515,0,2026-08-28T17:29:56.969468+00:00,2026-08-28T17:29:56.974799+00:00,5.318733004969545,APPROVED,
voltdb,515,0,2026-08-28T17:29:56.974902+00:00,2026-08-28T17:29:56.981169+00:00,6.257703993469477,APPROVED,
postgres,516,0,2026-08-28T17:29:56.981294+00:00,2026-08-28T17:29:56.988351+00:00,7.045806996757165,APPROVED,
voltdb,516,0,2026-08-28T17:29:56.988460+00:00,2026-08-28T17:29:56.995245+00:00,6.769120998797007,APPROVED,
postgres,517,0,2026-08-28T17:29:56.995627+00:00,2026-08-28T17:29:57.000302+00:00,4.658873003791086,APPROVED,
voltdb,517,0,2026-08-28T17:29:57.000434+00:00,2026-08-28T17:29:57.008161+00:00,7.717617991147563,APPROVED,
postgres,518,0,2026-08-28T17:29:57.008401+00:00,2026-08-28T17:29:57.014253+00:00,5.837611010065302,APPROVED,
voltdb,518,0,2026-08-28T17:29:57.014356+00:00,2026-08-28T17:29:57.023008+00:00,8.612495003035292,APPROVED,
postgres,519,0,2026-08-28T17:29:57.023155+00:00,2026-08-28T17:29:57.028678+00:00,5.507944995770231,APPROVED,
voltdb,519,0,2026-08-28T17:29:57.028789+00:00,2026-08-28T17:29:57.035061+00:00,6.259333997149952,APPROVED,
postgres,520,0,2026-08-28T17:29:57.035493+00:00,2026-08-28T17:29:57.041922+00:00,6.406949003576301,APPROVED,
voltdb,520,0,2026-08-28T17:29:57.042028+00:00,2026-08-28T17:29:57.047990+00:00,5.9523609961615875,APPROVED,
postgres,521,0,2026-08-28T17:29:57.048117+00:00,2026-08-28T17:29:57.054424+00:00,6.294919992797077,APPROVED,
voltdb,521,0,2026-08-28T17:29:57.054517+00:00,2026-08-28T17:29:57.061336+00:00,6.807964004110545,APPROVED,
postgres,522,0,2026-08-28T17:29:57.061487+00:00,2026-08-28T17:29:57.065429+00:00,3.929395999875851,APPROVED,
voltdb,522,0,2026-08-28T17:29:57.065516+00:00,2026-08-28T17:29:57.071621+00:00,6.094420998124406,APPROVED,
postgres,523,0,2026-08-28T17:29:57.071728+00:00,2026-08-28T17:29:57.078888+00:00,7.147734009777196,APPROVED,
voltdb,523,0,2026-08-28T17:29:57.078994+00:00,2026-08-28T17:29:57.084770+00:00,5.76355098746717,APPROVED,
postgres,524,0,2026-08-28T17:29:57.085039+00:00,2026-08-28T17:29:57.092420+00:00,7.360877003520727,APPROVED,
voltdb,524,0,2026-08-28T17:29:57.092576+00:00,2026-08-28T17:29:57.098756+00:00,6.139984994661063,APPROVED,
postgres,525,0,2026-08-28T17:29:57.098878+00:00,2026-08-28T17:29:57.104632+00:00,5.740729000535794,APPROVED,
voltdb,525,0,2026-08-28T17:29:57.104716+00:00,2026-08-28T17:29:57.111983+00:00,7.256721000885591,APPROVED,
postgres,526,1,2026-08-28T17:29:57.112128+00:00,2026-08-28T17:29:57.117030+00:00,4.890301002888009,REVIEW,
voltdb,526,1,2026-08-28T17:29:57.117143+00:00,2026-08-28T17:29:57.135142+00:00,17.989200001466088,REVIEW,
postgres,527,0,2026-08-28T17:29:57.135429+00:00,2026-08-28T17:29:57.141079+00:00,5.627758000628091,REVIEW,
voltdb,527,0,2026-08-28T17:29:57.141225+00:00,2026-08-28T17:29:57.151299+00:00,10.036549007054418,REVIEW,
postgres,528,0,2026-08-28T17:29:57.151521+00:00,2026-08-28T17:29:57.157366+00:00,5.82744600251317,BLOCKED,
voltdb,528,0,2026-08-28T17:29:57.157461+00:00,2026-08-28T17:29:57.167571+00:00,10.096625992446207,BLOCKED,
postgres,529,0,2026-08-28T17:29:57.167715+00:00,2026-08-28T17:29:57.173926+00:00,6.196985006681643,APPROVED,
voltdb,529,0,2026-08-28T17:29:57.174012+00:00,2026-08-28T17:29:57.179557+00:00,5.5353399948216975,APPROVED,
postgres,530,0,2026-08-28T17:29:57.179719+00:00,2026-08-28T17:29:57.183059+00:00,3.3241799974348396,APPROVED,
voltdb,530,0,2026-08-28T17:29:57.183148+00:00,2026-08-28T17:29:57.190307+00:00,7.148073986172676,APPROVED,
postgres,531,0,2026-08-28T17:29:57.190610+00:00,2026-08-28T17:29:57.196253+00:00,5.62246200570371,APPROVED,
voltdb,531,0,2026-08-28T17:29:57.196346+00:00,2026-08-28T17:29:57.202091+00:00,5.734250007662922,APPROVED,
postgres,532,0,2026-08-28T17:29:57.202216+00:00,2026-08-28T17:29:57.207909+00:00,5.681252005160786,APPROVED,
voltdb,532,0,2026-08-28T17:29:57.207997+00:00,2026-08-28T17:29:57.213506+00:00,5.499296996276826,APPROVED,
postgres,533,0,2026-08-28T17:29:57.213606+00:00,2026-08-28T17:29:57.217481+00:00,3.8631469942629337,APPROVED,
voltdb,533,0,2026-08-28T17:29:57.217567+00:00,2026-08-28T17:29:57.225094+00:00,7.514032011386007,APPROVED,
postgres,535,0,2026-08-28T17:29:57.225201+00:00,2026-08-28T17:29:57.230942+00:00,5.730762000894174,APPROVED,
voltdb,535,0,2026-08-28T17:29:57.231019+00:00,2026-08-28T17:29:57.236970+00:00,5.942528005107306,APPROVED,
postgres,536,0,2026-08-28T17:29:57.237089+00:00,2026-08-28T17:29:57.244043+00:00,6.9386379909701645,APPROVED,
voltdb,536,0,2026-08-28T17:29:57.244124+00:00,2026-08-28T17:29:57.249787+00:00,5.651088999002241,APPROVED,
postgres,538,0,2026-08-28T17:29:57.249955+00:00,2026-08-28T17:29:57.254814+00:00,4.845846997341141,APPROVED,
voltdb,538,0,2026-08-28T17:29:57.254901+00:00,2026-08-28T17:29:57.263175+00:00,8.264395000878721,APPROVED,
postgres,539,0,2026-08-28T17:29:57.263376+00:00,2026-08-28T17:29:57.268235+00:00,4.84242700622417,APPROVED,
voltdb,539,0,2026-08-28T17:29:57.268324+00:00,2026-08-28T17:29:57.276363+00:00,8.029035001527518,APPROVED,
postgres,542,0,2026-08-28T17:29:57.276464+00:00,2026-08-28T17:29:57.280365+00:00,3.8897699996596202,APPROVED,
voltdb,542,0,2026-08-28T17:29:57.280438+00:00,2026-08-28T17:29:57.286522+00:00,6.072171003324911,APPROVED,
postgres,543,0,2026-08-28T17:29:57.286659+00:00,2026-08-28T17:29:57.291757+00:00,5.076394008938223,APPROVED,
voltdb,543,0,2026-08-28T17:29:57.291865+00:00,2026-08-28T17:29:57.296568+00:00,4.656114993849769,APPROVED,
postgres,544,0,2026-08-28T17:29:57.296742+00:00,2026-08-28T17:29:57.299931+00:00,3.1740289996378124,APPROVED,
voltdb,544,0,2026-08-28T17:29:57.300066+00:00,2026-08-28T17:29:57.307660+00:00,7.584207996842451,APPROVED,
postgres,545,0,2026-08-28T17:29:57.307861+00:00,2026-08-28T17:29:57.313499+00:00,5.619902003672905,APPROVED,
voltdb,545,0,2026-08-28T17:29:57.313577+00:00,2026-08-28T17:29:57.320478+00:00,6.892113000503741,APPROVED,
postgres,546,0,2026-08-28T17:29:57.320587+00:00,2026-08-28T17:29:57.325976+00:00,5.37571900349576,APPROVED,
voltdb,546,0,2026-08-28T17:29:57.326080+00:00,2026-08-28T17:29:57.332600+00:00,6.4980409952113405,APPROVED,
postgres,547,0,2026-08-28T17:29:57.332785+00:00,2026-08-28T17:29:57.339662+00:00,6.858505992568098,REVIEW,
voltdb,547,0,2026-08-28T17:29:57.339744+00:00,2026-08-28T17:29:57.351175+00:00,11.418667010730132,REVIEW,
postgres,548,0,2026-08-28T17:29:57.351496+00:00,2026-08-28T17:29:57.357852+00:00,6.336008998914622,APPROVED,
voltdb,548,0,2026-08-28T17:29:57.357964+00:00,2026-08-28T17:29:57.364948+00:00,6.974516989430413,APPROVED,
postgres,549,0,2026-08-28T17:29:57.365038+00:00,2026-08-28T17:29:57.375170+00:00,10.115997996763326,APPROVED,
voltdb,549,0,2026-08-28T17:29:57.375278+00:00,2026-08-28T17:29:57.383211+00:00,7.917141992948018,APPROVED,
postgres,550,0,2026-08-28T17:29:57.383314+00:00,2026-08-28T17:29:57.395339+00:00,12.008645993773825,APPROVED,
voltdb,550,0,2026-08-28T17:29:57.395445+00:00,2026-08-28T17:29:57.401273+00:00,5.818830002681352,APPROVED,
postgres,551,1,2026-08-28T17:29:57.401531+00:00,2026-08-28T17:29:57.408822+00:00,7.267947992659174,BLOCKED,
voltdb,551,1,2026-08-28T17:29:57.408923+00:00,2026-08-28T17:29:57.419843+00:00,10.909392993198708,BLOCKED,
postgres,553,0,2026-08-28T17:29:57.420051+00:00,2026-08-28T17:29:57.425745+00:00,5.6709790078457445,APPROVED,
voltdb,553,0,2026-08-28T17:29:57.425827+00:00,2026-08-28T17:29:57.431369+00:00,5.532549999770708,APPROVED,
postgres,554,0,2026-08-28T17:29:57.431477+00:00,2026-08-28T17:29:57.438905+00:00,7.413109007757157,APPROVED,
voltdb,554,0,2026-08-28T17:29:57.439122+00:00,2026-08-28T17:29:57.446411+00:00,7.274736010003835,APPROVED,
postgres,555,1,2026-08-28T17:29:57.446613+00:00,2026-08-28T17:29:57.453682+00:00,7.034622991341166,BLOCKED,
voltdb,555,1,2026-08-28T17:29:57.453774+00:00,2026-08-28T17:29:57.464721+00:00,10.937708007986657,BLOCKED,
postgres,557,0,2026-08-28T17:29:57.464900+00:00,2026-08-28T17:29:57.471949+00:00,7.025390004855581,APPROVED,
voltdb,557,0,2026-08-28T17:29:57.472096+00:00,2026-08-28T17:29:57.478983+00:00,6.866269002784975,APPROVED,
postgres,560,0,2026-08-28T17:29:57.479091+00:00,2026-08-28T17:29:57.483841+00:00,4.731626002467237,APPROVED,
voltdb,560,0,2026-08-28T17:29:57.483997+00:00,2026-08-28T17:29:57.495040+00:00,11.027818996808492,APPROVED,
postgres,561,0,2026-08-28T17:29:57.495210+00:00,2026-08-28T17:29:57.504253+00:00,8.959888989920728,REVIEW,
voltdb,561,0,2026-08-28T17:29:57.504345+00:00,2026-08-28T17:29:57.516917+00:00,12.56076799472794,REVIEW,
postgres,562,0,2026-08-28T17:29:57.517104+00:00,2026-08-28T17:29:57.522163+00:00,5.034921996411867,APPROVED,
voltdb,562,0,2026-08-28T17:29:57.522499+00:00,2026-08-28T17:29:57.530566+00:00,8.04618299298454,APPROVED,
postgres,565,0,2026-08-28T17:29:57.530731+00:00,2026-08-28T17:29:57.535615+00:00,4.871080003795214,APPROVED,
voltdb,565,0,2026-08-28T17:29:57.535728+00:00,2026-08-28T17:29:57.544681+00:00,8.93945099960547,APPROVED,
postgres,566,0,2026-08-28T17:29:57.544838+00:00,2026-08-28T17:29:57.550040+00:00,5.189506002352573,REVIEW,
voltdb,566,0,2026-08-28T17:29:57.550132+00:00,2026-08-28T17:29:57.564510+00:00,14.363548005349003,REVIEW,
postgres,568,0,2026-08-28T17:29:57.564640+00:00,2026-08-28T17:29:57.574694+00:00,10.039659988251515,APPROVED,
voltdb,568,0,2026-08-28T17:29:57.574795+00:00,2026-08-28T17:29:57.580268+00:00,5.4536450043087825,APPROVED,
postgres,571,0,2026-08-28T17:29:57.580546+00:00,2026-08-28T17:29:57.586965+00:00,6.400332000339404,APPROVED,
voltdb,571,0,2026-08-28T17:29:57.587054+00:00,2026-08-28T17:29:57.593494+00:00,6.423491999157704,APPROVED,
postgres,572,0,2026-08-28T17:29:57.593730+00:00,2026-08-28T17:29:57.598370+00:00,4.609468000126071,APPROVED,
voltdb,572,0,2026-08-28T17:29:57.598456+00:00,2026-08-28T17:29:57.606662+00:00,8.196558002964593,APPROVED,
postgres,573,0,2026-08-28T17:29:57.606767+00:00,2026-08-28T17:29:57.611530+00:00,4.750621999846771,APPROVED,
voltdb,573,0,2026-08-28T17:29:57.611661+00:00,2026-08-28T17:29:57.617112+00:00,5.440624998300336,APPROVED,
postgres,574,0,2026-08-28T17:29:57.617480+00:00,2026-08-28T17:29:57.623529+00:00,6.023622001521289,APPROVED,
voltdb,574,0,2026-08-28T17:29:57.623614+00:00,2026-08-28T17:29:57.630318+00:00,6.662757994490676,APPROVED,
postgres,575,0,2026-08-28T17:29:57.630561+00:00,2026-08-28T17:29:57.636990+00:00,6.414750998374075,REVIEW,
voltdb,575,0,2026-08-28T17:29:57.637088+00:00,2026-08-28T17:29:57.651014+00:00,13.91594899178017,REVIEW,
postgres,578,0,2026-08-28T17:29:57.651206+00:00,2026-08-28T17:29:57.658018+00:00,6.79579000279773,APPROVED,
voltdb,578,0,2026-08-28T17:29:57.658103+00:00,2026-08-28T17:29:57.664872+00:00,6.760574993677437,APPROVED,
postgres,579,0,2026-08-28T17:29:57.665029+00:00,2026-08-28T17:29:57.670171+00:00,5.127101991092786,APPROVED,
voltdb,579,0,2026-08-28T17:29:57.670333+00:00,2026-08-28T17:29:57.678902+00:00,8.558128000004217,APPROVED,
postgres,582,0,2026-08-28T17:29:57.679041+00:00,2026-08-28T17:29:57.683304+00:00,4.2494730005273595,APPROVED,
voltdb,582,0,2026-08-28T17:29:57.683457+00:00,2026-08-28T17:29:57.689177+00:00,5.680207003024407,APPROVED,
postgres,583,0,2026-08-28T17:29:57.689448+00:00,2026-08-28T17:29:57.696308+00:00,6.837583991000429,APPROVED,
voltdb,583,0,2026-08-28T17:29:57.696387+00:00,2026-08-28T17:29:57.703033+00:00,6.636253005126491,APPROVED,
postgres,587,0,2026-08-28T17:29:57.703163+00:00,2026-08-28T17:29:57.710268+00:00,7.091734994901344,APPROVED,
voltdb,587,0,2026-08-28T17:29:57.710380+00:00,2026-08-28T17:29:57.716570+00:00,6.178466996061616,APPROVED,
postgres,588,0,2026-08-28T17:29:57.716932+00:00,2026-08-28T17:29:57.721977+00:00,4.97471600829158,APPROVED,
voltdb,588,0,2026-08-28T17:29:57.722058+00:00,2026-08-28T17:29:57.728908+00:00,6.841205002274364,APPROVED,
postgres,589,0,2026-08-28T17:29:57.729029+00:00,2026-08-28T17:29:57.735222+00:00,6.143367005279288,APPROVED,
voltdb,589,0,2026-08-28T17:29:57.735611+00:00,2026-08-28T17:29:57.741653+00:00,6.022329995175824,APPROVED,
postgres,590,0,2026-08-28T17:29:57.741999+00:00,2026-08-28T17:29:57.747293+00:00,5.244072002824396,APPROVED,
voltdb,590,0,2026-08-28T17:29:57.747428+00:00,2026-08-28T17:29:57.754665+00:00,7.228308997582644,APPROVED,
postgres,591,0,2026-08-28T17:29:57.754863+00:00,2026-08-28T17:29:57.759600+00:00,4.711508008767851,APPROVED,
voltdb,591,0,2026-08-28T17:29:57.759706+00:00,2026-08-28T17:29:57.765747+00:00,6.028620002325624,APPROVED,
postgres,593,0,2026-08-28T17:29:57.765910+00:00,2026-08-28T17:29:57.773785+00:00,7.8543389972765,APPROVED,
voltdb,593,0,2026-08-28T17:29:57.773873+00:00,2026-08-28T17:29:57.780069+00:00,6.183188990689814,APPROVED,
postgres,594,0,2026-08-28T17:29:57.780294+00:00,2026-08-28T17:29:57.786526+00:00,6.210966006619856,APPROVED,
voltdb,594,0,2026-08-28T17:29:57.786710+00:00,2026-08-28T17:29:57.793452+00:00,6.713736991514452,APPROVED,
postgres,595,0,2026-08-28T17:29:57.793775+00:00,2026-08-28T17:29:57.798481+00:00,4.676288008340634,APPROVED,
voltdb,595,0,2026-08-28T17:29:57.798573+00:00,2026-08-28T17:29:57.807059+00:00,8.46134299354162,APPROVED,
postgres,596,0,2026-08-28T17:29:57.807172+00:00,2026-08-28T17:29:57.812294+00:00,5.109218007419258,APPROVED,
voltdb,596,0,2026-08-28T17:29:57.812423+00:00,2026-08-28T17:29:57.818283+00:00,5.8507799985818565,APPROVED,
postgres,598,0,2026-08-28T17:29:57.818635+00:00,2026-08-28T17:29:57.823078+00:00,4.41929699445609,APPROVED,
voltdb,598,0,2026-08-28T17:29:57.823162+00:00,2026-08-28T17:29:57.830304+00:00,7.131734004360624,APPROVED,
postgres,599,0,2026-08-28T17:29:57.830405+00:00,2026-08-28T17:29:57.835336+00:00,4.917561003821902,APPROVED,
voltdb,599,0,2026-08-28T17:29:57.835466+00:00,2026-08-28T17:29:57.843825+00:00,8.349210998858325,APPROVED,
postgres,600,0,2026-08-28T17:29:57.843957+00:00,2026-08-28T17:29:57.848471+00:00,4.502399009652436,APPROVED,
voltdb,600,0,2026-08-28T17:29:57.848559+00:00,2026-08-28T17:29:57.854773+00:00,6.203399010701105,APPROVED,
postgres,601,0,2026-08-28T17:29:57.855051+00:00,2026-08-28T17:29:57.861949+00:00,6.826777011156082,APPROVED,
voltdb,601,0,2026-08-28T17:29:57.862109+00:00,2026-08-28T17:29:57.868275+00:00,6.155136987217702,APPROVED,
postgres,602,0,2026-08-28T17:29:57.868675+00:00,2026-08-28T17:29:57.874071+00:00,5.369607999455184,APPROVED,
voltdb,602,0,2026-08-28T17:29:57.874211+00:00,2026-08-28T17:29:57.879281+00:00,5.06157499330584,APPROVED,
postgres,605,0,2026-08-28T17:29:57.879400+00:00,2026-08-28T17:29:57.883789+00:00,4.375194999738596,APPROVED,
voltdb,605,0,2026-08-28T17:29:57.883936+00:00,2026-08-28T17:29:57.890874+00:00,6.923213994014077,APPROVED,
postgres,606,0,2026-08-28T17:29:57.891055+00:00,2026-08-28T17:29:57.896617+00:00,5.544061001273803,APPROVED,
voltdb,606,0,2026-08-28T17:29:57.896702+00:00,2026-08-28T17:29:57.903568+00:00,6.856836000224575,APPROVED,
postgres,607,0,2026-08-28T17:29:57.903710+00:00,2026-08-28T17:29:57.908044+00:00,4.303084991988726,APPROVED,
voltdb,607,0,2026-08-28T17:29:57.908187+00:00,2026-08-28T17:29:57.913663+00:00,5.454173995531164,APPROVED,
postgres,609,0,2026-08-28T17:29:57.913767+00:00,2026-08-28T17:29:57.918095+00:00,4.315372003475204,APPROVED,
voltdb,609,0,2026-08-28T17:29:57.918211+00:00,2026-08-28T17:29:57.924879+00:00,6.656735989963636,APPROVED,
postgres,610,0,2026-08-28T17:29:57.925116+00:00,2026-08-28T17:29:57.930789+00:00,5.6564419937785715,APPROVED,
voltdb,610,0,2026-08-28T17:29:57.930866+00:00,2026-08-28T17:29:57.939326+00:00,8.45033599762246,APPROVED,
postgres,611,0,2026-08-28T17:29:57.939540+00:00,2026-08-28T17:29:57.944705+00:00,5.146138995769434,APPROVED,
voltdb,611,0,2026-08-28T17:29:57.944812+00:00,2026-08-28T17:29:57.950068+00:00,5.246193002676591,APPROVED,
postgres,612,0,2026-08-28T17:29:57.950188+00:00,2026-08-28T17:29:57.956775+00:00,6.545889991684817,APPROVED,
voltdb,612,0,2026-08-28T17:29:57.956858+00:00,2026-08-28T17:29:57.962403+00:00,5.5372280039591715,APPROVED,
postgres,613,0,2026-08-28T17:29:57.962503+00:00,2026-08-28T17:29:57.966455+00:00,3.9375399937853217,APPROVED,
voltdb,613,0,2026-08-28T17:29:57.966581+00:00,2026-08-28T17:29:57.972252+00:00,5.660626004100777,APPROVED,
postgres,614,0,2026-08-28T17:29:57.972424+00:00,2026-08-28T17:29:57.979490+00:00,7.048960993415676,APPROVED,
voltdb,614,0,2026-08-28T17:29:57.979572+00:00,2026-08-28T17:29:57.984929+00:00,5.347418002202176,APPROVED,
postgres,617,0,2026-08-28T17:29:57.985141+00:00,2026-08-28T17:29:57.991842+00:00,6.6579689882928506,APPROVED,
voltdb,617,0,2026-08-28T17:29:57.991926+00:00,2026-08-28T17:29:57.996629+00:00,4.694438990554772,APPROVED,
postgres,618,0,2026-08-28T17:29:57.996729+00:00,2026-08-28T17:29:58.000137+00:00,3.39450899627991,APPROVED,
voltdb,618,0,2026-08-28T17:29:58.000363+00:00,2026-08-28T17:29:58.005972+00:00,5.565654995734803,APPROVED,
postgres,619,0,2026-08-28T17:29:58.006228+00:00,2026-08-28T17:29:58.013379+00:00,7.128894998459145,APPROVED,
voltdb,619,0,2026-08-28T17:29:58.013459+00:00,2026-08-28T17:29:58.020026+00:00,6.556891996297054,APPROVED,
postgres,620,0,2026-08-28T17:29:58.020149+00:00,2026-08-28T17:29:58.025444+00:00,5.281108999042772,APPROVED,
voltdb,620,0,2026-08-28T17:29:58.025559+00:00,2026-08-28T17:29:58.030095+00:00,4.526945005636662,APPROVED,
postgres,621,0,2026-08-28T17:29:58.030408+00:00,2026-08-28T17:29:58.036779+00:00,6.347394999465905,REVIEW,
voltdb,621,0,2026-08-28T17:29:58.036864+00:00,2026-08-28T17:29:58.049388+00:00,12.513822002802044,REVIEW,
postgres,622,0,2026-08-28T17:29:58.049641+00:00,2026-08-28T17:29:58.056203+00:00,6.538053989061154,APPROVED,
voltdb,622,0,2026-08-28T17:29:58.056290+00:00,2026-08-28T17:29:58.062699+00:00,6.396369994035922,APPROVED,
postgres,623,0,2026-08-28T17:29:58.062843+00:00,2026-08-28T17:29:58.068961+00:00,6.097723002312705,APPROVED,
voltdb,623,0,2026-08-28T17:29:58.069112+00:00,2026-08-28T17:29:58.075983+00:00,6.858268010546453,APPROVED,
postgres,626,0,2026-08-28T17:29:58.076237+00:00,2026-08-28T17:29:58.081906+00:00,5.6504670064896345,APPROVED,
voltdb,626,0,2026-08-28T17:29:58.081994+00:00,2026-08-28T17:29:58.090223+00:00,8.2190620014444,APPROVED,
postgres,629,0,2026-08-28T17:29:58.090493+00:00,2026-08-28T17:29:58.096481+00:00,5.970337995677255,APPROVED,
voltdb,629,0,2026-08-28T17:29:58.096559+00:00,2026-08-28T17:29:58.101935+00:00,5.363915988709778,APPROVED,
postgres,630,0,2026-08-28T17:29:58.102110+00:00,2026-08-28T17:29:58.108665+00:00,6.534043001011014,APPROVED,
voltdb,630,0,2026-08-28T17:29:58.108821+00:00,2026-08-28T17:29:58.115657+00:00,6.81938900379464,APPROVED,
postgres,633,0,2026-08-28T17:29:58.115768+00:00,2026-08-28T17:29:58.121634+00:00,5.853492999449372,APPROVED,
voltdb,633,0,2026-08-28T17:29:58.121718+00:00,2026-08-28T17:29:58.129514+00:00,7.785127992974594,APPROVED,
postgres,634,0,2026-08-28T17:29:58.129687+00:00,2026-08-28T17:29:58.134597+00:00,4.890557000180706,APPROVED,
voltdb,634,0,2026-08-28T17:29:58.134692+00:00,2026-08-28T17:29:58.142472+00:00,7.740963003016077,APPROVED,
postgres,635,0,2026-08-28T17:29:58.142602+00:00,2026-08-28T17:29:58.146480+00:00,3.866966988425702,APPROVED,
voltdb,635,0,2026-08-28T17:29:58.146585+00:00,2026-08-28T17:29:58.152161+00:00,5.56721500470303,APPROVED,
postgres,636,0,2026-08-28T17:29:58.152458+00:00,2026-08-28T17:29:58.159057+00:00,6.571960999281146,APPROVED,
voltdb,636,0,2026-08-28T17:29:58.159139+00:00,2026-08-28T17:29:58.164532+00:00,5.384293996030465,APPROVED,
postgres,637,0,2026-08-28T17:29:58.164663+00:00,2026-08-28T17:29:58.169703+00:00,5.024390993639827,APPROVED,
voltdb,637,0,2026-08-28T17:29:58.169791+00:00,2026-08-28T17:29:58.176011+00:00,6.2111720035318285,APPROVED,
postgres,638,0,2026-08-28T17:29:58.176117+00:00,2026-08-28T17:29:58.179327+00:00,3.197209007339552,APPROVED,
voltdb,638,0,2026-08-28T17:29:58.179404+00:00,2026-08-28T17:29:58.186435+00:00,7.019853001111187,APPROVED,
postgres,639,0,2026-08-28T17:29:58.186623+00:00,2026-08-28T17:29:58.190896+00:00,4.244625000865199,APPROVED,
voltdb,639,0,2026-08-28T17:29:58.190982+00:00,2026-08-28T17:29:58.197397+00:00,6.404765998013318,APPROVED,
postgres,640,0,2026-08-28T17:29:58.197530+00:00,2026-08-28T17:29:58.205326+00:00,7.778592000249773,REVIEW,
voltdb,640,0,2026-08-28T17:29:58.205432+00:00,2026-08-28T17:29:58.215467+00:00,10.02276298822835,REVIEW,
postgres,641,0,2026-08-28T17:29:58.215622+00:00,2026-08-28T17:29:58.221507+00:00,5.866820996743627,APPROVED,
voltdb,641,0,2026-08-28T17:29:58.221590+00:00,2026-08-28T17:29:58.227577+00:00,5.977934997645207,APPROVED,
postgres,642,0,2026-08-28T17:29:58.227696+00:00,2026-08-28T17:29:58.231439+00:00,3.7308339960873127,APPROVED,
voltdb,642,0,2026-08-28T17:29:58.231523+00:00,2026-08-28T17:29:58.238684+00:00,7.151112993597053,APPROVED,
postgres,643,0,2026-08-28T17:29:58.238803+00:00,2026-08-28T17:29:58.243588+00:00,4.7694870008854195,APPROVED,
voltdb,643,0,2026-08-28T17:29:58.243705+00:00,2026-08-28T17:29:58.248077+00:00,4.355484998086467,APPROVED,
postgres,645,0,2026-08-28T17:29:58.248219+00:00,2026-08-28T17:29:58.255135+00:00,6.9028759899083525,REVIEW,
voltdb,645,0,2026-08-28T17:29:58.255236+00:00,2026-08-28T17:29:58.264792+00:00,9.51981099206023,REVIEW,
postgres,646,0,2026-08-28T17:29:58.264908+00:00,2026-08-28T17:29:58.270100+00:00,5.177968007046729,APPROVED,
voltdb,646,0,2026-08-28T17:29:58.270185+00:00,2026-08-28T17:29:58.278122+00:00,7.927510989247821,APPROVED,
postgres,647,0,2026-08-28T17:29:58.278389+00:00,2026-08-28T17:29:58.282185+00:00,3.778394006076269,APPROVED,
voltdb,647,0,2026-08-28T17:29:58.282352+00:00,2026-08-28T17:29:58.288189+00:00,5.828516994370148,APPROVED,
postgres,648,0,2026-08-28T17:29:58.288294+00:00,2026-08-28T17:29:58.294924+00:00,6.617973005631939,APPROVED,
voltdb,648,0,2026-08-28T17:29:58.295004+00:00,2026-08-28T17:29:58.300157+00:00,5.143556001712568,APPROVED,
postgres,649,0,2026-08-28T17:29:58.300459+00:00,2026-08-28T17:29:58.305426+00:00,4.944494998198934,APPROVED,
voltdb,649,0,2026-08-28T17:29:58.305631+00:00,2026-08-28T17:29:58.313157+00:00,7.509956005378626,APPROVED,
postgres,650,0,2026-08-28T17:29:58.313297+00:00,2026-08-28T17:29:58.317887+00:00,4.576940991682932,APPROVED,
voltdb,650,0,2026-08-28T17:29:58.317978+00:00,2026-08-28T17:29:58.326772+00:00,8.773456007475033,APPROVED,
postgres,651,0,2026-08-28T17:29:58.326919+00:00,2026-08-28T17:29:58.330723+00:00,3.7779779959237203,APPROVED,
voltdb,651,0,2026-08-28T17:29:58.330802+00:00,2026-08-28T17:29:58.340413+00:00,9.600639998097904,APPROVED,
postgres,653,0,2026-08-28T17:29:58.340565+00:00,2026-08-28T17:29:58.346122+00:00,5.536918004509062,APPROVED,
voltdb,653,0,2026-08-28T17:29:58.346212+00:00,2026-08-28T17:29:58.354105+00:00,7.88208500307519,APPROVED,
postgres,658,0,2026-08-28T17:29:58.354466+00:00,2026-08-28T17:29:58.359466+00:00,4.9602750077610835,APPROVED,
voltdb,658,0,2026-08-28T17:29:58.359669+00:00,2026-08-28T17:29:58.367718+00:00,8.030519005842507,APPROVED,
postgres,659,1,2026-08-28T17:29:58.367844+00:00,2026-08-28T17:29:58.376231+00:00,8.362533990293741,REVIEW,
voltdb,659,1,2026-08-28T17:29:58.376494+00:00,2026-08-28T17:29:58.392083+00:00,15.574464006931521,REVIEW,
postgres,660,0,2026-08-28T17:29:58.392273+00:00,2026-08-28T17:29:58.399085+00:00,6.78662299469579,APPROVED,
voltdb,660,0,2026-08-28T17:29:58.399227+00:00,2026-08-28T17:29:58.408305+00:00,9.064432990271598,APPROVED,
postgres,661,0,2026-08-28T17:29:58.408669+00:00,2026-08-28T17:29:58.414639+00:00,5.934094995609485,APPROVED,
voltdb,661,0,2026-08-28T17:29:58.414778+00:00,2026-08-28T17:29:58.423305+00:00,8.508318991516717,APPROVED,
postgres,662,0,2026-08-28T17:29:58.423406+00:00,2026-08-28T17:29:58.429750+00:00,6.329620009637438,APPROVED,
voltdb,662,0,2026-08-28T17:29:58.429831+00:00,2026-08-28T17:29:58.436485+00:00,6.642704989644699,APPROVED,
postgres,663,0,2026-08-28T17:29:58.436629+00:00,2026-08-28T17:29:58.444670+00:00,8.025572999031283,APPROVED,
voltdb,663,0,2026-08-28T17:29:58.444757+00:00,2026-08-28T17:29:58.451404+00:00,6.637309998041019,APPROVED,
postgres,664,0,2026-08-28T17:29:58.451548+00:00,2026-08-28T17:29:58.459564+00:00,8.000141999218613,APPROVED,
voltdb,664,0,2026-08-28T17:29:58.459686+00:00,2026-08-28T17:29:58.465899+00:00,6.202195989317261,APPROVED,
postgres,665,0,2026-08-28T17:29:58.466045+00:00,2026-08-28T17:29:58.472741+00:00,6.640713996603154,APPROVED,
voltdb,665,0,2026-08-28T17:29:58.472968+00:00,2026-08-28T17:29:58.479770+00:00,6.766928010620177,APPROVED,
postgres,666,0,2026-08-28T17:29:58.479959+00:00,2026-08-28T17:29:58.487122+00:00,7.142508009565063,APPROVED,
voltdb,666,0,2026-08-28T17:29:58.487218+00:00,2026-08-28T17:29:58.496759+00:00,9.52918799885083,APPROVED,
postgres,667,0,2026-08-28T17:29:58.496843+00:00,2026-08-28T17:29:58.505511+00:00,8.653209006297402,APPROVED,
voltdb,667,0,2026-08-28T17:29:58.505621+00:00,2026-08-28T17:29:58.514203+00:00,8.571752012358047,APPROVED,
postgres,668,0,2026-08-28T17:29:58.514489+00:00,2026-08-28T17:29:58.522996+00:00,8.484902995405719,APPROVED,
voltdb,668,0,2026-08-28T17:29:58.523120+00:00,2026-08-28T17:29:58.529498+00:00,6.364906003000215,APPROVED,
postgres,669,0,2026-08-28T17:29:58.529633+00:00,2026-08-28T17:29:58.534728+00:00,5.079276001197286,APPROVED,
voltdb,669,0,2026-08-28T17:29:58.534894+00:00,2026-08-28T17:29:58.540638+00:00,5.722050002077594,APPROVED,
postgres,670,0,2026-08-28T17:29:58.540745+00:00,2026-08-28T17:29:58.546109+00:00,5.32996300898958,APPROVED,
voltdb,670,0,2026-08-28T17:29:58.546230+00:00,2026-08-28T17:29:58.551987+00:00,5.743280999013223,APPROVED,
postgres,671,0,2026-08-28T17:29:58.552098+00:00,2026-08-28T17:29:58.556350+00:00,4.238348003127612,APPROVED,
voltdb,671,0,2026-08-28T17:29:58.556528+00:00,2026-08-28T17:29:58.563541+00:00,6.974543008254841,APPROVED,
postgres,673,0,2026-08-28T17:29:58.563741+00:00,2026-08-28T17:29:58.569496+00:00,5.738181993365288,APPROVED,
voltdb,673,0,2026-08-28T17:29:58.569580+00:00,2026-08-28T17:29:58.576443+00:00,6.853042999864556,APPROVED,
postgres,674,0,2026-08-28T17:29:58.576638+00:00,2026-08-28T17:29:58.580988+00:00,4.330544994445518,APPROVED,
voltdb,674,0,2026-08-28T17:29:58.581071+00:00,2026-08-28T17:29:58.586520+00:00,5.434979990241118,APPROVED,
postgres,675,0,2026-08-28T17:29:58.586670+00:00,2026-08-28T17:29:58.591553+00:00,4.865619004704058,APPROVED,
voltdb,675,0,2026-08-28T17:29:58.591680+00:00,2026-08-28T17:29:58.597994+00:00,6.301432003965601,APPROVED,
postgres,676,0,2026-08-28T17:29:58.598180+00:00,2026-08-28T17:29:58.604618+00:00,6.4213860023301095,APPROVED,
voltdb,676,0,2026-08-28T17:29:58.604707+00:00,2026-08-28T17:29:58.609609+00:00,4.892201002803631,APPROVED,
postgres,678,0,2026-08-28T17:29:58.609906+00:00,2026-08-28T17:29:58.614573+00:00,4.646107001462951,APPROVED,
voltdb,678,0,2026-08-28T17:29:58.614682+00:00,2026-08-28T17:29:58.619383+00:00,4.689526002039202,APPROVED,
postgres,680,0,2026-08-28T17:29:58.619534+00:00,2026-08-28T17:29:58.623882+00:00,4.3327839957783,APPROVED,
voltdb,680,0,2026-08-28T17:29:58.623987+00:00,2026-08-28T17:29:58.632102+00:00,8.103311993181705,APPROVED,
postgres,681,0,2026-08-28T17:29:58.632240+00:00,2026-08-28T17:29:58.636775+00:00,4.519959999015555,APPROVED,
voltdb,681,0,2026-08-28T17:29:58.636865+00:00,2026-08-28T17:29:58.641922+00:00,5.043945988290943,APPROVED,
postgres,682,0,2026-08-28T17:29:58.642083+00:00,2026-08-28T17:29:58.648436+00:00,6.336192003800534,APPROVED,
voltdb,682,0,2026-08-28T17:29:58.648548+00:00,2026-08-28T17:29:58.656962+00:00,8.397333993343636,APPROVED,
postgres,683,0,2026-08-28T17:29:58.657110+00:00,2026-08-28T17:29:58.665902+00:00,8.774620000622235,APPROVED,
voltdb,683,0,2026-08-28T17:29:58.666006+00:00,2026-08-28T17:29:58.675470+00:00,9.45411300926935,APPROVED,
postgres,685,1,2026-08-28T17:29:58.675576+00:00,2026-08-28T17:29:58.685214+00:00,9.62174398591742,BLOCKED,
voltdb,685,1,2026-08-28T17:29:58.685344+00:00,2026-08-28T17:29:58.703937+00:00,18.578736009658314,BLOCKED,
postgres,686,0,2026-08-28T17:29:58.704091+00:00,2026-08-28T17:29:58.709422+00:00,5.311683999025263,APPROVED,
voltdb,686,0,2026-08-28T17:29:58.709534+00:00,2026-08-28T17:29:58.714770+00:00,5.224725988227874,APPROVED,
postgres,687,0,2026-08-28T17:29:58.714876+00:00,2026-08-28T17:29:58.722783+00:00,7.895346003351733,APPROVED,
voltdb,687,0,2026-08-28T17:29:58.722871+00:00,2026-08-28T17:29:58.729157+00:00,6.267327000387013,APPROVED,
postgres,688,0,2026-08-28T17:29:58.729418+00:00,2026-08-28T17:29:58.738683+00:00,9.245944005670026,APPROVED,
voltdb,688,0,2026-08-28T17:29:58.738825+00:00,2026-08-28T17:29:58.746620+00:00,7.780724001349881,APPROVED,
postgres,689,0,2026-08-28T17:29:58.746785+00:00,2026-08-28T17:29:58.754154+00:00,7.355657988227904,APPROVED,
voltdb,689,0,2026-08-28T17:29:58.754240+00:00,2026-08-28T17:29:58.763466+00:00,9.21380499494262,APPROVED,
postgres,691,0,2026-08-28T17:29:58.763624+00:00,2026-08-28T17:29:58.769940+00:00,6.299835004028864,APPROVED,
voltdb,691,0,2026-08-28T17:29:58.770027+00:00,2026-08-28T17:29:58.778564+00:00,8.527740996214561,APPROVED,
postgres,692,0,2026-08-28T17:29:58.778667+00:00,2026-08-28T17:29:58.786611+00:00,7.926439007860608,APPROVED,
voltdb,692,0,2026-08-28T17:29:58.786987+00:00,2026-08-28T17:29:58.793136+00:00,6.133354007033631,APPROVED,
postgres,693,0,2026-08-28T17:29:58.793535+00:00,2026-08-28T17:29:58.804024+00:00,10.462958001880907,APPROVED,
voltdb,693,0,2026-08-28T17:29:58.804118+00:00,2026-08-28T17:29:58.811554+00:00,7.425661999150179,APPROVED,
postgres,695,0,2026-08-28T17:29:58.811658+00:00,2026-08-28T17:29:58.816831+00:00,5.159541993634775,APPROVED,
voltdb,695,0,2026-08-28T17:29:58.816920+00:00,2026-08-28T17:29:58.824917+00:00,7.986800002981909,APPROVED,
postgres,696,0,2026-08-28T17:29:58.825040+00:00,2026-08-28T17:29:58.831659+00:00,6.604619004065171,APPROVED,
voltdb,696,0,2026-08-28T17:29:58.831758+00:00,2026-08-28T17:29:58.841556+00:00,9.786297989194281,APPROVED,
postgres,697,0,2026-08-28T17:29:58.841644+00:00,2026-08-28T17:29:58.848878+00:00,7.221553009003401,REVIEW,
voltdb,697,0,2026-08-28T17:29:58.849002+00:00,2026-08-28T17:29:58.863032+00:00,14.019797003129497,REVIEW,
postgres,698,0,2026-08-28T17:29:58.863135+00:00,2026-08-28T17:29:58.869844+00:00,6.695951989968307,APPROVED,
voltdb,698,0,2026-08-28T17:29:58.869970+00:00,2026-08-28T17:29:58.877631+00:00,7.645784004125744,APPROVED,
postgres,700,0,2026-08-28T17:29:58.877782+00:00,2026-08-28T17:29:58.884193+00:00,6.385414002579637,REVIEW,
voltdb,700,0,2026-08-28T17:29:58.884489+00:00,2026-08-28T17:29:58.899817+00:00,15.30862000072375,REVIEW,
postgres,701,0,2026-08-28T17:29:58.900049+00:00,2026-08-28T17:29:58.906200+00:00,6.1323880072450265,APPROVED,
voltdb,701,0,2026-08-28T17:29:58.906296+00:00,2026-08-28T17:29:58.914722+00:00,8.41319200117141,APPROVED,
postgres,704,0,2026-08-28T17:29:58.914877+00:00,2026-08-28T17:29:58.922029+00:00,7.133076011086814,APPROVED,
voltdb,704,0,2026-08-28T17:29:58.922118+00:00,2026-08-28T17:29:58.929876+00:00,7.7482499909820035,APPROVED,
postgres,705,0,2026-08-28T17:29:58.929978+00:00,2026-08-28T17:29:58.938142+00:00,8.149358996888623,APPROVED,
voltdb,705,0,2026-08-28T17:29:58.938307+00:00,2026-08-28T17:29:58.945622+00:00,7.303390011657029,APPROVED,
postgres,706,0,2026-08-28T17:29:58.945772+00:00,2026-08-28T17:29:58.954619+00:00,8.831377999740653,APPROVED,
voltdb,706,0,2026-08-28T17:29:58.954674+00:00,2026-08-28T17:29:58.961827+00:00,7.146251999074593,APPROVED,
postgres,707,0,2026-08-28T17:29:58.961932+00:00,2026-08-28T17:29:58.970535+00:00,8.589047007262707,APPROVED,
voltdb,707,0,2026-08-28T17:29:58.970627+00:00,2026-08-28T17:29:58.977134+00:00,6.493988010333851,APPROVED,
postgres,709,0,2026-08-28T17:29:58.977449+00:00,2026-08-28T17:29:58.982206+00:00,4.731524008093402,APPROVED,
voltdb,709,0,2026-08-28T17:29:58.982449+00:00,2026-08-28T17:29:58.991181+00:00,8.714155002962798,APPROVED,
postgres,710,0,2026-08-28T17:29:58.991331+00:00,2026-08-28T17:29:58.998894+00:00,7.549653004389256,APPROVED,
voltdb,710,0,2026-08-28T17:29:58.999053+00:00,2026-08-28T17:29:59.008131+00:00,9.06390100135468,APPROVED,
postgres,711,0,2026-08-28T17:29:59.008235+00:00,2026-08-28T17:29:59.022889+00:00,14.638009000918828,APPROVED,
voltdb,711,0,2026-08-28T17:29:59.023082+00:00,2026-08-28T17:29:59.034096+00:00,10.987456000293605,APPROVED,
postgres,712,0,2026-08-28T17:29:59.034357+00:00,2026-08-28T17:29:59.041917+00:00,7.540099992183968,APPROVED,
voltdb,712,0,2026-08-28T17:29:59.042005+00:00,2026-08-28T17:29:59.049913+00:00,7.896524999523535,APPROVED,
postgres,713,0,2026-08-28T17:29:59.050075+00:00,2026-08-28T17:29:59.059705+00:00,9.60696701076813,REVIEW,
voltdb,713,0,2026-08-28T17:29:59.059828+00:00,2026-08-28T17:29:59.080400+00:00,20.56156400067266,REVIEW,
postgres,714,0,2026-08-28T17:29:59.080703+00:00,2026-08-28T17:29:59.087769+00:00,7.0459840062540025,APPROVED,
voltdb,714,0,2026-08-28T17:29:59.087836+00:00,2026-08-28T17:29:59.097640+00:00,9.794174999115057,APPROVED,
postgres,715,0,2026-08-28T17:29:59.097789+00:00,2026-08-28T17:29:59.103190+00:00,5.383758994867094,APPROVED,
voltdb,715,0,2026-08-28T17:29:59.103290+00:00,2026-08-28T17:29:59.113562+00:00,10.262019000947475,APPROVED,
postgres,716,0,2026-08-28T17:29:59.113629+00:00,2026-08-28T17:29:59.118735+00:00,5.096280001453124,APPROVED,
voltdb,716,0,2026-08-28T17:29:59.118826+00:00,2026-08-28T17:29:59.127175+00:00,8.339434003573842,APPROVED,
postgres,717,0,2026-08-28T17:29:59.127315+00:00,2026-08-28T17:29:59.131380+00:00,4.051826996146701,APPROVED,
voltdb,717,0,2026-08-28T17:29:59.131462+00:00,2026-08-28T17:29:59.139955+00:00,8.465170001727529,APPROVED,
postgres,718,0,2026-08-28T17:29:59.140067+00:00,2026-08-28T17:29:59.145408+00:00,5.327464998117648,APPROVED,
voltdb,718,0,2026-08-28T17:29:59.145505+00:00,2026-08-28T17:29:59.151377+00:00,5.862220001290552,APPROVED,
postgres,719,0,2026-08-28T17:29:59.151572+00:00,2026-08-28T17:29:59.157691+00:00,6.100472994148731,APPROVED,
voltdb,719,0,2026-08-28T17:29:59.157831+00:00,2026-08-28T17:29:59.164026+00:00,6.186113998410292,APPROVED,
postgres,720,0,2026-08-28T17:29:59.164159+00:00,2026-08-28T17:29:59.169683+00:00,5.51144199562259,APPROVED,
voltdb,720,0,2026-08-28T17:29:59.169790+00:00,2026-08-28T17:29:59.177125+00:00,7.323637008084916,APPROVED,
postgres,721,0,2026-08-28T17:29:59.177227+00:00,2026-08-28T17:29:59.181493+00:00,4.253068997059017,APPROVED,
voltdb,721,0,2026-08-28T17:29:59.181604+00:00,2026-08-28T17:29:59.187764+00:00,6.147717009298503,APPROVED,
postgres,723,0,2026-08-28T17:29:59.187905+00:00,2026-08-28T17:29:59.195455+00:00,7.532233008532785,APPROVED,
voltdb,723,0,2026-08-28T17:29:59.195600+00:00,2026-08-28T17:29:59.201599+00:00,5.98805099434685,APPROVED,
postgres,724,0,2026-08-28T17:29:59.201757+00:00,2026-08-28T17:29:59.209708+00:00,7.931344007374719,APPROVED,
voltdb,724,0,2026-08-28T17:29:59.209808+00:00,2026-08-28T17:29:59.215201+00:00,5.382365998229943,APPROVED,
postgres,725,0,2026-08-28T17:29:59.215494+00:00,2026-08-28T17:29:59.220726+00:00,5.212211006437428,APPROVED,
voltdb,725,0,2026-08-28T17:29:59.220811+00:00,2026-08-28T17:29:59.228245+00:00,7.42507200629916,APPROVED,
postgres,727,0,2026-08-28T17:29:59.228565+00:00,2026-08-28T17:29:59.232738+00:00,4.155118003836833,APPROVED,
voltdb,727,0,2026-08-28T17:29:59.232832+00:00,2026-08-28T17:29:59.239931+00:00,7.080042007146403,APPROVED,
postgres,728,0,2026-08-28T17:29:59.240512+00:00,2026-08-28T17:29:59.245689+00:00,5.129206998390146,APPROVED,
voltdb,728,0,2026-08-28T17:29:59.245769+00:00,2026-08-28T17:29:59.252185+00:00,6.405135995009914,APPROVED,
postgres,729,0,2026-08-28T17:29:59.252421+00:00,2026-08-28T17:29:59.257418+00:00,4.97727699985262,APPROVED,
voltdb,729,0,2026-08-28T17:29:59.257556+00:00,2026-08-28T17:29:59.302592+00:00,45.02080599195324,APPROVED,
postgres,730,0,2026-08-28T17:29:59.302704+00:00,2026-08-28T17:29:59.308897+00:00,6.180220996611752,APPROVED,
voltdb,730,0,2026-08-28T17:29:59.308976+00:00,2026-08-28T17:29:59.315074+00:00,6.088351990911178,APPROVED,
postgres,732,0,2026-08-28T17:29:59.315177+00:00,2026-08-28T17:29:59.321150+00:00,5.9596250066533685,APPROVED,
voltdb,732,0,2026-08-28T17:29:59.321241+00:00,2026-08-28T17:29:59.343635+00:00,22.384601994417608,APPROVED,
postgres,733,0,2026-08-28T17:29:59.343914+00:00,2026-08-28T17:29:59.350158+00:00,6.228837009985,APPROVED,
voltdb,733,0,2026-08-28T17:29:59.350336+00:00,2026-08-28T17:29:59.357182+00:00,6.8357700074557215,APPROVED,
postgres,734,0,2026-08-28T17:29:59.357354+00:00,2026-08-28T17:29:59.364533+00:00,7.163936999859288,APPROVED,
voltdb,734,0,2026-08-28T17:29:59.364639+00:00,2026-08-28T17:29:59.374071+00:00,9.42305100033991,APPROVED,
postgres,735,0,2026-08-28T17:29:59.374203+00:00,2026-08-28T17:29:59.379542+00:00,5.327240010956302,APPROVED,
voltdb,735,0,2026-08-28T17:29:59.379867+00:00,2026-08-28T17:29:59.388441+00:00,8.56118199590128,APPROVED,
postgres,736,0,2026-08-28T17:29:59.388553+00:00,2026-08-28T17:29:59.394034+00:00,5.446120005217381,APPROVED,
voltdb,736,0,2026-08-28T17:29:59.394136+00:00,2026-08-28T17:29:59.400930+00:00,6.784836004953831,APPROVED,
postgres,737,0,2026-08-28T17:29:59.401068+00:00,2026-08-28T17:29:59.406620+00:00,5.535803007660434,APPROVED,
voltdb,737,0,2026-08-28T17:29:59.406700+00:00,2026-08-28T17:29:59.415195+00:00,8.484913007123396,APPROVED,
postgres,738,0,2026-08-28T17:29:59.415353+00:00,2026-08-28T17:29:59.420901+00:00,5.530815004021861,APPROVED,
voltdb,738,0,2026-08-28T17:29:59.420985+00:00,2026-08-28T17:29:59.427210+00:00,6.21590600349009,APPROVED,
postgres,739,0,2026-08-28T17:29:59.427358+00:00,2026-08-28T17:29:59.432707+00:00,5.333196997526102,REVIEW,
voltdb,739,0,2026-08-28T17:29:59.432820+00:00,2026-08-28T17:29:59.446654+00:00,13.819327010423876,REVIEW,
postgres,740,0,2026-08-28T17:29:59.446783+00:00,2026-08-28T17:29:59.454008+00:00,7.213246004539542,APPROVED,
voltdb,740,0,2026-08-28T17:29:59.454092+00:00,2026-08-28T17:29:59.459938+00:00,5.836579002789222,APPROVED,
postgres,741,0,2026-08-28T17:29:59.460072+00:00,2026-08-28T17:29:59.464088+00:00,4.003205001936294,APPROVED,
voltdb,741,0,2026-08-28T17:29:59.464174+00:00,2026-08-28T17:29:59.471945+00:00,7.761016997392289,APPROVED,
postgres,743,0,2026-08-28T17:29:59.472053+00:00,2026-08-28T17:29:59.477044+00:00,4.977649005013518,APPROVED,
voltdb,743,0,2026-08-28T17:29:59.477149+00:00,2026-08-28T17:29:59.484125+00:00,6.952483003260568,APPROVED,
postgres,746,0,2026-08-28T17:29:59.484250+00:00,2026-08-28T17:29:59.490603+00:00,6.3395960023626685,APPROVED,
voltdb,746,0,2026-08-28T17:29:59.490684+00:00,2026-08-28T17:29:59.497193+00:00,6.4997790032066405,APPROVED,
postgres,747,0,2026-08-28T17:29:59.497364+00:00,2026-08-28T17:29:59.504467+00:00,7.077659000060521,APPROVED,
voltdb,747,0,2026-08-28T17:29:59.504574+00:00,2026-08-28T17:29:59.511230+00:00,6.6471470054239035,APPROVED,
postgres,749,0,2026-08-28T17:29:59.511580+00:00,2026-08-28T17:29:59.516572+00:00,4.9733139894669876,APPROVED,
voltdb,749,0,2026-08-28T17:29:59.516665+00:00,2026-08-28T17:29:59.526677+00:00,10.002939990954474,APPROVED,
postgres,750,0,2026-08-28T17:29:59.526780+00:00,2026-08-28T17:29:59.531302+00:00,4.509976992267184,APPROVED,
voltdb,750,0,2026-08-28T17:29:59.531387+00:00,2026-08-28T17:29:59.538801+00:00,7.404730000416748,APPROVED,
postgres,753,0,2026-08-28T17:29:59.538904+00:00,2026-08-28T17:29:59.545154+00:00,6.23180199181661,REVIEW,
voltdb,753,0,2026-08-28T17:29:59.545297+00:00,2026-08-28T17:29:59.560324+00:00,15.017351994174533,REVIEW,
postgres,754,0,2026-08-28T17:29:59.560467+00:00,2026-08-28T17:29:59.564758+00:00,4.276341001968831,APPROVED,
voltdb,754,0,2026-08-28T17:29:59.564881+00:00,2026-08-28T17:29:59.573471+00:00,8.575828003813513,APPROVED,
postgres,755,0,2026-08-28T17:29:59.573620+00:00,2026-08-28T17:29:59.579379+00:00,5.745781003497541,APPROVED,
voltdb,755,0,2026-08-28T17:29:59.579452+00:00,2026-08-28T17:29:59.587105+00:00,7.644490993698128,APPROVED,
postgres,758,0,2026-08-28T17:29:59.587295+00:00,2026-08-28T17:29:59.592930+00:00,5.62019000062719,APPROVED,
voltdb,758,0,2026-08-28T17:29:59.593028+00:00,2026-08-28T17:29:59.599039+00:00,6.000815003062598,APPROVED,
postgres,759,0,2026-08-28T17:29:59.599587+00:00,2026-08-28T17:29:59.606815+00:00,7.203143002698198,APPROVED,
voltdb,759,0,2026-08-28T17:29:59.606900+00:00,2026-08-28T17:29:59.613313+00:00,6.403129998943768,APPROVED,
postgres,760,0,2026-08-28T17:29:59.613444+00:00,2026-08-28T17:29:59.621560+00:00,8.104038002784364,APPROVED,
voltdb,760,0,2026-08-28T17:29:59.621643+00:00,2026-08-28T17:29:59.628221+00:00,6.568249998963438,APPROVED,
postgres,761,0,2026-08-28T17:29:59.628323+00:00,2026-08-28T17:29:59.635509+00:00,7.162730005802587,APPROVED,
voltdb,761,0,2026-08-28T17:29:59.635608+00:00,2026-08-28T17:29:59.642099+00:00,6.311429999186657,APPROVED,
postgres,762,0,2026-08-28T17:29:59.642659+00:00,2026-08-28T17:29:59.648749+00:00,6.041572996764444,APPROVED,
voltdb,762,0,2026-08-28T17:29:59.648848+00:00,2026-08-28T17:29:59.655026+00:00,6.169168002088554,APPROVED,
postgres,763,0,2026-08-28T17:29:59.655133+00:00,2026-08-28T17:29:59.663740+00:00,8.59412299178075,APPROVED,
voltdb,763,0,2026-08-28T17:29:59.663876+00:00,2026-08-28T17:29:59.670575+00:00,6.678974998067133,APPROVED,
postgres,764,0,2026-08-28T17:29:59.670735+00:00,2026-08-28T17:29:59.678153+00:00,7.404924996080808,APPROVED,
voltdb,764,0,2026-08-28T17:29:59.678297+00:00,2026-08-28T17:29:59.684664+00:00,6.326950009679422,APPROVED,
postgres,765,0,2026-08-28T17:29:59.684798+00:00,2026-08-28T17:29:59.690720+00:00,5.899012990994379,APPROVED,
voltdb,765,0,2026-08-28T17:29:59.690816+00:00,2026-08-28T17:29:59.696722+00:00,5.895324007724412,APPROVED,
postgres,766,0,2026-08-28T17:29:59.696876+00:00,2026-08-28T17:29:59.704161+00:00,7.269540001288988,APPROVED,
voltdb,766,0,2026-08-28T17:29:59.704290+00:00,2026-08-28T17:29:59.710150+00:00,5.841350008267909,APPROVED,
postgres,767,0,2026-08-28T17:29:59.710428+00:00,2026-08-28T17:29:59.715178+00:00,4.725234990473837,APPROVED,
voltdb,767,0,2026-08-28T17:29:59.715291+00:00,2026-08-28T17:29:59.723083+00:00,7.7755990059813485,APPROVED,
postgres,769,0,2026-08-28T17:29:59.723191+00:00,2026-08-28T17:29:59.729522+00:00,6.319954001810402,APPROVED,
voltdb,769,0,2026-08-28T17:29:59.729602+00:00,2026-08-28T17:29:59.737571+00:00,7.959676993777975,APPROVED,
postgres,770,0,2026-08-28T17:29:59.737676+00:00,2026-08-28T17:29:59.743503+00:00,5.815937998704612,APPROVED,
voltdb,770,0,2026-08-28T17:29:59.743581+00:00,2026-08-28T17:29:59.750961+00:00,7.370714010903612,APPROVED,
postgres,772,0,2026-08-28T17:29:59.752988+00:00,2026-08-28T17:29:59.757775+00:00,4.752644003019668,APPROVED,
voltdb,772,0,2026-08-28T17:29:59.757865+00:00,2026-08-28T17:29:59.765581+00:00,7.705130992690101,APPROVED,
postgres,773,0,2026-08-28T17:29:59.765693+00:00,2026-08-28T17:29:59.772649+00:00,6.942918000277132,APPROVED,
voltdb,773,0,2026-08-28T17:29:59.772730+00:00,2026-08-28T17:29:59.779467+00:00,6.727808999130502,APPROVED,
postgres,774,0,2026-08-28T17:29:59.779587+00:00,2026-08-28T17:29:59.785786+00:00,6.185430000186898,APPROVED,
voltdb,774,0,2026-08-28T17:29:59.785875+00:00,2026-08-28T17:29:59.794584+00:00,8.69961199350655,APPROVED,
postgres,775,0,2026-08-28T17:29:59.794711+00:00,2026-08-28T17:29:59.799942+00:00,5.216256002313457,APPROVED,
voltdb,775,0,2026-08-28T17:29:59.800078+00:00,2026-08-28T17:29:59.809934+00:00,9.841584003879689,APPROVED,
postgres,776,0,2026-08-28T17:29:59.810061+00:00,2026-08-28T17:29:59.815688+00:00,5.611171000055037,APPROVED,
voltdb,776,0,2026-08-28T17:29:59.815810+00:00,2026-08-28T17:29:59.824006+00:00,8.181005003280006,APPROVED,
postgres,778,0,2026-08-28T17:29:59.824118+00:00,2026-08-28T17:29:59.828467+00:00,4.337441001553088,APPROVED,
voltdb,778,0,2026-08-28T17:29:59.828572+00:00,2026-08-28T17:29:59.834427+00:00,5.84523800353054,APPROVED,
postgres,779,0,2026-08-28T17:29:59.834685+00:00,2026-08-28T17:29:59.839881+00:00,5.175238009542227,APPROVED,
voltdb,779,0,2026-08-28T17:29:59.840022+00:00,2026-08-28T17:29:59.844995+00:00,4.963960003806278,APPROVED,
postgres,781,0,2026-08-28T17:29:59.845120+00:00,2026-08-28T17:29:59.850146+00:00,5.010122986277565,APPROVED,
voltdb,781,0,2026-08-28T17:29:59.850240+00:00,2026-08-28T17:29:59.860877+00:00,10.62660600291565,APPROVED,
postgres,782,0,2026-08-28T17:29:59.860982+00:00,2026-08-28T17:29:59.867168+00:00,6.174084002850577,APPROVED,
voltdb,782,0,2026-08-28T17:29:59.867367+00:00,2026-08-28T17:29:59.873349+00:00,5.965952994301915,APPROVED,
postgres,783,0,2026-08-28T17:29:59.873480+00:00,2026-08-28T17:29:59.878909+00:00,5.409714998677373,APPROVED,
voltdb,783,0,2026-08-28T17:29:59.878987+00:00,2026-08-28T17:29:59.885991+00:00,6.994444003794342,APPROVED,
postgres,784,0,2026-08-28T17:29:59.886097+00:00,2026-08-28T17:29:59.890493+00:00,4.381186998216435,APPROVED,
voltdb,784,0,2026-08-28T17:29:59.890580+00:00,2026-08-28T17:29:59.895594+00:00,5.004585997085087,APPROVED,
postgres,785,1,2026-08-28T17:29:59.895697+00:00,2026-08-28T17:29:59.904084+00:00,8.375203993637115,BLOCKED,
voltdb,785,1,2026-08-28T17:29:59.904170+00:00,2026-08-28T17:29:59.915339+00:00,11.159610003232956,BLOCKED,
postgres,788,0,2026-08-28T17:29:59.915573+00:00,2026-08-28T17:29:59.923854+00:00,8.263769996119663,REVIEW,
voltdb,788,0,2026-08-28T17:29:59.923961+00:00,2026-08-28T17:29:59.938036+00:00,14.065897994441912,REVIEW,
postgres,789,0,2026-08-28T17:29:59.938150+00:00,2026-08-28T17:29:59.943631+00:00,5.443265996291302,APPROVED,
voltdb,789,0,2026-08-28T17:29:59.943712+00:00,2026-08-28T17:29:59.949256+00:00,5.534737996640615,APPROVED,
postgres,791,0,2026-08-28T17:29:59.949367+00:00,2026-08-28T17:29:59.954988+00:00,5.542204002267681,APPROVED,
voltdb,791,0,2026-08-28T17:29:59.955075+00:00,2026-08-28T17:29:59.963338+00:00,8.244960001320578,APPROVED,
postgres,792,0,2026-08-28T17:29:59.963484+00:00,2026-08-28T17:29:59.969254+00:00,5.756760001531802,APPROVED,
voltdb,792,0,2026-08-28T17:29:59.969346+00:00,2026-08-28T17:29:59.978093+00:00,8.73717200011015,APPROVED,
postgres,793,0,2026-08-28T17:29:59.978333+00:00,2026-08-28T17:29:59.983990+00:00,5.63836500805337,APPROVED,
voltdb,793,0,2026-08-28T17:29:59.984091+00:00,2026-08-28T17:29:59.990965+00:00,6.8649919994641095,APPROVED,
postgres,795,0,2026-08-28T17:29:59.991564+00:00,2026-08-28T17:29:59.997213+00:00,5.607861006865278,APPROVED,
voltdb,795,0,2026-08-28T17:29:59.997438+00:00,2026-08-28T17:30:00.014942+00:00,17.48260299791582,APPROVED,
postgres,797,0,2026-08-28T17:30:00.015151+00:00,2026-08-28T17:30:00.021960+00:00,6.78663699363824,APPROVED,
voltdb,797,0,2026-08-28T17:30:00.022116+00:00,2026-08-28T17:30:00.031988+00:00,9.858083998551592,APPROVED,
postgres,798,0,2026-08-28T17:30:00.032406+00:00,2026-08-28T17:30:00.039527+00:00,7.100807997630909,APPROVED,
voltdb,798,0,2026-08-28T17:30:00.039616+00:00,2026-08-28T17:30:00.046689+00:00,7.062527001835406,APPROVED,
postgres,799,0,2026-08-28T17:30:00.046829+00:00,2026-08-28T17:30:00.053701+00:00,6.85586899635382,APPROVED,
voltdb,799,0,2026-08-28T17:30:00.053797+00:00,2026-08-28T17:30:00.060793+00:00,6.982494000112638,APPROVED,
postgres,801,0,2026-08-28T17:30:00.060949+00:00,2026-08-28T17:30:00.065212+00:00,4.250469995895401,APPROVED,
voltdb,801,0,2026-08-28T17:30:00.065333+00:00,2026-08-28T17:30:00.072212+00:00,6.86048500938341,APPROVED,
postgres,803,0,2026-08-28T17:30:00.072543+00:00,2026-08-28T17:30:00.078275+00:00,5.711511999834329,APPROVED,
voltdb,803,0,2026-08-28T17:30:00.078364+00:00,2026-08-28T17:30:00.085460+00:00,7.0837800012668595,APPROVED,
postgres,805,0,2026-08-28T17:30:00.085649+00:00,2026-08-28T17:30:00.093718+00:00,8.047777999308892,APPROVED,
voltdb,805,0,2026-08-28T17:30:00.093805+00:00,2026-08-28T17:30:00.099887+00:00,6.07138300256338,APPROVED,
postgres,806,0,2026-08-28T17:30:00.100043+00:00,2026-08-28T17:30:00.108054+00:00,7.967201992869377,APPROVED,
voltdb,806,0,2026-08-28T17:30:00.108330+00:00,2026-08-28T17:30:00.118874+00:00,10.37030600127764,APPROVED,
postgres,807,0,2026-08-28T17:30:00.119049+00:00,2026-08-28T17:30:00.129917+00:00,10.843715004739352,APPROVED,
voltdb,807,0,2026-08-28T17:30:00.130004+00:00,2026-08-28T17:30:00.143694+00:00,13.678211995284073,APPROVED,
postgres,809,0,2026-08-28T17:30:00.143904+00:00,2026-08-28T17:30:00.154866+00:00,10.946415000944398,APPROVED,
voltdb,809,0,2026-08-28T17:30:00.155078+00:00,2026-08-28T17:30:00.166261+00:00,11.166964002768509,APPROVED,
postgres,810,0,2026-08-28T17:30:00.166631+00:00,2026-08-28T17:30:00.175812+00:00,9.145510994130746,APPROVED,
voltdb,810,0,2026-08-28T17:30:00.176076+00:00,2026-08-28T17:30:00.184269+00:00,8.154012000886723,APPROVED,
postgres,811,0,2026-08-28T17:30:00.184547+00:00,2026-08-28T17:30:00.192706+00:00,8.07374098803848,REVIEW,
voltdb,811,0,2026-08-28T17:30:00.192930+00:00,2026-08-28T17:30:00.223110+00:00,30.15736299857963,REVIEW,
postgres,812,0,2026-08-28T17:30:00.223368+00:00,2026-08-28T17:30:00.231667+00:00,8.275383006548509,APPROVED,
voltdb,812,0,2026-08-28T17:30:00.231792+00:00,2026-08-28T17:30:00.240516+00:00,8.711109010619111,APPROVED,
postgres,814,0,2026-08-28T17:30:00.240583+00:00,2026-08-28T17:30:00.244851+00:00,4.258007000316866,APPROVED,
voltdb,814,0,2026-08-28T17:30:00.244961+00:00,2026-08-28T17:30:00.251627+00:00,6.65268900047522,APPROVED,
postgres,816,0,2026-08-28T17:30:00.251827+00:00,2026-08-28T17:30:00.259008+00:00,7.162971989600919,APPROVED,
voltdb,816,0,2026-08-28T17:30:00.259121+00:00,2026-08-28T17:30:00.266236+00:00,7.07234199217055,APPROVED,
postgres,817,0,2026-08-28T17:30:00.266799+00:00,2026-08-28T17:30:00.272644+00:00,5.818774006911553,APPROVED,
voltdb,817,0,2026-08-28T17:30:00.272825+00:00,2026-08-28T17:30:00.280282+00:00,7.442476999131031,APPROVED,
postgres,822,0,2026-08-28T17:30:00.280603+00:00,2026-08-28T17:30:00.287109+00:00,6.486263009719551,REVIEW,
voltdb,822,0,2026-08-28T17:30:00.287192+00:00,2026-08-28T17:30:00.298921+00:00,11.719508998794481,REVIEW,
postgres,823,0,2026-08-28T17:30:00.299035+00:00,2026-08-28T17:30:00.305471+00:00,6.423266997444443,APPROVED,
voltdb,823,0,2026-08-28T17:30:00.305524+00:00,2026-08-28T17:30:00.312498+00:00,6.967036009882577,APPROVED,
postgres,824,0,2026-08-28T17:30:00.312680+00:00,2026-08-28T17:30:00.319208+00:00,6.51207500777673,APPROVED,
voltdb,824,0,2026-08-28T17:30:00.321057+00:00,2026-08-28T17:30:00.328991+00:00,7.4668450106401,APPROVED,
postgres,825,0,2026-08-28T17:30:00.329317+00:00,2026-08-28T17:30:00.337455+00:00,8.02074400417041,APPROVED,
voltdb,825,0,2026-08-28T17:30:00.337607+00:00,2026-08-28T17:30:00.345548+00:00,7.927908998681232,APPROVED,
postgres,826,0,2026-08-28T17:30:00.345650+00:00,2026-08-28T17:30:00.352192+00:00,6.530130005558021,APPROVED,
voltdb,826,0,2026-08-28T17:30:00.352376+00:00,2026-08-28T17:30:00.357669+00:00,5.275604999042116,APPROVED,
postgres,828,0,2026-08-28T17:30:00.357846+00:00,2026-08-28T17:30:00.363084+00:00,5.222228995990008,APPROVED,
voltdb,828,0,2026-08-28T17:30:00.363327+00:00,2026-08-28T17:30:00.372721+00:00,9.379482988151722,APPROVED,
postgres,831,0,2026-08-28T17:30:00.372883+00:00,2026-08-28T17:30:00.377857+00:00,4.953550000209361,APPROVED,
voltdb,831,0,2026-08-28T17:30:00.377954+00:00,2026-08-28T17:30:00.385347+00:00,7.381036994047463,APPROVED,
postgres,832,0,2026-08-28T17:30:00.385457+00:00,2026-08-28T17:30:00.392577+00:00,7.106810007826425,APPROVED,
voltdb,832,0,2026-08-28T17:30:00.392659+00:00,2026-08-28T17:30:00.397963+00:00,5.295983995893039,APPROVED,
postgres,835,0,2026-08-28T17:30:00.398075+00:00,2026-08-28T17:30:00.403395+00:00,5.305476006469689,APPROVED,
voltdb,835,0,2026-08-28T17:30:00.403481+00:00,2026-08-28T17:30:00.410941+00:00,7.451391007634811,APPROVED,
postgres,837,0,2026-08-28T17:30:00.411141+00:00,2026-08-28T17:30:00.416705+00:00,5.542879007407464,APPROVED,
voltdb,837,0,2026-08-28T17:30:00.416815+00:00,2026-08-28T17:30:00.425635+00:00,8.804334996966645,APPROVED,
postgres,838,0,2026-08-28T17:30:00.425749+00:00,2026-08-28T17:30:00.429982+00:00,4.221513008815236,APPROVED,
voltdb,838,0,2026-08-28T17:30:00.430061+00:00,2026-08-28T17:30:00.437552+00:00,7.475360005628318,APPROVED,
postgres,839,0,2026-08-28T17:30:00.437702+00:00,2026-08-28T17:30:00.444567+00:00,6.840821006335318,APPROVED,
voltdb,839,0,2026-08-28T17:30:00.444696+00:00,2026-08-28T17:30:00.453607+00:00,8.86435600114055,APPROVED,
postgres,841,0,2026-08-28T17:30:00.453902+00:00,2026-08-28T17:30:00.459897+00:00,5.947079000179656,APPROVED,
voltdb,841,0,2026-08-28T17:30:00.460071+00:00,2026-08-28T17:30:00.468651+00:00,8.558964997064322,APPROVED,
postgres,842,0,2026-08-28T17:30:00.468863+00:00,2026-08-28T17:30:00.473513+00:00,4.630176990758628,APPROVED,
voltdb,842,0,2026-08-28T17:30:00.473680+00:00,2026-08-28T17:30:00.479714+00:00,6.010326003888622,APPROVED,
postgres,844,0,2026-08-28T17:30:00.479952+00:00,2026-08-28T17:30:00.485793+00:00,5.823313011205755,APPROVED,
voltdb,844,0,2026-08-28T17:30:00.485886+00:00,2026-08-28T17:30:00.491583+00:00,5.67966399830766,APPROVED,
postgres,846,0,2026-08-28T17:30:00.491871+00:00,2026-08-28T17:30:00.496796+00:00,4.880235006567091,APPROVED,
voltdb,846,0,2026-08-28T17:30:00.496888+00:00,2026-08-28T17:30:00.503662+00:00,6.762487988453358,APPROVED,
postgres,848,0,2026-08-28T17:30:00.503940+00:00,2026-08-28T17:30:00.510263+00:00,6.29827800730709,REVIEW,
voltdb,848,0,2026-08-28T17:30:00.510344+00:00,2026-08-28T17:30:00.522852+00:00,12.498871990828775,REVIEW,
postgres,849,0,2026-08-28T17:30:00.523045+00:00,2026-08-28T17:30:00.528622+00:00,5.559209996135905,APPROVED,
voltdb,849,0,2026-08-28T17:30:00.528698+00:00,2026-08-28T17:30:00.535117+00:00,6.409510999219492,APPROVED,
postgres,850,0,2026-08-28T17:30:00.535228+00:00,2026-08-28T17:30:00.542367+00:00,7.127144999685697,REVIEW,
voltdb,850,0,2026-08-28T17:30:00.542446+00:00,2026-08-28T17:30:00.552898+00:00,10.442352999234572,REVIEW,
postgres,851,0,2026-08-28T17:30:00.553077+00:00,2026-08-28T17:30:00.559758+00:00,6.664048996753991,APPROVED,
voltdb,851,0,2026-08-28T17:30:00.559840+00:00,2026-08-28T17:30:00.565199+00:00,5.348827995476313,APPROVED,
postgres,852,0,2026-08-28T17:30:00.565477+00:00,2026-08-28T17:30:00.570869+00:00,5.374843996833079,APPROVED,
voltdb,852,0,2026-08-28T17:30:00.570990+00:00,2026-08-28T17:30:00.578206+00:00,7.20601600187365,APPROVED,
postgres,853,0,2026-08-28T17:30:00.578334+00:00,2026-08-28T17:30:00.584080+00:00,5.733547994168475,REVIEW,
voltdb,853,0,2026-08-28T17:30:00.584189+00:00,2026-08-28T17:30:00.594807+00:00,10.603356990031898,REVIEW,
postgres,854,0,2026-08-28T17:30:00.594964+00:00,2026-08-28T17:30:00.601160+00:00,6.1780830001225695,APPROVED,
voltdb,854,0,2026-08-28T17:30:00.601337+00:00,2026-08-28T17:30:00.607133+00:00,5.771288997493684,APPROVED,
postgres,855,0,2026-08-28T17:30:00.607579+00:00,2026-08-28T17:30:00.613234+00:00,5.622265991405584,REVIEW,
voltdb,855,0,2026-08-28T17:30:00.613327+00:00,2026-08-28T17:30:00.627615+00:00,14.277209003921598,REVIEW,
postgres,856,0,2026-08-28T17:30:00.627743+00:00,2026-08-28T17:30:00.632687+00:00,4.927980990032665,APPROVED,
voltdb,856,0,2026-08-28T17:30:00.632776+00:00,2026-08-28T17:30:00.639670+00:00,6.879883992951363,APPROVED,
postgres,857,0,2026-08-28T17:30:00.639977+00:00,2026-08-28T17:30:00.644912+00:00,4.900216998066753,APPROVED,
voltdb,857,0,2026-08-28T17:30:00.644987+00:00,2026-08-28T17:30:00.652910+00:00,7.912204004242085,APPROVED,
postgres,858,0,2026-08-28T17:30:00.653052+00:00,2026-08-28T17:30:00.657819+00:00,4.750406995299272,APPROVED,
voltdb,858,0,2026-08-28T17:30:00.657919+00:00,2026-08-28T17:30:00.664795+00:00,6.862402005936019,APPROVED,
postgres,860,0,2026-08-28T17:30:00.665104+00:00,2026-08-28T17:30:00.674749+00:00,9.626697996282019,APPROVED,
voltdb,860,0,2026-08-28T17:30:00.674894+00:00,2026-08-28T17:30:00.683589+00:00,8.680234997882508,APPROVED,
postgres,861,0,2026-08-28T17:30:00.683706+00:00,2026-08-28T17:30:00.691731+00:00,8.007605996681377,APPROVED,
voltdb,861,0,2026-08-28T17:30:00.691814+00:00,2026-08-28T17:30:00.698416+00:00,6.591539990040474,APPROVED,
postgres,862,0,2026-08-28T17:30:00.698684+00:00,2026-08-28T17:30:00.704407+00:00,5.706142997951247,APPROVED,
voltdb,862,0,2026-08-28T17:30:00.704497+00:00,2026-08-28T17:30:00.714122+00:00,9.616007999284193,APPROVED,
postgres,863,0,2026-08-28T17:30:00.714450+00:00,2026-08-28T17:30:00.720752+00:00,6.281173991737887,APPROVED,
voltdb,863,0,2026-08-28T17:30:00.720845+00:00,2026-08-28T17:30:00.729327+00:00,8.470950997434556,APPROVED,
postgres,864,0,2026-08-28T17:30:00.729430+00:00,2026-08-28T17:30:00.735389+00:00,5.947293000645004,APPROVED,
voltdb,864,0,2026-08-28T17:30:00.735476+00:00,2026-08-28T17:30:00.741823+00:00,6.337368002277799,APPROVED,
postgres,866,0,2026-08-28T17:30:00.741929+00:00,2026-08-28T17:30:00.746557+00:00,4.614374003722332,APPROVED,
voltdb,866,0,2026-08-28T17:30:00.746709+00:00,2026-08-28T17:30:00.754746+00:00,8.020554989343509,APPROVED,
postgres,867,1,2026-08-28T17:30:00.754920+00:00,2026-08-28T17:30:00.761709+00:00,6.7742440005531535,REVIEW,
voltdb,867,1,2026-08-28T17:30:00.761801+00:00,2026-08-28T17:30:00.778639+00:00,16.827674000523984,REVIEW,
postgres,868,0,2026-08-28T17:30:00.778942+00:00,2026-08-28T17:30:00.788643+00:00,9.670819010352716,APPROVED,
voltdb,868,0,2026-08-28T17:30:00.788747+00:00,2026-08-28T17:30:00.795668+00:00,6.908398005180061,APPROVED,
postgres,871,0,2026-08-28T17:30:00.795815+00:00,2026-08-28T17:30:00.803963+00:00,8.130916001391597,APPROVED,
voltdb,871,0,2026-08-28T17:30:00.804063+00:00,2026-08-28T17:30:00.811141+00:00,7.060371994157322,APPROVED,
postgres,872,0,2026-08-28T17:30:00.811510+00:00,2026-08-28T17:30:00.820619+00:00,9.085521000088193,APPROVED,
voltdb,872,0,2026-08-28T17:30:00.820889+00:00,2026-08-28T17:30:00.828654+00:00,7.750257005682215,APPROVED,
postgres,873,0,2026-08-28T17:30:00.828812+00:00,2026-08-28T17:30:00.834996+00:00,6.168503998196684,APPROVED,
voltdb,873,0,2026-08-28T17:30:00.835160+00:00,2026-08-28T17:30:00.845876+00:00,10.694125012378208,APPROVED,
postgres,874,0,2026-08-28T17:30:00.846076+00:00,2026-08-28T17:30:00.852295+00:00,6.198934992426075,APPROVED,
voltdb,874,0,2026-08-28T17:30:00.852433+00:00,2026-08-28T17:30:00.862326+00:00,9.87937199533917,APPROVED,
postgres,875,0,2026-08-28T17:30:00.862628+00:00,2026-08-28T17:30:00.868877+00:00,6.223050004336983,APPROVED,
voltdb,875,0,2026-08-28T17:30:00.868986+00:00,2026-08-28T17:30:00.877611+00:00,8.61342299322132,APPROVED,
postgres,876,0,2026-08-28T17:30:00.877782+00:00,2026-08-28T17:30:00.884573+00:00,6.742270998074673,APPROVED,
voltdb,876,0,2026-08-28T17:30:00.884672+00:00,2026-08-28T17:30:00.891417+00:00,6.73025099968072,APPROVED,
postgres,877,0,2026-08-28T17:30:00.891539+00:00,2026-08-28T17:30:00.896338+00:00,4.785714001627639,APPROVED,
voltdb,877,0,2026-08-28T17:30:00.896438+00:00,2026-08-28T17:30:00.904822+00:00,8.374170996830799,APPROVED,
postgres,878,1,2026-08-28T17:30:00.904961+00:00,2026-08-28T17:30:00.912172+00:00,7.193163997726515,BLOCKED,
voltdb,878,1,2026-08-28T17:30:00.912348+00:00,2026-08-28T17:30:00.926951+00:00,14.59390101081226,BLOCKED,
postgres,879,0,2026-08-28T17:30:00.927117+00:00,2026-08-28T17:30:00.931235+00:00,4.0995559975272045,APPROVED,
voltdb,879,0,2026-08-28T17:30:00.931455+00:00,2026-08-28T17:30:00.938720+00:00,7.244516993523575,APPROVED,
postgres,880,0,2026-08-28T17:30:00.938882+00:00,2026-08-28T17:30:00.944693+00:00,5.793354008346796,APPROVED,
voltdb,880,0,2026-08-28T17:30:00.944775+00:00,2026-08-28T17:30:00.952765+00:00,7.980099006090313,APPROVED,
postgres,882,0,2026-08-28T17:30:00.952918+00:00,2026-08-28T17:30:00.957988+00:00,5.036054004449397,APPROVED,
voltdb,882,0,2026-08-28T17:30:00.958326+00:00,2026-08-28T17:30:00.963960+00:00,5.60011800553184,APPROVED,
postgres,886,0,2026-08-28T17:30:00.964074+00:00,2026-08-28T17:30:00.972314+00:00,8.221611991757527,APPROVED,
voltdb,886,0,2026-08-28T17:30:00.972431+00:00,2026-08-28T17:30:00.979467+00:00,7.023351994575933,APPROVED,
postgres,887,0,2026-08-28T17:30:00.979604+00:00,2026-08-28T17:30:00.985763+00:00,6.133187998784706,APPROVED,
voltdb,887,0,2026-08-28T17:30:00.985854+00:00,2026-08-28T17:30:00.994045+00:00,8.17966200702358,APPROVED,
postgres,888,0,2026-08-28T17:30:00.994232+00:00,2026-08-28T17:30:01.000094+00:00,5.730186006985605,APPROVED,
voltdb,888,0,2026-08-28T17:30:01.000215+00:00,2026-08-28T17:30:01.008764+00:00,8.531585001037456,APPROVED,
postgres,889,0,2026-08-28T17:30:01.008913+00:00,2026-08-28T17:30:01.014814+00:00,5.883453995920718,APPROVED,
voltdb,889,0,2026-08-28T17:30:01.014929+00:00,2026-08-28T17:30:01.021738+00:00,6.782697004382499,APPROVED,
postgres,890,0,2026-08-28T17:30:01.021911+00:00,2026-08-28T17:30:01.029516+00:00,7.585177998407744,APPROVED,
voltdb,890,0,2026-08-28T17:30:01.029637+00:00,2026-08-28T17:30:01.036446+00:00,6.7943899921374395,APPROVED,
postgres,891,0,2026-08-28T17:30:01.036607+00:00,2026-08-28T17:30:01.043440+00:00,6.817280009272508,APPROVED,
voltdb,891,0,2026-08-28T17:30:01.043550+00:00,2026-08-28T17:30:01.051649+00:00,8.087302994681522,APPROVED,
postgres,892,0,2026-08-28T17:30:01.051844+00:00,2026-08-28T17:30:01.057320+00:00,5.457338003907353,APPROVED,
voltdb,892,0,2026-08-28T17:30:01.057402+00:00,2026-08-28T17:30:01.064736+00:00,7.322656994801946,APPROVED,
postgres,893,0,2026-08-28T17:30:01.064987+00:00,2026-08-28T17:30:01.072650+00:00,7.6444879960035905,APPROVED,
voltdb,893,0,2026-08-28T17:30:01.072761+00:00,2026-08-28T17:30:01.080601+00:00,7.827214998542331,APPROVED,
postgres,894,0,2026-08-28T17:30:01.080770+00:00,2026-08-28T17:30:01.088303+00:00,7.515581994084641,APPROVED,
voltdb,894,0,2026-08-28T17:30:01.088412+00:00,2026-08-28T17:30:01.095461+00:00,7.038913012365811,APPROVED,
postgres,895,0,2026-08-28T17:30:01.095572+00:00,2026-08-28T17:30:01.102774+00:00,7.157752988860011,APPROVED,
voltdb,895,0,2026-08-28T17:30:01.102921+00:00,2026-08-28T17:30:01.110905+00:00,7.965116994455457,APPROVED,
postgres,896,0,2026-08-28T17:30:01.111064+00:00,2026-08-28T17:30:01.120632+00:00,9.537617996102199,APPROVED,
voltdb,896,0,2026-08-28T17:30:01.120778+00:00,2026-08-28T17:30:01.129185+00:00,8.391098002903163,APPROVED,
postgres,897,0,2026-08-28T17:30:01.129510+00:00,2026-08-28T17:30:01.136216+00:00,6.6804050002247095,APPROVED,
voltdb,897,0,2026-08-28T17:30:01.136354+00:00,2026-08-28T17:30:01.146905+00:00,10.4791479971027,APPROVED,
postgres,898,1,2026-08-28T17:30:01.147158+00:00,2026-08-28T17:30:01.158264+00:00,11.034261988243088,BLOCKED,
voltdb,898,1,2026-08-28T17:30:01.158424+00:00,2026-08-28T17:30:01.173568+00:00,15.133242995943874,BLOCKED,
postgres,899,0,2026-08-28T17:30:01.173666+00:00,2026-08-28T17:30:01.178467+00:00,4.790232007508166,APPROVED,
voltdb,899,0,2026-08-28T17:30:01.178547+00:00,2026-08-28T17:30:01.188111+00:00,9.554358999594115,APPROVED,
postgres,900,0,2026-08-28T17:30:01.188217+00:00,2026-08-28T17:30:01.195670+00:00,7.435987994540483,APPROVED,
voltdb,900,0,2026-08-28T17:30:01.195759+00:00,2026-08-28T17:30:01.208383+00:00,12.603064009454101,APPROVED,
postgres,901,0,2026-08-28T17:30:01.208593+00:00,2026-08-28T17:30:01.214443+00:00,5.82446699263528,APPROVED,
voltdb,901,0,2026-08-28T17:30:01.216967+00:00,2026-08-28T17:30:01.226104+00:00,9.10482500330545,APPROVED,
postgres,902,0,2026-08-28T17:30:01.226207+00:00,2026-08-28T17:30:01.232641+00:00,6.420733989216387,APPROVED,
voltdb,902,0,2026-08-28T17:30:01.232758+00:00,2026-08-28T17:30:01.241806+00:00,9.033947993884794,APPROVED,
postgres,903,0,2026-08-28T17:30:01.241961+00:00,2026-08-28T17:30:01.246001+00:00,4.028044000733644,APPROVED,
voltdb,903,0,2026-08-28T17:30:01.246082+00:00,2026-08-28T17:30:01.254767+00:00,8.674955999595113,APPROVED,
postgres,904,0,2026-08-28T17:30:01.254940+00:00,2026-08-28T17:30:01.261541+00:00,6.589094002265483,REVIEW,
voltdb,904,0,2026-08-28T17:30:01.261615+00:00,2026-08-28T17:30:01.275985+00:00,14.36119900608901,REVIEW,
postgres,905,0,2026-08-28T17:30:01.276148+00:00,2026-08-28T17:30:01.281685+00:00,5.52331299695652,APPROVED,
voltdb,905,0,2026-08-28T17:30:01.281789+00:00,2026-08-28T17:30:01.289922+00:00,8.123879000777379,APPROVED,
postgres,906,0,2026-08-28T17:30:01.290069+00:00,2026-08-28T17:30:01.294851+00:00,4.765099001815543,APPROVED,
voltdb,906,0,2026-08-28T17:30:01.294931+00:00,2026-08-28T17:30:01.302529+00:00,7.5884230027440935,APPROVED,
postgres,909,0,2026-08-28T17:30:01.302641+00:00,2026-08-28T17:30:01.310040+00:00,7.385677003185265,APPROVED,
voltdb,909,0,2026-08-28T17:30:01.310123+00:00,2026-08-28T17:30:01.317489+00:00,7.353360007982701,APPROVED,
postgres,910,0,2026-08-28T17:30:01.317666+00:00,2026-08-28T17:30:01.325738+00:00,8.052175006014295,APPROVED,
voltdb,910,0,2026-08-28T17:30:01.325827+00:00,2026-08-28T17:30:01.332993+00:00,7.155551997129805,APPROVED,
postgres,911,0,2026-08-28T17:30:01.333167+00:00,2026-08-28T17:30:01.341978+00:00,8.780016010859981,APPROVED,
voltdb,911,0,2026-08-28T17:30:01.342204+00:00,2026-08-28T17:30:01.353462+00:00,11.242816006415524,APPROVED,
postgres,913,0,2026-08-28T17:30:01.353623+00:00,2026-08-28T17:30:01.359670+00:00,6.024386995704845,APPROVED,
voltdb,913,0,2026-08-28T17:30:01.359803+00:00,2026-08-28T17:30:01.370770+00:00,10.925317008513957,APPROVED,
postgres,914,0,2026-08-28T17:30:01.371025+00:00,2026-08-28T17:30:01.377660+00:00,6.615291000343859,APPROVED,
voltdb,914,0,2026-08-28T17:30:01.377806+00:00,2026-08-28T17:30:01.387568+00:00,9.74935299018398,APPROVED,
postgres,915,0,2026-08-28T17:30:01.387719+00:00,2026-08-28T17:30:01.394712+00:00,6.971807990339585,APPROVED,
voltdb,915,0,2026-08-28T17:30:01.394828+00:00,2026-08-28T17:30:01.404725+00:00,9.886495987302624,APPROVED,
postgres,916,0,2026-08-28T17:30:01.404872+00:00,2026-08-28T17:30:01.411792+00:00,6.903771994984709,APPROVED,
voltdb,916,0,2026-08-28T17:30:01.411914+00:00,2026-08-28T17:30:01.418841+00:00,6.908789000590332,APPROVED,
postgres,918,0,2026-08-28T17:30:01.419018+00:00,2026-08-28T17:30:01.427603+00:00,8.565199008444324,APPROVED,
voltdb,918,0,2026-08-28T17:30:01.427721+00:00,2026-08-28T17:30:01.435025+00:00,7.290396999451332,APPROVED,
postgres,921,0,2026-08-28T17:30:01.435200+00:00,2026-08-28T17:30:01.443981+00:00,8.762833007494919,APPROVED,
voltdb,921,0,2026-08-28T17:30:01.444069+00:00,2026-08-28T17:30:01.451255+00:00,7.176975996117108,APPROVED,
postgres,922,0,2026-08-28T17:30:01.451445+00:00,2026-08-28T17:30:01.459674+00:00,8.210194995626807,APPROVED,
voltdb,922,0,2026-08-28T17:30:01.459795+00:00,2026-08-28T17:30:01.467083+00:00,7.272824004758149,APPROVED,
postgres,924,0,2026-08-28T17:30:01.467374+00:00,2026-08-28T17:30:01.473372+00:00,5.979930007015355,APPROVED,
voltdb,924,0,2026-08-28T17:30:01.473463+00:00,2026-08-28T17:30:01.479926+00:00,6.452316010836512,APPROVED,
postgres,925,0,2026-08-28T17:30:01.480112+00:00,2026-08-28T17:30:01.487397+00:00,7.2726109938230366,APPROVED,
voltdb,925,0,2026-08-28T17:30:01.487484+00:00,2026-08-28T17:30:01.494767+00:00,7.273497991263866,APPROVED,
postgres,926,0,2026-08-28T17:30:01.494906+00:00,2026-08-28T17:30:01.502474+00:00,7.5429429998621345,APPROVED,
voltdb,926,0,2026-08-28T17:30:01.502562+00:00,2026-08-28T17:30:01.509980+00:00,7.406598000670783,APPROVED,
postgres,928,0,2026-08-28T17:30:01.510496+00:00,2026-08-28T17:30:01.520075+00:00,9.540358005324379,APPROVED,
voltdb,928,0,2026-08-28T17:30:01.520164+00:00,2026-08-28T17:30:01.527632+00:00,7.457967003574595,APPROVED,
postgres,929,0,2026-08-28T17:30:01.527754+00:00,2026-08-28T17:30:01.533049+00:00,5.282318001263775,APPROVED,
voltdb,929,0,2026-08-28T17:30:01.533134+00:00,2026-08-28T17:30:01.539486+00:00,6.340570995234884,APPROVED,
postgres,931,0,2026-08-28T17:30:01.539684+00:00,2026-08-28T17:30:01.544016+00:00,4.30402799975127,APPROVED,
voltdb,931,0,2026-08-28T17:30:01.544103+00:00,2026-08-28T17:30:01.550714+00:00,6.5992510062642395,APPROVED,
postgres,932,0,2026-08-28T17:30:01.550888+00:00,2026-08-28T17:30:01.557513+00:00,6.608215990127064,APPROVED,
voltdb,932,0,2026-08-28T17:30:01.557655+00:00,2026-08-28T17:30:01.563686+00:00,6.016532002831809,APPROVED,
postgres,933,0,2026-08-28T17:30:01.563842+00:00,2026-08-28T17:30:01.569211+00:00,5.355198998586275,REVIEW,
voltdb,933,0,2026-08-28T17:30:01.569420+00:00,2026-08-28T17:30:01.581258+00:00,11.825923007563688,REVIEW,
postgres,938,0,2026-08-28T17:30:01.581692+00:00,2026-08-28T17:30:01.587340+00:00,5.622896991553716,APPROVED,
voltdb,938,0,2026-08-28T17:30:01.587392+00:00,2026-08-28T17:30:01.592097+00:00,4.697569995187223,APPROVED,
postgres,940,0,2026-08-28T17:30:01.592385+00:00,2026-08-28T17:30:01.596728+00:00,4.281893008737825,APPROVED,
voltdb,940,0,2026-08-28T17:30:01.596924+00:00,2026-08-28T17:30:01.604365+00:00,7.423175004078075,APPROVED,
postgres,941,0,2026-08-28T17:30:01.604470+00:00,2026-08-28T17:30:01.607950+00:00,3.467903006821871,APPROVED,
voltdb,941,0,2026-08-28T17:30:01.608036+00:00,2026-08-28T17:30:01.613477+00:00,5.4305869998643175,APPROVED,
postgres,942,0,2026-08-28T17:30:01.613656+00:00,2026-08-28T17:30:01.622522+00:00,8.847584002069198,APPROVED,
voltdb,942,0,2026-08-28T17:30:01.622698+00:00,2026-08-28T17:30:01.627717+00:00,5.000385994208045,APPROVED,
postgres,943,0,2026-08-28T17:30:01.628057+00:00,2026-08-28T17:30:01.634146+00:00,6.061234002117999,APPROVED,
voltdb,943,0,2026-08-28T17:30:01.634298+00:00,2026-08-28T17:30:01.640006+00:00,5.692192004062235,APPROVED,
postgres,944,0,2026-08-28T17:30:01.640125+00:00,2026-08-28T17:30:01.644510+00:00,4.373072006274015,APPROVED,
voltdb,944,0,2026-08-28T17:30:01.644622+00:00,2026-08-28T17:30:01.650624+00:00,5.990613004541956,APPROVED,
postgres,945,0,2026-08-28T17:30:01.650914+00:00,2026-08-28T17:30:01.657540+00:00,6.60575699293986,APPROVED,
voltdb,945,0,2026-08-28T17:30:01.657702+00:00,2026-08-28T17:30:01.663242+00:00,5.504562999703921,APPROVED,
postgres,946,0,2026-08-28T17:30:01.663361+00:00,2026-08-28T17:30:01.670722+00:00,7.3452469951007515,APPROVED,
voltdb,946,0,2026-08-28T17:30:01.670808+00:00,2026-08-28T17:30:01.676845+00:00,6.027740004356019,APPROVED,
postgres,947,0,2026-08-28T17:30:01.676982+00:00,2026-08-28T17:30:01.681605+00:00,4.610996009432711,APPROVED,
voltdb,947,0,2026-08-28T17:30:01.681691+00:00,2026-08-28T17:30:01.688938+00:00,7.237755999085493,APPROVED,
postgres,949,0,2026-08-28T17:30:01.689060+00:00,2026-08-28T17:30:01.694808+00:00,5.73591300053522,APPROVED,
voltdb,949,0,2026-08-28T17:30:01.694912+00:00,2026-08-28T17:30:01.701696+00:00,6.7743609979515895,APPROVED,
postgres,950,0,2026-08-28T17:30:01.701864+00:00,2026-08-28T17:30:01.706419+00:00,4.532998995273374,APPROVED,
voltdb,950,0,2026-08-28T17:30:01.706571+00:00,2026-08-28T17:30:01.712117+00:00,5.526830005692318,APPROVED,
postgres,951,0,2026-08-28T17:30:01.712218+00:00,2026-08-28T17:30:01.718562+00:00,6.326852002530359,APPROVED,
voltdb,951,0,2026-08-28T17:30:01.718760+00:00,2026-08-28T17:30:01.727455+00:00,8.669806004036218,APPROVED,
postgres,952,0,2026-08-28T17:30:01.727580+00:00,2026-08-28T17:30:01.732576+00:00,4.977596996468492,APPROVED,
voltdb,952,0,2026-08-28T17:30:01.732726+00:00,2026-08-28T17:30:01.740585+00:00,7.847540007787757,APPROVED,
postgres,954,0,2026-08-28T17:30:01.740741+00:00,2026-08-28T17:30:01.745286+00:00,4.533081999397837,APPROVED,
voltdb,954,0,2026-08-28T17:30:01.745378+00:00,2026-08-28T17:30:01.751620+00:00,6.230671002413146,APPROVED,
postgres,955,0,2026-08-28T17:30:01.751768+00:00,2026-08-28T17:30:01.759072+00:00,7.288742999662645,APPROVED,
voltdb,955,0,2026-08-28T17:30:01.759159+00:00,2026-08-28T17:30:01.765061+00:00,5.891456996323541,APPROVED,
postgres,956,0,2026-08-28T17:30:01.765224+00:00,2026-08-28T17:30:01.771177+00:00,5.931068997597322,APPROVED,
voltdb,956,0,2026-08-28T17:30:01.771407+00:00,2026-08-28T17:30:01.788650+00:00,17.226721000042744,APPROVED,
postgres,957,0,2026-08-28T17:30:01.788895+00:00,2026-08-28T17:30:01.794187+00:00,5.268960012472235,REVIEW,
voltdb,957,0,2026-08-28T17:30:01.794302+00:00,2026-08-28T17:30:01.807206+00:00,12.846550001995638,REVIEW,
postgres,958,0,2026-08-28T17:30:01.807641+00:00,2026-08-28T17:30:01.812945+00:00,5.220179999014363,APPROVED,
voltdb,958,0,2026-08-28T17:30:01.813039+00:00,2026-08-28T17:30:01.821044+00:00,7.9906829923857,APPROVED,
postgres,959,0,2026-08-28T17:30:01.821232+00:00,2026-08-28T17:30:01.827608+00:00,6.360533006954938,APPROVED,
voltdb,959,0,2026-08-28T17:30:01.827685+00:00,2026-08-28T17:30:01.834575+00:00,6.88058600644581,APPROVED,
postgres,960,0,2026-08-28T17:30:01.834742+00:00,2026-08-28T17:30:01.839784+00:00,5.009930013329722,APPROVED,
voltdb,960,0,2026-08-28T17:30:01.839926+00:00,2026-08-28T17:30:01.845680+00:00,5.7347410038346425,APPROVED,
postgres,961,0,2026-08-28T17:30:01.845863+00:00,2026-08-28T17:30:01.853168+00:00,7.283678991370834,REVIEW,
voltdb,961,0,2026-08-28T17:30:01.853369+00:00,2026-08-28T17:30:01.902862+00:00,49.482247995911166,REVIEW,
postgres,964,0,2026-08-28T17:30:01.902978+00:00,2026-08-28T17:30:01.908265+00:00,5.27503399644047,APPROVED,
voltdb,964,0,2026-08-28T17:30:01.908499+00:00,2026-08-28T17:30:01.917889+00:00,9.369985011289828,APPROVED,
postgres,965,0,2026-08-28T17:30:01.918077+00:00,2026-08-28T17:30:01.937149+00:00,19.057872996199876,APPROVED,
voltdb,965,0,2026-08-28T17:30:01.937349+00:00,2026-08-28T17:30:01.944926+00:00,7.566340995253995,APPROVED,
postgres,966,0,2026-08-28T17:30:01.945039+00:00,2026-08-28T17:30:01.951615+00:00,6.562380993273109,APPROVED,
voltdb,966,0,2026-08-28T17:30:01.951707+00:00,2026-08-28T17:30:01.960217+00:00,8.500661002472043,APPROVED,
postgres,969,1,2026-08-28T17:30:01.960516+00:00,2026-08-28T17:30:01.970493+00:00,9.952691005310044,BLOCKED,
voltdb,969,1,2026-08-28T17:30:01.970637+00:00,2026-08-28T17:30:01.989685+00:00,19.02527800120879,BLOCKED,
postgres,970,0,2026-08-28T17:30:01.989855+00:00,2026-08-28T17:30:01.996322+00:00,6.414057002984919,APPROVED,
voltdb,970,0,2026-08-28T17:30:01.996458+00:00,2026-08-28T17:30:02.004932+00:00,8.464162005111575,APPROVED,
postgres,971,0,2026-08-28T17:30:02.005103+00:00,2026-08-28T17:30:02.011633+00:00,6.510498002171516,APPROVED,
voltdb,971,0,2026-08-28T17:30:02.011820+00:00,2026-08-28T17:30:02.018615+00:00,6.77498200093396,APPROVED,
postgres,972,0,2026-08-28T17:30:02.018914+00:00,2026-08-28T17:30:02.028441+00:00,9.506373011390679,APPROVED,
voltdb,972,0,2026-08-28T17:30:02.028537+00:00,2026-08-28T17:30:02.034495+00:00,5.945747994701378,APPROVED,
postgres,973,0,2026-08-28T17:30:02.034627+00:00,2026-08-28T17:30:02.042569+00:00,7.919794996269047,APPROVED,
voltdb,973,0,2026-08-28T17:30:02.042678+00:00,2026-08-28T17:30:02.048983+00:00,6.295842002145946,APPROVED,
postgres,975,0,2026-08-28T17:30:02.049102+00:00,2026-08-28T17:30:02.054541+00:00,5.426489005913027,APPROVED,
voltdb,975,0,2026-08-28T17:30:02.054628+00:00,2026-08-28T17:30:02.062215+00:00,7.577304990263656,APPROVED,
postgres,976,0,2026-08-28T17:30:02.062526+00:00,2026-08-28T17:30:02.070007+00:00,7.458965003024787,APPROVED,
voltdb,976,0,2026-08-28T17:30:02.070094+00:00,2026-08-28T17:30:02.077878+00:00,7.77493100031279,APPROVED,
postgres,977,0,2026-08-28T17:30:02.078053+00:00,2026-08-28T17:30:02.084839+00:00,6.765452999388799,APPROVED,
voltdb,977,0,2026-08-28T17:30:02.084950+00:00,2026-08-28T17:30:02.092909+00:00,7.947781996335834,APPROVED,
postgres,979,0,2026-08-28T17:30:02.093239+00:00,2026-08-28T17:30:02.100087+00:00,6.788263999624178,APPROVED,
voltdb,979,0,2026-08-28T17:30:02.100185+00:00,2026-08-28T17:30:02.107747+00:00,7.529360009357333,APPROVED,
postgres,980,1,2026-08-28T17:30:02.108110+00:00,2026-08-28T17:30:02.112908+00:00,4.774971006554551,BLOCKED,
voltdb,980,1,2026-08-28T17:30:02.112996+00:00,2026-08-28T17:30:02.127359+00:00,14.35309401131235,BLOCKED,
postgres,981,0,2026-08-28T17:30:02.127465+00:00,2026-08-28T17:30:02.132607+00:00,5.128163000335917,APPROVED,
voltdb,981,0,2026-08-28T17:30:02.132749+00:00,2026-08-28T17:30:02.140218+00:00,7.4578439962351695,APPROVED,
postgres,983,0,2026-08-28T17:30:02.140535+00:00,2026-08-28T17:30:02.144963+00:00,4.394366013002582,APPROVED,
voltdb,983,0,2026-08-28T17:30:02.145047+00:00,2026-08-28T17:30:02.150917+00:00,5.860382007085718,APPROVED,
postgres,984,0,2026-08-28T17:30:02.151030+00:00,2026-08-28T17:30:02.159286+00:00,8.243640986620449,APPROVED,
voltdb,984,0,2026-08-28T17:30:02.159386+00:00,2026-08-28T17:30:02.165772+00:00,6.374685995979235,APPROVED,
postgres,985,0,2026-08-28T17:30:02.165958+00:00,2026-08-28T17:30:02.172488+00:00,6.510475999675691,APPROVED,
voltdb,985,0,2026-08-28T17:30:02.172612+00:00,2026-08-28T17:30:02.179847+00:00,7.21763500769157,APPROVED,
postgres,986,0,2026-08-28T17:30:02.180029+00:00,2026-08-28T17:30:02.186934+00:00,6.887180003104731,APPROVED,
voltdb,986,0,2026-08-28T17:30:02.187042+00:00,2026-08-28T17:30:02.194190+00:00,7.132603001082316,APPROVED,
postgres,987,0,2026-08-28T17:30:02.194364+00:00,2026-08-28T17:30:02.202911+00:00,8.531820989446715,APPROVED,
voltdb,987,0,2026-08-28T17:30:02.203123+00:00,2026-08-28T17:30:02.212245+00:00,9.102641008212231,APPROVED,
postgres,989,0,2026-08-28T17:30:02.212404+00:00,2026-08-28T17:30:02.222946+00:00,10.522165001020767,APPROVED,
voltdb,989,0,2026-08-28T17:30:02.223111+00:00,2026-08-28T17:30:02.230419+00:00,7.280678008100949,APPROVED,
postgres,990,0,2026-08-28T17:30:02.230543+00:00,2026-08-28T17:30:02.237867+00:00,7.31212500249967,APPROVED,
voltdb,990,0,2026-08-28T17:30:02.237951+00:00,2026-08-28T17:30:02.245902+00:00,7.9408279998460785,APPROVED,
postgres,991,0,2026-08-28T17:30:02.246063+00:00,2026-08-28T17:30:02.252617+00:00,6.537606997881085,APPROVED,
voltdb,991,0,2026-08-28T17:30:02.252728+00:00,2026-08-28T17:30:02.259480+00:00,6.734459995641373,APPROVED,
postgres,992,1,2026-08-28T17:30:02.259763+00:00,2026-08-28T17:30:02.266636+00:00,6.851693004136905,BLOCKED,
voltdb,992,1,2026-08-28T17:30:02.266735+00:00,2026-08-28T17:30:02.281048+00:00,14.3019780080067,BLOCKED,
postgres,993,0,2026-08-28T17:30:02.281283+00:00,2026-08-28T17:30:02.287879+00:00,6.547771001351066,APPROVED,
voltdb,993,0,2026-08-28T17:30:02.288202+00:00,2026-08-28T17:30:02.295054+00:00,6.833402992924675,APPROVED,
postgres,995,0,2026-08-28T17:30:02.295160+00:00,2026-08-28T17:30:02.301577+00:00,6.402782004442997,APPROVED,
voltdb,995,0,2026-08-28T17:30:02.301666+00:00,2026-08-28T17:30:02.309593+00:00,7.917491995613091,APPROVED,
postgres,996,0,2026-08-28T17:30:02.309707+00:00,2026-08-28T17:30:02.315069+00:00,5.350314997485839,APPROVED,
voltdb,996,0,2026-08-28T17:30:02.315172+00:00,2026-08-28T17:30:02.322076+00:00,6.888609001180157,APPROVED,
postgres,997,0,2026-08-28T17:30:02.322238+00:00,2026-08-28T17:30:02.327740+00:00,5.489962990395725,APPROVED,
voltdb,997,0,2026-08-28T17:30:02.327851+00:00,2026-08-28T17:30:02.335322+00:00,7.4568589916452765,APPROVED,
postgres,999,0,2026-08-28T17:30:02.335492+00:00,2026-08-28T17:30:02.341962+00:00,6.451283989008516,APPROVED,
voltdb,999,0,2026-08-28T17:30:02.342138+00:00,2026-08-28T17:30:02.348760+00:00,6.607440998777747,APPROVED,
postgres,1001,0,2026-08-28T17:30:02.348920+00:00,2026-08-28T17:30:02.354412+00:00,5.4793470044387504,APPROVED,
voltdb,1001,0,2026-08-28T17:30:02.354520+00:00,2026-08-28T17:30:02.362902+00:00,8.3710860053543,APPROVED,
postgres,1003,0,2026-08-28T17:30:02.363046+00:00,2026-08-28T17:30:02.369948+00:00,6.886796996695921,APPROVED,
voltdb,1003,0,2026-08-28T17:30:02.370038+00:00,2026-08-28T17:30:02.377659+00:00,7.61199499538634,APPROVED,
postgres,1004,0,2026-08-28T17:30:02.377798+00:00,2026-08-28T17:30:02.384200+00:00,6.388524008798413,APPROVED,
voltdb,1004,0,2026-08-28T17:30:02.384511+00:00,2026-08-28T17:30:02.390928+00:00,6.39808300184086,APPROVED,
postgres,1007,0,2026-08-28T17:30:02.391169+00:00,2026-08-28T17:30:02.396364+00:00,5.176261009182781,APPROVED,
voltdb,1007,0,2026-08-28T17:30:02.396533+00:00,2026-08-28T17:30:02.403674+00:00,7.113703002687544,APPROVED,
postgres,1008,0,2026-08-28T17:30:02.403843+00:00,2026-08-28T17:30:02.410617+00:00,6.755781010724604,APPROVED,
voltdb,1008,0,2026-08-28T17:30:02.410875+00:00,2026-08-28T17:30:02.417981+00:00,7.073194006807171,APPROVED,
postgres,1011,0,2026-08-28T17:30:02.418219+00:00,2026-08-28T17:30:02.424785+00:00,6.537519991979934,APPROVED,
voltdb,1011,0,2026-08-28T17:30:02.425032+00:00,2026-08-28T17:30:02.433689+00:00,8.58187599806115,APPROVED,
postgres,1012,0,2026-08-28T17:30:02.433895+00:00,2026-08-28T17:30:02.441932+00:00,8.008714008610696,APPROVED,
voltdb,1012,0,2026-08-28T17:30:02.442076+00:00,2026-08-28T17:30:02.449297+00:00,7.196468010079116,APPROVED,
postgres,1013,0,2026-08-28T17:30:02.449512+00:00,2026-08-28T17:30:02.453968+00:00,4.443087993422523,APPROVED,
voltdb,1013,0,2026-08-28T17:30:02.454050+00:00,2026-08-28T17:30:02.463360+00:00,9.293312003137544,APPROVED,
postgres,1017,0,2026-08-28T17:30:02.463500+00:00,2026-08-28T17:30:02.468339+00:00,4.825785988941789,APPROVED,
voltdb,1017,0,2026-08-28T17:30:02.468426+00:00,2026-08-28T17:30:02.475615+00:00,7.178995991125703,APPROVED,
postgres,1019,0,2026-08-28T17:30:02.475848+00:00,2026-08-28T17:30:02.480402+00:00,4.539412999292836,APPROVED,
voltdb,1019,0,2026-08-28T17:30:02.480476+00:00,2026-08-28T17:30:02.486827+00:00,6.341020009131171,APPROVED,
postgres,1021,0,2026-08-28T17:30:02.487023+00:00,2026-08-28T17:30:02.492656+00:00,5.613304005237296,REVIEW,
voltdb,1021,0,2026-08-28T17:30:02.492775+00:00,2026-08-28T17:30:02.506947+00:00,14.158281002892181,REVIEW,
postgres,1022,0,2026-08-28T17:30:02.508669+00:00,2026-08-28T17:30:02.515678+00:00,6.745787002728321,APPROVED,
voltdb,1022,0,2026-08-28T17:30:02.515765+00:00,2026-08-28T17:30:02.525836+00:00,10.060048996820115,APPROVED,
postgres,1023,0,2026-08-28T17:30:02.526142+00:00,2026-08-28T17:30:02.535486+00:00,9.320073004346341,APPROVED,
voltdb,1023,0,2026-08-28T17:30:02.535603+00:00,2026-08-28T17:30:02.541809+00:00,6.1965610075276345,APPROVED,
postgres,1025,0,2026-08-28T17:30:02.542061+00:00,2026-08-28T17:30:02.547577+00:00,5.48161099140998,APPROVED,
voltdb,1025,0,2026-08-28T17:30:02.547698+00:00,2026-08-28T17:30:02.555530+00:00,7.81974098936189,APPROVED,
postgres,1027,0,2026-08-28T17:30:02.555644+00:00,2026-08-28T17:30:02.564462+00:00,8.805303994449787,REVIEW,
voltdb,1027,0,2026-08-28T17:30:02.564569+00:00,2026-08-28T17:30:02.578049+00:00,13.38762100203894,REVIEW,
postgres,1028,0,2026-08-28T17:30:02.578180+00:00,2026-08-28T17:30:02.583304+00:00,5.110710990265943,APPROVED,
voltdb,1028,0,2026-08-28T17:30:02.583394+00:00,2026-08-28T17:30:02.590853+00:00,7.447752999723889,APPROVED,
postgres,1031,0,2026-08-28T17:30:02.591097+00:00,2026-08-28T17:30:02.596292+00:00,5.1283600041642785,APPROVED,
voltdb,1031,0,2026-08-28T17:30:02.596378+00:00,2026-08-28T17:30:02.602275+00:00,5.888076004339382,APPROVED,
postgres,1032,0,2026-08-28T17:30:02.602464+00:00,2026-08-28T17:30:02.611675+00:00,9.197428007610142,APPROVED,
voltdb,1032,0,2026-08-28T17:30:02.611787+00:00,2026-08-28T17:30:02.617591+00:00,5.765781999798492,APPROVED,
postgres,1033,0,2026-08-28T17:30:02.617739+00:00,2026-08-28T17:30:02.624768+00:00,7.0120759919518605,APPROVED,
voltdb,1033,0,2026-08-28T17:30:02.624869+00:00,2026-08-28T17:30:02.633698+00:00,8.818741000141017,APPROVED,
postgres,1034,0,2026-08-28T17:30:02.633809+00:00,2026-08-28T17:30:02.639010+00:00,5.177076003747061,APPROVED,
voltdb,1034,0,2026-08-28T17:30:02.639463+00:00,2026-08-28T17:30:02.650010+00:00,10.527374004595913,APPROVED,
postgres,1035,0,2026-08-28T17:30:02.650152+00:00,2026-08-28T17:30:02.654812+00:00,4.644118002033792,APPROVED,
voltdb,1035,0,2026-08-28T17:30:02.654957+00:00,2026-08-28T17:30:02.662135+00:00,7.160057997680269,APPROVED,
postgres,1036,0,2026-08-28T17:30:02.662344+00:00,2026-08-28T17:30:02.670462+00:00,8.097794008790515,REVIEW,
voltdb,1036,0,2026-08-28T17:30:02.670573+00:00,2026-08-28T17:30:02.685037+00:00,14.455105003435165,REVIEW,
postgres,1038,0,2026-08-28T17:30:02.685144+00:00,2026-08-28T17:30:02.690173+00:00,5.000149001716636,APPROVED,
voltdb,1038,0,2026-08-28T17:30:02.690337+00:00,2026-08-28T17:30:02.697316+00:00,6.965084990952164,APPROVED,
postgres,1040,0,2026-08-28T17:30:02.697516+00:00,2026-08-28T17:30:02.704279+00:00,6.7452530056471005,APPROVED,
voltdb,1040,0,2026-08-28T17:30:02.704360+00:00,2026-08-28T17:30:02.711675+00:00,7.304597005713731,APPROVED,
postgres,1043,0,2026-08-28T17:30:02.711791+00:00,2026-08-28T17:30:02.718549+00:00,6.742473997292109,REVIEW,
voltdb,1043,0,2026-08-28T17:30:02.718636+00:00,2026-08-28T17:30:02.732399+00:00,13.72316300694365,REVIEW,
postgres,1044,0,2026-08-28T17:30:02.732616+00:00,2026-08-28T17:30:02.739390+00:00,6.750262997229584,APPROVED,
voltdb,1044,0,2026-08-28T17:30:02.739513+00:00,2026-08-28T17:30:02.745449+00:00,5.911924003157765,APPROVED,
postgres,1047,0,2026-08-28T17:30:02.745570+00:00,2026-08-28T17:30:02.750961+00:00,5.3768170037074015,APPROVED,
voltdb,1047,0,2026-08-28T17:30:02.751050+00:00,2026-08-28T17:30:02.757819+00:00,6.7590779945021495,APPROVED,
postgres,1048,0,2026-08-28T17:30:02.757946+00:00,2026-08-28T17:30:02.761961+00:00,4.003037000074983,APPROVED,
voltdb,1048,0,2026-08-28T17:30:02.762100+00:00,2026-08-28T17:30:02.768013+00:00,5.903589990339242,APPROVED,
postgres,1050,0,2026-08-28T17:30:02.768124+00:00,2026-08-28T17:30:02.774440+00:00,6.302258989308029,APPROVED,
voltdb,1050,0,2026-08-28T17:30:02.774546+00:00,2026-08-28T17:30:02.781909+00:00,7.352934990194626,APPROVED,
postgres,1051,0,2026-08-28T17:30:02.782105+00:00,2026-08-28T17:30:02.787100+00:00,4.890030992100947,APPROVED,
voltdb,1051,0,2026-08-28T17:30:02.787275+00:00,2026-08-28T17:30:02.793317+00:00,6.026618997566402,APPROVED,
postgres,1052,0,2026-08-28T17:30:02.793508+00:00,2026-08-28T17:30:02.799809+00:00,6.248777004657313,APPROVED,
voltdb,1052,0,2026-08-28T17:30:02.799922+00:00,2026-08-28T17:30:02.805656+00:00,5.719824999687262,APPROVED,
postgres,1053,0,2026-08-28T17:30:02.805937+00:00,2026-08-28T17:30:02.812824+00:00,6.81893399450928,REVIEW,
voltdb,1053,0,2026-08-28T17:30:02.812912+00:00,2026-08-28T17:30:02.826017+00:00,13.094759997329675,REVIEW,
postgres,1054,0,2026-08-28T17:30:02.826123+00:00,2026-08-28T17:30:02.830472+00:00,4.335153003921732,APPROVED,
voltdb,1054,0,2026-08-28T17:30:02.830618+00:00,2026-08-28T17:30:02.838010+00:00,7.378370995866135,APPROVED,
postgres,1055,0,2026-08-28T17:30:02.838120+00:00,2026-08-28T17:30:02.843060+00:00,4.927911999402568,APPROVED,
voltdb,1055,0,2026-08-28T17:30:02.843134+00:00,2026-08-28T17:30:02.848520+00:00,5.375171997002326,APPROVED,
postgres,1056,0,2026-08-28T17:30:02.849393+00:00,2026-08-28T17:30:02.854815+00:00,5.3627169982064515,APPROVED,
voltdb,1056,0,2026-08-28T17:30:02.854906+00:00,2026-08-28T17:30:02.860933+00:00,6.01733400253579,APPROVED,
postgres,1057,0,2026-08-28T17:30:02.861037+00:00,2026-08-28T17:30:02.866325+00:00,5.274949988233857,APPROVED,
voltdb,1057,0,2026-08-28T17:30:02.866417+00:00,2026-08-28T17:30:02.873698+00:00,7.27156299399212,APPROVED,
postgres,1061,0,2026-08-28T17:30:02.873802+00:00,2026-08-28T17:30:02.878665+00:00,4.849165998166427,REVIEW,
voltdb,1061,0,2026-08-28T17:30:02.878854+00:00,2026-08-28T17:30:02.891788+00:00,12.917388012283482,REVIEW,
postgres,1062,0,2026-08-28T17:30:02.891907+00:00,2026-08-28T17:30:02.896141+00:00,4.215934008243494,APPROVED,
voltdb,1062,0,2026-08-28T17:30:02.896235+00:00,2026-08-28T17:30:02.903123+00:00,6.876613988424651,APPROVED,
postgres,1065,0,2026-08-28T17:30:02.903440+00:00,2026-08-28T17:30:02.910469+00:00,7.0096900017233565,REVIEW,
voltdb,1065,0,2026-08-28T17:30:02.910549+00:00,2026-08-28T17:30:02.923106+00:00,12.54780100134667,REVIEW,
postgres,1066,0,2026-08-28T17:30:02.923239+00:00,2026-08-28T17:30:02.927472+00:00,4.222273986670189,APPROVED,
voltdb,1066,0,2026-08-28T17:30:02.927574+00:00,2026-08-28T17:30:02.934057+00:00,6.47030099935364,APPROVED,
postgres,1068,0,2026-08-28T17:30:02.934282+00:00,2026-08-28T17:30:02.939424+00:00,5.043023993493989,APPROVED,
voltdb,1068,0,2026-08-28T17:30:02.939565+00:00,2026-08-28T17:30:02.944445+00:00,4.854218001128174,APPROVED,
postgres,1069,0,2026-08-28T17:30:02.944562+00:00,2026-08-28T17:30:02.951729+00:00,7.151999001507647,APPROVED,
voltdb,1069,0,2026-08-28T17:30:02.951821+00:00,2026-08-28T17:30:02.957744+00:00,5.913468994549476,APPROVED,
postgres,1070,0,2026-08-28T17:30:02.957877+00:00,2026-08-28T17:30:02.962144+00:00,4.253626000718214,APPROVED,
voltdb,1070,0,2026-08-28T17:30:02.962425+00:00,2026-08-28T17:30:02.970264+00:00,7.82292899384629,APPROVED,
postgres,1072,0,2026-08-28T17:30:02.970484+00:00,2026-08-28T17:30:02.976879+00:00,6.377569996402599,APPROVED,
voltdb,1072,0,2026-08-28T17:30:02.976961+00:00,2026-08-28T17:30:02.984596+00:00,7.625768004800193,APPROVED,
postgres,1073,0,2026-08-28T17:30:02.984705+00:00,2026-08-28T17:30:02.989085+00:00,4.36732399975881,APPROVED,
voltdb,1073,0,2026-08-28T17:30:02.989287+00:00,2026-08-28T17:30:02.994669+00:00,5.169326992472634,APPROVED,
postgres,1074,0,2026-08-28T17:30:02.994817+00:00,2026-08-28T17:30:03.001169+00:00,6.334150006296113,APPROVED,
voltdb,1074,0,2026-08-28T17:30:03.001260+00:00,2026-08-28T17:30:03.007488+00:00,6.217797999852337,APPROVED,
postgres,1075,0,2026-08-28T17:30:03.007662+00:00,2026-08-28T17:30:03.010783+00:00,3.1103499932214618,APPROVED,
voltdb,1075,0,2026-08-28T17:30:03.010863+00:00,2026-08-28T17:30:03.016587+00:00,5.714275990612805,APPROVED,
postgres,1077,0,2026-08-28T17:30:03.016772+00:00,2026-08-28T17:30:03.023878+00:00,7.08682399999816,REVIEW,
voltdb,1077,0,2026-08-28T17:30:03.023959+00:00,2026-08-28T17:30:03.033311+00:00,9.342958001070656,REVIEW,
postgres,1078,0,2026-08-28T17:30:03.033666+00:00,2026-08-28T17:30:03.038277+00:00,4.589534000842832,APPROVED,
voltdb,1078,0,2026-08-28T17:30:03.038387+00:00,2026-08-28T17:30:03.045116+00:00,6.719897995935753,APPROVED,
postgres,1081,0,2026-08-28T17:30:03.045249+00:00,2026-08-28T17:30:03.050749+00:00,5.487123999046162,REVIEW,
voltdb,1081,0,2026-08-28T17:30:03.050841+00:00,2026-08-28T17:30:03.062966+00:00,12.115606994484551,REVIEW,
postgres,1083,0,2026-08-28T17:30:03.063093+00:00,2026-08-28T17:30:03.067784+00:00,4.65313000313472,APPROVED,
voltdb,1083,0,2026-08-28T17:30:03.067896+00:00,2026-08-28T17:30:03.073055+00:00,5.149411008460447,APPROVED,
postgres,1084,0,2026-08-28T17:30:03.073232+00:00,2026-08-28T17:30:03.078089+00:00,4.841447007493116,APPROVED,
voltdb,1084,0,2026-08-28T17:30:03.078169+00:00,2026-08-28T17:30:03.083600+00:00,5.421481997473165,APPROVED,
postgres,1086,0,2026-08-28T17:30:03.083738+00:00,2026-08-28T17:30:03.089540+00:00,5.78883099660743,APPROVED,
voltdb,1086,0,2026-08-28T17:30:03.089629+00:00,2026-08-28T17:30:03.094587+00:00,4.948595989844762,APPROVED,
postgres,1087,0,2026-08-28T17:30:03.094708+00:00,2026-08-28T17:30:03.101565+00:00,6.842989008873701,APPROVED,
voltdb,1087,0,2026-08-28T17:30:03.101651+00:00,2026-08-28T17:30:03.106541+00:00,4.880749998847023,APPROVED,
postgres,1089,0,2026-08-28T17:30:03.106649+00:00,2026-08-28T17:30:03.111010+00:00,4.346931993495673,APPROVED,
voltdb,1089,0,2026-08-28T17:30:03.111094+00:00,2026-08-28T17:30:03.117715+00:00,6.6124150034738705,APPROVED,
postgres,1090,0,2026-08-28T17:30:03.117821+00:00,2026-08-28T17:30:03.122254+00:00,4.420897006639279,APPROVED,
voltdb,1090,0,2026-08-28T17:30:03.122333+00:00,2026-08-28T17:30:03.128567+00:00,6.225428995094262,APPROVED,
postgres,1094,0,2026-08-28T17:30:03.128674+00:00,2026-08-28T17:30:03.133690+00:00,5.002670004614629,APPROVED,
voltdb,1094,0,2026-08-28T17:30:03.133777+00:00,2026-08-28T17:30:03.140601+00:00,6.811996005126275,APPROVED,
postgres,1096,0,2026-08-28T17:30:03.140771+00:00,2026-08-28T17:30:03.145697+00:00,4.912474993034266,APPROVED,
voltdb,1096,0,2026-08-28T17:30:03.145824+00:00,2026-08-28T17:30:03.151075+00:00,5.236609009443782,APPROVED,
postgres,1097,0,2026-08-28T17:30:03.151202+00:00,2026-08-28T17:30:03.156743+00:00,5.526955996174365,APPROVED,
voltdb,1097,0,2026-08-28T17:30:03.156852+00:00,2026-08-28T17:30:03.163477+00:00,6.611311997403391,APPROVED,
postgres,1098,0,2026-08-28T17:30:03.163666+00:00,2026-08-28T17:30:03.168606+00:00,4.923779997625388,APPROVED,
voltdb,1098,0,2026-08-28T17:30:03.168699+00:00,2026-08-28T17:30:03.176685+00:00,7.976649998454377,APPROVED,
postgres,1099,0,2026-08-28T17:30:03.176837+00:00,2026-08-28T17:30:03.181448+00:00,4.597702994942665,APPROVED,
voltdb,1099,0,2026-08-28T17:30:03.181536+00:00,2026-08-28T17:30:03.188947+00:00,7.400935995974578,APPROVED,
postgres,1100,0,2026-08-28T17:30:03.189057+00:00,2026-08-28T17:30:03.192993+00:00,3.924998003640212,APPROVED,
voltdb,1100,0,2026-08-28T17:30:03.193072+00:00,2026-08-28T17:30:03.199434+00:00,6.350155003019609,APPROVED,
postgres,1101,0,2026-08-28T17:30:03.199642+00:00,2026-08-28T17:30:03.207084+00:00,7.421194008202292,APPROVED,
voltdb,1101,0,2026-08-28T17:30:03.207180+00:00,2026-08-28T17:30:03.211986+00:00,4.795870001544245,APPROVED,
postgres,1105,1,2026-08-28T17:30:03.212170+00:00,2026-08-28T17:30:03.219704+00:00,7.51337299880106,REVIEW,
voltdb,1105,1,2026-08-28T17:30:03.219789+00:00,2026-08-28T17:30:03.232089+00:00,12.290718994336203,REVIEW,
postgres,1106,0,2026-08-28T17:30:03.232266+00:00,2026-08-28T17:30:03.237179+00:00,4.896764003206044,APPROVED,
voltdb,1106,0,2026-08-28T17:30:03.237371+00:00,2026-08-28T17:30:03.243787+00:00,6.402159997378476,APPROVED,
postgres,1107,0,2026-08-28T17:30:03.243951+00:00,2026-08-28T17:30:03.251078+00:00,7.108961988706142,APPROVED,
voltdb,1107,0,2026-08-28T17:30:03.251393+00:00,2026-08-28T17:30:03.257081+00:00,5.6440220068907365,APPROVED,
postgres,1109,0,2026-08-28T17:30:03.257446+00:00,2026-08-28T17:30:03.262195+00:00,4.705664003267884,APPROVED,
voltdb,1109,0,2026-08-28T17:30:03.262497+00:00,2026-08-28T17:30:03.269613+00:00,7.092814994393848,APPROVED,
postgres,1111,0,2026-08-28T17:30:03.269722+00:00,2026-08-28T17:30:03.275446+00:00,5.710613986593671,APPROVED,
voltdb,1111,0,2026-08-28T17:30:03.275558+00:00,2026-08-28T17:30:03.281188+00:00,5.619390998617746,APPROVED,
postgres,1113,0,2026-08-28T17:30:03.281368+00:00,2026-08-28T17:30:03.287967+00:00,6.580994988325983,APPROVED,
voltdb,1113,0,2026-08-28T17:30:03.288057+00:00,2026-08-28T17:30:03.295049+00:00,6.9821819924982265,APPROVED,
postgres,1115,0,2026-08-28T17:30:03.295158+00:00,2026-08-28T17:30:03.300269+00:00,5.0972140015801415,APPROVED,
voltdb,1115,0,2026-08-28T17:30:03.300361+00:00,2026-08-28T17:30:03.308133+00:00,7.761959990602918,APPROVED,
postgres,1117,1,2026-08-28T17:30:03.308286+00:00,2026-08-28T17:30:03.313468+00:00,5.169458003365435,BLOCKED,
voltdb,1117,1,2026-08-28T17:30:03.313584+00:00,2026-08-28T17:30:03.325671+00:00,12.075178005034104,BLOCKED,
postgres,1118,0,2026-08-28T17:30:03.325819+00:00,2026-08-28T17:30:03.329940+00:00,4.103497005417012,APPROVED,
voltdb,1118,0,2026-08-28T17:30:03.330029+00:00,2026-08-28T17:30:03.336180+00:00,6.1402150022331625,APPROVED,
postgres,1120,0,2026-08-28T17:30:03.336362+00:00,2026-08-28T17:30:03.342429+00:00,6.040180000127293,APPROVED,
voltdb,1120,0,2026-08-28T17:30:03.342511+00:00,2026-08-28T17:30:03.347756+00:00,5.235492993961088,APPROVED,
postgres,1122,0,2026-08-28T17:30:03.347996+00:00,2026-08-28T17:30:03.352593+00:00,4.579016997013241,APPROVED,
voltdb,1122,0,2026-08-28T17:30:03.352686+00:00,2026-08-28T17:30:03.358224+00:00,5.5259450018638745,APPROVED,
postgres,1123,0,2026-08-28T17:30:03.358340+00:00,2026-08-28T17:30:03.365156+00:00,6.771861997549422,APPROVED,
voltdb,1123,0,2026-08-28T17:30:03.365397+00:00,2026-08-28T17:30:03.370825+00:00,5.4002660035621375,APPROVED,
postgres,1124,0,2026-08-28T17:30:03.371043+00:00,2026-08-28T17:30:03.376585+00:00,5.510948001756333,APPROVED,
voltdb,1124,0,2026-08-28T17:30:03.376661+00:00,2026-08-28T17:30:03.383061+00:00,6.390665002982132,APPROVED,
postgres,1125,0,2026-08-28T17:30:03.383305+00:00,2026-08-28T17:30:03.387786+00:00,4.4662229920504615,APPROVED,
voltdb,1125,0,2026-08-28T17:30:03.387894+00:00,2026-08-28T17:30:03.393860+00:00,5.954574007773772,APPROVED,
postgres,1126,0,2026-08-28T17:30:03.394042+00:00,2026-08-28T17:30:03.400593+00:00,6.531284001539461,APPROVED,
voltdb,1126,0,2026-08-28T17:30:03.400706+00:00,2026-08-28T17:30:03.406447+00:00,5.731878001824953,APPROVED,
postgres,1127,0,2026-08-28T17:30:03.406563+00:00,2026-08-28T17:30:03.410608+00:00,4.02793700050097,APPROVED,
voltdb,1127,0,2026-08-28T17:30:03.410690+00:00,2026-08-28T17:30:03.416180+00:00,5.4812410089652985,APPROVED,
postgres,1128,0,2026-08-28T17:30:03.416370+00:00,2026-08-28T17:30:03.422614+00:00,6.180713986395858,APPROVED,
voltdb,1128,0,2026-08-28T17:30:03.422725+00:00,2026-08-28T17:30:03.428324+00:00,5.589581996900961,APPROVED,
postgres,1129,0,2026-08-28T17:30:03.428496+00:00,2026-08-28T17:30:03.436883+00:00,8.371060990612023,APPROVED,
voltdb,1129,0,2026-08-28T17:30:03.436992+00:00,2026-08-28T17:30:03.443573+00:00,6.570462006493472,APPROVED,
postgres,1131,0,2026-08-28T17:30:03.443690+00:00,2026-08-28T17:30:03.448826+00:00,5.1232379919383675,APPROVED,
voltdb,1131,0,2026-08-28T17:30:03.448988+00:00,2026-08-28T17:30:03.457141+00:00,8.141575002809986,APPROVED,
postgres,1134,0,2026-08-28T17:30:03.457352+00:00,2026-08-28T17:30:03.461584+00:00,4.218514994136058,APPROVED,
voltdb,1134,0,2026-08-28T17:30:03.461719+00:00,2026-08-28T17:30:03.467647+00:00,5.915603993344121,APPROVED,
postgres,1135,0,2026-08-28T17:30:03.467763+00:00,2026-08-28T17:30:03.474409+00:00,6.633645010879263,APPROVED,
voltdb,1135,0,2026-08-28T17:30:03.474609+00:00,2026-08-28T17:30:03.480593+00:00,5.968472003587522,APPROVED,
postgres,1136,0,2026-08-28T17:30:03.480780+00:00,2026-08-28T17:30:03.486126+00:00,5.329022998921573,APPROVED,
voltdb,1136,0,2026-08-28T17:30:03.486207+00:00,2026-08-28T17:30:03.495109+00:00,8.892753001418896,APPROVED,
postgres,1137,0,2026-08-28T17:30:03.495224+00:00,2026-08-28T17:30:03.501003+00:00,5.7653260009828955,APPROVED,
voltdb,1137,0,2026-08-28T17:30:03.501096+00:00,2026-08-28T17:30:03.508318+00:00,7.2128070023609325,APPROVED,
postgres,1138,0,2026-08-28T17:30:03.508478+00:00,2026-08-28T17:30:03.513157+00:00,4.666965003707446,APPROVED,
voltdb,1138,0,2026-08-28T17:30:03.513304+00:00,2026-08-28T17:30:03.521334+00:00,8.018330991035327,APPROVED,
postgres,1142,0,2026-08-28T17:30:03.521508+00:00,2026-08-28T17:30:03.527639+00:00,6.117751006968319,APPROVED,
voltdb,1142,0,2026-08-28T17:30:03.527728+00:00,2026-08-28T17:30:03.535342+00:00,7.602432000567205,APPROVED,
postgres,1144,0,2026-08-28T17:30:03.535589+00:00,2026-08-28T17:30:03.541840+00:00,6.233763007912785,APPROVED,
voltdb,1144,0,2026-08-28T17:30:03.541923+00:00,2026-08-28T17:30:03.550225+00:00,8.289648991194554,APPROVED,
postgres,1146,0,2026-08-28T17:30:03.550379+00:00,2026-08-28T17:30:03.558011+00:00,7.587739994050935,APPROVED,
voltdb,1146,0,2026-08-28T17:30:03.558399+00:00,2026-08-28T17:30:03.563702+00:00,5.27703198895324,APPROVED,
postgres,1148,0,2026-08-28T17:30:03.563839+00:00,2026-08-28T17:30:03.570870+00:00,7.014734001131728,APPROVED,
voltdb,1148,0,2026-08-28T17:30:03.570954+00:00,2026-08-28T17:30:03.578021+00:00,7.05665499845054,APPROVED,
postgres,1151,0,2026-08-28T17:30:03.578232+00:00,2026-08-28T17:30:03.584617+00:00,6.363043008605018,APPROVED,
voltdb,1151,0,2026-08-28T17:30:03.584705+00:00,2026-08-28T17:30:03.590881+00:00,6.166149993077852,APPROVED,
postgres,1153,0,2026-08-28T17:30:03.591014+00:00,2026-08-28T17:30:03.595056+00:00,4.029552001156844,APPROVED,
voltdb,1153,0,2026-08-28T17:30:03.595146+00:00,2026-08-28T17:30:03.600870+00:00,5.71184599539265,APPROVED,
postgres,1154,0,2026-08-28T17:30:03.600978+00:00,2026-08-28T17:30:03.607335+00:00,6.346316004055552,APPROVED,
voltdb,1154,0,2026-08-28T17:30:03.607439+00:00,2026-08-28T17:30:03.612901+00:00,5.451786011690274,APPROVED,
postgres,1157,0,2026-08-28T17:30:03.613138+00:00,2026-08-28T17:30:03.618949+00:00,5.791575007606298,REVIEW,
voltdb,1157,0,2026-08-28T17:30:03.619053+00:00,2026-08-28T17:30:03.629916+00:00,10.852936000446789,REVIEW,
postgres,1158,0,2026-08-28T17:30:03.630034+00:00,2026-08-28T17:30:03.634834+00:00,4.7862039937172085,APPROVED,
voltdb,1158,0,2026-08-28T17:30:03.634922+00:00,2026-08-28T17:30:03.641429+00:00,6.497702008346096,APPROVED,
postgres,1159,0,2026-08-28T17:30:03.641498+00:00,2026-08-28T17:30:03.645428+00:00,3.9213620038935915,APPROVED,
voltdb,1159,0,2026-08-28T17:30:03.645514+00:00,2026-08-28T17:30:03.650907+00:00,5.382413000916131,APPROVED,
postgres,1160,0,2026-08-28T17:30:03.651034+00:00,2026-08-28T17:30:03.656430+00:00,5.382229006499983,APPROVED,
voltdb,1160,0,2026-08-28T17:30:03.656509+00:00,2026-08-28T17:30:03.660602+00:00,4.083134001120925,APPROVED,
postgres,1161,0,2026-08-28T17:30:03.660823+00:00,2026-08-28T17:30:03.667299+00:00,6.452001995057799,APPROVED,
voltdb,1161,0,2026-08-28T17:30:03.667386+00:00,2026-08-28T17:30:03.673636+00:00,6.2393219996010885,APPROVED,
postgres,1162,0,2026-08-28T17:30:03.674041+00:00,2026-08-28T17:30:03.678674+00:00,4.594295009155758,APPROVED,
voltdb,1162,0,2026-08-28T17:30:03.678766+00:00,2026-08-28T17:30:03.686013+00:00,7.23825600289274,APPROVED,
postgres,1164,0,2026-08-28T17:30:03.686116+00:00,2026-08-28T17:30:03.692351+00:00,6.2230509938672185,APPROVED,
voltdb,1164,0,2026-08-28T17:30:03.692452+00:00,2026-08-28T17:30:03.697696+00:00,5.233439995208755,APPROVED,
postgres,1165,0,2026-08-28T17:30:03.697866+00:00,2026-08-28T17:30:03.703482+00:00,5.601671000476927,APPROVED,
voltdb,1165,0,2026-08-28T17:30:03.703561+00:00,2026-08-28T17:30:03.709567+00:00,5.9971239970764145,APPROVED,
postgres,1166,0,2026-08-28T17:30:03.709694+00:00,2026-08-28T17:30:03.714443+00:00,4.733777008368634,APPROVED,
voltdb,1166,0,2026-08-28T17:30:03.714541+00:00,2026-08-28T17:30:03.720767+00:00,6.215049987076782,APPROVED,
postgres,1168,0,2026-08-28T17:30:03.720888+00:00,2026-08-28T17:30:03.727422+00:00,6.521867006085813,APPROVED,
voltdb,1168,0,2026-08-28T17:30:03.727502+00:00,2026-08-28T17:30:03.734751+00:00,7.238777994643897,APPROVED,
postgres,1171,0,2026-08-28T17:30:03.734870+00:00,2026-08-28T17:30:03.739864+00:00,4.979092002031393,APPROVED,
voltdb,1171,0,2026-08-28T17:30:03.740010+00:00,2026-08-28T17:30:03.745558+00:00,5.523818006622605,APPROVED,
postgres,1172,1,2026-08-28T17:30:03.745745+00:00,2026-08-28T17:30:03.751338+00:00,5.572947993641719,REVIEW,
voltdb,1172,1,2026-08-28T17:30:03.751452+00:00,2026-08-28T17:30:03.763875+00:00,12.41181899968069,REVIEW,
postgres,1173,0,2026-08-28T17:30:03.764023+00:00,2026-08-28T17:30:03.770368+00:00,6.329773998004384,APPROVED,
voltdb,1173,0,2026-08-28T17:30:03.770513+00:00,2026-08-28T17:30:03.775760+00:00,5.199099992751144,APPROVED,
postgres,1175,0,2026-08-28T17:30:03.775861+00:00,2026-08-28T17:30:03.780569+00:00,4.695879993960261,APPROVED,
voltdb,1175,0,2026-08-28T17:30:03.780660+00:00,2026-08-28T17:30:03.785478+00:00,4.808891011634842,APPROVED,
postgres,1177,0,2026-08-28T17:30:03.785579+00:00,2026-08-28T17:30:03.791285+00:00,5.6717010011198,APPROVED,
voltdb,1177,0,2026-08-28T17:30:03.791620+00:00,2026-08-28T17:30:03.797539+00:00,5.875610004295595,APPROVED,
postgres,1178,0,2026-08-28T17:30:03.797682+00:00,2026-08-28T17:30:03.802483+00:00,4.752448003273457,APPROVED,
voltdb,1178,0,2026-08-28T17:30:03.802620+00:00,2026-08-28T17:30:03.808633+00:00,6.004499999107793,APPROVED,
postgres,1179,0,2026-08-28T17:30:03.808762+00:00,2026-08-28T17:30:03.813019+00:00,4.2228460079059005,APPROVED,
voltdb,1179,0,2026-08-28T17:30:03.813146+00:00,2026-08-28T17:30:03.821224+00:00,8.066918991971761,APPROVED,
postgres,1181,0,2026-08-28T17:30:03.821731+00:00,2026-08-28T17:30:03.828110+00:00,6.356119003612548,APPROVED,
voltdb,1181,0,2026-08-28T17:30:03.828222+00:00,2026-08-28T17:30:03.836767+00:00,8.530577004421502,APPROVED,
postgres,1182,0,2026-08-28T17:30:03.837360+00:00,2026-08-28T17:30:03.842909+00:00,5.375406995881349,APPROVED,
voltdb,1182,0,2026-08-28T17:30:03.843119+00:00,2026-08-28T17:30:03.850595+00:00,7.4567779956851155,APPROVED,
postgres,1183,0,2026-08-28T17:30:03.850954+00:00,2026-08-28T17:30:03.855469+00:00,4.498619004152715,APPROVED,
voltdb,1183,0,2026-08-28T17:30:03.855556+00:00,2026-08-28T17:30:03.861858+00:00,6.293170008575544,APPROVED,
postgres,1185,0,2026-08-28T17:30:03.861977+00:00,2026-08-28T17:30:03.868813+00:00,6.823053990956396,APPROVED,
voltdb,1185,0,2026-08-28T17:30:03.868954+00:00,2026-08-28T17:30:03.874952+00:00,5.98683999851346,APPROVED,
postgres,1186,0,2026-08-28T17:30:03.875159+00:00,2026-08-28T17:30:03.880015+00:00,4.828275996260345,APPROVED,
voltdb,1186,0,2026-08-28T17:30:03.880115+00:00,2026-08-28T17:30:03.886622+00:00,6.496818998130038,APPROVED,
postgres,1187,0,2026-08-28T17:30:03.886731+00:00,2026-08-28T17:30:03.892827+00:00,6.084462991566397,APPROVED,
voltdb,1187,0,2026-08-28T17:30:03.892911+00:00,2026-08-28T17:30:03.898585+00:00,5.663773990818299,APPROVED,
postgres,1188,0,2026-08-28T17:30:03.898730+00:00,2026-08-28T17:30:03.904098+00:00,5.347010010154918,APPROVED,
voltdb,1188,0,2026-08-28T17:30:03.904324+00:00,2026-08-28T17:30:03.912716+00:00,8.338314000866376,APPROVED,
postgres,1191,0,2026-08-28T17:30:03.912961+00:00,2026-08-28T17:30:03.918671+00:00,5.689899990102276,APPROVED,
voltdb,1191,0,2026-08-28T17:30:03.918773+00:00,2026-08-28T17:30:03.925581+00:00,6.798731003073044,APPROVED,
postgres,1192,0,2026-08-28T17:30:03.925710+00:00,2026-08-28T17:30:03.930809+00:00,5.0853470020229,APPROVED,
voltdb,1192,0,2026-08-28T17:30:03.930920+00:00,2026-08-28T17:30:03.937940+00:00,7.011011999566108,APPROVED,
postgres,1193,0,2026-08-28T17:30:03.938072+00:00,2026-08-28T17:30:03.942743+00:00,4.659291997086257,APPROVED,
voltdb,1193,0,2026-08-28T17:30:03.942827+00:00,2026-08-28T17:30:03.949875+00:00,7.036998009425588,APPROVED,
postgres,1194,0,2026-08-28T17:30:03.950176+00:00,2026-08-28T17:30:03.955631+00:00,5.396285007009283,APPROVED,
voltdb,1194,0,2026-08-28T17:30:03.955837+00:00,2026-08-28T17:30:03.960550+00:00,4.697131997090764,APPROVED,
postgres,1195,0,2026-08-28T17:30:03.960681+00:00,2026-08-28T17:30:03.966694+00:00,5.997064014081843,APPROVED,
voltdb,1195,0,2026-08-28T17:30:03.966784+00:00,2026-08-28T17:30:03.971670+00:00,4.874860009294935,APPROVED,
postgres,1197,0,2026-08-28T17:30:03.971857+00:00,2026-08-28T17:30:03.977268+00:00,5.391380997025408,APPROVED,
voltdb,1197,0,2026-08-28T17:30:03.977346+00:00,2026-08-28T17:30:03.984686+00:00,7.328740000957623,APPROVED,
postgres,1198,0,2026-08-28T17:30:03.984804+00:00,2026-08-28T17:30:03.989991+00:00,5.168048999621533,REVIEW,
voltdb,1198,0,2026-08-28T17:30:03.990127+00:00,2026-08-28T17:30:04.001436+00:00,11.298098004772328,REVIEW,
postgres,1199,0,2026-08-28T17:30:04.001540+00:00,2026-08-28T17:30:04.006390+00:00,4.839457003981806,APPROVED,
voltdb,1199,0,2026-08-28T17:30:04.006470+00:00,2026-08-28T17:30:04.010283+00:00,3.8033789896871895,APPROVED,
postgres,1200,0,2026-08-28T17:30:04.010459+00:00,2026-08-28T17:30:04.016667+00:00,6.196252012159675,APPROVED,
voltdb,1200,0,2026-08-28T17:30:04.016760+00:00,2026-08-28T17:30:04.021853+00:00,5.083044990897179,APPROVED,
postgres,1201,0,2026-08-28T17:30:04.022108+00:00,2026-08-28T17:30:04.026175+00:00,4.043690001708455,APPROVED,
voltdb,1201,0,2026-08-28T17:30:04.026255+00:00,2026-08-28T17:30:04.034729+00:00,8.461980003630742,APPROVED,
postgres,1202,0,2026-08-28T17:30:04.034884+00:00,2026-08-28T17:30:04.040345+00:00,5.428409000160173,APPROVED,
voltdb,1202,0,2026-08-28T17:30:04.040466+00:00,2026-08-28T17:30:04.046193+00:00,5.714384999009781,APPROVED,
postgres,1203,0,2026-08-28T17:30:04.046528+00:00,2026-08-28T17:30:04.052169+00:00,5.620346011710353,APPROVED,
voltdb,1203,0,2026-08-28T17:30:04.052340+00:00,2026-08-28T17:30:04.059588+00:00,7.236306992126629,APPROVED,
postgres,1204,0,2026-08-28T17:30:04.059694+00:00,2026-08-28T17:30:04.065372+00:00,5.664716009050608,APPROVED,
voltdb,1204,0,2026-08-28T17:30:04.065464+00:00,2026-08-28T17:30:04.072889+00:00,7.414908002829179,APPROVED,
postgres,1205,0,2026-08-28T17:30:04.072995+00:00,2026-08-28T17:30:04.077833+00:00,4.824370989808813,APPROVED,
voltdb,1205,0,2026-08-28T17:30:04.077925+00:00,2026-08-28T17:30:04.084630+00:00,6.695332995150238,APPROVED,
postgres,1206,0,2026-08-28T17:30:04.084815+00:00,2026-08-28T17:30:04.090580+00:00,5.74531099118758,APPROVED,
voltdb,1206,0,2026-08-28T17:30:04.090662+00:00,2026-08-28T17:30:04.096088+00:00,5.415302002802491,APPROVED,
postgres,1207,0,2026-08-28T17:30:04.096242+00:00,2026-08-28T17:30:04.102725+00:00,6.463091995101422,APPROVED,
voltdb,1207,0,2026-08-28T17:30:04.102817+00:00,2026-08-28T17:30:04.109654+00:00,6.825343007221818,APPROVED,
postgres,1208,0,2026-08-28T17:30:04.109796+00:00,2026-08-28T17:30:04.115883+00:00,6.072320000384934,APPROVED,
voltdb,1208,0,2026-08-28T17:30:04.115968+00:00,2026-08-28T17:30:04.121115+00:00,5.1369730063015595,APPROVED,
postgres,1209,0,2026-08-28T17:30:04.121604+00:00,2026-08-28T17:30:04.126350+00:00,4.724288999568671,REVIEW,
voltdb,1209,0,2026-08-28T17:30:04.126489+00:00,2026-08-28T17:30:04.140912+00:00,14.383178990101442,REVIEW,
postgres,1210,0,2026-08-28T17:30:04.141041+00:00,2026-08-28T17:30:04.146633+00:00,5.577883988735266,REVIEW,
voltdb,1210,0,2026-08-28T17:30:04.146742+00:00,2026-08-28T17:30:04.158966+00:00,12.214358997880481,REVIEW,
postgres,1211,0,2026-08-28T17:30:04.159073+00:00,2026-08-28T17:30:04.165350+00:00,6.264399999054149,APPROVED,
voltdb,1211,0,2026-08-28T17:30:04.165548+00:00,2026-08-28T17:30:04.172716+00:00,7.148003991460428,APPROVED,
postgres,1212,0,2026-08-28T17:30:04.173071+00:00,2026-08-28T17:30:04.177866+00:00,4.756672002258711,APPROVED,
voltdb,1212,0,2026-08-28T17:30:04.177977+00:00,2026-08-28T17:30:04.184644+00:00,6.653548000031151,APPROVED,
postgres,1213,0,2026-08-28T17:30:04.184794+00:00,2026-08-28T17:30:04.192245+00:00,7.43484401027672,APPROVED,
voltdb,1213,0,2026-08-28T17:30:04.192322+00:00,2026-08-28T17:30:04.198543+00:00,6.2114519969327375,APPROVED,
postgres,1214,1,2026-08-28T17:30:04.198823+00:00,2026-08-28T17:30:04.207471+00:00,8.598468994023278,BLOCKED,
voltdb,1214,1,2026-08-28T17:30:04.207582+00:00,2026-08-28T17:30:04.216584+00:00,8.99208799819462,BLOCKED,
postgres,1216,0,2026-08-28T17:30:04.216713+00:00,2026-08-28T17:30:04.224039+00:00,7.30886599922087,APPROVED,
voltdb,1216,0,2026-08-28T17:30:04.224127+00:00,2026-08-28T17:30:04.230064+00:00,5.923466989770532,APPROVED,
postgres,1217,0,2026-08-28T17:30:04.230302+00:00,2026-08-28T17:30:04.235222+00:00,4.902439992292784,APPROVED,
voltdb,1217,0,2026-08-28T17:30:04.235323+00:00,2026-08-28T17:30:04.241550+00:00,6.216573994606733,APPROVED,
postgres,1218,0,2026-08-28T17:30:04.241698+00:00,2026-08-28T17:30:04.247035+00:00,5.32318300975021,APPROVED,
voltdb,1218,0,2026-08-28T17:30:04.247149+00:00,2026-08-28T17:30:04.252396+00:00,5.190662006498314,APPROVED,
postgres,1219,1,2026-08-28T17:30:04.252504+00:00,2026-08-28T17:30:04.258536+00:00,6.016707004164346,REVIEW,
voltdb,1219,1,2026-08-28T17:30:04.258636+00:00,2026-08-28T17:30:04.269656+00:00,11.010624002665281,REVIEW,
postgres,1220,0,2026-08-28T17:30:04.269791+00:00,2026-08-28T17:30:04.274702+00:00,4.893361998256296,APPROVED,
voltdb,1220,0,2026-08-28T17:30:04.274781+00:00,2026-08-28T17:30:04.278923+00:00,4.13196200679522,APPROVED,
postgres,1221,0,2026-08-28T17:30:04.279060+00:00,2026-08-28T17:30:04.285470+00:00,6.3966099987737834,APPROVED,
voltdb,1221,0,2026-08-28T17:30:04.285551+00:00,2026-08-28T17:30:04.291273+00:00,5.712785990908742,APPROVED,
postgres,1222,0,2026-08-28T17:30:04.291422+00:00,2026-08-28T17:30:04.294809+00:00,3.3725219982443377,APPROVED,
voltdb,1222,0,2026-08-28T17:30:04.294901+00:00,2026-08-28T17:30:04.301873+00:00,6.962824001675472,APPROVED,
postgres,1226,0,2026-08-28T17:30:04.302035+00:00,2026-08-28T17:30:04.306742+00:00,4.690424000727944,APPROVED,
voltdb,1226,0,2026-08-28T17:30:04.306825+00:00,2026-08-28T17:30:04.310830+00:00,3.996394996647723,APPROVED,
postgres,1227,0,2026-08-28T17:30:04.310966+00:00,2026-08-28T17:30:04.317499+00:00,6.517995003378019,APPROVED,
voltdb,1227,0,2026-08-28T17:30:04.317584+00:00,2026-08-28T17:30:04.323012+00:00,5.416326006525196,APPROVED,
postgres,1228,0,2026-08-28T17:30:04.323327+00:00,2026-08-28T17:30:04.326415+00:00,3.0720229988219216,APPROVED,
voltdb,1228,0,2026-08-28T17:30:04.326489+00:00,2026-08-28T17:30:04.331863+00:00,5.363734002457932,APPROVED,
postgres,1229,0,2026-08-28T17:30:04.332015+00:00,2026-08-28T17:30:04.339395+00:00,7.338341005379334,APPROVED,
voltdb,1229,0,2026-08-28T17:30:04.339479+00:00,2026-08-28T17:30:04.343978+00:00,4.489081999054179,APPROVED,
postgres,1230,0,2026-08-28T17:30:04.344154+00:00,2026-08-28T17:30:04.349501+00:00,5.327139006112702,APPROVED,
voltdb,1230,0,2026-08-28T17:30:04.349595+00:00,2026-08-28T17:30:04.356668+00:00,7.064734993036836,APPROVED,
postgres,1231,0,2026-08-28T17:30:04.356801+00:00,2026-08-28T17:30:04.360967+00:00,4.1532710019964725,APPROVED,
voltdb,1231,0,2026-08-28T17:30:04.361093+00:00,2026-08-28T17:30:04.368153+00:00,7.041360004222952,APPROVED,
postgres,1233,0,2026-08-28T17:30:04.368526+00:00,2026-08-28T17:30:04.376372+00:00,7.822172992746346,APPROVED,
voltdb,1233,0,2026-08-28T17:30:04.376470+00:00,2026-08-28T17:30:04.382648+00:00,6.166111998027191,APPROVED,
postgres,1234,0,2026-08-28T17:30:04.382805+00:00,2026-08-28T17:30:04.388893+00:00,6.069254013709724,APPROVED,
voltdb,1234,0,2026-08-28T17:30:04.388976+00:00,2026-08-28T17:30:04.394634+00:00,5.647269994369708,APPROVED,
postgres,1235,0,2026-08-28T17:30:04.394742+00:00,2026-08-28T17:30:04.403308+00:00,8.550275000743568,APPROVED,
voltdb,1235,0,2026-08-28T17:30:04.403451+00:00,2026-08-28T17:30:04.411185+00:00,7.715522995567881,APPROVED,
postgres,1236,0,2026-08-28T17:30:04.411483+00:00,2026-08-28T17:30:04.418486+00:00,6.916462007211521,APPROVED,
voltdb,1236,0,2026-08-28T17:30:04.418576+00:00,2026-08-28T17:30:04.423113+00:00,4.526445001829416,APPROVED,
postgres,1237,0,2026-08-28T17:30:04.423291+00:00,2026-08-28T17:30:04.429085+00:00,5.768329006968997,APPROVED,
voltdb,1237,0,2026-08-28T17:30:04.429327+00:00,2026-08-28T17:30:04.435551+00:00,6.19936799921561,APPROVED,
postgres,1239,0,2026-08-28T17:30:04.435660+00:00,2026-08-28T17:30:04.440063+00:00,4.380211001262069,APPROVED,
voltdb,1239,0,2026-08-28T17:30:04.440245+00:00,2026-08-28T17:30:04.446505+00:00,6.244874995900318,APPROVED,
postgres,1240,0,2026-08-28T17:30:04.446644+00:00,2026-08-28T17:30:04.452984+00:00,6.324318004772067,APPROVED,
voltdb,1240,0,2026-08-28T17:30:04.453070+00:00,2026-08-28T17:30:04.458805+00:00,5.725340990466066,APPROVED,
postgres,1241,0,2026-08-28T17:30:04.459196+00:00,2026-08-28T17:30:04.464718+00:00,5.360410999855958,APPROVED,
voltdb,1241,0,2026-08-28T17:30:04.464805+00:00,2026-08-28T17:30:04.471632+00:00,6.816228007664904,APPROVED,
postgres,1242,0,2026-08-28T17:30:04.471834+00:00,2026-08-28T17:30:04.518018+00:00,46.170376997906715,APPROVED,
voltdb,1242,0,2026-08-28T17:30:04.518122+00:00,2026-08-28T17:30:04.522952+00:00,4.816194006707519,APPROVED,
postgres,1243,0,2026-08-28T17:30:04.523146+00:00,2026-08-28T17:30:04.527953+00:00,4.78818200645037,APPROVED,
voltdb,1243,0,2026-08-28T17:30:04.528039+00:00,2026-08-28T17:30:04.536187+00:00,8.139019992086105,APPROVED,
postgres,1244,0,2026-08-28T17:30:04.536322+00:00,2026-08-28T17:30:04.548922+00:00,12.58617801067885,APPROVED,
voltdb,1244,0,2026-08-28T17:30:04.549010+00:00,2026-08-28T17:30:04.555132+00:00,6.112887000199407,APPROVED,
postgres,1245,0,2026-08-28T17:30:04.555239+00:00,2026-08-28T17:30:04.591448+00:00,36.19768199860118,APPROVED,
voltdb,1245,0,2026-08-28T17:30:04.591556+00:00,2026-08-28T17:30:04.598956+00:00,7.390023994958028,APPROVED,
postgres,1246,0,2026-08-28T17:30:04.599062+00:00,2026-08-28T17:30:04.607382+00:00,8.306324001750909,APPROVED,
voltdb,1246,0,2026-08-28T17:30:04.607471+00:00,2026-08-28T17:30:04.618013+00:00,10.531775013078004,APPROVED,
postgres,1248,0,2026-08-28T17:30:04.618163+00:00,2026-08-28T17:30:04.625745+00:00,7.5639080023393035,APPROVED,
voltdb,1248,0,2026-08-28T17:30:04.625834+00:00,2026-08-28T17:30:04.632957+00:00,7.112295992556028,APPROVED,
postgres,1249,0,2026-08-28T17:30:04.633117+00:00,2026-08-28T17:30:04.640817+00:00,7.683415999053977,APPROVED,
voltdb,1249,0,2026-08-28T17:30:04.640912+00:00,2026-08-28T17:30:04.649891+00:00,8.96784600627143,APPROVED,
postgres,1250,0,2026-08-28T17:30:04.650008+00:00,2026-08-28T17:30:04.655528+00:00,5.507154986844398,APPROVED,
voltdb,1250,0,2026-08-28T17:30:04.655617+00:00,2026-08-28T17:30:04.663144+00:00,7.516754005337134,APPROVED,
postgres,1251,0,2026-08-28T17:30:04.663321+00:00,2026-08-28T17:30:04.668536+00:00,5.20195800345391,APPROVED,
voltdb,1251,0,2026-08-28T17:30:04.668621+00:00,2026-08-28T17:30:04.677982+00:00,9.351198008516803,APPROVED,
postgres,1252,0,2026-08-28T17:30:04.678119+00:00,2026-08-28T17:30:04.684160+00:00,6.020446002366953,APPROVED,
voltdb,1252,0,2026-08-28T17:30:04.684352+00:00,2026-08-28T17:30:04.691379+00:00,7.001947000389919,APPROVED,
postgres,1255,0,2026-08-28T17:30:04.691494+00:00,2026-08-28T17:30:04.699201+00:00,7.693624007515609,REVIEW,
voltdb,1255,0,2026-08-28T17:30:04.699405+00:00,2026-08-28T17:30:04.713732+00:00,14.30839799286332,REVIEW,
postgres,1256,0,2026-08-28T17:30:04.713869+00:00,2026-08-28T17:30:04.720590+00:00,6.708198998239823,APPROVED,
voltdb,1256,0,2026-08-28T17:30:04.720682+00:00,2026-08-28T17:30:04.731459+00:00,10.765965998871252,APPROVED,
postgres,1257,0,2026-08-28T17:30:04.731628+00:00,2026-08-28T17:30:04.737911+00:00,6.257975997868925,APPROVED,
voltdb,1257,0,2026-08-28T17:30:04.738063+00:00,2026-08-28T17:30:04.746739+00:00,8.65956699999515,APPROVED,
postgres,1258,0,2026-08-28T17:30:04.746855+00:00,2026-08-28T17:30:04.753477+00:00,6.610576994717121,APPROVED,
voltdb,1258,0,2026-08-28T17:30:04.753560+00:00,2026-08-28T17:30:04.763277+00:00,9.705082004074939,APPROVED,
postgres,1259,0,2026-08-28T17:30:04.763510+00:00,2026-08-28T17:30:04.771124+00:00,7.582887003081851,APPROVED,
voltdb,1259,0,2026-08-28T17:30:04.771322+00:00,2026-08-28T17:30:04.778581+00:00,7.234349992359057,APPROVED,
postgres,1260,0,2026-08-28T17:30:04.778721+00:00,2026-08-28T17:30:04.785121+00:00,6.3862500101095065,APPROVED,
voltdb,1260,0,2026-08-28T17:30:04.785205+00:00,2026-08-28T17:30:04.791592+00:00,6.3779299962334335,APPROVED,
postgres,1261,1,2026-08-28T17:30:04.791717+00:00,2026-08-28T17:30:04.798496+00:00,6.766581995179877,BLOCKED,
voltdb,1261,1,2026-08-28T17:30:04.798596+00:00,2026-08-28T17:30:04.808493+00:00,9.886012994684279,BLOCKED,
postgres,1262,0,2026-08-28T17:30:04.808624+00:00,2026-08-28T17:30:04.813661+00:00,5.025316000683233,APPROVED,
voltdb,1262,0,2026-08-28T17:30:04.813747+00:00,2026-08-28T17:30:04.820334+00:00,6.57610798953101,APPROVED,
postgres,1265,0,2026-08-28T17:30:04.820450+00:00,2026-08-28T17:30:04.825840+00:00,5.3774330008309335,APPROVED,
voltdb,1265,0,2026-08-28T17:30:04.825914+00:00,2026-08-28T17:30:04.831711+00:00,5.7873109908541664,APPROVED,
postgres,1266,0,2026-08-28T17:30:04.831848+00:00,2026-08-28T17:30:04.838133+00:00,6.271790000027977,APPROVED,
voltdb,1266,0,2026-08-28T17:30:04.838304+00:00,2026-08-28T17:30:04.844190+00:00,5.873550006072037,APPROVED,
postgres,1267,0,2026-08-28T17:30:04.844323+00:00,2026-08-28T17:30:04.849583+00:00,5.245199005003087,APPROVED,
voltdb,1267,0,2026-08-28T17:30:04.849666+00:00,2026-08-28T17:30:04.857380+00:00,7.703854003921151,APPROVED,
postgres,1269,0,2026-08-28T17:30:04.857486+00:00,2026-08-28T17:30:04.861481+00:00,3.982745998655446,APPROVED,
voltdb,1269,0,2026-08-28T17:30:04.861646+00:00,2026-08-28T17:30:04.867409+00:00,5.709463992388919,APPROVED,
postgres,1270,0,2026-08-28T17:30:04.867572+00:00,2026-08-28T17:30:04.874801+00:00,7.21733299724292,APPROVED,
voltdb,1270,0,2026-08-28T17:30:04.874879+00:00,2026-08-28T17:30:04.880270+00:00,5.3808170050615445,APPROVED,
postgres,1271,0,2026-08-28T17:30:04.880518+00:00,2026-08-28T17:30:04.885129+00:00,4.54477799939923,APPROVED,
voltdb,1271,0,2026-08-28T17:30:04.885293+00:00,2026-08-28T17:30:04.890921+00:00,5.608923005638644,APPROVED,
postgres,1272,0,2026-08-28T17:30:04.891023+00:00,2026-08-28T17:30:04.894393+00:00,3.358906993526034,APPROVED,
voltdb,1272,0,2026-08-28T17:30:04.894502+00:00,2026-08-28T17:30:04.901705+00:00,7.188648000010289,APPROVED,
postgres,1273,0,2026-08-28T17:30:04.901866+00:00,2026-08-28T17:30:04.907689+00:00,5.7799369969870895,APPROVED,
voltdb,1273,0,2026-08-28T17:30:04.907772+00:00,2026-08-28T17:30:04.913171+00:00,5.3898990008747205,APPROVED,
postgres,1274,0,2026-08-28T17:30:04.913323+00:00,2026-08-28T17:30:04.921571+00:00,8.236277994001284,APPROVED,
voltdb,1274,0,2026-08-28T17:30:04.921703+00:00,2026-08-28T17:30:04.928471+00:00,6.7494349932530895,APPROVED,
postgres,1275,0,2026-08-28T17:30:04.928745+00:00,2026-08-28T17:30:04.935736+00:00,6.96848300867714,REVIEW,
voltdb,1275,0,2026-08-28T17:30:04.935821+00:00,2026-08-28T17:30:04.947058+00:00,11.226829999941401,REVIEW,
postgres,1278,0,2026-08-28T17:30:04.947192+00:00,2026-08-28T17:30:04.953909+00:00,6.703949999064207,APPROVED,
voltdb,1278,0,2026-08-28T17:30:04.954014+00:00,2026-08-28T17:30:04.960043+00:00,6.020121989422478,APPROVED,
postgres,1279,0,2026-08-28T17:30:04.960244+00:00,2026-08-28T17:30:04.965969+00:00,5.712040001526475,APPROVED,
voltdb,1279,0,2026-08-28T17:30:04.966060+00:00,2026-08-28T17:30:04.972744+00:00,6.660886007011868,APPROVED,
postgres,1280,0,2026-08-28T17:30:04.972866+00:00,2026-08-28T17:30:04.978930+00:00,6.050134004908614,APPROVED,
voltdb,1280,0,2026-08-28T17:30:04.979018+00:00,2026-08-28T17:30:04.985104+00:00,6.076503996155225,APPROVED,
postgres,1281,0,2026-08-28T17:30:04.985534+00:00,2026-08-28T17:30:04.992541+00:00,6.96974599850364,APPROVED,
voltdb,1281,0,2026-08-28T17:30:04.992711+00:00,2026-08-28T17:30:04.998609+00:00,5.886732993531041,APPROVED,
postgres,1282,0,2026-08-28T17:30:04.998742+00:00,2026-08-28T17:30:05.007292+00:00,8.536433000699617,REVIEW,
voltdb,1282,0,2026-08-28T17:30:05.007470+00:00,2026-08-28T17:30:05.018859+00:00,11.37408999784384,REVIEW,
postgres,1284,0,2026-08-28T17:30:05.018969+00:00,2026-08-28T17:30:05.033618+00:00,14.635836996603757,APPROVED,
voltdb,1284,0,2026-08-28T17:30:05.033707+00:00,2026-08-28T17:30:05.039450+00:00,5.733361002057791,APPROVED,
postgres,1286,0,2026-08-28T17:30:05.039550+00:00,2026-08-28T17:30:05.042837+00:00,3.2771389960544184,APPROVED,
voltdb,1286,0,2026-08-28T17:30:05.042916+00:00,2026-08-28T17:30:05.049619+00:00,6.692637005471624,APPROVED,
postgres,1288,0,2026-08-28T17:30:05.049754+00:00,2026-08-28T17:30:05.053703+00:00,3.9330779982265085,APPROVED,
voltdb,1288,0,2026-08-28T17:30:05.053821+00:00,2026-08-28T17:30:05.058782+00:00,4.948005007463507,APPROVED,
postgres,1289,0,2026-08-28T17:30:05.058883+00:00,2026-08-28T17:30:05.062726+00:00,3.8261729932855815,APPROVED,
voltdb,1289,0,2026-08-28T17:30:05.062883+00:00,2026-08-28T17:30:05.069181+00:00,6.284124989178963,APPROVED,
postgres,1290,1,2026-08-28T17:30:05.069523+00:00,2026-08-28T17:30:05.075874+00:00,6.334867997793481,REVIEW,
voltdb,1290,1,2026-08-28T17:30:05.075965+00:00,2026-08-28T17:30:05.088257+00:00,12.280887007364072,REVIEW,
postgres,1292,0,2026-08-28T17:30:05.088651+00:00,2026-08-28T17:30:05.095613+00:00,6.935637997230515,APPROVED,
voltdb,1292,0,2026-08-28T17:30:05.095696+00:00,2026-08-28T17:30:05.104024+00:00,8.31851399561856,APPROVED,
postgres,1293,0,2026-08-28T17:30:05.104162+00:00,2026-08-28T17:30:05.110331+00:00,6.154122995212674,APPROVED,
voltdb,1293,0,2026-08-28T17:30:05.110517+00:00,2026-08-28T17:30:05.119075+00:00,8.544090000214055,APPROVED,
postgres,1294,0,2026-08-28T17:30:05.119209+00:00,2026-08-28T17:30:05.126598+00:00,7.371359999524429,REVIEW,
voltdb,1294,0,2026-08-28T17:30:05.126744+00:00,2026-08-28T17:30:05.144651+00:00,17.89720100350678,REVIEW,
postgres,1295,0,2026-08-28T17:30:05.144829+00:00,2026-08-28T17:30:05.155808+00:00,10.951774995191954,APPROVED,
voltdb,1295,0,2026-08-28T17:30:05.155913+00:00,2026-08-28T17:30:05.162811+00:00,6.8863769993186,APPROVED,
postgres,1296,0,2026-08-28T17:30:05.162985+00:00,2026-08-28T17:30:05.170138+00:00,7.137220003642142,APPROVED,
voltdb,1296,0,2026-08-28T17:30:05.170299+00:00,2026-08-28T17:30:05.181935+00:00,11.62032299907878,APPROVED,
postgres,1298,0,2026-08-28T17:30:05.182108+00:00,2026-08-28T17:30:05.188742+00:00,6.61620800383389,APPROVED,
voltdb,1298,0,2026-08-28T17:30:05.188835+00:00,2026-08-28T17:30:05.199288+00:00,10.410750008304603,APPROVED,
postgres,1299,0,2026-08-28T17:30:05.200227+00:00,2026-08-28T17:30:05.215993+00:00,15.736550005385652,APPROVED,
voltdb,1299,0,2026-08-28T17:30:05.216138+00:00,2026-08-28T17:30:05.229548+00:00,13.3864800009178,APPROVED,
postgres,1300,1,2026-08-28T17:30:05.229738+00:00,2026-08-28T17:30:05.241023+00:00,11.267034002230503,BLOCKED,
voltdb,1300,1,2026-08-28T17:30:05.241107+00:00,2026-08-28T17:30:05.254583+00:00,13.46594700589776,BLOCKED,
postgres,1301,0,2026-08-28T17:30:05.254746+00:00,2026-08-28T17:30:05.259887+00:00,5.120228001032956,APPROVED,
voltdb,1301,0,2026-08-28T17:30:05.259991+00:00,2026-08-28T17:30:05.267577+00:00,7.54642799438443,APPROVED,
postgres,1302,0,2026-08-28T17:30:05.267683+00:00,2026-08-28T17:30:05.272282+00:00,4.579981003189459,APPROVED,
voltdb,1302,0,2026-08-28T17:30:05.272494+00:00,2026-08-28T17:30:05.278703+00:00,6.188122992170975,APPROVED,
postgres,1303,0,2026-08-28T17:30:05.278908+00:00,2026-08-28T17:30:05.283899+00:00,4.949358990415931,APPROVED,
voltdb,1303,0,2026-08-28T17:30:05.284011+00:00,2026-08-28T17:30:05.291779+00:00,7.759223997709341,APPROVED,
postgres,1307,0,2026-08-28T17:30:05.291908+00:00,2026-08-28T17:30:05.296546+00:00,4.626391004421748,APPROVED,
voltdb,1307,0,2026-08-28T17:30:05.296634+00:00,2026-08-28T17:30:05.302970+00:00,6.324692993075587,APPROVED,
postgres,1308,0,2026-08-28T17:30:05.303275+00:00,2026-08-28T17:30:05.307959+00:00,4.658406003727578,APPROVED,
voltdb,1308,0,2026-08-28T17:30:05.308037+00:00,2026-08-28T17:30:05.313604+00:00,5.558347998885438,APPROVED,
postgres,1309,0,2026-08-28T17:30:05.313804+00:00,2026-08-28T17:30:05.318696+00:00,4.871483004535548,APPROVED,
voltdb,1309,0,2026-08-28T17:30:05.318801+00:00,2026-08-28T17:30:05.323840+00:00,4.99447800393682,APPROVED,
postgres,1311,0,2026-08-28T17:30:05.323942+00:00,2026-08-28T17:30:05.327196+00:00,3.242119011702016,APPROVED,
voltdb,1311,0,2026-08-28T17:30:05.327469+00:00,2026-08-28T17:30:05.334278+00:00,6.752453991794027,APPROVED,
postgres,1312,0,2026-08-28T17:30:05.334468+00:00,2026-08-28T17:30:05.338887+00:00,4.397201002575457,APPROVED,
voltdb,1312,0,2026-08-28T17:30:05.338985+00:00,2026-08-28T17:30:05.342987+00:00,3.9920679992064834,APPROVED,
postgres,1313,0,2026-08-28T17:30:05.343094+00:00,2026-08-28T17:30:05.349729+00:00,6.620153013500385,APPROVED,
voltdb,1313,0,2026-08-28T17:30:05.349840+00:00,2026-08-28T17:30:05.355052+00:00,5.200956002227031,APPROVED,
postgres,1314,0,2026-08-28T17:30:05.355215+00:00,2026-08-28T17:30:05.360675+00:00,5.442388996016234,APPROVED,
voltdb,1314,0,2026-08-28T17:30:05.360773+00:00,2026-08-28T17:30:05.368176+00:00,7.390088008833118,APPROVED,
postgres,1315,0,2026-08-28T17:30:05.368329+00:00,2026-08-28T17:30:05.373196+00:00,4.852711004787125,APPROVED,
voltdb,1315,0,2026-08-28T17:30:05.373335+00:00,2026-08-28T17:30:05.378027+00:00,4.681014004745521,APPROVED,
postgres,1317,0,2026-08-28T17:30:05.378271+00:00,2026-08-28T17:30:05.384543+00:00,6.248293997487053,APPROVED,
voltdb,1317,0,2026-08-28T17:30:05.384630+00:00,2026-08-28T17:30:05.390598+00:00,5.95879799220711,APPROVED,
postgres,1318,0,2026-08-28T17:30:05.390705+00:00,2026-08-28T17:30:05.394871+00:00,4.153208996285684,APPROVED,
voltdb,1318,0,2026-08-28T17:30:05.394969+00:00,2026-08-28T17:30:05.402625+00:00,7.644718993105926,APPROVED,
postgres,1320,0,2026-08-28T17:30:05.402743+00:00,2026-08-28T17:30:05.407666+00:00,4.907077003736049,APPROVED,
voltdb,1320,0,2026-08-28T17:30:05.407840+00:00,2026-08-28T17:30:05.412875+00:00,5.0258660048712045,APPROVED,
postgres,1321,0,2026-08-28T17:30:05.413082+00:00,2026-08-28T17:30:05.419709+00:00,6.585177005035803,APPROVED,
voltdb,1321,0,2026-08-28T17:30:05.419789+00:00,2026-08-28T17:30:05.424137+00:00,4.338404993177392,APPROVED,
postgres,1322,0,2026-08-28T17:30:05.424302+00:00,2026-08-28T17:30:05.428174+00:00,3.8582799897994846,APPROVED,
voltdb,1322,0,2026-08-28T17:30:05.428273+00:00,2026-08-28T17:30:05.435486+00:00,7.202305001555942,APPROVED,
postgres,1323,0,2026-08-28T17:30:05.435597+00:00,2026-08-28T17:30:05.439493+00:00,3.8841070054331794,APPROVED,
voltdb,1323,0,2026-08-28T17:30:05.439572+00:00,2026-08-28T17:30:05.443533+00:00,3.9518460107501596,APPROVED,
postgres,1324,0,2026-08-28T17:30:05.443636+00:00,2026-08-28T17:30:05.448346+00:00,4.697936004959047,APPROVED,
voltdb,1324,0,2026-08-28T17:30:05.448439+00:00,2026-08-28T17:30:05.454615+00:00,6.166410996229388,APPROVED,
postgres,1325,0,2026-08-28T17:30:05.454715+00:00,2026-08-28T17:30:05.459121+00:00,4.394863004563376,APPROVED,
voltdb,1325,0,2026-08-28T17:30:05.459206+00:00,2026-08-28T17:30:05.465357+00:00,6.139605000498705,APPROVED,
postgres,1328,0,2026-08-28T17:30:05.465528+00:00,2026-08-28T17:30:05.471066+00:00,5.52138099737931,APPROVED,
voltdb,1328,0,2026-08-28T17:30:05.471147+00:00,2026-08-28T17:30:05.475831+00:00,4.676096999901347,APPROVED,
postgres,1329,0,2026-08-28T17:30:05.475956+00:00,2026-08-28T17:30:05.480089+00:00,4.120177996810526,APPROVED,
voltdb,1329,0,2026-08-28T17:30:05.480176+00:00,2026-08-28T17:30:05.485426+00:00,5.240650003543124,APPROVED,
postgres,1330,0,2026-08-28T17:30:05.485715+00:00,2026-08-28T17:30:05.488902+00:00,3.168051000102423,APPROVED,
voltdb,1330,0,2026-08-28T17:30:05.488974+00:00,2026-08-28T17:30:05.492773+00:00,3.789506998145953,APPROVED,
postgres,1331,0,2026-08-28T17:30:05.492910+00:00,2026-08-28T17:30:05.499091+00:00,6.166193998069502,APPROVED,
voltdb,1331,0,2026-08-28T17:30:05.499178+00:00,2026-08-28T17:30:05.504382+00:00,5.192898999666795,APPROVED,
postgres,1332,0,2026-08-28T17:30:05.504484+00:00,2026-08-28T17:30:05.507664+00:00,3.170025011058897,APPROVED,
voltdb,1332,0,2026-08-28T17:30:05.507747+00:00,2026-08-28T17:30:05.511915+00:00,4.156542010605335,APPROVED,
postgres,1334,0,2026-08-28T17:30:05.512090+00:00,2026-08-28T17:30:05.518858+00:00,6.754638001439162,APPROVED,
voltdb,1334,0,2026-08-28T17:30:05.518978+00:00,2026-08-28T17:30:05.522969+00:00,3.9818580116843805,APPROVED,
postgres,1336,0,2026-08-28T17:30:05.523147+00:00,2026-08-28T17:30:05.526886+00:00,3.7245470011839643,REVIEW,
voltdb,1336,0,2026-08-28T17:30:05.526965+00:00,2026-08-28T17:30:05.538367+00:00,11.391267005819827,REVIEW,
postgres,1339,0,2026-08-28T17:30:05.538477+00:00,2026-08-28T17:30:05.541741+00:00,3.2534550118725747,APPROVED,
voltdb,1339,0,2026-08-28T17:30:05.541826+00:00,2026-08-28T17:30:05.546410+00:00,4.573609010549262,APPROVED,
postgres,1340,0,2026-08-28T17:30:05.546564+00:00,2026-08-28T17:30:05.552396+00:00,5.818878998979926,APPROVED,
voltdb,1340,0,2026-08-28T17:30:05.552483+00:00,2026-08-28T17:30:05.556886+00:00,4.393691997393034,APPROVED,
postgres,1343,0,2026-08-28T17:30:05.556990+00:00,2026-08-28T17:30:05.560431+00:00,3.4305599983781576,APPROVED,
voltdb,1343,0,2026-08-28T17:30:05.560510+00:00,2026-08-28T17:30:05.566970+00:00,6.451074994402006,APPROVED,
postgres,1345,0,2026-08-28T17:30:05.567083+00:00,2026-08-28T17:30:05.571564+00:00,4.4693849922623485,APPROVED,
voltdb,1345,0,2026-08-28T17:30:05.571638+00:00,2026-08-28T17:30:05.575671+00:00,4.024459994980134,APPROVED,
postgres,1346,0,2026-08-28T17:30:05.575779+00:00,2026-08-28T17:30:05.580354+00:00,4.562747999443673,APPROVED,
voltdb,1346,0,2026-08-28T17:30:05.580450+00:00,2026-08-28T17:30:05.586397+00:00,5.937626003287733,APPROVED,
postgres,1347,0,2026-08-28T17:30:05.586575+00:00,2026-08-28T17:30:05.590119+00:00,3.521480000927113,APPROVED,
voltdb,1347,0,2026-08-28T17:30:05.590197+00:00,2026-08-28T17:30:05.594003+00:00,3.7955660081934184,APPROVED,
postgres,1349,0,2026-08-28T17:30:05.594200+00:00,2026-08-28T17:30:05.600781+00:00,6.5612229955149814,APPROVED,
voltdb,1349,0,2026-08-28T17:30:05.600891+00:00,2026-08-28T17:30:05.604969+00:00,4.038311002659611,APPROVED,
postgres,1351,0,2026-08-28T17:30:05.605076+00:00,2026-08-28T17:30:05.608450+00:00,3.3629999961704016,REVIEW,
voltdb,1351,0,2026-08-28T17:30:05.608525+00:00,2026-08-28T17:30:05.618256+00:00,9.71875200048089,REVIEW,
postgres,1352,0,2026-08-28T17:30:05.618411+00:00,2026-08-28T17:30:05.621988+00:00,3.5617609973996878,APPROVED,
voltdb,1352,0,2026-08-28T17:30:05.622070+00:00,2026-08-28T17:30:05.625747+00:00,3.668403995106928,APPROVED,
postgres,1353,0,2026-08-28T17:30:05.625854+00:00,2026-08-28T17:30:05.630016+00:00,4.150296008447185,APPROVED,
voltdb,1353,0,2026-08-28T17:30:05.630186+00:00,2026-08-28T17:30:05.635332+00:00,5.130592995556071,APPROVED,
postgres,1354,0,2026-08-28T17:30:05.635428+00:00,2026-08-28T17:30:05.638570+00:00,3.119329994660802,APPROVED,
voltdb,1354,0,2026-08-28T17:30:05.638646+00:00,2026-08-28T17:30:05.642407+00:00,3.7516679876716807,APPROVED,
postgres,1356,0,2026-08-28T17:30:05.642542+00:00,2026-08-28T17:30:05.647905+00:00,5.350860999897122,APPROVED,
voltdb,1356,0,2026-08-28T17:30:05.647991+00:00,2026-08-28T17:30:05.652953+00:00,4.952589995809831,APPROVED,
postgres,1357,0,2026-08-28T17:30:05.653109+00:00,2026-08-28T17:30:05.656350+00:00,3.212142997654155,APPROVED,
voltdb,1357,0,2026-08-28T17:30:05.656452+00:00,2026-08-28T17:30:05.660698+00:00,4.231801009154879,APPROVED,
postgres,1358,0,2026-08-28T17:30:05.660866+00:00,2026-08-28T17:30:05.669651+00:00,8.757058007176965,APPROVED,
voltdb,1358,0,2026-08-28T17:30:05.669765+00:00,2026-08-28T17:30:05.675293+00:00,5.444505994091742,APPROVED,
postgres,1359,0,2026-08-28T17:30:05.675502+00:00,2026-08-28T17:30:05.682459+00:00,6.9343000068329275,APPROVED,
voltdb,1359,0,2026-08-28T17:30:05.682547+00:00,2026-08-28T17:30:05.687807+00:00,5.250536996754818,APPROVED,
postgres,1360,0,2026-08-28T17:30:05.687938+00:00,2026-08-28T17:30:05.691467+00:00,3.5184830048820004,APPROVED,
voltdb,1360,0,2026-08-28T17:30:05.691548+00:00,2026-08-28T17:30:05.696068+00:00,4.509936989052221,APPROVED,
postgres,1361,0,2026-08-28T17:30:05.696367+00:00,2026-08-28T17:30:05.702170+00:00,5.702194001059979,APPROVED,
voltdb,1361,0,2026-08-28T17:30:05.702348+00:00,2026-08-28T17:30:05.706963+00:00,4.599036008585244,APPROVED,
postgres,1362,0,2026-08-28T17:30:05.707069+00:00,2026-08-28T17:30:05.710506+00:00,3.426478011533618,APPROVED,
voltdb,1362,0,2026-08-28T17:30:05.710581+00:00,2026-08-28T17:30:05.717352+00:00,6.7607740056701005,APPROVED,
postgres,1363,0,2026-08-28T17:30:05.717678+00:00,2026-08-28T17:30:05.722662+00:00,4.97064100636635,APPROVED,
voltdb,1363,0,2026-08-28T17:30:05.722767+00:00,2026-08-28T17:30:05.726928+00:00,4.1153280035359785,APPROVED,
postgres,1365,0,2026-08-28T17:30:05.727033+00:00,2026-08-28T17:30:05.733469+00:00,6.4223770023090765,REVIEW,
voltdb,1365,0,2026-08-28T17:30:05.733560+00:00,2026-08-28T17:30:05.745651+00:00,12.081812004907988,REVIEW,
postgres,1366,0,2026-08-28T17:30:05.745876+00:00,2026-08-28T17:30:05.751535+00:00,5.640321003738791,APPROVED,
voltdb,1366,0,2026-08-28T17:30:05.751620+00:00,2026-08-28T17:30:05.757503+00:00,5.8732019970193505,APPROVED,
postgres,1367,0,2026-08-28T17:30:05.757604+00:00,2026-08-28T17:30:05.762345+00:00,4.729149004560895,APPROVED,
voltdb,1367,0,2026-08-28T17:30:05.762436+00:00,2026-08-28T17:30:05.769690+00:00,7.243371001095511,APPROVED,
postgres,1368,0,2026-08-28T17:30:05.769815+00:00,2026-08-28T17:30:05.773769+00:00,3.9443279965780675,APPROVED,
voltdb,1368,0,2026-08-28T17:30:05.773843+00:00,2026-08-28T17:30:05.779280+00:00,5.42715800111182,APPROVED,
postgres,1371,0,2026-08-28T17:30:05.779517+00:00,2026-08-28T17:30:05.785703+00:00,6.165745013277046,APPROVED,
voltdb,1371,0,2026-08-28T17:30:05.785789+00:00,2026-08-28T17:30:05.791596+00:00,5.7948809990193695,APPROVED,
postgres,1373,0,2026-08-28T17:30:05.791776+00:00,2026-08-28T17:30:05.799069+00:00,7.27242800348904,APPROVED,
voltdb,1373,0,2026-08-28T17:30:05.799175+00:00,2026-08-28T17:30:05.805045+00:00,5.861575991730206,APPROVED,
postgres,1374,0,2026-08-28T17:30:05.805175+00:00,2026-08-28T17:30:05.809335+00:00,4.147985004237853,APPROVED,
voltdb,1374,0,2026-08-28T17:30:05.809435+00:00,2026-08-28T17:30:05.817195+00:00,7.749905998934992,APPROVED,
postgres,1375,0,2026-08-28T17:30:05.817766+00:00,2026-08-28T17:30:05.823900+00:00,6.112778995884582,BLOCKED,
voltdb,1375,0,2026-08-28T17:30:05.823987+00:00,2026-08-28T17:30:05.835587+00:00,11.590071997488849,BLOCKED,
postgres,1376,0,2026-08-28T17:30:05.835726+00:00,2026-08-28T17:30:05.840793+00:00,5.0557789945742115,APPROVED,
voltdb,1376,0,2026-08-28T17:30:05.840867+00:00,2026-08-28T17:30:05.845518+00:00,4.609059993526898,APPROVED,
postgres,1377,0,2026-08-28T17:30:05.845712+00:00,2026-08-28T17:30:05.853331+00:00,7.601071993121877,REVIEW,
voltdb,1377,0,2026-08-28T17:30:05.853386+00:00,2026-08-28T17:30:05.864106+00:00,10.71394799510017,REVIEW,
postgres,1378,0,2026-08-28T17:30:05.864288+00:00,2026-08-28T17:30:05.871289+00:00,6.905021000420675,APPROVED,
voltdb,1378,0,2026-08-28T17:30:05.871464+00:00,2026-08-28T17:30:05.876674+00:00,5.199003993766382,APPROVED,
postgres,1379,0,2026-08-28T17:30:05.876817+00:00,2026-08-28T17:30:05.882700+00:00,5.868912994628772,APPROVED,
voltdb,1379,0,2026-08-28T17:30:05.882786+00:00,2026-08-28T17:30:05.889459+00:00,6.664080996415578,APPROVED,
postgres,1381,0,2026-08-28T17:30:05.889578+00:00,2026-08-28T17:30:05.893632+00:00,4.041829990455881,APPROVED,
voltdb,1381,0,2026-08-28T17:30:05.893716+00:00,2026-08-28T17:30:05.900968+00:00,7.241571991471574,APPROVED,
postgres,1383,0,2026-08-28T17:30:05.901079+00:00,2026-08-28T17:30:05.906844+00:00,5.75229300011415,APPROVED,
voltdb,1383,0,2026-08-28T17:30:05.906946+00:00,2026-08-28T17:30:05.912204+00:00,5.247281005722471,APPROVED,
postgres,1386,0,2026-08-28T17:30:05.912389+00:00,2026-08-28T17:30:05.918286+00:00,5.86373099940829,APPROVED,
voltdb,1386,0,2026-08-28T17:30:05.918422+00:00,2026-08-28T17:30:05.923454+00:00,5.021143995691091,APPROVED,
postgres,1389,0,2026-08-28T17:30:05.923553+00:00,2026-08-28T17:30:05.926743+00:00,3.1801279983483255,APPROVED,
voltdb,1389,0,2026-08-28T17:30:05.926819+00:00,2026-08-28T17:30:05.932331+00:00,5.503245003637858,APPROVED,
postgres,1390,0,2026-08-28T17:30:05.932585+00:00,2026-08-28T17:30:05.937149+00:00,4.548144002910703,APPROVED,
voltdb,1390,0,2026-08-28T17:30:05.937227+00:00,2026-08-28T17:30:05.940918+00:00,3.681856003822759,APPROVED,
postgres,1391,0,2026-08-28T17:30:05.941074+00:00,2026-08-28T17:30:05.944548+00:00,3.459108993411064,APPROVED,
voltdb,1391,0,2026-08-28T17:30:05.944691+00:00,2026-08-28T17:30:05.951690+00:00,6.97822000074666,APPROVED,
postgres,1392,0,2026-08-28T17:30:05.951802+00:00,2026-08-28T17:30:05.954977+00:00,3.1634250044589862,APPROVED,
voltdb,1392,0,2026-08-28T17:30:05.955052+00:00,2026-08-28T17:30:05.958999+00:00,3.937874993425794,APPROVED,
postgres,1393,0,2026-08-28T17:30:05.959167+00:00,2026-08-28T17:30:05.966201+00:00,7.017922995146364,APPROVED,
voltdb,1393,0,2026-08-28T17:30:05.966292+00:00,2026-08-28T17:30:05.971578+00:00,5.275752992019989,APPROVED,
postgres,1397,0,2026-08-28T17:30:05.971688+00:00,2026-08-28T17:30:05.975810+00:00,4.110048990696669,APPROVED,
voltdb,1397,0,2026-08-28T17:30:05.975888+00:00,2026-08-28T17:30:05.981829+00:00,5.929922001087107,APPROVED,
postgres,1398,0,2026-08-28T17:30:05.982159+00:00,2026-08-28T17:30:05.987589+00:00,5.403950999607332,APPROVED,
voltdb,1398,0,2026-08-28T17:30:05.987686+00:00,2026-08-28T17:30:05.992603+00:00,4.904426998109557,APPROVED,
postgres,1399,0,2026-08-28T17:30:05.992713+00:00,2026-08-28T17:30:05.999803+00:00,7.077461006701924,APPROVED,
voltdb,1399,0,2026-08-28T17:30:05.999891+00:00,2026-08-28T17:30:06.005069+00:00,5.1693150016944855,APPROVED,
