target,transaction_id,fraud_label,start_time,end_time,latency_ms,status,error
postgres,1,0,2026-08-28T15:54:28.412566+00:00,2026-08-28T15:54:28.449008+00:00,36.41859100025613,APPROVED,
voltdb,1,0,2026-08-28T15:54:28.449128+00:00,2026-08-28T15:54:28.684204+00:00,235.06214999360964,APPROVED,
postgres,2,0,2026-08-28T15:54:28.684318+00:00,2026-08-28T15:54:28.689587+00:00,5.257580007310025,APPROVED,
voltdb,2,0,2026-08-28T15:54:28.689686+00:00,2026-08-28T15:54:28.723675+00:00,33.97956900880672,APPROVED,
postgres,5,0,2026-08-28T15:54:28.723777+00:00,2026-08-28T15:54:28.728771+00:00,4.983033999451436,APPROVED,
voltdb,5,0,2026-08-28T15:54:28.728847+00:00,2026-08-28T15:54:28.760681+00:00,31.82431700406596,APPROVED,
postgres,6,0,2026-08-28T15:54:28.760945+00:00,2026-08-28T15:54:28.765360+00:00,4.395953001221642,APPROVED,
voltdb,6,0,2026-08-28T15:54:28.765456+00:00,2026-08-28T15:54:28.792372+00:00,26.907763007329777,APPROVED,
postgres,7,0,2026-08-28T15:54:28.792437+00:00,2026-08-28T15:54:28.796785+00:00,4.340365994721651,APPROVED,
voltdb,7,0,2026-08-28T15:54:28.796856+00:00,2026-08-28T15:54:28.825761+00:00,28.895998999360017,APPROVED,
postgres,8,0,2026-08-28T15:54:28.825894+00:00,2026-08-28T15:54:28.831928+00:00,6.020526998327114,APPROVED,
voltdb,8,0,2026-08-28T15:54:28.832054+00:00,2026-08-28T15:54:28.864897+00:00,32.827176997670904,APPROVED,
postgres,10,0,2026-08-28T15:54:28.865154+00:00,2026-08-28T15:54:28.870154+00:00,4.984677012544125,APPROVED,
voltdb,10,0,2026-08-28T15:54:28.870256+00:00,2026-08-28T15:54:28.896962+00:00,26.697590001276694,APPROVED,
postgres,13,0,2026-08-28T15:54:28.897113+00:00,2026-08-28T15:54:28.901919+00:00,4.792706007719971,APPROVED,
voltdb,13,0,2026-08-28T15:54:28.902056+00:00,2026-08-28T15:54:28.927393+00:00,25.326808987301774,APPROVED,
postgres,16,0,2026-08-28T15:54:28.927477+00:00,2026-08-28T15:54:28.931786+00:00,4.297906998544931,APPROVED,
voltdb,16,0,2026-08-28T15:54:28.931860+00:00,2026-08-28T15:54:28.958922+00:00,27.05249100108631,APPROVED,
postgres,17,1,2026-08-28T15:54:28.959071+00:00,2026-08-28T15:54:28.966107+00:00,7.021368001005612,BLOCKED,
voltdb,17,1,2026-08-28T15:54:28.966180+00:00,2026-08-28T15:54:29.000255+00:00,34.06340000219643,BLOCKED,
postgres,18,0,2026-08-28T15:54:29.000484+00:00,2026-08-28T15:54:29.005293+00:00,4.793152998900041,APPROVED,
voltdb,18,0,2026-08-28T15:54:29.005362+00:00,2026-08-28T15:54:29.033733+00:00,28.361884993501008,APPROVED,
postgres,20,0,2026-08-28T15:54:29.034075+00:00,2026-08-28T15:54:29.042629+00:00,8.536476001609117,APPROVED,
voltdb,20,0,2026-08-28T15:54:29.042719+00:00,2026-08-28T15:54:29.068181+00:00,25.450482993619516,APPROVED,
postgres,23,0,2026-08-28T15:54:29.068320+00:00,2026-08-28T15:54:29.073147+00:00,4.812298997421749,APPROVED,
voltdb,23,0,2026-08-28T15:54:29.073234+00:00,2026-08-28T15:54:29.099484+00:00,26.239917002385482,APPROVED,
postgres,25,0,2026-08-28T15:54:29.099603+00:00,2026-08-28T15:54:29.104698+00:00,5.078741989564151,APPROVED,
voltdb,25,0,2026-08-28T15:54:29.104772+00:00,2026-08-28T15:54:29.130478+00:00,25.697703007608652,APPROVED,
postgres,26,0,2026-08-28T15:54:29.130589+00:00,2026-08-28T15:54:29.134614+00:00,4.010753997135907,APPROVED,
voltdb,26,0,2026-08-28T15:54:29.134769+00:00,2026-08-28T15:54:29.161418+00:00,26.63607499562204,APPROVED,
postgres,27,0,2026-08-28T15:54:29.161780+00:00,2026-08-28T15:54:29.166559+00:00,4.758242008392699,APPROVED,
voltdb,27,0,2026-08-28T15:54:29.166653+00:00,2026-08-28T15:54:29.191939+00:00,25.27650100819301,APPROVED,
postgres,28,0,2026-08-28T15:54:29.192044+00:00,2026-08-28T15:54:29.197581+00:00,5.525806991499849,APPROVED,
voltdb,28,0,2026-08-28T15:54:29.197649+00:00,2026-08-28T15:54:29.223878+00:00,26.21957600058522,APPROVED,
postgres,29,0,2026-08-28T15:54:29.224019+00:00,2026-08-28T15:54:29.228988+00:00,4.95782500365749,APPROVED,
voltdb,29,0,2026-08-28T15:54:29.229080+00:00,2026-08-28T15:54:29.252623+00:00,23.529851008788683,APPROVED,
postgres,30,0,2026-08-28T15:54:29.252733+00:00,2026-08-28T15:54:29.258319+00:00,5.574353999691084,APPROVED,
voltdb,30,0,2026-08-28T15:54:29.258385+00:00,2026-08-28T15:54:29.285643+00:00,27.249537000898272,APPROVED,
postgres,31,0,2026-08-28T15:54:29.285761+00:00,2026-08-28T15:54:29.290942+00:00,5.168791001779027,REVIEW,
voltdb,31,0,2026-08-28T15:54:29.291041+00:00,2026-08-28T15:54:29.323213+00:00,32.163917989237234,REVIEW,
postgres,32,0,2026-08-28T15:54:29.323322+00:00,2026-08-28T15:54:29.327780+00:00,4.444293997948989,APPROVED,
voltdb,32,0,2026-08-28T15:54:29.327874+00:00,2026-08-28T15:54:29.354387+00:00,26.498214007006027,APPROVED,
postgres,33,0,2026-08-28T15:54:29.354622+00:00,2026-08-28T15:54:29.358775+00:00,4.138882999541238,APPROVED,
voltdb,33,0,2026-08-28T15:54:29.358874+00:00,2026-08-28T15:54:29.384135+00:00,25.25114201125689,APPROVED,
postgres,34,0,2026-08-28T15:54:29.384246+00:00,2026-08-28T15:54:29.388572+00:00,4.310958000132814,APPROVED,
voltdb,34,0,2026-08-28T15:54:29.388659+00:00,2026-08-28T15:54:29.413673+00:00,25.00243099348154,APPROVED,
postgres,35,0,2026-08-28T15:54:29.413839+00:00,2026-08-28T15:54:29.427562+00:00,13.705756005947478,APPROVED,
voltdb,35,0,2026-08-28T15:54:29.427749+00:00,2026-08-28T15:54:29.452583+00:00,24.81848500610795,APPROVED,
postgres,36,0,2026-08-28T15:54:29.452707+00:00,2026-08-28T15:54:29.458356+00:00,5.634614004520699,APPROVED,
voltdb,36,0,2026-08-28T15:54:29.458426+00:00,2026-08-28T15:54:29.482701+00:00,24.23505201295484,APPROVED,
postgres,37,0,2026-08-28T15:54:29.482822+00:00,2026-08-28T15:54:29.486963+00:00,4.1272129892604426,APPROVED,
voltdb,37,0,2026-08-28T15:54:29.487040+00:00,2026-08-28T15:54:29.511841+00:00,24.786675989162177,APPROVED,
postgres,38,0,2026-08-28T15:54:29.512110+00:00,2026-08-28T15:54:29.516741+00:00,4.609855997841805,APPROVED,
voltdb,38,0,2026-08-28T15:54:29.516837+00:00,2026-08-28T15:54:29.541485+00:00,24.63878299749922,APPROVED,
postgres,39,0,2026-08-28T15:54:29.541588+00:00,2026-08-28T15:54:29.546031+00:00,4.434785005287267,APPROVED,
voltdb,39,0,2026-08-28T15:54:29.546099+00:00,2026-08-28T15:54:29.571222+00:00,25.114284988376312,APPROVED,
postgres,41,0,2026-08-28T15:54:29.571318+00:00,2026-08-28T15:54:29.577210+00:00,5.880555996554904,APPROVED,
voltdb,41,0,2026-08-28T15:54:29.577284+00:00,2026-08-28T15:54:29.601837+00:00,24.544528001570143,APPROVED,
postgres,44,0,2026-08-28T15:54:29.601953+00:00,2026-08-28T15:54:29.605567+00:00,3.601054006139748,APPROVED,
voltdb,44,0,2026-08-28T15:54:29.605674+00:00,2026-08-28T15:54:29.630678+00:00,24.995077998028137,APPROVED,
postgres,45,0,2026-08-28T15:54:29.630791+00:00,2026-08-28T15:54:29.636407+00:00,5.600455988314934,APPROVED,
voltdb,45,0,2026-08-28T15:54:29.636544+00:00,2026-08-28T15:54:29.660809+00:00,24.25394600140862,APPROVED,
postgres,46,0,2026-08-28T15:54:29.661108+00:00,2026-08-28T15:54:29.666824+00:00,5.657681991579011,REVIEW,
voltdb,46,0,2026-08-28T15:54:29.666974+00:00,2026-08-28T15:54:29.703741+00:00,36.75445599947125,REVIEW,
postgres,47,0,2026-08-28T15:54:29.703870+00:00,2026-08-28T15:54:29.708565+00:00,4.566477000480518,APPROVED,
voltdb,47,0,2026-08-28T15:54:29.708686+00:00,2026-08-28T15:54:29.733454+00:00,24.755220001679845,APPROVED,
postgres,49,0,2026-08-28T15:54:29.733594+00:00,2026-08-28T15:54:29.739162+00:00,5.553591006901115,APPROVED,
voltdb,49,0,2026-08-28T15:54:29.739247+00:00,2026-08-28T15:54:29.763505+00:00,24.249499998404644,APPROVED,
postgres,50,0,2026-08-28T15:54:29.763598+00:00,2026-08-28T15:54:29.767626+00:00,4.016103994217701,APPROVED,
voltdb,50,0,2026-08-28T15:54:29.768173+00:00,2026-08-28T15:54:29.794130+00:00,25.93406499363482,APPROVED,
postgres,52,0,2026-08-28T15:54:29.794226+00:00,2026-08-28T15:54:29.798368+00:00,4.132485002628528,APPROVED,
voltdb,52,0,2026-08-28T15:54:29.798437+00:00,2026-08-28T15:54:29.822339+00:00,23.893360994406976,APPROVED,
postgres,53,0,2026-08-28T15:54:29.822468+00:00,2026-08-28T15:54:29.826388+00:00,3.904600001988001,APPROVED,
voltdb,53,0,2026-08-28T15:54:29.828049+00:00,2026-08-28T15:54:29.854495+00:00,26.416377004352398,APPROVED,
postgres,54,1,2026-08-28T15:54:29.854696+00:00,2026-08-28T15:54:29.859871+00:00,5.159335007192567,REVIEW,
voltdb,54,1,2026-08-28T15:54:29.859945+00:00,2026-08-28T15:54:29.890108+00:00,30.154224994475953,REVIEW,
postgres,56,0,2026-08-28T15:54:29.890310+00:00,2026-08-28T15:54:29.894607+00:00,4.281638000975363,APPROVED,
voltdb,56,0,2026-08-28T15:54:29.894684+00:00,2026-08-28T15:54:29.917536+00:00,22.842129998025484,APPROVED,
postgres,58,0,2026-08-28T15:54:29.917658+00:00,2026-08-28T15:54:29.921851+00:00,4.177891998551786,APPROVED,
voltdb,58,0,2026-08-28T15:54:29.922040+00:00,2026-08-28T15:54:29.947923+00:00,25.781806994928047,APPROVED,
postgres,59,0,2026-08-28T15:54:29.948121+00:00,2026-08-28T15:54:29.952719+00:00,4.579896994982846,APPROVED,
voltdb,59,0,2026-08-28T15:54:29.952798+00:00,2026-08-28T15:54:29.976226+00:00,23.417798991431482,APPROVED,
postgres,61,0,2026-08-28T15:54:29.976350+00:00,2026-08-28T15:54:29.979812+00:00,3.4465670032659546,APPROVED,
voltdb,61,0,2026-08-28T15:54:29.979918+00:00,2026-08-28T15:54:30.005509+00:00,25.58014499663841,APPROVED,
postgres,62,0,2026-08-28T15:54:30.005603+00:00,2026-08-28T15:54:30.009502+00:00,3.888043007464148,APPROVED,
voltdb,62,0,2026-08-28T15:54:30.009586+00:00,2026-08-28T15:54:30.032736+00:00,23.140876000979915,APPROVED,
postgres,63,0,2026-08-28T15:54:30.032852+00:00,2026-08-28T15:54:30.037306+00:00,4.442669989657588,APPROVED,
voltdb,63,0,2026-08-28T15:54:30.037380+00:00,2026-08-28T15:54:30.060087+00:00,22.697224994772114,APPROVED,
postgres,64,0,2026-08-28T15:54:30.060192+00:00,2026-08-28T15:54:30.065127+00:00,4.925314002321102,APPROVED,
voltdb,64,0,2026-08-28T15:54:30.065196+00:00,2026-08-28T15:54:30.089017+00:00,23.812209998141043,APPROVED,
postgres,66,0,2026-08-28T15:54:30.089216+00:00,2026-08-28T15:54:30.094235+00:00,5.000442994059995,REVIEW,
voltdb,66,0,2026-08-28T15:54:30.094350+00:00,2026-08-28T15:54:30.124095+00:00,29.707698995480314,REVIEW,
postgres,67,0,2026-08-28T15:54:30.124193+00:00,2026-08-28T15:54:30.128557+00:00,4.35271899914369,APPROVED,
voltdb,67,0,2026-08-28T15:54:30.128650+00:00,2026-08-28T15:54:30.154721+00:00,26.057688999571837,APPROVED,
postgres,68,0,2026-08-28T15:54:30.154864+00:00,2026-08-28T15:54:30.162835+00:00,7.953844993608072,APPROVED,
voltdb,68,0,2026-08-28T15:54:30.162988+00:00,2026-08-28T15:54:30.188030+00:00,25.025609007570893,APPROVED,
postgres,69,0,2026-08-28T15:54:30.188240+00:00,2026-08-28T15:54:30.193251+00:00,4.994336995878257,APPROVED,
voltdb,69,0,2026-08-28T15:54:30.193325+00:00,2026-08-28T15:54:30.214722+00:00,21.38586199725978,APPROVED,
postgres,70,0,2026-08-28T15:54:30.214854+00:00,2026-08-28T15:54:30.218923+00:00,4.055960002006032,REVIEW,
voltdb,70,0,2026-08-28T15:54:30.219007+00:00,2026-08-28T15:54:30.252703+00:00,33.685301008517854,REVIEW,
postgres,72,0,2026-08-28T15:54:30.252787+00:00,2026-08-28T15:54:30.257667+00:00,4.869495998718776,APPROVED,
voltdb,72,0,2026-08-28T15:54:30.257768+00:00,2026-08-28T15:54:30.289036+00:00,31.254501998773776,APPROVED,
postgres,73,0,2026-08-28T15:54:30.289234+00:00,2026-08-28T15:54:30.294700+00:00,5.444460999569856,APPROVED,
voltdb,73,0,2026-08-28T15:54:30.294858+00:00,2026-08-28T15:54:30.322743+00:00,27.864869000040926,APPROVED,
postgres,76,0,2026-08-28T15:54:30.322837+00:00,2026-08-28T15:54:30.329032+00:00,6.180166004924104,APPROVED,
voltdb,76,0,2026-08-28T15:54:30.329172+00:00,2026-08-28T15:54:30.355948+00:00,26.739597000414506,APPROVED,
postgres,77,0,2026-08-28T15:54:30.356662+00:00,2026-08-28T15:54:30.360355+00:00,3.6676659947261214,APPROVED,
voltdb,77,0,2026-08-28T15:54:30.360461+00:00,2026-08-28T15:54:30.385197+00:00,24.72464699530974,APPROVED,
postgres,78,1,2026-08-28T15:54:30.385297+00:00,2026-08-28T15:54:30.390636+00:00,5.328384999302216,REVIEW,
voltdb,78,1,2026-08-28T15:54:30.390712+00:00,2026-08-28T15:54:30.420425+00:00,29.703142994549125,REVIEW,
postgres,79,0,2026-08-28T15:54:30.420552+00:00,2026-08-28T15:54:30.425072+00:00,4.5040200056973845,APPROVED,
voltdb,79,0,2026-08-28T15:54:30.425175+00:00,2026-08-28T15:54:30.449876+00:00,24.687545010237955,APPROVED,
postgres,80,0,2026-08-28T15:54:30.449968+00:00,2026-08-28T15:54:30.454673+00:00,4.693124006735161,APPROVED,
voltdb,80,0,2026-08-28T15:54:30.454762+00:00,2026-08-28T15:54:30.478371+00:00,23.586857001646422,APPROVED,
postgres,81,0,2026-08-28T15:54:30.478458+00:00,2026-08-28T15:54:30.483717+00:00,5.248795991064981,APPROVED,
voltdb,81,0,2026-08-28T15:54:30.483822+00:00,2026-08-28T15:54:30.507903+00:00,24.07185900665354,APPROVED,
postgres,82,1,2026-08-28T15:54:30.508076+00:00,2026-08-28T15:54:30.512899+00:00,4.808312995010056,REVIEW,
voltdb,82,1,2026-08-28T15:54:30.512971+00:00,2026-08-28T15:54:30.544278+00:00,31.298542002332397,REVIEW,
postgres,83,0,2026-08-28T15:54:30.544371+00:00,2026-08-28T15:54:30.548927+00:00,4.4843259966000915,APPROVED,
voltdb,83,0,2026-08-28T15:54:30.549005+00:00,2026-08-28T15:54:30.571206+00:00,22.18644200183917,APPROVED,
postgres,84,0,2026-08-28T15:54:30.571298+00:00,2026-08-28T15:54:30.576345+00:00,5.034286004956812,APPROVED,
voltdb,84,0,2026-08-28T15:54:30.576499+00:00,2026-08-28T15:54:30.598566+00:00,22.05745100218337,APPROVED,
postgres,86,0,2026-08-28T15:54:30.598668+00:00,2026-08-28T15:54:30.603755+00:00,5.077237001387402,APPROVED,
voltdb,86,0,2026-08-28T15:54:30.603825+00:00,2026-08-28T15:54:30.631319+00:00,27.484033998916857,APPROVED,
postgres,87,0,2026-08-28T15:54:30.631492+00:00,2026-08-28T15:54:30.638257+00:00,6.746729995938949,REVIEW,
voltdb,87,0,2026-08-28T15:54:30.638353+00:00,2026-08-28T15:54:30.687940+00:00,49.5740990008926,REVIEW,
postgres,89,0,2026-08-28T15:54:30.688371+00:00,2026-08-28T15:54:30.695921+00:00,7.526104003773071,APPROVED,
voltdb,89,0,2026-08-28T15:54:30.696316+00:00,2026-08-28T15:54:30.724635+00:00,28.29843500512652,APPROVED,
postgres,90,0,2026-08-28T15:54:30.724732+00:00,2026-08-28T15:54:30.729493+00:00,4.749077997985296,APPROVED,
voltdb,90,0,2026-08-28T15:54:30.729623+00:00,2026-08-28T15:54:30.764687+00:00,35.0519979983801,APPROVED,
postgres,92,0,2026-08-28T15:54:30.764786+00:00,2026-08-28T15:54:30.769458+00:00,4.660866004996933,APPROVED,
voltdb,92,0,2026-08-28T15:54:30.769534+00:00,2026-08-28T15:54:30.796903+00:00,27.35502900031861,APPROVED,
postgres,93,0,2026-08-28T15:54:30.796979+00:00,2026-08-28T15:54:30.802231+00:00,5.2379539993125945,APPROVED,
voltdb,93,0,2026-08-28T15:54:30.802344+00:00,2026-08-28T15:54:30.826341+00:00,23.984430998098105,APPROVED,
postgres,94,0,2026-08-28T15:54:30.826434+00:00,2026-08-28T15:54:30.831968+00:00,5.52181999955792,APPROVED,
voltdb,94,0,2026-08-28T15:54:30.832514+00:00,2026-08-28T15:54:30.856542+00:00,24.007211002754048,APPROVED,
postgres,96,0,2026-08-28T15:54:30.856641+00:00,2026-08-28T15:54:30.859999+00:00,3.348213998833671,APPROVED,
voltdb,96,0,2026-08-28T15:54:30.860068+00:00,2026-08-28T15:54:30.879222+00:00,19.14544199826196,APPROVED,
postgres,98,0,2026-08-28T15:54:30.879316+00:00,2026-08-28T15:54:30.883444+00:00,4.1183010034728795,APPROVED,
voltdb,98,0,2026-08-28T15:54:30.883511+00:00,2026-08-28T15:54:30.903719+00:00,20.198277998133563,APPROVED,
postgres,101,0,2026-08-28T15:54:30.903854+00:00,2026-08-28T15:54:30.908390+00:00,4.492511987336911,APPROVED,
voltdb,101,0,2026-08-28T15:54:30.908480+00:00,2026-08-28T15:54:30.931921+00:00,23.431101988535374,APPROVED,
postgres,103,0,2026-08-28T15:54:30.932129+00:00,2026-08-28T15:54:30.937328+00:00,5.180150008527562,APPROVED,
voltdb,103,0,2026-08-28T15:54:30.937402+00:00,2026-08-28T15:54:30.960523+00:00,23.110150010325015,APPROVED,
postgres,104,0,2026-08-28T15:54:30.960665+00:00,2026-08-28T15:54:30.965576+00:00,4.896127997199073,APPROVED,
voltdb,104,0,2026-08-28T15:54:30.965673+00:00,2026-08-28T15:54:30.986245+00:00,20.56338200054597,APPROVED,
postgres,105,0,2026-08-28T15:54:30.986342+00:00,2026-08-28T15:54:30.990664+00:00,4.31073599611409,APPROVED,
voltdb,105,0,2026-08-28T15:54:30.990787+00:00,2026-08-28T15:54:31.008856+00:00,18.056787987006828,APPROVED,
postgres,107,0,2026-08-28T15:54:31.008956+00:00,2026-08-28T15:54:31.011927+00:00,2.9614219965878874,APPROVED,
voltdb,107,0,2026-08-28T15:54:31.012003+00:00,2026-08-28T15:54:31.030147+00:00,18.13506400503684,APPROVED,
postgres,109,0,2026-08-28T15:54:31.030306+00:00,2026-08-28T15:54:31.033390+00:00,3.0701349896844476,APPROVED,
voltdb,109,0,2026-08-28T15:54:31.033535+00:00,2026-08-28T15:54:31.051830+00:00,18.28229099919554,APPROVED,
postgres,110,0,2026-08-28T15:54:31.052023+00:00,2026-08-28T15:54:31.055629+00:00,3.588808001950383,APPROVED,
voltdb,110,0,2026-08-28T15:54:31.055705+00:00,2026-08-28T15:54:31.074664+00:00,18.93811700574588,APPROVED,
postgres,113,0,2026-08-28T15:54:31.074799+00:00,2026-08-28T15:54:31.078015+00:00,3.2034949981607497,APPROVED,
voltdb,113,0,2026-08-28T15:54:31.078083+00:00,2026-08-28T15:54:31.096464+00:00,18.372895996435545,APPROVED,
postgres,114,0,2026-08-28T15:54:31.096579+00:00,2026-08-28T15:54:31.099544+00:00,2.9494769987650216,APPROVED,
voltdb,114,0,2026-08-28T15:54:31.099614+00:00,2026-08-28T15:54:31.118681+00:00,19.05398200324271,APPROVED,
postgres,115,0,2026-08-28T15:54:31.118820+00:00,2026-08-28T15:54:31.122561+00:00,3.7290680047590286,APPROVED,
voltdb,115,0,2026-08-28T15:54:31.122635+00:00,2026-08-28T15:54:31.142502+00:00,19.85831699857954,APPROVED,
postgres,116,0,2026-08-28T15:54:31.142642+00:00,2026-08-28T15:54:31.145550+00:00,2.898833990911953,APPROVED,
voltdb,116,0,2026-08-28T15:54:31.145613+00:00,2026-08-28T15:54:31.164503+00:00,18.880205010646023,APPROVED,
postgres,117,0,2026-08-28T15:54:31.164692+00:00,2026-08-28T15:54:31.169157+00:00,4.450769003597088,APPROVED,
voltdb,117,0,2026-08-28T15:54:31.169364+00:00,2026-08-28T15:54:31.191153+00:00,21.743131001130678,APPROVED,
postgres,118,0,2026-08-28T15:54:31.191275+00:00,2026-08-28T15:54:31.195759+00:00,4.4712150120176375,APPROVED,
voltdb,118,0,2026-08-28T15:54:31.195886+00:00,2026-08-28T15:54:31.219215+00:00,23.31675900495611,APPROVED,
postgres,119,0,2026-08-28T15:54:31.219332+00:00,2026-08-28T15:54:31.223421+00:00,4.049277005833574,APPROVED,
voltdb,119,0,2026-08-28T15:54:31.223537+00:00,2026-08-28T15:54:31.247224+00:00,23.676564000197686,APPROVED,
postgres,120,0,2026-08-28T15:54:31.247346+00:00,2026-08-28T15:54:31.256100+00:00,8.73984101053793,APPROVED,
voltdb,120,0,2026-08-28T15:54:31.256289+00:00,2026-08-28T15:54:31.279444+00:00,23.110598005587235,APPROVED,
postgres,122,0,2026-08-28T15:54:31.279587+00:00,2026-08-28T15:54:31.283865+00:00,4.262324990122579,APPROVED,
voltdb,122,0,2026-08-28T15:54:31.284005+00:00,2026-08-28T15:54:31.304487+00:00,20.473167998716235,APPROVED,
postgres,123,0,2026-08-28T15:54:31.304602+00:00,2026-08-28T15:54:31.308256+00:00,3.637714995420538,APPROVED,
voltdb,123,0,2026-08-28T15:54:31.308557+00:00,2026-08-28T15:54:31.329767+00:00,21.194490007474087,APPROVED,
postgres,124,0,2026-08-28T15:54:31.329899+00:00,2026-08-28T15:54:31.335036+00:00,5.094998996355571,REVIEW,
voltdb,124,0,2026-08-28T15:54:31.335167+00:00,2026-08-28T15:54:31.362441+00:00,27.258875998086296,REVIEW,
postgres,125,0,2026-08-28T15:54:31.362542+00:00,2026-08-28T15:54:31.367588+00:00,5.031007996876724,APPROVED,
voltdb,125,0,2026-08-28T15:54:31.367662+00:00,2026-08-28T15:54:31.389970+00:00,22.29872898897156,APPROVED,
postgres,126,0,2026-08-28T15:54:31.390146+00:00,2026-08-28T15:54:31.393382+00:00,3.221858001779765,APPROVED,
voltdb,126,0,2026-08-28T15:54:31.393511+00:00,2026-08-28T15:54:31.411632+00:00,18.112260004272684,APPROVED,
postgres,127,0,2026-08-28T15:54:31.411758+00:00,2026-08-28T15:54:31.415590+00:00,3.8181229901965708,APPROVED,
voltdb,127,0,2026-08-28T15:54:31.415665+00:00,2026-08-28T15:54:31.434014+00:00,18.34031099861022,APPROVED,
postgres,128,0,2026-08-28T15:54:31.434116+00:00,2026-08-28T15:54:31.437533+00:00,3.4075360017595813,APPROVED,
voltdb,128,0,2026-08-28T15:54:31.437598+00:00,2026-08-28T15:54:31.455368+00:00,17.760745002306066,APPROVED,
postgres,130,0,2026-08-28T15:54:31.455585+00:00,2026-08-28T15:54:31.458544+00:00,2.942006991361268,APPROVED,
voltdb,130,0,2026-08-28T15:54:31.458608+00:00,2026-08-28T15:54:31.476542+00:00,17.925509993801825,APPROVED,
postgres,131,0,2026-08-28T15:54:31.476639+00:00,2026-08-28T15:54:31.479243+00:00,2.5944280059775338,APPROVED,
voltdb,131,0,2026-08-28T15:54:31.479304+00:00,2026-08-28T15:54:31.500685+00:00,21.373039999161847,APPROVED,
postgres,132,0,2026-08-28T15:54:31.500779+00:00,2026-08-28T15:54:31.504582+00:00,3.7935529981041327,APPROVED,
voltdb,132,0,2026-08-28T15:54:31.504647+00:00,2026-08-28T15:54:31.524606+00:00,19.914955002604984,APPROVED,
postgres,135,0,2026-08-28T15:54:31.524697+00:00,2026-08-28T15:54:31.528681+00:00,3.973932994995266,APPROVED,
voltdb,135,0,2026-08-28T15:54:31.528759+00:00,2026-08-28T15:54:31.547033+00:00,18.265499995322898,APPROVED,
postgres,136,0,2026-08-28T15:54:31.547422+00:00,2026-08-28T15:54:31.553275+00:00,5.828039997140877,APPROVED,
voltdb,136,0,2026-08-28T15:54:31.553349+00:00,2026-08-28T15:54:31.577445+00:00,24.086118006380275,APPROVED,
postgres,137,0,2026-08-28T15:54:31.577556+00:00,2026-08-28T15:54:31.582274+00:00,4.706791994976811,APPROVED,
voltdb,137,0,2026-08-28T15:54:31.582405+00:00,2026-08-28T15:54:31.600202+00:00,17.788753000786528,APPROVED,
postgres,139,0,2026-08-28T15:54:31.600295+00:00,2026-08-28T15:54:31.604256+00:00,3.952127997763455,APPROVED,
voltdb,139,0,2026-08-28T15:54:31.604322+00:00,2026-08-28T15:54:31.622766+00:00,18.43542599817738,APPROVED,
postgres,140,0,2026-08-28T15:54:31.622864+00:00,2026-08-28T15:54:31.625940+00:00,3.0670589912915602,APPROVED,
voltdb,140,0,2026-08-28T15:54:31.626007+00:00,2026-08-28T15:54:31.644495+00:00,18.479274993296713,APPROVED,
postgres,141,0,2026-08-28T15:54:31.644594+00:00,2026-08-28T15:54:31.647313+00:00,2.7094149991171435,APPROVED,
voltdb,141,0,2026-08-28T15:54:31.647382+00:00,2026-08-28T15:54:31.665502+00:00,18.111427998519503,APPROVED,
postgres,142,0,2026-08-28T15:54:31.665600+00:00,2026-08-28T15:54:31.669845+00:00,4.234535997966304,APPROVED,
voltdb,142,0,2026-08-28T15:54:31.669984+00:00,2026-08-28T15:54:31.689312+00:00,19.318596998346038,APPROVED,
postgres,143,0,2026-08-28T15:54:31.689412+00:00,2026-08-28T15:54:31.692285+00:00,2.8596159972948954,APPROVED,
voltdb,143,0,2026-08-28T15:54:31.692365+00:00,2026-08-28T15:54:31.713062+00:00,20.68817100371234,APPROVED,
postgres,144,0,2026-08-28T15:54:31.713164+00:00,2026-08-28T15:54:31.716641+00:00,3.467093003564514,APPROVED,
voltdb,144,0,2026-08-28T15:54:31.716713+00:00,2026-08-28T15:54:31.734188+00:00,17.465554003138095,APPROVED,
postgres,146,0,2026-08-28T15:54:31.734325+00:00,2026-08-28T15:54:31.738394+00:00,4.0540530026191846,APPROVED,
voltdb,146,0,2026-08-28T15:54:31.738468+00:00,2026-08-28T15:54:31.756487+00:00,18.010642001172528,APPROVED,
postgres,147,0,2026-08-28T15:54:31.756590+00:00,2026-08-28T15:54:31.759382+00:00,2.7821620024042204,APPROVED,
voltdb,147,0,2026-08-28T15:54:31.759453+00:00,2026-08-28T15:54:31.777403+00:00,17.940107005415484,APPROVED,
postgres,149,0,2026-08-28T15:54:31.777513+00:00,2026-08-28T15:54:31.780580+00:00,3.057287001865916,APPROVED,
voltdb,149,0,2026-08-28T15:54:31.780648+00:00,2026-08-28T15:54:31.798686+00:00,18.030088001978584,APPROVED,
postgres,150,0,2026-08-28T15:54:31.798786+00:00,2026-08-28T15:54:31.802662+00:00,3.86491599783767,APPROVED,
voltdb,150,0,2026-08-28T15:54:31.802748+00:00,2026-08-28T15:54:31.820579+00:00,17.821029003243893,APPROVED,
postgres,153,0,2026-08-28T15:54:31.820748+00:00,2026-08-28T15:54:31.824133+00:00,3.3699280029395595,APPROVED,
voltdb,153,0,2026-08-28T15:54:31.824201+00:00,2026-08-28T15:54:31.841612+00:00,17.401240998879075,APPROVED,
postgres,154,0,2026-08-28T15:54:31.841756+00:00,2026-08-28T15:54:31.845426+00:00,3.6560410080710426,APPROVED,
voltdb,154,0,2026-08-28T15:54:31.845494+00:00,2026-08-28T15:54:31.864486+00:00,18.98399699712172,APPROVED,
postgres,157,0,2026-08-28T15:54:31.864599+00:00,2026-08-28T15:54:31.868104+00:00,3.488014990580268,APPROVED,
voltdb,157,0,2026-08-28T15:54:31.868248+00:00,2026-08-28T15:54:31.889871+00:00,21.60697198996786,APPROVED,
postgres,158,0,2026-08-28T15:54:31.890022+00:00,2026-08-28T15:54:31.893806+00:00,3.7737089878646657,APPROVED,
voltdb,158,0,2026-08-28T15:54:31.893883+00:00,2026-08-28T15:54:31.913184+00:00,19.29152398952283,APPROVED,
postgres,159,0,2026-08-28T15:54:31.913330+00:00,2026-08-28T15:54:31.916647+00:00,3.3041800052160397,APPROVED,
voltdb,159,0,2026-08-28T15:54:31.916725+00:00,2026-08-28T15:54:31.933773+00:00,17.03935200930573,APPROVED,
postgres,160,0,2026-08-28T15:54:31.933873+00:00,2026-08-28T15:54:31.937848+00:00,3.966208008932881,APPROVED,
voltdb,160,0,2026-08-28T15:54:31.937969+00:00,2026-08-28T15:54:31.954748+00:00,16.77004899829626,APPROVED,
postgres,161,0,2026-08-28T15:54:31.954967+00:00,2026-08-28T15:54:31.958207+00:00,3.229833993827924,APPROVED,
voltdb,161,0,2026-08-28T15:54:31.958270+00:00,2026-08-28T15:54:31.977171+00:00,18.892244988819584,APPROVED,
postgres,162,0,2026-08-28T15:54:31.977264+00:00,2026-08-28T15:54:31.979926+00:00,2.651567992870696,APPROVED,
voltdb,162,0,2026-08-28T15:54:31.979994+00:00,2026-08-28T15:54:31.999098+00:00,19.0951969998423,APPROVED,
postgres,163,0,2026-08-28T15:54:31.999213+00:00,2026-08-28T15:54:32.003324+00:00,4.099600992049091,APPROVED,
voltdb,163,0,2026-08-28T15:54:32.003399+00:00,2026-08-28T15:54:32.022901+00:00,19.491030994686298,APPROVED,
postgres,164,0,2026-08-28T15:54:32.023008+00:00,2026-08-28T15:54:32.026601+00:00,3.5823330108541995,APPROVED,
voltdb,164,0,2026-08-28T15:54:32.026675+00:00,2026-08-28T15:54:32.046125+00:00,19.440565010881983,APPROVED,
postgres,166,0,2026-08-28T15:54:32.046223+00:00,2026-08-28T15:54:32.049720+00:00,3.4860940068028867,APPROVED,
voltdb,166,0,2026-08-28T15:54:32.049794+00:00,2026-08-28T15:54:32.066988+00:00,17.18500400602352,APPROVED,
postgres,167,0,2026-08-28T15:54:32.067097+00:00,2026-08-28T15:54:32.072355+00:00,5.242336002993397,APPROVED,
voltdb,167,0,2026-08-28T15:54:32.072432+00:00,2026-08-28T15:54:32.091293+00:00,18.851959001040086,APPROVED,
postgres,168,0,2026-08-28T15:54:32.091393+00:00,2026-08-28T15:54:32.095816+00:00,4.413193004438654,APPROVED,
voltdb,168,0,2026-08-28T15:54:32.096094+00:00,2026-08-28T15:54:32.114587+00:00,18.476512996130623,APPROVED,
postgres,169,0,2026-08-28T15:54:32.114714+00:00,2026-08-28T15:54:32.119019+00:00,4.292946992791258,APPROVED,
voltdb,169,0,2026-08-28T15:54:32.119092+00:00,2026-08-28T15:54:32.137016+00:00,17.914372991072014,APPROVED,
postgres,170,1,2026-08-28T15:54:32.137216+00:00,2026-08-28T15:54:32.140782+00:00,3.5529079905245453,REVIEW,
voltdb,170,1,2026-08-28T15:54:32.140855+00:00,2026-08-28T15:54:32.164592+00:00,23.728151005343534,REVIEW,
postgres,171,0,2026-08-28T15:54:32.164796+00:00,2026-08-28T15:54:32.168646+00:00,3.8042359956307337,APPROVED,
voltdb,171,0,2026-08-28T15:54:32.168767+00:00,2026-08-28T15:54:32.187689+00:00,18.911492996267043,APPROVED,
postgres,172,0,2026-08-28T15:54:32.187932+00:00,2026-08-28T15:54:32.192601+00:00,4.645822002203204,APPROVED,
voltdb,172,0,2026-08-28T15:54:32.192678+00:00,2026-08-28T15:54:32.211684+00:00,18.996951999724843,APPROVED,
postgres,173,0,2026-08-28T15:54:32.211860+00:00,2026-08-28T15:54:32.216022+00:00,4.146034989389591,APPROVED,
voltdb,173,0,2026-08-28T15:54:32.216106+00:00,2026-08-28T15:54:32.240370+00:00,24.255013006040826,APPROVED,
postgres,174,0,2026-08-28T15:54:32.240488+00:00,2026-08-28T15:54:32.245715+00:00,5.2129010000498965,APPROVED,
voltdb,174,0,2026-08-28T15:54:32.245813+00:00,2026-08-28T15:54:32.268340+00:00,22.515502001624554,APPROVED,
postgres,176,0,2026-08-28T15:54:32.268861+00:00,2026-08-28T15:54:32.273091+00:00,4.207288002362475,APPROVED,
voltdb,176,0,2026-08-28T15:54:32.273170+00:00,2026-08-28T15:54:32.294596+00:00,21.411756999441423,APPROVED,
postgres,177,0,2026-08-28T15:54:32.294867+00:00,2026-08-28T15:54:32.299912+00:00,5.025848004152067,APPROVED,
voltdb,177,0,2026-08-28T15:54:32.299990+00:00,2026-08-28T15:54:32.320749+00:00,20.75080800568685,APPROVED,
postgres,178,0,2026-08-28T15:54:32.320844+00:00,2026-08-28T15:54:32.327070+00:00,6.214913999428973,REVIEW,
voltdb,178,0,2026-08-28T15:54:32.327110+00:00,2026-08-28T15:54:32.354842+00:00,27.726009997422807,REVIEW,
postgres,179,0,2026-08-28T15:54:32.355057+00:00,2026-08-28T15:54:32.359829+00:00,4.757250004331581,APPROVED,
voltdb,179,0,2026-08-28T15:54:32.360000+00:00,2026-08-28T15:54:32.381185+00:00,21.17349099717103,APPROVED,
postgres,180,0,2026-08-28T15:54:32.381284+00:00,2026-08-28T15:54:32.385417+00:00,4.121281002881005,APPROVED,
voltdb,180,0,2026-08-28T15:54:32.385501+00:00,2026-08-28T15:54:32.406907+00:00,21.397692005848512,APPROVED,
postgres,181,0,2026-08-28T15:54:32.407082+00:00,2026-08-28T15:54:32.412456+00:00,5.36029900831636,REVIEW,
voltdb,181,0,2026-08-28T15:54:32.412541+00:00,2026-08-28T15:54:32.441501+00:00,28.949971005204134,REVIEW,
postgres,182,0,2026-08-28T15:54:32.441741+00:00,2026-08-28T15:54:32.446911+00:00,5.0995119963772595,APPROVED,
voltdb,182,0,2026-08-28T15:54:32.446983+00:00,2026-08-28T15:54:32.466963+00:00,19.97116800339427,APPROVED,
postgres,183,0,2026-08-28T15:54:32.467033+00:00,2026-08-28T15:54:32.472346+00:00,5.30225299007725,APPROVED,
voltdb,183,0,2026-08-28T15:54:32.472450+00:00,2026-08-28T15:54:32.491603+00:00,19.14101099828258,APPROVED,
postgres,185,0,2026-08-28T15:54:32.491737+00:00,2026-08-28T15:54:32.496417+00:00,4.661956001655199,APPROVED,
voltdb,185,0,2026-08-28T15:54:32.496503+00:00,2026-08-28T15:54:32.517272+00:00,20.75967800919898,APPROVED,
postgres,187,0,2026-08-28T15:54:32.517372+00:00,2026-08-28T15:54:32.522070+00:00,4.686529005994089,APPROVED,
voltdb,187,0,2026-08-28T15:54:32.522229+00:00,2026-08-28T15:54:32.543117+00:00,20.86897598928772,APPROVED,
postgres,188,0,2026-08-28T15:54:32.543243+00:00,2026-08-28T15:54:32.546720+00:00,3.4670050081331283,APPROVED,
voltdb,188,0,2026-08-28T15:54:32.546786+00:00,2026-08-28T15:54:32.567656+00:00,20.861179000348784,APPROVED,
postgres,189,0,2026-08-28T15:54:32.567788+00:00,2026-08-28T15:54:32.572163+00:00,4.360456005088054,APPROVED,
voltdb,189,0,2026-08-28T15:54:32.572410+00:00,2026-08-28T15:54:32.593743+00:00,21.31844400719274,APPROVED,
postgres,190,0,2026-08-28T15:54:32.593880+00:00,2026-08-28T15:54:32.598945+00:00,5.049953993875533,REVIEW,
voltdb,190,0,2026-08-28T15:54:32.599050+00:00,2026-08-28T15:54:32.624200+00:00,25.14042799884919,REVIEW,
postgres,192,0,2026-08-28T15:54:32.624295+00:00,2026-08-28T15:54:32.628269+00:00,3.9618890004931018,APPROVED,
voltdb,192,0,2026-08-28T15:54:32.628393+00:00,2026-08-28T15:54:32.650678+00:00,22.271043009823188,APPROVED,
postgres,193,0,2026-08-28T15:54:32.650800+00:00,2026-08-28T15:54:32.654621+00:00,3.8078110083006322,APPROVED,
voltdb,193,0,2026-08-28T15:54:32.654750+00:00,2026-08-28T15:54:32.674997+00:00,20.233892006217502,APPROVED,
postgres,194,0,2026-08-28T15:54:32.675086+00:00,2026-08-28T15:54:32.678770+00:00,3.6746979894815013,APPROVED,
voltdb,194,0,2026-08-28T15:54:32.678834+00:00,2026-08-28T15:54:32.696515+00:00,17.672264992143027,APPROVED,
postgres,195,0,2026-08-28T15:54:32.696635+00:00,2026-08-28T15:54:32.699941+00:00,3.294827009085566,APPROVED,
voltdb,195,0,2026-08-28T15:54:32.700014+00:00,2026-08-28T15:54:32.716750+00:00,16.726689995266497,APPROVED,
postgres,196,0,2026-08-28T15:54:32.716857+00:00,2026-08-28T15:54:32.719645+00:00,2.7773339970735833,APPROVED,
voltdb,196,0,2026-08-28T15:54:32.719714+00:00,2026-08-28T15:54:32.737379+00:00,17.656554002314806,APPROVED,
postgres,197,0,2026-08-28T15:54:32.737483+00:00,2026-08-28T15:54:32.740567+00:00,3.0734829924767837,APPROVED,
voltdb,197,0,2026-08-28T15:54:32.740675+00:00,2026-08-28T15:54:32.758400+00:00,17.715157999191433,APPROVED,
postgres,198,0,2026-08-28T15:54:32.758542+00:00,2026-08-28T15:54:32.762509+00:00,3.941043993108906,APPROVED,
voltdb,198,0,2026-08-28T15:54:32.762614+00:00,2026-08-28T15:54:32.781037+00:00,18.411322991596535,APPROVED,
postgres,201,0,2026-08-28T15:54:32.781168+00:00,2026-08-28T15:54:32.784632+00:00,3.453076002188027,APPROVED,
voltdb,201,0,2026-08-28T15:54:32.784698+00:00,2026-08-28T15:54:32.800703+00:00,15.995530993677676,APPROVED,
postgres,204,0,2026-08-28T15:54:32.800868+00:00,2026-08-28T15:54:32.805031+00:00,4.117830001632683,REVIEW,
voltdb,204,0,2026-08-28T15:54:32.805096+00:00,2026-08-28T15:54:32.825283+00:00,20.17725999758113,REVIEW,
postgres,205,0,2026-08-28T15:54:32.825354+00:00,2026-08-28T15:54:32.828393+00:00,3.028561011888087,APPROVED,
voltdb,205,0,2026-08-28T15:54:32.828527+00:00,2026-08-28T15:54:32.854720+00:00,26.178617001278326,APPROVED,
postgres,206,0,2026-08-28T15:54:32.855013+00:00,2026-08-28T15:54:32.859143+00:00,4.0477899892721325,APPROVED,
voltdb,206,0,2026-08-28T15:54:32.859210+00:00,2026-08-28T15:54:32.879057+00:00,19.839243992464617,APPROVED,
postgres,207,0,2026-08-28T15:54:32.879152+00:00,2026-08-28T15:54:32.882837+00:00,3.673860992421396,APPROVED,
voltdb,207,0,2026-08-28T15:54:32.883007+00:00,2026-08-28T15:54:32.899328+00:00,16.309529994032346,APPROVED,
postgres,208,0,2026-08-28T15:54:32.899425+00:00,2026-08-28T15:54:32.903200+00:00,3.763618995435536,REVIEW,
voltdb,208,0,2026-08-28T15:54:32.903299+00:00,2026-08-28T15:54:32.924215+00:00,20.907558006001636,REVIEW,
postgres,209,0,2026-08-28T15:54:32.924350+00:00,2026-08-28T15:54:32.927209+00:00,2.844852991984226,APPROVED,
voltdb,209,0,2026-08-28T15:54:32.927277+00:00,2026-08-28T15:54:32.946175+00:00,18.890584993641824,APPROVED,
postgres,212,0,2026-08-28T15:54:32.946236+00:00,2026-08-28T15:54:32.950761+00:00,4.516929999226704,APPROVED,
voltdb,212,0,2026-08-28T15:54:32.951004+00:00,2026-08-28T15:54:32.969302+00:00,18.280053001944907,APPROVED,
postgres,214,0,2026-08-28T15:54:32.969451+00:00,2026-08-28T15:54:32.973181+00:00,3.714999998919666,APPROVED,
voltdb,214,0,2026-08-28T15:54:32.973257+00:00,2026-08-28T15:54:32.992820+00:00,19.553217993234284,APPROVED,
postgres,216,0,2026-08-28T15:54:32.992923+00:00,2026-08-28T15:54:32.997644+00:00,4.709669010480866,APPROVED,
voltdb,216,0,2026-08-28T15:54:32.997719+00:00,2026-08-28T15:54:33.014787+00:00,17.058533994713798,APPROVED,
postgres,217,0,2026-08-28T15:54:33.014874+00:00,2026-08-28T15:54:33.018931+00:00,4.042947010020725,REVIEW,
voltdb,217,0,2026-08-28T15:54:33.018998+00:00,2026-08-28T15:54:33.039527+00:00,20.52042100694962,REVIEW,
postgres,218,0,2026-08-28T15:54:33.039638+00:00,2026-08-28T15:54:33.043297+00:00,3.6462239950196818,APPROVED,
voltdb,218,0,2026-08-28T15:54:33.043373+00:00,2026-08-28T15:54:33.059338+00:00,15.95591199293267,APPROVED,
postgres,219,0,2026-08-28T15:54:33.059433+00:00,2026-08-28T15:54:33.062710+00:00,3.26586099981796,APPROVED,
voltdb,219,0,2026-08-28T15:54:33.062788+00:00,2026-08-28T15:54:33.078793+00:00,15.996889007510617,APPROVED,
postgres,220,0,2026-08-28T15:54:33.078902+00:00,2026-08-28T15:54:33.082283+00:00,3.3679330081213266,APPROVED,
voltdb,220,0,2026-08-28T15:54:33.082363+00:00,2026-08-28T15:54:33.098539+00:00,16.167128007509746,APPROVED,
postgres,221,0,2026-08-28T15:54:33.098638+00:00,2026-08-28T15:54:33.101605+00:00,2.956151991384104,APPROVED,
voltdb,221,0,2026-08-28T15:54:33.101677+00:00,2026-08-28T15:54:33.118648+00:00,16.96263400663156,APPROVED,
postgres,223,0,2026-08-28T15:54:33.118741+00:00,2026-08-28T15:54:33.121958+00:00,3.205178989446722,APPROVED,
voltdb,223,0,2026-08-28T15:54:33.122044+00:00,2026-08-28T15:54:33.137542+00:00,15.458747002412565,APPROVED,
postgres,225,0,2026-08-28T15:54:33.137645+00:00,2026-08-28T15:54:33.140654+00:00,2.998682000907138,APPROVED,
voltdb,225,0,2026-08-28T15:54:33.140737+00:00,2026-08-28T15:54:33.158190+00:00,17.444166995119303,APPROVED,
postgres,226,0,2026-08-28T15:54:33.158286+00:00,2026-08-28T15:54:33.162005+00:00,3.707598996697925,APPROVED,
voltdb,226,0,2026-08-28T15:54:33.162110+00:00,2026-08-28T15:54:33.178700+00:00,16.578829003265128,APPROVED,
postgres,228,0,2026-08-28T15:54:33.178794+00:00,2026-08-28T15:54:33.181993+00:00,3.1874929991317913,APPROVED,
voltdb,228,0,2026-08-28T15:54:33.182081+00:00,2026-08-28T15:54:33.197662+00:00,15.572453005006537,APPROVED,
postgres,229,0,2026-08-28T15:54:33.197769+00:00,2026-08-28T15:54:33.200560+00:00,2.781979987048544,APPROVED,
voltdb,229,0,2026-08-28T15:54:33.200624+00:00,2026-08-28T15:54:33.216950+00:00,16.318279012921266,APPROVED,
postgres,230,0,2026-08-28T15:54:33.217147+00:00,2026-08-28T15:54:33.220225+00:00,3.0680529889650643,REVIEW,
voltdb,230,0,2026-08-28T15:54:33.220318+00:00,2026-08-28T15:54:33.242750+00:00,22.421621993998997,REVIEW,
postgres,232,0,2026-08-28T15:54:33.242993+00:00,2026-08-28T15:54:33.248030+00:00,5.017429997678846,APPROVED,
voltdb,232,0,2026-08-28T15:54:33.248106+00:00,2026-08-28T15:54:33.265849+00:00,17.734153996570967,APPROVED,
postgres,233,0,2026-08-28T15:54:33.265981+00:00,2026-08-28T15:54:33.269896+00:00,3.904145007254556,APPROVED,
voltdb,233,0,2026-08-28T15:54:33.269971+00:00,2026-08-28T15:54:33.286512+00:00,16.532752008060925,APPROVED,
postgres,234,0,2026-08-28T15:54:33.286615+00:00,2026-08-28T15:54:33.289955+00:00,3.3280210045631975,APPROVED,
voltdb,234,0,2026-08-28T15:54:33.290043+00:00,2026-08-28T15:54:33.306867+00:00,16.815712995594367,APPROVED,
postgres,235,0,2026-08-28T15:54:33.306990+00:00,2026-08-28T15:54:33.311026+00:00,4.027203991427086,APPROVED,
voltdb,235,0,2026-08-28T15:54:33.311093+00:00,2026-08-28T15:54:33.328343+00:00,17.23993399355095,APPROVED,
postgres,236,0,2026-08-28T15:54:33.328484+00:00,2026-08-28T15:54:33.332768+00:00,4.267498996341601,APPROVED,
voltdb,236,0,2026-08-28T15:54:33.332843+00:00,2026-08-28T15:54:33.356406+00:00,23.553933002403937,APPROVED,
postgres,237,0,2026-08-28T15:54:33.356511+00:00,2026-08-28T15:54:33.359161+00:00,2.6414810126880184,APPROVED,
voltdb,237,0,2026-08-28T15:54:33.359222+00:00,2026-08-28T15:54:33.376578+00:00,17.346444990835153,APPROVED,
postgres,238,0,2026-08-28T15:54:33.376673+00:00,2026-08-28T15:54:33.379439+00:00,2.7577680011745542,APPROVED,
voltdb,238,0,2026-08-28T15:54:33.379513+00:00,2026-08-28T15:54:33.395868+00:00,16.346137010259554,APPROVED,
postgres,239,0,2026-08-28T15:54:33.396108+00:00,2026-08-28T15:54:33.398847+00:00,2.7299719949951395,APPROVED,
voltdb,239,0,2026-08-28T15:54:33.398910+00:00,2026-08-28T15:54:33.415608+00:00,16.688231989974156,APPROVED,
postgres,245,0,2026-08-28T15:54:33.415807+00:00,2026-08-28T15:54:33.418836+00:00,3.0152079998515546,APPROVED,
voltdb,245,0,2026-08-28T15:54:33.418967+00:00,2026-08-28T15:54:33.434659+00:00,15.682689991081133,APPROVED,
postgres,246,0,2026-08-28T15:54:33.434756+00:00,2026-08-28T15:54:33.438097+00:00,3.331377010908909,APPROVED,
voltdb,246,0,2026-08-28T15:54:33.438162+00:00,2026-08-28T15:54:33.454241+00:00,16.070714002125897,APPROVED,
postgres,247,0,2026-08-28T15:54:33.454333+00:00,2026-08-28T15:54:33.459316+00:00,4.972691007424146,APPROVED,
voltdb,247,0,2026-08-28T15:54:33.459388+00:00,2026-08-28T15:54:33.477128+00:00,17.731018000631593,APPROVED,
postgres,248,0,2026-08-28T15:54:33.477220+00:00,2026-08-28T15:54:33.481967+00:00,4.734426998766139,APPROVED,
voltdb,248,0,2026-08-28T15:54:33.482063+00:00,2026-08-28T15:54:33.504631+00:00,22.554456008947454,APPROVED,
postgres,249,0,2026-08-28T15:54:33.504741+00:00,2026-08-28T15:54:33.511275+00:00,6.519798000226729,APPROVED,
voltdb,249,0,2026-08-28T15:54:33.511417+00:00,2026-08-28T15:54:33.538478+00:00,27.04608799831476,APPROVED,
postgres,250,0,2026-08-28T15:54:33.538611+00:00,2026-08-28T15:54:33.543123+00:00,4.497208996326663,APPROVED,
voltdb,250,0,2026-08-28T15:54:33.543209+00:00,2026-08-28T15:54:33.564418+00:00,21.198282003751956,APPROVED,
postgres,251,0,2026-08-28T15:54:33.564707+00:00,2026-08-28T15:54:33.569758+00:00,5.030790998716839,APPROVED,
voltdb,251,0,2026-08-28T15:54:33.569868+00:00,2026-08-28T15:54:33.591806+00:00,21.924346990999766,APPROVED,
postgres,253,0,2026-08-28T15:54:33.591935+00:00,2026-08-28T15:54:33.597303+00:00,5.3474099986488,APPROVED,
voltdb,253,0,2026-08-28T15:54:33.597410+00:00,2026-08-28T15:54:33.625152+00:00,27.730362009606324,APPROVED,
postgres,254,0,2026-08-28T15:54:33.625261+00:00,2026-08-28T15:54:33.630125+00:00,4.849535005632788,APPROVED,
voltdb,254,0,2026-08-28T15:54:33.630203+00:00,2026-08-28T15:54:33.650656+00:00,20.44343898887746,APPROVED,
postgres,256,0,2026-08-28T15:54:33.650836+00:00,2026-08-28T15:54:33.657116+00:00,6.259756002691574,APPROVED,
voltdb,256,0,2026-08-28T15:54:33.657246+00:00,2026-08-28T15:54:33.677698+00:00,20.43564899940975,APPROVED,
postgres,257,0,2026-08-28T15:54:33.677972+00:00,2026-08-28T15:54:33.681963+00:00,3.97722001071088,APPROVED,
voltdb,257,0,2026-08-28T15:54:33.682146+00:00,2026-08-28T15:54:33.701424+00:00,19.258955988334492,APPROVED,
postgres,258,0,2026-08-28T15:54:33.701585+00:00,2026-08-28T15:54:33.706363+00:00,4.757426999276504,APPROVED,
voltdb,258,0,2026-08-28T15:54:33.706439+00:00,2026-08-28T15:54:33.730492+00:00,24.04439399833791,APPROVED,
postgres,259,0,2026-08-28T15:54:33.730624+00:00,2026-08-28T15:54:33.734837+00:00,4.201336007099599,APPROVED,
voltdb,259,0,2026-08-28T15:54:33.735077+00:00,2026-08-28T15:54:33.756408+00:00,21.30833000410348,APPROVED,
postgres,260,0,2026-08-28T15:54:33.756678+00:00,2026-08-28T15:54:33.761031+00:00,4.34013300400693,APPROVED,
voltdb,260,0,2026-08-28T15:54:33.761131+00:00,2026-08-28T15:54:33.781360+00:00,20.220927995978855,APPROVED,
postgres,261,0,2026-08-28T15:54:33.781510+00:00,2026-08-28T15:54:33.785687+00:00,4.160947006312199,APPROVED,
voltdb,261,0,2026-08-28T15:54:33.785781+00:00,2026-08-28T15:54:33.803613+00:00,17.824452996137552,APPROVED,
postgres,262,0,2026-08-28T15:54:33.803730+00:00,2026-08-28T15:54:33.806424+00:00,2.681369995116256,APPROVED,
voltdb,262,0,2026-08-28T15:54:33.806486+00:00,2026-08-28T15:54:33.823164+00:00,16.668673997628503,APPROVED,
postgres,263,0,2026-08-28T15:54:33.823263+00:00,2026-08-28T15:54:33.826021+00:00,2.749124003457837,APPROVED,
voltdb,263,0,2026-08-28T15:54:33.826086+00:00,2026-08-28T15:54:33.842597+00:00,16.502383004990406,APPROVED,
postgres,264,0,2026-08-28T15:54:33.842733+00:00,2026-08-28T15:54:33.845884+00:00,3.1397889979416505,APPROVED,
voltdb,264,0,2026-08-28T15:54:33.845978+00:00,2026-08-28T15:54:33.863843+00:00,17.854760997579433,APPROVED,
postgres,265,0,2026-08-28T15:54:33.863936+00:00,2026-08-28T15:54:33.867073+00:00,3.128066993667744,REVIEW,
voltdb,265,0,2026-08-28T15:54:33.867137+00:00,2026-08-28T15:54:33.888367+00:00,21.221836999757215,REVIEW,
postgres,267,0,2026-08-28T15:54:33.888496+00:00,2026-08-28T15:54:33.892724+00:00,4.211887993733399,APPROVED,
voltdb,267,0,2026-08-28T15:54:33.892807+00:00,2026-08-28T15:54:33.915884+00:00,23.06514501105994,APPROVED,
postgres,268,0,2026-08-28T15:54:33.915987+00:00,2026-08-28T15:54:33.921412+00:00,5.387534998590127,APPROVED,
voltdb,268,0,2026-08-28T15:54:33.921490+00:00,2026-08-28T15:54:33.941815+00:00,20.315129004302435,APPROVED,
postgres,269,0,2026-08-28T15:54:33.941951+00:00,2026-08-28T15:54:33.946388+00:00,4.421135992743075,APPROVED,
voltdb,269,0,2026-08-28T15:54:33.946461+00:00,2026-08-28T15:54:33.967091+00:00,20.621521995053627,APPROVED,
postgres,270,0,2026-08-28T15:54:33.967148+00:00,2026-08-28T15:54:33.971356+00:00,4.20050100365188,APPROVED,
voltdb,270,0,2026-08-28T15:54:33.971455+00:00,2026-08-28T15:54:33.991766+00:00,20.3022060013609,APPROVED,
postgres,271,0,2026-08-28T15:54:33.991895+00:00,2026-08-28T15:54:33.996503+00:00,4.591688004438765,APPROVED,
voltdb,271,0,2026-08-28T15:54:33.996584+00:00,2026-08-28T15:54:34.013615+00:00,17.022147003444843,APPROVED,
postgres,272,0,2026-08-28T15:54:34.013715+00:00,2026-08-28T15:54:34.018237+00:00,4.511295002885163,APPROVED,
voltdb,272,0,2026-08-28T15:54:34.018337+00:00,2026-08-28T15:54:34.035579+00:00,17.23273200332187,APPROVED,
postgres,273,0,2026-08-28T15:54:34.035807+00:00,2026-08-28T15:54:34.039892+00:00,4.068032008945011,APPROVED,
voltdb,273,0,2026-08-28T15:54:34.039965+00:00,2026-08-28T15:54:34.059227+00:00,19.252819009125233,APPROVED,
postgres,274,0,2026-08-28T15:54:34.059325+00:00,2026-08-28T15:54:34.063385+00:00,4.0485729987267405,APPROVED,
voltdb,274,0,2026-08-28T15:54:34.063463+00:00,2026-08-28T15:54:34.083138+00:00,19.664164006826468,APPROVED,
postgres,276,0,2026-08-28T15:54:34.083270+00:00,2026-08-28T15:54:34.087054+00:00,3.770302006159909,APPROVED,
voltdb,276,0,2026-08-28T15:54:34.087127+00:00,2026-08-28T15:54:34.106035+00:00,18.898649999755435,APPROVED,
postgres,279,1,2026-08-28T15:54:34.106110+00:00,2026-08-28T15:54:34.111260+00:00,5.140149005455896,BLOCKED,
voltdb,279,1,2026-08-28T15:54:34.111417+00:00,2026-08-28T15:54:34.132131+00:00,20.698855005321093,BLOCKED,
postgres,281,0,2026-08-28T15:54:34.132235+00:00,2026-08-28T15:54:34.135100+00:00,2.856353996321559,APPROVED,
voltdb,281,0,2026-08-28T15:54:34.135164+00:00,2026-08-28T15:54:34.151383+00:00,16.20880200061947,APPROVED,
postgres,282,0,2026-08-28T15:54:34.151499+00:00,2026-08-28T15:54:34.154439+00:00,2.928310990682803,APPROVED,
voltdb,282,0,2026-08-28T15:54:34.154540+00:00,2026-08-28T15:54:34.171805+00:00,17.249994998564944,APPROVED,
postgres,283,0,2026-08-28T15:54:34.171980+00:00,2026-08-28T15:54:34.175919+00:00,3.9240579935722053,APPROVED,
voltdb,283,0,2026-08-28T15:54:34.176026+00:00,2026-08-28T15:54:34.192166+00:00,16.12727699102834,APPROVED,
postgres,284,0,2026-08-28T15:54:34.192268+00:00,2026-08-28T15:54:34.195305+00:00,3.025494996109046,APPROVED,
voltdb,284,0,2026-08-28T15:54:34.195382+00:00,2026-08-28T15:54:34.211544+00:00,16.15349799976684,APPROVED,
postgres,285,0,2026-08-28T15:54:34.211643+00:00,2026-08-28T15:54:34.214687+00:00,3.028972991160117,APPROVED,
voltdb,285,0,2026-08-28T15:54:34.214786+00:00,2026-08-28T15:54:34.230563+00:00,15.763942996272817,APPROVED,
postgres,286,0,2026-08-28T15:54:34.230663+00:00,2026-08-28T15:54:34.233869+00:00,3.1969140109140426,APPROVED,
voltdb,286,0,2026-08-28T15:54:34.234034+00:00,2026-08-28T15:54:34.249971+00:00,15.923601997201331,APPROVED,
postgres,287,0,2026-08-28T15:54:34.250162+00:00,2026-08-28T15:54:34.253343+00:00,3.1667349976487458,APPROVED,
voltdb,287,0,2026-08-28T15:54:34.253415+00:00,2026-08-28T15:54:34.270135+00:00,16.710772004444152,APPROVED,
postgres,289,0,2026-08-28T15:54:34.270236+00:00,2026-08-28T15:54:34.273412+00:00,3.1670070020481944,APPROVED,
voltdb,289,0,2026-08-28T15:54:34.273482+00:00,2026-08-28T15:54:34.289664+00:00,16.17179599998053,APPROVED,
postgres,290,0,2026-08-28T15:54:34.289856+00:00,2026-08-28T15:54:34.292982+00:00,3.10921500204131,APPROVED,
voltdb,290,0,2026-08-28T15:54:34.293056+00:00,2026-08-28T15:54:34.308753+00:00,15.685753009165637,APPROVED,
postgres,291,0,2026-08-28T15:54:34.309102+00:00,2026-08-28T15:54:34.312307+00:00,3.182735003065318,APPROVED,
voltdb,291,0,2026-08-28T15:54:34.312380+00:00,2026-08-28T15:54:34.328070+00:00,15.680779004469514,APPROVED,
postgres,292,0,2026-08-28T15:54:34.328210+00:00,2026-08-28T15:54:34.332481+00:00,4.259738008840941,REVIEW,
voltdb,292,0,2026-08-28T15:54:34.332553+00:00,2026-08-28T15:54:34.352252+00:00,19.689206004841253,REVIEW,
postgres,293,0,2026-08-28T15:54:34.352393+00:00,2026-08-28T15:54:34.355578+00:00,3.168472001561895,APPROVED,
voltdb,293,0,2026-08-28T15:54:34.355657+00:00,2026-08-28T15:54:34.371804+00:00,16.077083011623472,APPROVED,
postgres,294,0,2026-08-28T15:54:34.371918+00:00,2026-08-28T15:54:34.375147+00:00,3.2154819928109646,APPROVED,
voltdb,294,0,2026-08-28T15:54:34.375247+00:00,2026-08-28T15:54:34.391218+00:00,15.958675998263061,APPROVED,
postgres,296,0,2026-08-28T15:54:34.391310+00:00,2026-08-28T15:54:34.394732+00:00,3.411252997466363,APPROVED,
voltdb,296,0,2026-08-28T15:54:34.394854+00:00,2026-08-28T15:54:34.413479+00:00,18.61263401224278,APPROVED,
postgres,297,0,2026-08-28T15:54:34.413610+00:00,2026-08-28T15:54:34.420594+00:00,6.9692960096290335,APPROVED,
voltdb,297,0,2026-08-28T15:54:34.420670+00:00,2026-08-28T15:54:34.439897+00:00,19.217644992750138,APPROVED,
postgres,298,0,2026-08-28T15:54:34.440020+00:00,2026-08-28T15:54:34.445535+00:00,5.425199997262098,APPROVED,
voltdb,298,0,2026-08-28T15:54:34.445610+00:00,2026-08-28T15:54:34.464742+00:00,19.123349004075862,APPROVED,
postgres,299,0,2026-08-28T15:54:34.464833+00:00,2026-08-28T15:54:34.467788+00:00,2.9460899968398735,APPROVED,
voltdb,299,0,2026-08-28T15:54:34.467855+00:00,2026-08-28T15:54:34.483538+00:00,15.674424997996539,APPROVED,
postgres,302,0,2026-08-28T15:54:34.483684+00:00,2026-08-28T15:54:34.486853+00:00,3.1551879947073758,APPROVED,
voltdb,302,0,2026-08-28T15:54:34.487003+00:00,2026-08-28T15:54:34.502273+00:00,15.260443004081026,APPROVED,
postgres,303,0,2026-08-28T15:54:34.502380+00:00,2026-08-28T15:54:34.505496+00:00,3.103085997281596,APPROVED,
voltdb,303,0,2026-08-28T15:54:34.505563+00:00,2026-08-28T15:54:34.521232+00:00,15.660654011298902,APPROVED,
postgres,304,0,2026-08-28T15:54:34.521332+00:00,2026-08-28T15:54:34.525308+00:00,3.963429990108125,APPROVED,
voltdb,304,0,2026-08-28T15:54:34.525377+00:00,2026-08-28T15:54:34.544023+00:00,18.637346001924016,APPROVED,
postgres,307,0,2026-08-28T15:54:34.544121+00:00,2026-08-28T15:54:34.547439+00:00,3.302487006294541,APPROVED,
voltdb,307,0,2026-08-28T15:54:34.547513+00:00,2026-08-28T15:54:34.566930+00:00,19.408609994570725,APPROVED,
postgres,308,0,2026-08-28T15:54:34.567162+00:00,2026-08-28T15:54:34.572023+00:00,4.841004003537819,APPROVED,
voltdb,308,0,2026-08-28T15:54:34.572108+00:00,2026-08-28T15:54:34.592758+00:00,20.639798996853642,APPROVED,
postgres,310,0,2026-08-28T15:54:34.592883+00:00,2026-08-28T15:54:34.597642+00:00,4.74619900342077,APPROVED,
voltdb,310,0,2026-08-28T15:54:34.597728+00:00,2026-08-28T15:54:34.616766+00:00,19.02710201102309,APPROVED,
postgres,311,0,2026-08-28T15:54:34.616884+00:00,2026-08-28T15:54:34.621900+00:00,4.999658995075151,APPROVED,
voltdb,311,0,2026-08-28T15:54:34.621986+00:00,2026-08-28T15:54:34.644493+00:00,22.497872996609658,APPROVED,
postgres,313,0,2026-08-28T15:54:34.644600+00:00,2026-08-28T15:54:34.648969+00:00,4.357475001597777,APPROVED,
voltdb,313,0,2026-08-28T15:54:34.649052+00:00,2026-08-28T15:54:34.668530+00:00,19.466270008706488,APPROVED,
postgres,316,0,2026-08-28T15:54:34.668738+00:00,2026-08-28T15:54:34.672348+00:00,3.5877860063919798,APPROVED,
voltdb,316,0,2026-08-28T15:54:34.672426+00:00,2026-08-28T15:54:34.688224+00:00,15.788443997735158,APPROVED,
postgres,318,0,2026-08-28T15:54:34.688351+00:00,2026-08-28T15:54:34.692875+00:00,4.512585001066327,APPROVED,
voltdb,318,0,2026-08-28T15:54:34.692951+00:00,2026-08-28T15:54:34.713298+00:00,20.33826900878921,APPROVED,
postgres,319,0,2026-08-28T15:54:34.713411+00:00,2026-08-28T15:54:34.717219+00:00,3.794705990003422,APPROVED,
voltdb,319,0,2026-08-28T15:54:34.717299+00:00,2026-08-28T15:54:34.734717+00:00,17.408550003892742,APPROVED,
postgres,323,0,2026-08-28T15:54:34.734815+00:00,2026-08-28T15:54:34.739109+00:00,4.282673995476216,APPROVED,
voltdb,323,0,2026-08-28T15:54:34.739205+00:00,2026-08-28T15:54:34.757426+00:00,18.213029994512908,APPROVED,
postgres,324,0,2026-08-28T15:54:34.757523+00:00,2026-08-28T15:54:34.761430+00:00,3.8970589957898483,APPROVED,
voltdb,324,0,2026-08-28T15:54:34.761496+00:00,2026-08-28T15:54:34.779776+00:00,18.270943997777067,APPROVED,
postgres,325,0,2026-08-28T15:54:34.779871+00:00,2026-08-28T15:54:34.783776+00:00,3.8945150008657947,APPROVED,
voltdb,325,0,2026-08-28T15:54:34.784004+00:00,2026-08-28T15:54:34.801804+00:00,17.78317498974502,APPROVED,
postgres,326,0,2026-08-28T15:54:34.802072+00:00,2026-08-28T15:54:34.806560+00:00,4.471980995731428,APPROVED,
voltdb,326,0,2026-08-28T15:54:34.806626+00:00,2026-08-28T15:54:34.822819+00:00,16.184506006538868,APPROVED,
postgres,327,0,2026-08-28T15:54:34.823148+00:00,2026-08-28T15:54:34.826596+00:00,3.433480000239797,APPROVED,
voltdb,327,0,2026-08-28T15:54:34.826664+00:00,2026-08-28T15:54:34.844597+00:00,17.924173997016624,APPROVED,
postgres,328,0,2026-08-28T15:54:34.844689+00:00,2026-08-28T15:54:34.848832+00:00,4.132475005462766,APPROVED,
voltdb,328,0,2026-08-28T15:54:34.848982+00:00,2026-08-28T15:54:34.866425+00:00,17.43357900704723,APPROVED,
postgres,331,0,2026-08-28T15:54:34.866527+00:00,2026-08-28T15:54:34.869729+00:00,3.1912550039123744,APPROVED,
voltdb,331,0,2026-08-28T15:54:34.869806+00:00,2026-08-28T15:54:34.885576+00:00,15.761811009724624,APPROVED,
postgres,334,0,2026-08-28T15:54:34.885687+00:00,2026-08-28T15:54:34.888753+00:00,3.0519849970005453,APPROVED,
voltdb,334,0,2026-08-28T15:54:34.888823+00:00,2026-08-28T15:54:34.905296+00:00,16.46429399261251,APPROVED,
postgres,335,0,2026-08-28T15:54:34.905394+00:00,2026-08-28T15:54:34.908103+00:00,2.700044002267532,APPROVED,
voltdb,335,0,2026-08-28T15:54:34.908169+00:00,2026-08-28T15:54:34.924355+00:00,16.177669007447548,APPROVED,
postgres,336,0,2026-08-28T15:54:34.924448+00:00,2026-08-28T15:54:34.926985+00:00,2.5277880049543455,APPROVED,
voltdb,336,0,2026-08-28T15:54:34.927053+00:00,2026-08-28T15:54:34.942638+00:00,15.5753349972656,APPROVED,
postgres,338,0,2026-08-28T15:54:34.942800+00:00,2026-08-28T15:54:34.946024+00:00,3.212552997865714,APPROVED,
voltdb,338,0,2026-08-28T15:54:34.946088+00:00,2026-08-28T15:54:34.962819+00:00,16.722012995160185,APPROVED,
postgres,340,0,2026-08-28T15:54:34.963090+00:00,2026-08-28T15:54:34.966850+00:00,3.731439996045083,APPROVED,
voltdb,340,0,2026-08-28T15:54:34.966916+00:00,2026-08-28T15:54:34.982043+00:00,15.11729801131878,APPROVED,
postgres,341,0,2026-08-28T15:54:34.982139+00:00,2026-08-28T15:54:34.985473+00:00,3.3248019899474457,APPROVED,
voltdb,341,0,2026-08-28T15:54:34.985538+00:00,2026-08-28T15:54:35.004205+00:00,18.65810299932491,APPROVED,
postgres,342,0,2026-08-28T15:54:35.004531+00:00,2026-08-28T15:54:35.009945+00:00,5.321472999639809,APPROVED,
voltdb,342,0,2026-08-28T15:54:35.010066+00:00,2026-08-28T15:54:35.025672+00:00,15.597826000885107,APPROVED,
postgres,344,0,2026-08-28T15:54:35.025769+00:00,2026-08-28T15:54:35.028524+00:00,2.7429890033090487,APPROVED,
voltdb,344,0,2026-08-28T15:54:35.028605+00:00,2026-08-28T15:54:35.045527+00:00,16.908959005377255,APPROVED,
postgres,345,0,2026-08-28T15:54:35.045645+00:00,2026-08-28T15:54:35.048725+00:00,3.067402998567559,APPROVED,
voltdb,345,0,2026-08-28T15:54:35.048794+00:00,2026-08-28T15:54:35.064630+00:00,15.82794199930504,APPROVED,
postgres,346,0,2026-08-28T15:54:35.064725+00:00,2026-08-28T15:54:35.067323+00:00,2.5887499941745773,APPROVED,
voltdb,346,0,2026-08-28T15:54:35.067386+00:00,2026-08-28T15:54:35.084617+00:00,17.22345499729272,APPROVED,
postgres,348,0,2026-08-28T15:54:35.084710+00:00,2026-08-28T15:54:35.087448+00:00,2.729436004301533,APPROVED,
voltdb,348,0,2026-08-28T15:54:35.087511+00:00,2026-08-28T15:54:35.108274+00:00,20.753773002070375,APPROVED,
postgres,349,0,2026-08-28T15:54:35.108368+00:00,2026-08-28T15:54:35.112954+00:00,4.575243990984745,APPROVED,
voltdb,349,0,2026-08-28T15:54:35.113033+00:00,2026-08-28T15:54:35.129910+00:00,16.867571001057513,APPROVED,
postgres,350,0,2026-08-28T15:54:35.130243+00:00,2026-08-28T15:54:35.133217+00:00,2.961357997264713,APPROVED,
voltdb,350,0,2026-08-28T15:54:35.133287+00:00,2026-08-28T15:54:35.150399+00:00,17.10325099702459,APPROVED,
postgres,351,0,2026-08-28T15:54:35.150536+00:00,2026-08-28T15:54:35.156226+00:00,5.670939004630782,APPROVED,
voltdb,351,0,2026-08-28T15:54:35.156382+00:00,2026-08-28T15:54:35.173293+00:00,16.902432005736046,APPROVED,
postgres,352,0,2026-08-28T15:54:35.173404+00:00,2026-08-28T15:54:35.177170+00:00,3.752682008780539,APPROVED,
voltdb,352,0,2026-08-28T15:54:35.177259+00:00,2026-08-28T15:54:35.193739+00:00,16.470347996801138,APPROVED,
postgres,353,0,2026-08-28T15:54:35.193840+00:00,2026-08-28T15:54:35.198423+00:00,4.570668010273948,APPROVED,
voltdb,353,0,2026-08-28T15:54:35.198506+00:00,2026-08-28T15:54:35.216945+00:00,18.429678995744325,APPROVED,
postgres,354,0,2026-08-28T15:54:35.217165+00:00,2026-08-28T15:54:35.219778+00:00,2.6019910001195967,APPROVED,
voltdb,354,0,2026-08-28T15:54:35.219845+00:00,2026-08-28T15:54:35.235359+00:00,15.504424009122886,APPROVED,
postgres,355,0,2026-08-28T15:54:35.235488+00:00,2026-08-28T15:54:35.240576+00:00,5.075489985756576,APPROVED,
voltdb,355,0,2026-08-28T15:54:35.240648+00:00,2026-08-28T15:54:35.261144+00:00,20.48608499171678,APPROVED,
postgres,356,0,2026-08-28T15:54:35.261204+00:00,2026-08-28T15:54:35.265358+00:00,4.1466960101388395,APPROVED,
voltdb,356,0,2026-08-28T15:54:35.265428+00:00,2026-08-28T15:54:35.280550+00:00,15.113348999875598,APPROVED,
postgres,357,0,2026-08-28T15:54:35.280643+00:00,2026-08-28T15:54:35.284479+00:00,3.8238960114540532,APPROVED,
voltdb,357,0,2026-08-28T15:54:35.284557+00:00,2026-08-28T15:54:35.303770+00:00,19.20477500243578,APPROVED,
postgres,358,0,2026-08-28T15:54:35.304068+00:00,2026-08-28T15:54:35.307074+00:00,2.9413759912131354,APPROVED,
voltdb,358,0,2026-08-28T15:54:35.307138+00:00,2026-08-28T15:54:35.321672+00:00,14.525120001053438,APPROVED,
postgres,359,0,2026-08-28T15:54:35.321764+00:00,2026-08-28T15:54:35.325514+00:00,3.7399919965537265,APPROVED,
voltdb,359,0,2026-08-28T15:54:35.325596+00:00,2026-08-28T15:54:35.342971+00:00,17.36493199132383,APPROVED,
postgres,360,0,2026-08-28T15:54:35.343123+00:00,2026-08-28T15:54:35.347908+00:00,4.766468991874717,REVIEW,
voltdb,360,0,2026-08-28T15:54:35.347980+00:00,2026-08-28T15:54:35.370770+00:00,22.7641079982277,REVIEW,
postgres,361,0,2026-08-28T15:54:35.370938+00:00,2026-08-28T15:54:35.374000+00:00,3.051866005989723,APPROVED,
voltdb,361,0,2026-08-28T15:54:35.374066+00:00,2026-08-28T15:54:35.388652+00:00,14.577734997146763,APPROVED,
postgres,362,0,2026-08-28T15:54:35.388797+00:00,2026-08-28T15:54:35.393205+00:00,4.392290007672273,APPROVED,
voltdb,362,0,2026-08-28T15:54:35.393278+00:00,2026-08-28T15:54:35.409159+00:00,15.872481002588756,APPROVED,
postgres,364,0,2026-08-28T15:54:35.409260+00:00,2026-08-28T15:54:35.412600+00:00,3.330027000629343,APPROVED,
voltdb,364,0,2026-08-28T15:54:35.412675+00:00,2026-08-28T15:54:35.428295+00:00,15.611351002007723,APPROVED,
postgres,365,0,2026-08-28T15:54:35.428393+00:00,2026-08-28T15:54:35.432221+00:00,3.8176480011316016,APPROVED,
voltdb,365,0,2026-08-28T15:54:35.432302+00:00,2026-08-28T15:54:35.447204+00:00,14.892202001647092,APPROVED,
postgres,366,0,2026-08-28T15:54:35.447296+00:00,2026-08-28T15:54:35.450605+00:00,3.297215997008607,APPROVED,
voltdb,366,0,2026-08-28T15:54:35.450692+00:00,2026-08-28T15:54:35.466059+00:00,15.358471006038599,APPROVED,
postgres,367,0,2026-08-28T15:54:35.466158+00:00,2026-08-28T15:54:35.469091+00:00,2.921475999755785,APPROVED,
voltdb,367,0,2026-08-28T15:54:35.469227+00:00,2026-08-28T15:54:35.484250+00:00,15.007351990789175,APPROVED,
postgres,369,0,2026-08-28T15:54:35.484390+00:00,2026-08-28T15:54:35.487512+00:00,3.1097149912966415,APPROVED,
voltdb,369,0,2026-08-28T15:54:35.487578+00:00,2026-08-28T15:54:35.503215+00:00,15.627515997039154,APPROVED,
postgres,372,0,2026-08-28T15:54:35.503333+00:00,2026-08-28T15:54:35.506454+00:00,3.1073879945324734,APPROVED,
voltdb,372,0,2026-08-28T15:54:35.506523+00:00,2026-08-28T15:54:35.521511+00:00,14.979421990574338,APPROVED,
postgres,374,0,2026-08-28T15:54:35.521604+00:00,2026-08-28T15:54:35.525162+00:00,3.549343004124239,APPROVED,
voltdb,374,0,2026-08-28T15:54:35.525228+00:00,2026-08-28T15:54:35.540694+00:00,15.457541987416334,APPROVED,
postgres,375,0,2026-08-28T15:54:35.540789+00:00,2026-08-28T15:54:35.544523+00:00,3.7244779960019514,APPROVED,
voltdb,375,0,2026-08-28T15:54:35.544594+00:00,2026-08-28T15:54:35.560476+00:00,15.87299800303299,APPROVED,
postgres,378,0,2026-08-28T15:54:35.560576+00:00,2026-08-28T15:54:35.564521+00:00,3.930040998966433,APPROVED,
voltdb,378,0,2026-08-28T15:54:35.564602+00:00,2026-08-28T15:54:35.580243+00:00,15.632982991519384,APPROVED,
postgres,379,0,2026-08-28T15:54:35.580352+00:00,2026-08-28T15:54:35.583747+00:00,3.384110998013057,APPROVED,
voltdb,379,0,2026-08-28T15:54:35.583825+00:00,2026-08-28T15:54:35.599183+00:00,15.337646997068077,APPROVED,
postgres,380,1,2026-08-28T15:54:35.599291+00:00,2026-08-28T15:54:35.603236+00:00,3.9262409991351888,REVIEW,
voltdb,380,1,2026-08-28T15:54:35.603353+00:00,2026-08-28T15:54:35.624313+00:00,20.949187004589476,REVIEW,
postgres,382,0,2026-08-28T15:54:35.624425+00:00,2026-08-28T15:54:35.627187+00:00,2.7533800021046773,APPROVED,
voltdb,382,0,2026-08-28T15:54:35.627255+00:00,2026-08-28T15:54:35.647132+00:00,19.86845099600032,APPROVED,
postgres,383,0,2026-08-28T15:54:35.647199+00:00,2026-08-28T15:54:35.651424+00:00,4.215702996589243,APPROVED,
voltdb,383,0,2026-08-28T15:54:35.651573+00:00,2026-08-28T15:54:35.668447+00:00,16.861858006450348,APPROVED,
postgres,384,0,2026-08-28T15:54:35.668537+00:00,2026-08-28T15:54:35.672763+00:00,4.2156150011578575,APPROVED,
voltdb,384,0,2026-08-28T15:54:35.672836+00:00,2026-08-28T15:54:35.689841+00:00,16.996663995087147,APPROVED,
postgres,386,0,2026-08-28T15:54:35.689977+00:00,2026-08-28T15:54:35.694661+00:00,4.571668992866762,APPROVED,
voltdb,386,0,2026-08-28T15:54:35.694736+00:00,2026-08-28T15:54:35.711147+00:00,16.40235399827361,APPROVED,
postgres,388,0,2026-08-28T15:54:35.711263+00:00,2026-08-28T15:54:35.714585+00:00,3.3099769934779033,APPROVED,
voltdb,388,0,2026-08-28T15:54:35.714650+00:00,2026-08-28T15:54:35.738667+00:00,24.007127998629585,APPROVED,
postgres,389,0,2026-08-28T15:54:35.738829+00:00,2026-08-28T15:54:35.744286+00:00,5.440834996988997,APPROVED,
voltdb,389,0,2026-08-28T15:54:35.744368+00:00,2026-08-28T15:54:35.761820+00:00,17.442875003325753,APPROVED,
postgres,390,0,2026-08-28T15:54:35.762403+00:00,2026-08-28T15:54:35.767504+00:00,5.007883999496698,APPROVED,
voltdb,390,0,2026-08-28T15:54:35.767591+00:00,2026-08-28T15:54:35.787551+00:00,19.91680399805773,APPROVED,
postgres,391,0,2026-08-28T15:54:35.787641+00:00,2026-08-28T15:54:35.792642+00:00,4.989502995158546,APPROVED,
voltdb,391,0,2026-08-28T15:54:35.792720+00:00,2026-08-28T15:54:35.809475+00:00,16.746568013331853,APPROVED,
postgres,393,0,2026-08-28T15:54:35.809677+00:00,2026-08-28T15:54:35.813091+00:00,3.4018919977825135,APPROVED,
voltdb,393,0,2026-08-28T15:54:35.813162+00:00,2026-08-28T15:54:35.828473+00:00,15.301227002055384,APPROVED,
postgres,397,0,2026-08-28T15:54:35.828573+00:00,2026-08-28T15:54:35.832817+00:00,4.233043000567704,APPROVED,
voltdb,397,0,2026-08-28T15:54:35.832956+00:00,2026-08-28T15:54:35.859706+00:00,26.73953199700918,APPROVED,
postgres,399,0,2026-08-28T15:54:35.859840+00:00,2026-08-28T15:54:35.864531+00:00,4.679278004914522,REVIEW,
voltdb,399,0,2026-08-28T15:54:35.864604+00:00,2026-08-28T15:54:35.884799+00:00,20.183430999168195,REVIEW,
postgres,401,0,2026-08-28T15:54:35.885220+00:00,2026-08-28T15:54:35.890024+00:00,4.781581999850459,APPROVED,
voltdb,401,0,2026-08-28T15:54:35.890113+00:00,2026-08-28T15:54:35.910632+00:00,20.507430002908222,APPROVED,
postgres,402,0,2026-08-28T15:54:35.910791+00:00,2026-08-28T15:54:35.915636+00:00,4.828056989936158,APPROVED,
voltdb,402,0,2026-08-28T15:54:35.915733+00:00,2026-08-28T15:54:35.932295+00:00,16.55262100393884,APPROVED,
postgres,404,0,2026-08-28T15:54:35.932407+00:00,2026-08-28T15:54:35.935521+00:00,3.0990840023150668,APPROVED,
voltdb,404,0,2026-08-28T15:54:35.935614+00:00,2026-08-28T15:54:35.960175+00:00,24.511976007488556,APPROVED,
postgres,406,0,2026-08-28T15:54:35.960288+00:00,2026-08-28T15:54:35.965385+00:00,5.087034005555324,APPROVED,
voltdb,406,0,2026-08-28T15:54:35.965460+00:00,2026-08-28T15:54:35.980849+00:00,15.380539000034332,APPROVED,
postgres,407,0,2026-08-28T15:54:35.981035+00:00,2026-08-28T15:54:35.984904+00:00,3.8579880056204274,REVIEW,
voltdb,407,0,2026-08-28T15:54:35.984980+00:00,2026-08-28T15:54:36.014334+00:00,29.345197006477974,REVIEW,
postgres,408,0,2026-08-28T15:54:36.014484+00:00,2026-08-28T15:54:36.019432+00:00,4.9377219984307885,APPROVED,
voltdb,408,0,2026-08-28T15:54:36.019576+00:00,2026-08-28T15:54:36.035724+00:00,16.136242003994994,APPROVED,
postgres,409,0,2026-08-28T15:54:36.035853+00:00,2026-08-28T15:54:36.041139+00:00,5.2676560007967055,APPROVED,
voltdb,409,0,2026-08-28T15:54:36.041248+00:00,2026-08-28T15:54:36.063975+00:00,22.715448998496868,APPROVED,
postgres,410,0,2026-08-28T15:54:36.064225+00:00,2026-08-28T15:54:36.067816+00:00,3.574401998776011,APPROVED,
voltdb,410,0,2026-08-28T15:54:36.067880+00:00,2026-08-28T15:54:36.085492+00:00,17.60375700541772,APPROVED,
postgres,414,0,2026-08-28T15:54:36.085616+00:00,2026-08-28T15:54:36.090078+00:00,4.448309991857968,APPROVED,
voltdb,414,0,2026-08-28T15:54:36.090177+00:00,2026-08-28T15:54:36.111665+00:00,21.472981999977492,APPROVED,
postgres,415,0,2026-08-28T15:54:36.111798+00:00,2026-08-28T15:54:36.116667+00:00,4.855095001403242,APPROVED,
voltdb,415,0,2026-08-28T15:54:36.116770+00:00,2026-08-28T15:54:36.132373+00:00,15.594208001857623,APPROVED,
postgres,417,0,2026-08-28T15:54:36.132474+00:00,2026-08-28T15:54:36.135256+00:00,2.7718769997591153,APPROVED,
voltdb,417,0,2026-08-28T15:54:36.135320+00:00,2026-08-28T15:54:36.164747+00:00,29.41738699155394,APPROVED,
postgres,419,0,2026-08-28T15:54:36.165236+00:00,2026-08-28T15:54:36.170072+00:00,4.8120069986907765,APPROVED,
voltdb,419,0,2026-08-28T15:54:36.170153+00:00,2026-08-28T15:54:36.196630+00:00,26.46652598923538,APPROVED,
postgres,420,0,2026-08-28T15:54:36.196766+00:00,2026-08-28T15:54:36.202795+00:00,6.012636993546039,APPROVED,
voltdb,420,0,2026-08-28T15:54:36.203362+00:00,2026-08-28T15:54:36.229478+00:00,26.063380006235093,APPROVED,
postgres,422,0,2026-08-28T15:54:36.229752+00:00,2026-08-28T15:54:36.235678+00:00,5.905616999370977,APPROVED,
voltdb,422,0,2026-08-28T15:54:36.235770+00:00,2026-08-28T15:54:36.259190+00:00,23.40940599970054,APPROVED,
postgres,423,0,2026-08-28T15:54:36.259301+00:00,2026-08-28T15:54:36.263688+00:00,4.369046990177594,APPROVED,
voltdb,423,0,2026-08-28T15:54:36.263999+00:00,2026-08-28T15:54:36.280249+00:00,16.230193999945186,APPROVED,
postgres,424,0,2026-08-28T15:54:36.280428+00:00,2026-08-28T15:54:36.284032+00:00,3.590698994230479,APPROVED,
voltdb,424,0,2026-08-28T15:54:36.284231+00:00,2026-08-28T15:54:36.306642+00:00,22.3947469930863,APPROVED,
postgres,425,0,2026-08-28T15:54:36.306752+00:00,2026-08-28T15:54:36.311779+00:00,5.01490400347393,APPROVED,
voltdb,425,0,2026-08-28T15:54:36.311854+00:00,2026-08-28T15:54:36.327965+00:00,16.103085014037788,APPROVED,
postgres,426,0,2026-08-28T15:54:36.328146+00:00,2026-08-28T15:54:36.331638+00:00,3.4773549996316433,APPROVED,
voltdb,426,0,2026-08-28T15:54:36.331712+00:00,2026-08-28T15:54:36.352561+00:00,20.82733900169842,APPROVED,
postgres,427,0,2026-08-28T15:54:36.352809+00:00,2026-08-28T15:54:36.358113+00:00,5.2837599941994995,REVIEW,
voltdb,427,0,2026-08-28T15:54:36.358204+00:00,2026-08-28T15:54:36.409225+00:00,51.01234700123314,REVIEW,
postgres,428,0,2026-08-28T15:54:36.409285+00:00,2026-08-28T15:54:36.413993+00:00,4.699601995525882,APPROVED,
voltdb,428,0,2026-08-28T15:54:36.414093+00:00,2026-08-28T15:54:36.430194+00:00,16.09102300426457,APPROVED,
postgres,430,0,2026-08-28T15:54:36.430322+00:00,2026-08-28T15:54:36.434206+00:00,3.871556997182779,APPROVED,
voltdb,430,0,2026-08-28T15:54:36.434275+00:00,2026-08-28T15:54:36.453650+00:00,19.367054002941586,APPROVED,
postgres,431,0,2026-08-28T15:54:36.453746+00:00,2026-08-28T15:54:36.458867+00:00,5.1107589970342815,REVIEW,
voltdb,431,0,2026-08-28T15:54:36.458936+00:00,2026-08-28T15:54:36.479901+00:00,20.955850995960645,REVIEW,
postgres,432,0,2026-08-28T15:54:36.480081+00:00,2026-08-28T15:54:36.483182+00:00,3.087777004111558,APPROVED,
voltdb,432,0,2026-08-28T15:54:36.483261+00:00,2026-08-28T15:54:36.502346+00:00,19.075888994848356,APPROVED,
postgres,433,0,2026-08-28T15:54:36.502578+00:00,2026-08-28T15:54:36.506904+00:00,4.302733999793418,APPROVED,
voltdb,433,0,2026-08-28T15:54:36.506979+00:00,2026-08-28T15:54:36.523475+00:00,16.451500996481627,APPROVED,
postgres,435,0,2026-08-28T15:54:36.523681+00:00,2026-08-28T15:54:36.526703+00:00,3.008350991876796,APPROVED,
voltdb,435,0,2026-08-28T15:54:36.526769+00:00,2026-08-28T15:54:36.542613+00:00,15.834079997148365,APPROVED,
postgres,437,0,2026-08-28T15:54:36.542722+00:00,2026-08-28T15:54:36.547268+00:00,4.534506006166339,APPROVED,
voltdb,437,0,2026-08-28T15:54:36.547336+00:00,2026-08-28T15:54:36.566058+00:00,18.713159006438218,APPROVED,
postgres,438,0,2026-08-28T15:54:36.566158+00:00,2026-08-28T15:54:36.568995+00:00,2.828193988534622,APPROVED,
voltdb,438,0,2026-08-28T15:54:36.569064+00:00,2026-08-28T15:54:36.585854+00:00,16.781774000264704,APPROVED,
postgres,439,0,2026-08-28T15:54:36.585974+00:00,2026-08-28T15:54:36.590588+00:00,4.599160994985141,APPROVED,
voltdb,439,0,2026-08-28T15:54:36.590689+00:00,2026-08-28T15:54:36.611228+00:00,20.524977997411042,APPROVED,
postgres,440,0,2026-08-28T15:54:36.611323+00:00,2026-08-28T15:54:36.615611+00:00,4.278491993318312,APPROVED,
voltdb,440,0,2026-08-28T15:54:36.615679+00:00,2026-08-28T15:54:36.633285+00:00,17.562288005137816,APPROVED,
postgres,441,0,2026-08-28T15:54:36.633419+00:00,2026-08-28T15:54:36.638101+00:00,4.667852990678512,REVIEW,
voltdb,441,0,2026-08-28T15:54:36.638175+00:00,2026-08-28T15:54:36.659731+00:00,21.54721401166171,REVIEW,
postgres,443,0,2026-08-28T15:54:36.659842+00:00,2026-08-28T15:54:36.662703+00:00,2.8459589957492426,APPROVED,
voltdb,443,0,2026-08-28T15:54:36.662771+00:00,2026-08-28T15:54:36.678264+00:00,15.484329996979795,APPROVED,
postgres,444,0,2026-08-28T15:54:36.678378+00:00,2026-08-28T15:54:36.681793+00:00,3.4053830022457987,APPROVED,
voltdb,444,0,2026-08-28T15:54:36.681863+00:00,2026-08-28T15:54:36.700225+00:00,18.352475002757274,APPROVED,
postgres,445,0,2026-08-28T15:54:36.700364+00:00,2026-08-28T15:54:36.704285+00:00,3.910625004209578,APPROVED,
voltdb,445,0,2026-08-28T15:54:36.704453+00:00,2026-08-28T15:54:36.719755+00:00,15.282912994734943,APPROVED,
postgres,447,0,2026-08-28T15:54:36.719850+00:00,2026-08-28T15:54:36.723118+00:00,3.2548889867030084,APPROVED,
voltdb,447,0,2026-08-28T15:54:36.723340+00:00,2026-08-28T15:54:36.739563+00:00,16.20697799080517,APPROVED,
postgres,448,1,2026-08-28T15:54:36.739771+00:00,2026-08-28T15:54:36.745132+00:00,5.347642989363521,BLOCKED,
voltdb,448,1,2026-08-28T15:54:36.745217+00:00,2026-08-28T15:54:36.766014+00:00,20.788443012861535,BLOCKED,
postgres,449,0,2026-08-28T15:54:36.766109+00:00,2026-08-28T15:54:36.768902+00:00,2.7839289978146553,APPROVED,
voltdb,449,0,2026-08-28T15:54:36.769000+00:00,2026-08-28T15:54:36.784287+00:00,15.277856000466272,APPROVED,
postgres,451,0,2026-08-28T15:54:36.784396+00:00,2026-08-28T15:54:36.787283+00:00,2.8757029940607026,APPROVED,
voltdb,451,0,2026-08-28T15:54:36.787351+00:00,2026-08-28T15:54:36.806016+00:00,18.656006999663077,APPROVED,
postgres,452,0,2026-08-28T15:54:36.806110+00:00,2026-08-28T15:54:36.809967+00:00,3.8464440003735945,APPROVED,
voltdb,452,0,2026-08-28T15:54:36.810067+00:00,2026-08-28T15:54:36.825983+00:00,15.907505003269762,APPROVED,
postgres,453,0,2026-08-28T15:54:36.826087+00:00,2026-08-28T15:54:36.828604+00:00,2.508873993065208,APPROVED,
voltdb,453,0,2026-08-28T15:54:36.828672+00:00,2026-08-28T15:54:36.845891+00:00,17.21013399946969,APPROVED,
postgres,455,0,2026-08-28T15:54:36.846101+00:00,2026-08-28T15:54:36.850592+00:00,4.4767240033252165,REVIEW,
voltdb,455,0,2026-08-28T15:54:36.850703+00:00,2026-08-28T15:54:36.870219+00:00,19.504776006215252,REVIEW,
postgres,459,0,2026-08-28T15:54:36.870406+00:00,2026-08-28T15:54:36.874211+00:00,3.7901699979556724,APPROVED,
voltdb,459,0,2026-08-28T15:54:36.874278+00:00,2026-08-28T15:54:36.889334+00:00,15.0479800067842,APPROVED,
postgres,460,0,2026-08-28T15:54:36.889466+00:00,2026-08-28T15:54:36.894112+00:00,4.630211988114752,APPROVED,
voltdb,460,0,2026-08-28T15:54:36.894195+00:00,2026-08-28T15:54:36.914057+00:00,19.853430989314802,APPROVED,
postgres,462,0,2026-08-28T15:54:36.914243+00:00,2026-08-28T15:54:36.918246+00:00,3.9927680045366287,APPROVED,
voltdb,462,0,2026-08-28T15:54:36.918318+00:00,2026-08-28T15:54:36.933678+00:00,15.350792004028335,APPROVED,
postgres,464,0,2026-08-28T15:54:36.933771+00:00,2026-08-28T15:54:36.937099+00:00,3.314636996947229,APPROVED,
voltdb,464,0,2026-08-28T15:54:36.937286+00:00,2026-08-28T15:54:36.955340+00:00,18.033897009445354,APPROVED,
postgres,467,0,2026-08-28T15:54:36.955433+00:00,2026-08-28T15:54:36.959868+00:00,4.424066006322391,APPROVED,
voltdb,467,0,2026-08-28T15:54:36.959942+00:00,2026-08-28T15:54:36.978280+00:00,18.328852005652152,APPROVED,
postgres,468,0,2026-08-28T15:54:36.978374+00:00,2026-08-28T15:54:36.981355+00:00,2.9720410093432292,APPROVED,
voltdb,468,0,2026-08-28T15:54:36.981423+00:00,2026-08-28T15:54:37.014408+00:00,32.97709299658891,APPROVED,
postgres,469,0,2026-08-28T15:54:37.014525+00:00,2026-08-28T15:54:37.023058+00:00,8.520588991814293,APPROVED,
voltdb,469,0,2026-08-28T15:54:37.023162+00:00,2026-08-28T15:54:37.110828+00:00,87.6569579995703,APPROVED,
postgres,470,0,2026-08-28T15:54:37.111082+00:00,2026-08-28T15:54:37.116894+00:00,5.793520002043806,APPROVED,
voltdb,470,0,2026-08-28T15:54:37.117129+00:00,2026-08-28T15:54:37.137081+00:00,19.932461000280455,APPROVED,
postgres,472,0,2026-08-28T15:54:37.137229+00:00,2026-08-28T15:54:37.141189+00:00,3.856391995213926,APPROVED,
voltdb,472,0,2026-08-28T15:54:37.141338+00:00,2026-08-28T15:54:37.158373+00:00,17.019102000631392,APPROVED,
postgres,473,0,2026-08-28T15:54:37.158476+00:00,2026-08-28T15:54:37.163302+00:00,4.814052997971885,APPROVED,
voltdb,473,0,2026-08-28T15:54:37.163404+00:00,2026-08-28T15:54:37.182990+00:00,19.569422001950443,APPROVED,
postgres,474,0,2026-08-28T15:54:37.183148+00:00,2026-08-28T15:54:37.188353+00:00,5.193343997234479,APPROVED,
voltdb,474,0,2026-08-28T15:54:37.188488+00:00,2026-08-28T15:54:37.209703+00:00,21.204625998507254,APPROVED,
postgres,475,0,2026-08-28T15:54:37.209797+00:00,2026-08-28T15:54:37.214413+00:00,4.605904003256001,APPROVED,
voltdb,475,0,2026-08-28T15:54:37.214484+00:00,2026-08-28T15:54:37.228594+00:00,14.100567001150921,APPROVED,
postgres,477,0,2026-08-28T15:54:37.228694+00:00,2026-08-28T15:54:37.232492+00:00,3.7877539871260524,APPROVED,
voltdb,477,0,2026-08-28T15:54:37.232567+00:00,2026-08-28T15:54:37.248351+00:00,15.775167994434014,APPROVED,
postgres,479,0,2026-08-28T15:54:37.248468+00:00,2026-08-28T15:54:37.252466+00:00,3.9853289927123114,APPROVED,
voltdb,479,0,2026-08-28T15:54:37.252549+00:00,2026-08-28T15:54:37.267453+00:00,14.895250991685316,APPROVED,
postgres,482,0,2026-08-28T15:54:37.267549+00:00,2026-08-28T15:54:37.270736+00:00,3.1763529987074435,APPROVED,
voltdb,482,0,2026-08-28T15:54:37.270813+00:00,2026-08-28T15:54:37.285454+00:00,14.631407000706531,APPROVED,
postgres,483,0,2026-08-28T15:54:37.285606+00:00,2026-08-28T15:54:37.289148+00:00,3.501850995235145,APPROVED,
voltdb,483,0,2026-08-28T15:54:37.289216+00:00,2026-08-28T15:54:37.305186+00:00,15.961433993652463,APPROVED,
postgres,484,0,2026-08-28T15:54:37.305337+00:00,2026-08-28T15:54:37.307921+00:00,2.573217003373429,APPROVED,
voltdb,484,0,2026-08-28T15:54:37.307985+00:00,2026-08-28T15:54:37.322528+00:00,14.534225992974825,APPROVED,
postgres,486,0,2026-08-28T15:54:37.322663+00:00,2026-08-28T15:54:37.326644+00:00,3.9630469982512295,APPROVED,
voltdb,486,0,2026-08-28T15:54:37.326716+00:00,2026-08-28T15:54:37.344337+00:00,17.61072999215685,APPROVED,
postgres,489,0,2026-08-28T15:54:37.344510+00:00,2026-08-28T15:54:37.348534+00:00,4.011619996163063,APPROVED,
voltdb,489,0,2026-08-28T15:54:37.348607+00:00,2026-08-28T15:54:37.368572+00:00,19.956445990828797,APPROVED,
postgres,491,0,2026-08-28T15:54:37.368675+00:00,2026-08-28T15:54:37.372252+00:00,3.565307008102536,APPROVED,
voltdb,491,0,2026-08-28T15:54:37.372327+00:00,2026-08-28T15:54:37.387557+00:00,15.220016008242965,APPROVED,
postgres,493,0,2026-08-28T15:54:37.387749+00:00,2026-08-28T15:54:37.392314+00:00,4.5497209939640015,APPROVED,
voltdb,493,0,2026-08-28T15:54:37.392396+00:00,2026-08-28T15:54:37.409819+00:00,17.411566004739143,APPROVED,
postgres,496,0,2026-08-28T15:54:37.410025+00:00,2026-08-28T15:54:37.413398+00:00,3.359517009812407,APPROVED,
voltdb,496,0,2026-08-28T15:54:37.413468+00:00,2026-08-28T15:54:37.428435+00:00,14.95827799953986,APPROVED,
postgres,499,0,2026-08-28T15:54:37.428534+00:00,2026-08-28T15:54:37.433260+00:00,4.715131988632493,REVIEW,
voltdb,499,0,2026-08-28T15:54:37.433333+00:00,2026-08-28T15:54:37.453235+00:00,19.892548996722326,REVIEW,
postgres,500,0,2026-08-28T15:54:37.453329+00:00,2026-08-28T15:54:37.456158+00:00,2.817954999045469,APPROVED,
voltdb,500,0,2026-08-28T15:54:37.456235+00:00,2026-08-28T15:54:37.470828+00:00,14.582831994630396,APPROVED,
postgres,501,0,2026-08-28T15:54:37.470985+00:00,2026-08-28T15:54:37.473839+00:00,2.8415450069587678,APPROVED,
voltdb,501,0,2026-08-28T15:54:37.473970+00:00,2026-08-28T15:54:37.488664+00:00,14.685272995848209,APPROVED,
postgres,502,0,2026-08-28T15:54:37.488760+00:00,2026-08-28T15:54:37.492561+00:00,3.788390997215174,APPROVED,
voltdb,502,0,2026-08-28T15:54:37.492638+00:00,2026-08-28T15:54:37.507391+00:00,14.744237996637821,APPROVED,
postgres,503,0,2026-08-28T15:54:37.507517+00:00,2026-08-28T15:54:37.511101+00:00,3.5728689981624484,APPROVED,
voltdb,503,0,2026-08-28T15:54:37.511176+00:00,2026-08-28T15:54:37.525540+00:00,14.35542399121914,APPROVED,
postgres,507,0,2026-08-28T15:54:37.525639+00:00,2026-08-28T15:54:37.528316+00:00,2.667562002898194,APPROVED,
voltdb,507,0,2026-08-28T15:54:37.528384+00:00,2026-08-28T15:54:37.544648+00:00,16.255048001767136,APPROVED,
postgres,508,0,2026-08-28T15:54:37.544803+00:00,2026-08-28T15:54:37.547748+00:00,2.9321629990590736,APPROVED,
voltdb,508,0,2026-08-28T15:54:37.547810+00:00,2026-08-28T15:54:37.562668+00:00,14.848958991933614,APPROVED,
postgres,509,1,2026-08-28T15:54:37.562763+00:00,2026-08-28T15:54:37.566904+00:00,4.1315660055261105,BLOCKED,
voltdb,509,1,2026-08-28T15:54:37.566973+00:00,2026-08-28T15:54:37.585489+00:00,18.50721200753469,BLOCKED,
postgres,510,0,2026-08-28T15:54:37.585595+00:00,2026-08-28T15:54:37.589219+00:00,3.613285007304512,APPROVED,
voltdb,510,0,2026-08-28T15:54:37.589341+00:00,2026-08-28T15:54:37.609165+00:00,19.808040000498295,APPROVED,
postgres,511,0,2026-08-28T15:54:37.609452+00:00,2026-08-28T15:54:37.613484+00:00,4.019985004561022,APPROVED,
voltdb,511,0,2026-08-28T15:54:37.613556+00:00,2026-08-28T15:54:37.628480+00:00,14.916097992681898,APPROVED,
postgres,512,0,2026-08-28T15:54:37.628597+00:00,2026-08-28T15:54:37.632934+00:00,4.324991008616053,REVIEW,
voltdb,512,0,2026-08-28T15:54:37.633009+00:00,2026-08-28T15:54:37.654312+00:00,21.294466001563706,REVIEW,
postgres,513,0,2026-08-28T15:54:37.654408+00:00,2026-08-28T15:54:37.659616+00:00,5.196405007154681,APPROVED,
voltdb,513,0,2026-08-28T15:54:37.659706+00:00,2026-08-28T15:54:37.674614+00:00,14.897952001774684,APPROVED,
postgres,514,0,2026-08-28T15:54:37.674710+00:00,2026-08-28T15:54:37.677768+00:00,3.046639001695439,APPROVED,
voltdb,514,0,2026-08-28T15:54:37.677845+00:00,2026-08-28T15:54:37.693862+00:00,16.008378006517887,APPROVED,
postgres,515,0,2026-08-28T15:54:37.694044+00:00,2026-08-28T15:54:37.698120+00:00,4.062523003085516,APPROVED,
voltdb,515,0,2026-08-28T15:54:37.698221+00:00,2026-08-28T15:54:37.716576+00:00,18.345698990742676,APPROVED,
postgres,516,0,2026-08-28T15:54:37.716691+00:00,2026-08-28T15:54:37.719975+00:00,3.268136002589017,APPROVED,
voltdb,516,0,2026-08-28T15:54:37.720045+00:00,2026-08-28T15:54:37.734230+00:00,14.176810000208206,APPROVED,
postgres,517,0,2026-08-28T15:54:37.734325+00:00,2026-08-28T15:54:37.738246+00:00,3.9101919974200428,APPROVED,
voltdb,517,0,2026-08-28T15:54:37.738347+00:00,2026-08-28T15:54:37.756615+00:00,18.23463999608066,APPROVED,
postgres,518,0,2026-08-28T15:54:37.756723+00:00,2026-08-28T15:54:37.760237+00:00,3.5044130054302514,APPROVED,
voltdb,518,0,2026-08-28T15:54:37.760308+00:00,2026-08-28T15:54:37.775070+00:00,14.753761002793908,APPROVED,
postgres,519,0,2026-08-28T15:54:37.775175+00:00,2026-08-28T15:54:37.778922+00:00,3.736090991878882,APPROVED,
voltdb,519,0,2026-08-28T15:54:37.779005+00:00,2026-08-28T15:54:37.795278+00:00,16.264753008726984,APPROVED,
postgres,520,0,2026-08-28T15:54:37.795393+00:00,2026-08-28T15:54:37.800225+00:00,4.820412999833934,APPROVED,
voltdb,520,0,2026-08-28T15:54:37.800298+00:00,2026-08-28T15:54:37.815672+00:00,15.366386011010036,APPROVED,
postgres,521,0,2026-08-28T15:54:37.815763+00:00,2026-08-28T15:54:37.819958+00:00,4.184431003523059,APPROVED,
voltdb,521,0,2026-08-28T15:54:37.820033+00:00,2026-08-28T15:54:37.834481+00:00,14.439676000620238,APPROVED,
postgres,522,0,2026-08-28T15:54:37.834573+00:00,2026-08-28T15:54:37.838295+00:00,3.711778001161292,APPROVED,
voltdb,522,0,2026-08-28T15:54:37.838371+00:00,2026-08-28T15:54:37.854822+00:00,16.441701009171084,APPROVED,
postgres,523,0,2026-08-28T15:54:37.854954+00:00,2026-08-28T15:54:37.858624+00:00,3.658522997284308,APPROVED,
voltdb,523,0,2026-08-28T15:54:37.858702+00:00,2026-08-28T15:54:37.873339+00:00,14.628311997512355,APPROVED,
postgres,524,0,2026-08-28T15:54:37.873450+00:00,2026-08-28T15:54:37.876270+00:00,2.810035992297344,APPROVED,
voltdb,524,0,2026-08-28T15:54:37.876362+00:00,2026-08-28T15:54:37.893663+00:00,17.292087999521755,APPROVED,
postgres,525,0,2026-08-28T15:54:37.893791+00:00,2026-08-28T15:54:37.898155+00:00,4.3506399961188436,APPROVED,
voltdb,525,0,2026-08-28T15:54:37.898230+00:00,2026-08-28T15:54:37.917994+00:00,19.754627006477676,APPROVED,
postgres,526,1,2026-08-28T15:54:37.918214+00:00,2026-08-28T15:54:37.923543+00:00,5.2960799948778,REVIEW,
voltdb,526,1,2026-08-28T15:54:37.923636+00:00,2026-08-28T15:54:37.943399+00:00,19.753200002014637,REVIEW,
postgres,527,0,2026-08-28T15:54:37.943509+00:00,2026-08-28T15:54:37.948718+00:00,5.198305007070303,REVIEW,
voltdb,527,0,2026-08-28T15:54:37.948810+00:00,2026-08-28T15:54:37.968193+00:00,19.37378199363593,REVIEW,
postgres,528,0,2026-08-28T15:54:37.968289+00:00,2026-08-28T15:54:37.972480+00:00,4.177854003501125,BLOCKED,
voltdb,528,0,2026-08-28T15:54:37.972622+00:00,2026-08-28T15:54:37.993487+00:00,20.806681000976823,BLOCKED,
postgres,529,0,2026-08-28T15:54:37.993598+00:00,2026-08-28T15:54:37.997812+00:00,4.2038979881908745,APPROVED,
voltdb,529,0,2026-08-28T15:54:37.997896+00:00,2026-08-28T15:54:38.015563+00:00,17.654328999924473,APPROVED,
postgres,530,0,2026-08-28T15:54:38.015663+00:00,2026-08-28T15:54:38.019680+00:00,4.006560004199855,APPROVED,
voltdb,530,0,2026-08-28T15:54:38.019749+00:00,2026-08-28T15:54:38.034781+00:00,15.023583007859997,APPROVED,
postgres,531,0,2026-08-28T15:54:38.034872+00:00,2026-08-28T15:54:38.038383+00:00,3.5007179976673797,APPROVED,
voltdb,531,0,2026-08-28T15:54:38.038453+00:00,2026-08-28T15:54:38.053232+00:00,14.770230001886375,APPROVED,
postgres,532,0,2026-08-28T15:54:38.053329+00:00,2026-08-28T15:54:38.055976+00:00,2.638417005073279,APPROVED,
voltdb,532,0,2026-08-28T15:54:38.056035+00:00,2026-08-28T15:54:38.070427+00:00,14.376157007063739,APPROVED,
postgres,533,0,2026-08-28T15:54:38.070732+00:00,2026-08-28T15:54:38.074755+00:00,4.002050001872703,APPROVED,
voltdb,533,0,2026-08-28T15:54:38.074826+00:00,2026-08-28T15:54:38.088501+00:00,13.666549013578333,APPROVED,
postgres,535,0,2026-08-28T15:54:38.088594+00:00,2026-08-28T15:54:38.092296+00:00,3.6918090045219287,APPROVED,
voltdb,535,0,2026-08-28T15:54:38.092378+00:00,2026-08-28T15:54:38.107183+00:00,14.796025992836803,APPROVED,
postgres,536,0,2026-08-28T15:54:38.107277+00:00,2026-08-28T15:54:38.110284+00:00,2.996156006702222,APPROVED,
voltdb,536,0,2026-08-28T15:54:38.110383+00:00,2026-08-28T15:54:38.125246+00:00,14.849640996544622,APPROVED,
postgres,538,0,2026-08-28T15:54:38.125339+00:00,2026-08-28T15:54:38.128116+00:00,2.7666370006045327,APPROVED,
voltdb,538,0,2026-08-28T15:54:38.128183+00:00,2026-08-28T15:54:38.142564+00:00,14.372181991348043,APPROVED,
postgres,539,0,2026-08-28T15:54:38.142723+00:00,2026-08-28T15:54:38.147141+00:00,4.406687992741354,APPROVED,
voltdb,539,0,2026-08-28T15:54:38.147212+00:00,2026-08-28T15:54:38.166405+00:00,19.183657990652137,APPROVED,
postgres,542,0,2026-08-28T15:54:38.166504+00:00,2026-08-28T15:54:38.168981+00:00,2.4687089899089187,APPROVED,
voltdb,542,0,2026-08-28T15:54:38.169042+00:00,2026-08-28T15:54:38.183106+00:00,14.055952997296117,APPROVED,
postgres,543,0,2026-08-28T15:54:38.183201+00:00,2026-08-28T15:54:38.186851+00:00,3.6403120029717684,APPROVED,
voltdb,543,0,2026-08-28T15:54:38.186977+00:00,2026-08-28T15:54:38.203944+00:00,16.957170999376103,APPROVED,
postgres,544,0,2026-08-28T15:54:38.204157+00:00,2026-08-28T15:54:38.208585+00:00,4.413435002788901,APPROVED,
voltdb,544,0,2026-08-28T15:54:38.208656+00:00,2026-08-28T15:54:38.226748+00:00,18.08380999136716,APPROVED,
postgres,545,0,2026-08-28T15:54:38.226839+00:00,2026-08-28T15:54:38.230227+00:00,3.3780809899326414,APPROVED,
voltdb,545,0,2026-08-28T15:54:38.230312+00:00,2026-08-28T15:54:38.246679+00:00,16.308960010064766,APPROVED,
postgres,546,0,2026-08-28T15:54:38.246823+00:00,2026-08-28T15:54:38.251327+00:00,4.48756999685429,APPROVED,
voltdb,546,0,2026-08-28T15:54:38.251426+00:00,2026-08-28T15:54:38.268225+00:00,16.78960199933499,APPROVED,
postgres,547,0,2026-08-28T15:54:38.268316+00:00,2026-08-28T15:54:38.272410+00:00,4.081860999576747,REVIEW,
voltdb,547,0,2026-08-28T15:54:38.272485+00:00,2026-08-28T15:54:38.292359+00:00,19.865003996528685,REVIEW,
postgres,548,0,2026-08-28T15:54:38.292481+00:00,2026-08-28T15:54:38.296055+00:00,3.56247799936682,APPROVED,
voltdb,548,0,2026-08-28T15:54:38.296130+00:00,2026-08-28T15:54:38.319599+00:00,23.458666997612454,APPROVED,
postgres,549,0,2026-08-28T15:54:38.319714+00:00,2026-08-28T15:54:38.322545+00:00,2.821756002958864,APPROVED,
voltdb,549,0,2026-08-28T15:54:38.322612+00:00,2026-08-28T15:54:38.339326+00:00,16.70571400609333,APPROVED,
postgres,550,0,2026-08-28T15:54:38.339443+00:00,2026-08-28T15:54:38.343849+00:00,4.390262998640537,APPROVED,
voltdb,550,0,2026-08-28T15:54:38.344012+00:00,2026-08-28T15:54:38.361710+00:00,17.686075996607542,APPROVED,
postgres,551,1,2026-08-28T15:54:38.361812+00:00,2026-08-28T15:54:38.366256+00:00,4.433425987372175,BLOCKED,
voltdb,551,1,2026-08-28T15:54:38.366335+00:00,2026-08-28T15:54:38.383679+00:00,17.33413100009784,BLOCKED,
postgres,553,0,2026-08-28T15:54:38.383775+00:00,2026-08-28T15:54:38.387297+00:00,3.5125430003972724,APPROVED,
voltdb,553,0,2026-08-28T15:54:38.387366+00:00,2026-08-28T15:54:38.404948+00:00,17.573781005921774,APPROVED,
postgres,554,0,2026-08-28T15:54:38.405116+00:00,2026-08-28T15:54:38.408694+00:00,3.5683499881997705,APPROVED,
voltdb,554,0,2026-08-28T15:54:38.408760+00:00,2026-08-28T15:54:38.422632+00:00,13.864325999747962,APPROVED,
postgres,555,1,2026-08-28T15:54:38.422834+00:00,2026-08-28T15:54:38.427229+00:00,4.33088700810913,BLOCKED,
voltdb,555,1,2026-08-28T15:54:38.427304+00:00,2026-08-28T15:54:38.446228+00:00,18.915445994935,BLOCKED,
postgres,557,0,2026-08-28T15:54:38.446409+00:00,2026-08-28T15:54:38.449436+00:00,3.013979992829263,APPROVED,
voltdb,557,0,2026-08-28T15:54:38.449553+00:00,2026-08-28T15:54:38.463958+00:00,14.39053300418891,APPROVED,
postgres,560,0,2026-08-28T15:54:38.464137+00:00,2026-08-28T15:54:38.467214+00:00,3.0650870030513033,APPROVED,
voltdb,560,0,2026-08-28T15:54:38.467286+00:00,2026-08-28T15:54:38.481742+00:00,14.447459994698875,APPROVED,
postgres,561,0,2026-08-28T15:54:38.481851+00:00,2026-08-28T15:54:38.485645+00:00,3.7825909967068583,REVIEW,
voltdb,561,0,2026-08-28T15:54:38.485768+00:00,2026-08-28T15:54:38.504973+00:00,19.1902760125231,REVIEW,
postgres,562,0,2026-08-28T15:54:38.505080+00:00,2026-08-28T15:54:38.507970+00:00,2.8805000038119033,APPROVED,
voltdb,562,0,2026-08-28T15:54:38.508033+00:00,2026-08-28T15:54:38.522472+00:00,14.431077011977322,APPROVED,
postgres,565,0,2026-08-28T15:54:38.522564+00:00,2026-08-28T15:54:38.526425+00:00,3.8502020033774897,APPROVED,
voltdb,565,0,2026-08-28T15:54:38.526507+00:00,2026-08-28T15:54:38.541185+00:00,14.664071990409866,APPROVED,
postgres,566,0,2026-08-28T15:54:38.541282+00:00,2026-08-28T15:54:38.545016+00:00,3.7226059939712286,REVIEW,
voltdb,566,0,2026-08-28T15:54:38.545091+00:00,2026-08-28T15:54:38.562789+00:00,17.689372005406767,REVIEW,
postgres,568,0,2026-08-28T15:54:38.563024+00:00,2026-08-28T15:54:38.567012+00:00,3.9713930018479005,APPROVED,
voltdb,568,0,2026-08-28T15:54:38.567081+00:00,2026-08-28T15:54:38.581778+00:00,14.688663999550045,APPROVED,
postgres,571,0,2026-08-28T15:54:38.581873+00:00,2026-08-28T15:54:38.585782+00:00,3.8980519893812016,APPROVED,
voltdb,571,0,2026-08-28T15:54:38.585858+00:00,2026-08-28T15:54:38.604574+00:00,18.702895002206787,APPROVED,
postgres,572,0,2026-08-28T15:54:38.604809+00:00,2026-08-28T15:54:38.608815+00:00,3.9869790052762255,APPROVED,
voltdb,572,0,2026-08-28T15:54:38.608893+00:00,2026-08-28T15:54:38.626870+00:00,17.967478997888975,APPROVED,
postgres,573,0,2026-08-28T15:54:38.627011+00:00,2026-08-28T15:54:38.632417+00:00,5.393378000007942,APPROVED,
voltdb,573,0,2026-08-28T15:54:38.632533+00:00,2026-08-28T15:54:38.649317+00:00,16.771534996223636,APPROVED,
postgres,574,0,2026-08-28T15:54:38.649418+00:00,2026-08-28T15:54:38.653921+00:00,4.492414009291679,APPROVED,
voltdb,574,0,2026-08-28T15:54:38.654098+00:00,2026-08-28T15:54:38.672733+00:00,18.625345997861587,APPROVED,
postgres,575,0,2026-08-28T15:54:38.672856+00:00,2026-08-28T15:54:38.677307+00:00,4.437651004991494,REVIEW,
voltdb,575,0,2026-08-28T15:54:38.677386+00:00,2026-08-28T15:54:38.699062+00:00,21.666765009285882,REVIEW,
postgres,578,0,2026-08-28T15:54:38.699306+00:00,2026-08-28T15:54:38.704153+00:00,4.831494006793946,APPROVED,
voltdb,578,0,2026-08-28T15:54:38.704240+00:00,2026-08-28T15:54:38.722261+00:00,18.0000230029691,APPROVED,
postgres,579,0,2026-08-28T15:54:38.722352+00:00,2026-08-28T15:54:38.727280+00:00,4.918947000987828,APPROVED,
voltdb,579,0,2026-08-28T15:54:38.727351+00:00,2026-08-28T15:54:38.744463+00:00,17.102819998399355,APPROVED,
postgres,582,0,2026-08-28T15:54:38.744594+00:00,2026-08-28T15:54:38.748865+00:00,4.258379005477764,APPROVED,
voltdb,582,0,2026-08-28T15:54:38.749000+00:00,2026-08-28T15:54:38.766204+00:00,17.19475600111764,APPROVED,
postgres,583,0,2026-08-28T15:54:38.766294+00:00,2026-08-28T15:54:38.770018+00:00,3.6933000083081424,APPROVED,
voltdb,583,0,2026-08-28T15:54:38.770120+00:00,2026-08-28T15:54:38.784147+00:00,13.988840000820346,APPROVED,
postgres,587,0,2026-08-28T15:54:38.784262+00:00,2026-08-28T15:54:38.787591+00:00,3.320306001114659,APPROVED,
voltdb,587,0,2026-08-28T15:54:38.787658+00:00,2026-08-28T15:54:38.813528+00:00,25.861592002911493,APPROVED,
postgres,588,0,2026-08-28T15:54:38.813627+00:00,2026-08-28T15:54:38.817132+00:00,3.4891489922301844,APPROVED,
voltdb,588,0,2026-08-28T15:54:38.817240+00:00,2026-08-28T15:54:38.831297+00:00,14.046266005607322,APPROVED,
postgres,589,0,2026-08-28T15:54:38.831447+00:00,2026-08-28T15:54:38.834710+00:00,3.2461319933645427,APPROVED,
voltdb,589,0,2026-08-28T15:54:38.834774+00:00,2026-08-28T15:54:38.851461+00:00,16.6786940098973,APPROVED,
postgres,590,0,2026-08-28T15:54:38.851671+00:00,2026-08-28T15:54:38.856047+00:00,4.3414800020400435,APPROVED,
voltdb,590,0,2026-08-28T15:54:38.856115+00:00,2026-08-28T15:54:38.871955+00:00,15.83149199723266,APPROVED,
postgres,591,0,2026-08-28T15:54:38.872073+00:00,2026-08-28T15:54:38.875001+00:00,2.9167280008550733,APPROVED,
voltdb,591,0,2026-08-28T15:54:38.875063+00:00,2026-08-28T15:54:38.888853+00:00,13.781508998363279,APPROVED,
postgres,593,0,2026-08-28T15:54:38.889058+00:00,2026-08-28T15:54:38.893972+00:00,4.896744998404756,APPROVED,
voltdb,593,0,2026-08-28T15:54:38.894064+00:00,2026-08-28T15:54:38.911426+00:00,17.353347997413948,APPROVED,
postgres,594,0,2026-08-28T15:54:38.911521+00:00,2026-08-28T15:54:38.915269+00:00,3.7381529982667416,APPROVED,
voltdb,594,0,2026-08-28T15:54:38.915333+00:00,2026-08-28T15:54:38.929203+00:00,13.862430991139263,APPROVED,
postgres,595,0,2026-08-28T15:54:38.929310+00:00,2026-08-28T15:54:38.932496+00:00,3.176027996232733,APPROVED,
voltdb,595,0,2026-08-28T15:54:38.932574+00:00,2026-08-28T15:54:38.948672+00:00,16.089793003629893,APPROVED,
postgres,596,0,2026-08-28T15:54:38.948764+00:00,2026-08-28T15:54:38.953343+00:00,4.568019998259842,APPROVED,
voltdb,596,0,2026-08-28T15:54:38.953420+00:00,2026-08-28T15:54:38.967819+00:00,14.39022200065665,APPROVED,
postgres,598,0,2026-08-28T15:54:38.967913+00:00,2026-08-28T15:54:38.970702+00:00,2.7790610038209707,APPROVED,
voltdb,598,0,2026-08-28T15:54:38.970776+00:00,2026-08-28T15:54:38.984389+00:00,13.601187994936481,APPROVED,
postgres,599,0,2026-08-28T15:54:38.984605+00:00,2026-08-28T15:54:38.987764+00:00,3.1453219999093562,APPROVED,
voltdb,599,0,2026-08-28T15:54:38.987830+00:00,2026-08-28T15:54:39.004429+00:00,16.55871799448505,APPROVED,
postgres,600,0,2026-08-28T15:54:39.004569+00:00,2026-08-28T15:54:39.008148+00:00,3.567291991203092,APPROVED,
voltdb,600,0,2026-08-28T15:54:39.008241+00:00,2026-08-28T15:54:39.022197+00:00,13.94790101039689,APPROVED,
postgres,601,0,2026-08-28T15:54:39.022335+00:00,2026-08-28T15:54:39.025693+00:00,3.3454980002716184,APPROVED,
voltdb,601,0,2026-08-28T15:54:39.025765+00:00,2026-08-28T15:54:39.040907+00:00,15.134101995499805,APPROVED,
postgres,602,0,2026-08-28T15:54:39.041171+00:00,2026-08-28T15:54:39.044299+00:00,3.11463899561204,APPROVED,
voltdb,602,0,2026-08-28T15:54:39.044448+00:00,2026-08-28T15:54:39.059199+00:00,14.740682992851362,APPROVED,
postgres,605,0,2026-08-28T15:54:39.059291+00:00,2026-08-28T15:54:39.062126+00:00,2.8257929952815175,APPROVED,
voltdb,605,0,2026-08-28T15:54:39.062189+00:00,2026-08-28T15:54:39.077173+00:00,14.974247009376995,APPROVED,
postgres,606,0,2026-08-28T15:54:39.077279+00:00,2026-08-28T15:54:39.080251+00:00,2.9605349991470575,APPROVED,
voltdb,606,0,2026-08-28T15:54:39.080317+00:00,2026-08-28T15:54:39.095453+00:00,15.127056001801975,APPROVED,
postgres,607,0,2026-08-28T15:54:39.095568+00:00,2026-08-28T15:54:39.100386+00:00,4.798605004907586,APPROVED,
voltdb,607,0,2026-08-28T15:54:39.100465+00:00,2026-08-28T15:54:39.117759+00:00,17.283993001910858,APPROVED,
postgres,609,0,2026-08-28T15:54:39.117860+00:00,2026-08-28T15:54:39.122324+00:00,4.454120004083961,APPROVED,
voltdb,609,0,2026-08-28T15:54:39.122399+00:00,2026-08-28T15:54:39.140226+00:00,17.81822700286284,APPROVED,
postgres,610,0,2026-08-28T15:54:39.140338+00:00,2026-08-28T15:54:39.144638+00:00,4.284353999537416,APPROVED,
voltdb,610,0,2026-08-28T15:54:39.144877+00:00,2026-08-28T15:54:39.173983+00:00,29.084676993079484,APPROVED,
postgres,611,0,2026-08-28T15:54:39.174421+00:00,2026-08-28T15:54:39.179318+00:00,4.873416997725144,APPROVED,
voltdb,611,0,2026-08-28T15:54:39.179397+00:00,2026-08-28T15:54:39.202196+00:00,22.790518996771425,APPROVED,
postgres,612,0,2026-08-28T15:54:39.202288+00:00,2026-08-28T15:54:39.208403+00:00,6.105356995249167,APPROVED,
voltdb,612,0,2026-08-28T15:54:39.208504+00:00,2026-08-28T15:54:39.226761+00:00,18.24800600297749,APPROVED,
postgres,613,0,2026-08-28T15:54:39.226850+00:00,2026-08-28T15:54:39.230033+00:00,3.1707489979453385,APPROVED,
voltdb,613,0,2026-08-28T15:54:39.230201+00:00,2026-08-28T15:54:39.247307+00:00,17.08579299156554,APPROVED,
postgres,614,0,2026-08-28T15:54:39.247405+00:00,2026-08-28T15:54:39.251941+00:00,4.457668008399196,APPROVED,
voltdb,614,0,2026-08-28T15:54:39.252002+00:00,2026-08-28T15:54:39.269092+00:00,17.082940001273528,APPROVED,
postgres,617,0,2026-08-28T15:54:39.269196+00:00,2026-08-28T15:54:39.274840+00:00,5.629906998365186,APPROVED,
voltdb,617,0,2026-08-28T15:54:39.274963+00:00,2026-08-28T15:54:39.299303+00:00,24.267183005576953,APPROVED,
postgres,618,0,2026-08-28T15:54:39.299453+00:00,2026-08-28T15:54:39.305232+00:00,5.756407001172192,APPROVED,
voltdb,618,0,2026-08-28T15:54:39.305417+00:00,2026-08-28T15:54:39.328472+00:00,23.039006991893984,APPROVED,
postgres,619,0,2026-08-28T15:54:39.328703+00:00,2026-08-28T15:54:39.333653+00:00,4.9321020051138476,APPROVED,
voltdb,619,0,2026-08-28T15:54:39.333759+00:00,2026-08-28T15:54:39.356643+00:00,22.783287000493146,APPROVED,
postgres,620,0,2026-08-28T15:54:39.356772+00:00,2026-08-28T15:54:39.362323+00:00,5.539512989344075,APPROVED,
voltdb,620,0,2026-08-28T15:54:39.362398+00:00,2026-08-28T15:54:39.382319+00:00,19.912157993530855,APPROVED,
postgres,621,0,2026-08-28T15:54:39.382441+00:00,2026-08-28T15:54:39.389221+00:00,6.769332001567818,REVIEW,
voltdb,621,0,2026-08-28T15:54:39.389299+00:00,2026-08-28T15:54:39.416575+00:00,27.26667100796476,REVIEW,
postgres,622,0,2026-08-28T15:54:39.417434+00:00,2026-08-28T15:54:39.422767+00:00,5.30452499515377,APPROVED,
voltdb,622,0,2026-08-28T15:54:39.422862+00:00,2026-08-28T15:54:39.446887+00:00,24.01514998928178,APPROVED,
postgres,623,0,2026-08-28T15:54:39.447151+00:00,2026-08-28T15:54:39.456365+00:00,9.196455008350313,APPROVED,
voltdb,623,0,2026-08-28T15:54:39.456476+00:00,2026-08-28T15:54:39.480801+00:00,24.31457900092937,APPROVED,
postgres,626,0,2026-08-28T15:54:39.480914+00:00,2026-08-28T15:54:39.486226+00:00,5.29718300094828,APPROVED,
voltdb,626,0,2026-08-28T15:54:39.486397+00:00,2026-08-28T15:54:39.512559+00:00,26.104851989657618,APPROVED,
postgres,629,0,2026-08-28T15:54:39.512812+00:00,2026-08-28T15:54:39.517381+00:00,4.526345001067966,APPROVED,
voltdb,629,0,2026-08-28T15:54:39.517456+00:00,2026-08-28T15:54:39.534345+00:00,16.880067996680737,APPROVED,
postgres,630,0,2026-08-28T15:54:39.534441+00:00,2026-08-28T15:54:39.537567+00:00,3.114748004009016,APPROVED,
voltdb,630,0,2026-08-28T15:54:39.537669+00:00,2026-08-28T15:54:39.555809+00:00,18.12906700070016,APPROVED,
postgres,633,0,2026-08-28T15:54:39.555898+00:00,2026-08-28T15:54:39.560024+00:00,4.1154060018016025,APPROVED,
voltdb,633,0,2026-08-28T15:54:39.560097+00:00,2026-08-28T15:54:39.574451+00:00,14.344788010930642,APPROVED,
postgres,634,0,2026-08-28T15:54:39.574550+00:00,2026-08-28T15:54:39.577580+00:00,3.0192639969754964,APPROVED,
voltdb,634,0,2026-08-28T15:54:39.577739+00:00,2026-08-28T15:54:39.593355+00:00,15.600609985995106,APPROVED,
postgres,635,0,2026-08-28T15:54:39.593469+00:00,2026-08-28T15:54:39.597131+00:00,3.6483740113908425,APPROVED,
voltdb,635,0,2026-08-28T15:54:39.597244+00:00,2026-08-28T15:54:39.614634+00:00,17.377356998622417,APPROVED,
postgres,636,0,2026-08-28T15:54:39.614760+00:00,2026-08-28T15:54:39.617698+00:00,2.926891000242904,APPROVED,
voltdb,636,0,2026-08-28T15:54:39.617849+00:00,2026-08-28T15:54:39.632273+00:00,14.411315001780167,APPROVED,
postgres,637,0,2026-08-28T15:54:39.632401+00:00,2026-08-28T15:54:39.636466+00:00,4.050217001349665,APPROVED,
voltdb,637,0,2026-08-28T15:54:39.636583+00:00,2026-08-28T15:54:39.653253+00:00,16.656488995067775,APPROVED,
postgres,638,0,2026-08-28T15:54:39.653540+00:00,2026-08-28T15:54:39.656936+00:00,3.377254994120449,APPROVED,
voltdb,638,0,2026-08-28T15:54:39.657000+00:00,2026-08-28T15:54:39.672861+00:00,15.850481009692885,APPROVED,
postgres,639,0,2026-08-28T15:54:39.673109+00:00,2026-08-28T15:54:39.675792+00:00,2.6681279996410012,APPROVED,
voltdb,639,0,2026-08-28T15:54:39.675856+00:00,2026-08-28T15:54:39.691665+00:00,15.799731001607142,APPROVED,
postgres,640,0,2026-08-28T15:54:39.691813+00:00,2026-08-28T15:54:39.696447+00:00,4.61752200499177,REVIEW,
voltdb,640,0,2026-08-28T15:54:39.696527+00:00,2026-08-28T15:54:39.720373+00:00,23.8858020020416,REVIEW,
postgres,641,0,2026-08-28T15:54:39.720479+00:00,2026-08-28T15:54:39.723380+00:00,2.889047987991944,APPROVED,
voltdb,641,0,2026-08-28T15:54:39.723451+00:00,2026-08-28T15:54:39.741128+00:00,17.66824600053951,APPROVED,
postgres,642,0,2026-08-28T15:54:39.741239+00:00,2026-08-28T15:54:39.744804+00:00,3.54865200642962,APPROVED,
voltdb,642,0,2026-08-28T15:54:39.744961+00:00,2026-08-28T15:54:39.769299+00:00,24.320815995451994,APPROVED,
postgres,643,0,2026-08-28T15:54:39.769491+00:00,2026-08-28T15:54:39.781143+00:00,11.636405004537664,APPROVED,
voltdb,643,0,2026-08-28T15:54:39.781263+00:00,2026-08-28T15:54:39.808374+00:00,27.09948900155723,APPROVED,
postgres,645,0,2026-08-28T15:54:39.808524+00:00,2026-08-28T15:54:39.814657+00:00,6.107951994636096,REVIEW,
voltdb,645,0,2026-08-28T15:54:39.814787+00:00,2026-08-28T15:54:39.850748+00:00,35.944313000072725,REVIEW,
postgres,646,0,2026-08-28T15:54:39.850886+00:00,2026-08-28T15:54:39.856716+00:00,5.816153992782347,APPROVED,
voltdb,646,0,2026-08-28T15:54:39.857019+00:00,2026-08-28T15:54:39.879315+00:00,22.26573599909898,APPROVED,
postgres,647,0,2026-08-28T15:54:39.879473+00:00,2026-08-28T15:54:39.886102+00:00,6.601981003768742,APPROVED,
voltdb,647,0,2026-08-28T15:54:39.886214+00:00,2026-08-28T15:54:39.911221+00:00,24.989867000840604,APPROVED,
postgres,648,0,2026-08-28T15:54:39.911335+00:00,2026-08-28T15:54:39.919476+00:00,8.127419001539238,APPROVED,
voltdb,648,0,2026-08-28T15:54:39.919618+00:00,2026-08-28T15:54:39.944062+00:00,24.43155700166244,APPROVED,
postgres,649,0,2026-08-28T15:54:39.944237+00:00,2026-08-28T15:54:39.949302+00:00,5.044327990617603,APPROVED,
voltdb,649,0,2026-08-28T15:54:39.949485+00:00,2026-08-28T15:54:39.975195+00:00,25.691624003229663,APPROVED,
postgres,650,0,2026-08-28T15:54:39.975337+00:00,2026-08-28T15:54:39.982562+00:00,7.210847004898824,APPROVED,
voltdb,650,0,2026-08-28T15:54:39.982785+00:00,2026-08-28T15:54:40.007453+00:00,24.652965992572717,APPROVED,
postgres,651,0,2026-08-28T15:54:40.007547+00:00,2026-08-28T15:54:40.012254+00:00,4.68893299694173,APPROVED,
voltdb,651,0,2026-08-28T15:54:40.012387+00:00,2026-08-28T15:54:40.037656+00:00,25.25739998964127,APPROVED,
postgres,653,0,2026-08-28T15:54:40.037924+00:00,2026-08-28T15:54:40.042986+00:00,5.042941993451677,APPROVED,
voltdb,653,0,2026-08-28T15:54:40.043083+00:00,2026-08-28T15:54:40.065197+00:00,22.105069991084747,APPROVED,
postgres,658,0,2026-08-28T15:54:40.065312+00:00,2026-08-28T15:54:40.069521+00:00,4.196067005977966,APPROVED,
voltdb,658,0,2026-08-28T15:54:40.069602+00:00,2026-08-28T15:54:40.093675+00:00,24.05678600189276,APPROVED,
postgres,659,1,2026-08-28T15:54:40.093826+00:00,2026-08-28T15:54:40.103043+00:00,9.199346997775137,REVIEW,
voltdb,659,1,2026-08-28T15:54:40.103147+00:00,2026-08-28T15:54:40.128474+00:00,25.316564991953783,REVIEW,
postgres,660,0,2026-08-28T15:54:40.128575+00:00,2026-08-28T15:54:40.132779+00:00,4.191186002572067,APPROVED,
voltdb,660,0,2026-08-28T15:54:40.132859+00:00,2026-08-28T15:54:40.156563+00:00,23.694313000305556,APPROVED,
postgres,661,0,2026-08-28T15:54:40.156816+00:00,2026-08-28T15:54:40.161345+00:00,4.511905994149856,APPROVED,
voltdb,661,0,2026-08-28T15:54:40.161448+00:00,2026-08-28T15:54:40.184962+00:00,23.504437005613,APPROVED,
postgres,662,0,2026-08-28T15:54:40.185148+00:00,2026-08-28T15:54:40.190286+00:00,5.120336005347781,APPROVED,
voltdb,662,0,2026-08-28T15:54:40.190398+00:00,2026-08-28T15:54:40.212356+00:00,21.945938002318144,APPROVED,
postgres,663,0,2026-08-28T15:54:40.212479+00:00,2026-08-28T15:54:40.216404+00:00,3.9092899969546124,APPROVED,
voltdb,663,0,2026-08-28T15:54:40.216483+00:00,2026-08-28T15:54:40.236380+00:00,19.88660499046091,APPROVED,
postgres,664,0,2026-08-28T15:54:40.236493+00:00,2026-08-28T15:54:40.241343+00:00,4.838342007133178,APPROVED,
voltdb,664,0,2026-08-28T15:54:40.241420+00:00,2026-08-28T15:54:40.261077+00:00,19.64628898713272,APPROVED,
postgres,665,0,2026-08-28T15:54:40.261195+00:00,2026-08-28T15:54:40.266627+00:00,5.415463005192578,APPROVED,
voltdb,665,0,2026-08-28T15:54:40.266747+00:00,2026-08-28T15:54:40.286774+00:00,20.01070699770935,APPROVED,
postgres,666,0,2026-08-28T15:54:40.287145+00:00,2026-08-28T15:54:40.292166+00:00,4.962496008374728,APPROVED,
voltdb,666,0,2026-08-28T15:54:40.292283+00:00,2026-08-28T15:54:40.315156+00:00,22.85557299910579,APPROVED,
postgres,667,0,2026-08-28T15:54:40.315279+00:00,2026-08-28T15:54:40.318877+00:00,3.58571601100266,APPROVED,
voltdb,667,0,2026-08-28T15:54:40.318958+00:00,2026-08-28T15:54:40.334913+00:00,15.942775004077703,APPROVED,
postgres,668,0,2026-08-28T15:54:40.335017+00:00,2026-08-28T15:54:40.340011+00:00,4.979609002475627,APPROVED,
voltdb,668,0,2026-08-28T15:54:40.340096+00:00,2026-08-28T15:54:40.360723+00:00,20.615089000784792,APPROVED,
postgres,669,0,2026-08-28T15:54:40.360974+00:00,2026-08-28T15:54:40.369041+00:00,8.045182010391727,APPROVED,
voltdb,669,0,2026-08-28T15:54:40.369121+00:00,2026-08-28T15:54:40.397427+00:00,28.29518799262587,APPROVED,
postgres,670,0,2026-08-28T15:54:40.397847+00:00,2026-08-28T15:54:40.409041+00:00,11.169157005497254,APPROVED,
voltdb,670,0,2026-08-28T15:54:40.409180+00:00,2026-08-28T15:54:40.529398+00:00,120.20184300490655,APPROVED,
postgres,671,0,2026-08-28T15:54:40.529548+00:00,2026-08-28T15:54:40.538813+00:00,9.247402995242737,APPROVED,
voltdb,671,0,2026-08-28T15:54:40.539162+00:00,2026-08-28T15:54:40.567342+00:00,28.156646993011236,APPROVED,
postgres,673,0,2026-08-28T15:54:40.567482+00:00,2026-08-28T15:54:40.573444+00:00,5.945690005319193,APPROVED,
voltdb,673,0,2026-08-28T15:54:40.574014+00:00,2026-08-28T15:54:40.596576+00:00,22.535572992637753,APPROVED,
postgres,674,0,2026-08-28T15:54:40.597146+00:00,2026-08-28T15:54:40.602803+00:00,5.6345249904552475,APPROVED,
voltdb,674,0,2026-08-28T15:54:40.602882+00:00,2026-08-28T15:54:40.622293+00:00,19.40209500025958,APPROVED,
postgres,675,0,2026-08-28T15:54:40.622387+00:00,2026-08-28T15:54:40.628931+00:00,6.532499988679774,APPROVED,
voltdb,675,0,2026-08-28T15:54:40.629093+00:00,2026-08-28T15:54:40.652937+00:00,23.82711500104051,APPROVED,
postgres,676,0,2026-08-28T15:54:40.653282+00:00,2026-08-28T15:54:40.658448+00:00,5.117178006912582,APPROVED,
voltdb,676,0,2026-08-28T15:54:40.658527+00:00,2026-08-28T15:54:40.680699+00:00,22.16294799291063,APPROVED,
postgres,678,0,2026-08-28T15:54:40.680817+00:00,2026-08-28T15:54:40.687630+00:00,6.797993992222473,APPROVED,
voltdb,678,0,2026-08-28T15:54:40.687732+00:00,2026-08-28T15:54:40.709455+00:00,21.71125700988341,APPROVED,
postgres,680,0,2026-08-28T15:54:40.709610+00:00,2026-08-28T15:54:40.715792+00:00,6.166894003399648,APPROVED,
voltdb,680,0,2026-08-28T15:54:40.715954+00:00,2026-08-28T15:54:40.743558+00:00,27.59368100669235,APPROVED,
postgres,681,0,2026-08-28T15:54:40.743889+00:00,2026-08-28T15:54:40.749940+00:00,6.032759003574029,APPROVED,
voltdb,681,0,2026-08-28T15:54:40.750089+00:00,2026-08-28T15:54:40.770889+00:00,20.78705999883823,APPROVED,
postgres,682,0,2026-08-28T15:54:40.771155+00:00,2026-08-28T15:54:40.776601+00:00,5.429891010862775,APPROVED,
voltdb,682,0,2026-08-28T15:54:40.776673+00:00,2026-08-28T15:54:40.798551+00:00,21.867433009902015,APPROVED,
postgres,683,0,2026-08-28T15:54:40.798699+00:00,2026-08-28T15:54:40.804311+00:00,5.59763700584881,APPROVED,
voltdb,683,0,2026-08-28T15:54:40.804397+00:00,2026-08-28T15:54:40.823727+00:00,19.318541992106475,APPROVED,
postgres,685,1,2026-08-28T15:54:40.823910+00:00,2026-08-28T15:54:40.829619+00:00,5.69721800275147,BLOCKED,
voltdb,685,1,2026-08-28T15:54:40.829718+00:00,2026-08-28T15:54:40.856588+00:00,26.86189700034447,BLOCKED,
postgres,686,0,2026-08-28T15:54:40.856715+00:00,2026-08-28T15:54:40.862083+00:00,5.354123000870459,APPROVED,
voltdb,686,0,2026-08-28T15:54:40.862199+00:00,2026-08-28T15:54:40.880316+00:00,18.10513000236824,APPROVED,
postgres,687,0,2026-08-28T15:54:40.880412+00:00,2026-08-28T15:54:40.883212+00:00,2.7884120063390583,APPROVED,
voltdb,687,0,2026-08-28T15:54:40.883277+00:00,2026-08-28T15:54:40.905740+00:00,22.45480399869848,APPROVED,
postgres,688,0,2026-08-28T15:54:40.906046+00:00,2026-08-28T15:54:40.909960+00:00,3.9011560002109036,APPROVED,
voltdb,688,0,2026-08-28T15:54:40.910074+00:00,2026-08-28T15:54:40.927478+00:00,17.395422008121386,APPROVED,
postgres,689,0,2026-08-28T15:54:40.927604+00:00,2026-08-28T15:54:40.931036+00:00,3.4154949971707538,APPROVED,
voltdb,689,0,2026-08-28T15:54:40.931109+00:00,2026-08-28T15:54:40.950080+00:00,18.960140005219728,APPROVED,
postgres,691,0,2026-08-28T15:54:40.950211+00:00,2026-08-28T15:54:40.958963+00:00,8.738866003113799,APPROVED,
voltdb,691,0,2026-08-28T15:54:40.959039+00:00,2026-08-28T15:54:40.976124+00:00,17.075950992875732,APPROVED,
postgres,692,0,2026-08-28T15:54:40.976218+00:00,2026-08-28T15:54:40.980286+00:00,4.055280995089561,APPROVED,
voltdb,692,0,2026-08-28T15:54:40.980360+00:00,2026-08-28T15:54:41.000202+00:00,19.831944999168627,APPROVED,
postgres,693,0,2026-08-28T15:54:41.000356+00:00,2026-08-28T15:54:41.004954+00:00,4.580877997796051,APPROVED,
voltdb,693,0,2026-08-28T15:54:41.005127+00:00,2026-08-28T15:54:41.022006+00:00,16.863828001078218,APPROVED,
postgres,695,0,2026-08-28T15:54:41.022126+00:00,2026-08-28T15:54:41.025368+00:00,3.2286269997712225,APPROVED,
voltdb,695,0,2026-08-28T15:54:41.025443+00:00,2026-08-28T15:54:41.045043+00:00,19.573883997509256,APPROVED,
postgres,696,0,2026-08-28T15:54:41.045336+00:00,2026-08-28T15:54:41.053091+00:00,7.73230500635691,APPROVED,
voltdb,696,0,2026-08-28T15:54:41.053173+00:00,2026-08-28T15:54:41.075672+00:00,22.48911198694259,APPROVED,
postgres,697,0,2026-08-28T15:54:41.075772+00:00,2026-08-28T15:54:41.082107+00:00,6.322750996332616,REVIEW,
voltdb,697,0,2026-08-28T15:54:41.082211+00:00,2026-08-28T15:54:41.122085+00:00,39.864512989879586,REVIEW,
postgres,698,0,2026-08-28T15:54:41.122225+00:00,2026-08-28T15:54:41.128179+00:00,5.938222006079741,APPROVED,
voltdb,698,0,2026-08-28T15:54:41.128311+00:00,2026-08-28T15:54:41.152055+00:00,23.733651003567502,APPROVED,
postgres,700,0,2026-08-28T15:54:41.152620+00:00,2026-08-28T15:54:41.161363+00:00,8.71744699543342,REVIEW,
voltdb,700,0,2026-08-28T15:54:41.161447+00:00,2026-08-28T15:54:41.190371+00:00,28.915076996781863,REVIEW,
postgres,701,0,2026-08-28T15:54:41.191234+00:00,2026-08-28T15:54:41.201513+00:00,10.200256991083734,APPROVED,
voltdb,701,0,2026-08-28T15:54:41.201591+00:00,2026-08-28T15:54:41.227191+00:00,25.58928199869115,APPROVED,
postgres,704,0,2026-08-28T15:54:41.227368+00:00,2026-08-28T15:54:41.233960+00:00,6.574833998456597,APPROVED,
voltdb,704,0,2026-08-28T15:54:41.234037+00:00,2026-08-28T15:54:41.269530+00:00,35.484290012391284,APPROVED,
postgres,705,0,2026-08-28T15:54:41.269635+00:00,2026-08-28T15:54:41.275773+00:00,6.126149004558101,APPROVED,
voltdb,705,0,2026-08-28T15:54:41.275851+00:00,2026-08-28T15:54:41.300173+00:00,24.312768000527285,APPROVED,
postgres,706,0,2026-08-28T15:54:41.300308+00:00,2026-08-28T15:54:41.305044+00:00,4.7193549980875105,APPROVED,
voltdb,706,0,2026-08-28T15:54:41.305170+00:00,2026-08-28T15:54:41.323735+00:00,18.54892200208269,APPROVED,
postgres,707,0,2026-08-28T15:54:41.324022+00:00,2026-08-28T15:54:41.330047+00:00,6.0066599980928,APPROVED,
voltdb,707,0,2026-08-28T15:54:41.330115+00:00,2026-08-28T15:54:41.349189+00:00,19.065234999288805,APPROVED,
postgres,709,0,2026-08-28T15:54:41.349282+00:00,2026-08-28T15:54:41.356130+00:00,6.8363110040081665,APPROVED,
voltdb,709,0,2026-08-28T15:54:41.356207+00:00,2026-08-28T15:54:41.376821+00:00,20.604435994755477,APPROVED,
postgres,710,0,2026-08-28T15:54:41.377026+00:00,2026-08-28T15:54:41.381809+00:00,4.748382998513989,APPROVED,
voltdb,710,0,2026-08-28T15:54:41.381906+00:00,2026-08-28T15:54:41.400619+00:00,18.702209999901243,APPROVED,
postgres,711,0,2026-08-28T15:54:41.400740+00:00,2026-08-28T15:54:41.404891+00:00,4.130575995077379,APPROVED,
voltdb,711,0,2026-08-28T15:54:41.405086+00:00,2026-08-28T15:54:41.423206+00:00,18.102888003340922,APPROVED,
postgres,712,0,2026-08-28T15:54:41.423314+00:00,2026-08-28T15:54:41.428339+00:00,5.012605004594661,APPROVED,
voltdb,712,0,2026-08-28T15:54:41.428409+00:00,2026-08-28T15:54:41.446372+00:00,17.953946997295134,APPROVED,
postgres,713,0,2026-08-28T15:54:41.446497+00:00,2026-08-28T15:54:41.452069+00:00,5.554823990678415,REVIEW,
voltdb,713,0,2026-08-28T15:54:41.452155+00:00,2026-08-28T15:54:41.476811+00:00,24.646157995448448,REVIEW,
postgres,714,0,2026-08-28T15:54:41.476903+00:00,2026-08-28T15:54:41.479884+00:00,2.9724369960604236,APPROVED,
voltdb,714,0,2026-08-28T15:54:41.479952+00:00,2026-08-28T15:54:41.497543+00:00,17.57723599439487,APPROVED,
postgres,715,0,2026-08-28T15:54:41.497685+00:00,2026-08-28T15:54:41.502487+00:00,4.785191995324567,APPROVED,
voltdb,715,0,2026-08-28T15:54:41.502607+00:00,2026-08-28T15:54:41.520489+00:00,17.873549004434608,APPROVED,
postgres,716,0,2026-08-28T15:54:41.520584+00:00,2026-08-28T15:54:41.523836+00:00,3.2163919968297705,APPROVED,
voltdb,716,0,2026-08-28T15:54:41.523996+00:00,2026-08-28T15:54:41.540720+00:00,16.674069993314333,APPROVED,
postgres,717,0,2026-08-28T15:54:41.541031+00:00,2026-08-28T15:54:41.546350+00:00,5.298775999108329,APPROVED,
voltdb,717,0,2026-08-28T15:54:41.546427+00:00,2026-08-28T15:54:41.565666+00:00,19.23085299495142,APPROVED,
postgres,718,0,2026-08-28T15:54:41.565781+00:00,2026-08-28T15:54:41.569423+00:00,3.6299380008131266,APPROVED,
voltdb,718,0,2026-08-28T15:54:41.569512+00:00,2026-08-28T15:54:41.584728+00:00,15.207490010652691,APPROVED,
postgres,719,0,2026-08-28T15:54:41.584841+00:00,2026-08-28T15:54:41.589019+00:00,4.166922008153051,APPROVED,
voltdb,719,0,2026-08-28T15:54:41.589099+00:00,2026-08-28T15:54:41.609586+00:00,20.477583006140776,APPROVED,
postgres,720,0,2026-08-28T15:54:41.609762+00:00,2026-08-28T15:54:41.614244+00:00,4.468596991500817,APPROVED,
voltdb,720,0,2026-08-28T15:54:41.614312+00:00,2026-08-28T15:54:41.629082+00:00,14.761174999875948,APPROVED,
postgres,721,0,2026-08-28T15:54:41.629171+00:00,2026-08-28T15:54:41.632876+00:00,3.693432008731179,APPROVED,
voltdb,721,0,2026-08-28T15:54:41.632959+00:00,2026-08-28T15:54:41.652039+00:00,19.06155000324361,APPROVED,
postgres,723,0,2026-08-28T15:54:41.652344+00:00,2026-08-28T15:54:41.656983+00:00,4.618025996023789,APPROVED,
voltdb,723,0,2026-08-28T15:54:41.657095+00:00,2026-08-28T15:54:41.676711+00:00,19.60377799696289,APPROVED,
postgres,724,0,2026-08-28T15:54:41.676813+00:00,2026-08-28T15:54:41.680005+00:00,3.182050000759773,APPROVED,
voltdb,724,0,2026-08-28T15:54:41.680076+00:00,2026-08-28T15:54:41.697353+00:00,17.26722199236974,APPROVED,
postgres,725,0,2026-08-28T15:54:41.697484+00:00,2026-08-28T15:54:41.703371+00:00,5.870534005225636,APPROVED,
voltdb,725,0,2026-08-28T15:54:41.703444+00:00,2026-08-28T15:54:41.722174+00:00,18.72136200836394,APPROVED,
postgres,727,0,2026-08-28T15:54:41.722267+00:00,2026-08-28T15:54:41.727470+00:00,5.189962990698405,APPROVED,
voltdb,727,0,2026-08-28T15:54:41.727566+00:00,2026-08-28T15:54:41.745738+00:00,18.161936997785233,APPROVED,
postgres,728,0,2026-08-28T15:54:41.745834+00:00,2026-08-28T15:54:41.750249+00:00,4.329976000008173,APPROVED,
voltdb,728,0,2026-08-28T15:54:41.750337+00:00,2026-08-28T15:54:41.768796+00:00,18.449256996973418,APPROVED,
postgres,729,0,2026-08-28T15:54:41.768976+00:00,2026-08-28T15:54:41.772064+00:00,3.071911007282324,APPROVED,
voltdb,729,0,2026-08-28T15:54:41.772238+00:00,2026-08-28T15:54:41.788573+00:00,16.31619399995543,APPROVED,
postgres,730,0,2026-08-28T15:54:41.788681+00:00,2026-08-28T15:54:41.794281+00:00,5.5827369942562655,APPROVED,
voltdb,730,0,2026-08-28T15:54:41.794357+00:00,2026-08-28T15:54:41.814457+00:00,20.09124901087489,APPROVED,
postgres,732,0,2026-08-28T15:54:41.814578+00:00,2026-08-28T15:54:41.818288+00:00,3.698297994560562,APPROVED,
voltdb,732,0,2026-08-28T15:54:41.818373+00:00,2026-08-28T15:54:41.833529+00:00,15.14326300821267,APPROVED,
postgres,733,0,2026-08-28T15:54:41.833694+00:00,2026-08-28T15:54:41.836881+00:00,3.1133789889281616,APPROVED,
voltdb,733,0,2026-08-28T15:54:41.836961+00:00,2026-08-28T15:54:41.856451+00:00,19.480965012917295,APPROVED,
postgres,734,0,2026-08-28T15:54:41.856563+00:00,2026-08-28T15:54:41.862305+00:00,5.72529599594418,APPROVED,
voltdb,734,0,2026-08-28T15:54:41.862376+00:00,2026-08-28T15:54:41.877608+00:00,15.222563000861555,APPROVED,
postgres,735,0,2026-08-28T15:54:41.877736+00:00,2026-08-28T15:54:41.880576+00:00,2.8299139958107844,APPROVED,
voltdb,735,0,2026-08-28T15:54:41.880645+00:00,2026-08-28T15:54:41.897429+00:00,16.774222007370554,APPROVED,
postgres,736,0,2026-08-28T15:54:41.897557+00:00,2026-08-28T15:54:41.903006+00:00,5.436795996502042,APPROVED,
voltdb,736,0,2026-08-28T15:54:41.903081+00:00,2026-08-28T15:54:41.921781+00:00,18.691564997425303,APPROVED,
postgres,737,0,2026-08-28T15:54:41.921965+00:00,2026-08-28T15:54:41.926432+00:00,4.452228007721715,APPROVED,
voltdb,737,0,2026-08-28T15:54:41.926508+00:00,2026-08-28T15:54:41.941416+00:00,14.899342990247533,APPROVED,
postgres,738,0,2026-08-28T15:54:41.941614+00:00,2026-08-28T15:54:41.946655+00:00,5.025799997383729,APPROVED,
voltdb,738,0,2026-08-28T15:54:41.946726+00:00,2026-08-28T15:54:41.963781+00:00,17.046462002326734,APPROVED,
postgres,739,0,2026-08-28T15:54:41.963904+00:00,2026-08-28T15:54:41.967916+00:00,3.9984309987630695,REVIEW,
voltdb,739,0,2026-08-28T15:54:41.967979+00:00,2026-08-28T15:54:41.986407+00:00,18.418152001686394,REVIEW,
postgres,740,0,2026-08-28T15:54:41.986583+00:00,2026-08-28T15:54:41.991366+00:00,4.763648001244292,APPROVED,
voltdb,740,0,2026-08-28T15:54:41.991454+00:00,2026-08-28T15:54:42.012594+00:00,21.129372995346785,APPROVED,
postgres,741,0,2026-08-28T15:54:42.012834+00:00,2026-08-28T15:54:42.016250+00:00,3.3987099886871874,APPROVED,
voltdb,741,0,2026-08-28T15:54:42.016320+00:00,2026-08-28T15:54:42.030521+00:00,14.191838999977335,APPROVED,
postgres,743,0,2026-08-28T15:54:42.030618+00:00,2026-08-28T15:54:42.036097+00:00,5.467971001053229,APPROVED,
voltdb,743,0,2026-08-28T15:54:42.036174+00:00,2026-08-28T15:54:42.055929+00:00,19.746453006519005,APPROVED,
postgres,746,0,2026-08-28T15:54:42.056280+00:00,2026-08-28T15:54:42.061168+00:00,4.871711003943346,APPROVED,
voltdb,746,0,2026-08-28T15:54:42.061269+00:00,2026-08-28T15:54:42.079071+00:00,17.790983998565935,APPROVED,
postgres,747,0,2026-08-28T15:54:42.079175+00:00,2026-08-28T15:54:42.083050+00:00,3.8597850070800632,APPROVED,
voltdb,747,0,2026-08-28T15:54:42.083127+00:00,2026-08-28T15:54:42.101468+00:00,18.332028994336724,APPROVED,
postgres,749,0,2026-08-28T15:54:42.101604+00:00,2026-08-28T15:54:42.105763+00:00,4.1470900032436475,APPROVED,
voltdb,749,0,2026-08-28T15:54:42.105956+00:00,2026-08-28T15:54:42.123623+00:00,17.656362004345283,APPROVED,
postgres,750,0,2026-08-28T15:54:42.123743+00:00,2026-08-28T15:54:42.128613+00:00,4.858512998907827,APPROVED,
voltdb,750,0,2026-08-28T15:54:42.128683+00:00,2026-08-28T15:54:42.145011+00:00,16.318398993462324,APPROVED,
postgres,753,0,2026-08-28T15:54:42.145146+00:00,2026-08-28T15:54:42.150541+00:00,5.379449998144992,REVIEW,
voltdb,753,0,2026-08-28T15:54:42.150627+00:00,2026-08-28T15:54:42.175721+00:00,25.08291399863083,REVIEW,
postgres,754,0,2026-08-28T15:54:42.175814+00:00,2026-08-28T15:54:42.180416+00:00,4.591386998072267,APPROVED,
voltdb,754,0,2026-08-28T15:54:42.180492+00:00,2026-08-28T15:54:42.199458+00:00,18.956361003802158,APPROVED,
postgres,755,0,2026-08-28T15:54:42.199560+00:00,2026-08-28T15:54:42.203956+00:00,4.269202006980777,APPROVED,
voltdb,755,0,2026-08-28T15:54:42.204049+00:00,2026-08-28T15:54:42.220775+00:00,16.717491002054885,APPROVED,
postgres,758,0,2026-08-28T15:54:42.220881+00:00,2026-08-28T15:54:42.223843+00:00,2.950310008600354,APPROVED,
voltdb,758,0,2026-08-28T15:54:42.223911+00:00,2026-08-28T15:54:42.240681+00:00,16.761118997237645,APPROVED,
postgres,759,0,2026-08-28T15:54:42.240774+00:00,2026-08-28T15:54:42.244139+00:00,3.354452011990361,APPROVED,
voltdb,759,0,2026-08-28T15:54:42.244209+00:00,2026-08-28T15:54:42.263521+00:00,19.303913999465294,APPROVED,
postgres,760,0,2026-08-28T15:54:42.263682+00:00,2026-08-28T15:54:42.268059+00:00,4.365617991425097,APPROVED,
voltdb,760,0,2026-08-28T15:54:42.268171+00:00,2026-08-28T15:54:42.288196+00:00,20.013843008200638,APPROVED,
postgres,761,0,2026-08-28T15:54:42.288353+00:00,2026-08-28T15:54:42.292096+00:00,3.728228999534622,APPROVED,
voltdb,761,0,2026-08-28T15:54:42.292188+00:00,2026-08-28T15:54:42.308093+00:00,15.892908995738253,APPROVED,
postgres,762,0,2026-08-28T15:54:42.308186+00:00,2026-08-28T15:54:42.311404+00:00,3.2087480067275465,APPROVED,
voltdb,762,0,2026-08-28T15:54:42.311471+00:00,2026-08-28T15:54:42.327744+00:00,16.264523001154885,APPROVED,
postgres,763,0,2026-08-28T15:54:42.327905+00:00,2026-08-28T15:54:42.330675+00:00,2.758371992968023,APPROVED,
voltdb,763,0,2026-08-28T15:54:42.330753+00:00,2026-08-28T15:54:42.345956+00:00,15.192389997537248,APPROVED,
postgres,764,0,2026-08-28T15:54:42.346200+00:00,2026-08-28T15:54:42.349571+00:00,3.3620909962337464,APPROVED,
voltdb,764,0,2026-08-28T15:54:42.349638+00:00,2026-08-28T15:54:42.364077+00:00,14.431224000873044,APPROVED,
postgres,765,0,2026-08-28T15:54:42.364168+00:00,2026-08-28T15:54:42.368340+00:00,4.161385993938893,APPROVED,
voltdb,765,0,2026-08-28T15:54:42.368498+00:00,2026-08-28T15:54:42.382147+00:00,13.634943999932148,APPROVED,
postgres,766,0,2026-08-28T15:54:42.382244+00:00,2026-08-28T15:54:42.385133+00:00,2.879285006201826,APPROVED,
voltdb,766,0,2026-08-28T15:54:42.385225+00:00,2026-08-28T15:54:42.402063+00:00,16.824044010718353,APPROVED,
postgres,767,0,2026-08-28T15:54:42.402181+00:00,2026-08-28T15:54:42.405492+00:00,3.296551003586501,APPROVED,
voltdb,767,0,2026-08-28T15:54:42.405574+00:00,2026-08-28T15:54:42.422684+00:00,17.07162799721118,APPROVED,
postgres,769,0,2026-08-28T15:54:42.422780+00:00,2026-08-28T15:54:42.429832+00:00,7.041240998660214,APPROVED,
voltdb,769,0,2026-08-28T15:54:42.429962+00:00,2026-08-28T15:54:42.453722+00:00,23.750744003336877,APPROVED,
postgres,770,0,2026-08-28T15:54:42.453849+00:00,2026-08-28T15:54:42.459587+00:00,5.725384005927481,APPROVED,
voltdb,770,0,2026-08-28T15:54:42.459777+00:00,2026-08-28T15:54:42.480337+00:00,20.546074010781012,APPROVED,
postgres,772,0,2026-08-28T15:54:42.480432+00:00,2026-08-28T15:54:42.483659+00:00,3.1896410073386505,APPROVED,
voltdb,772,0,2026-08-28T15:54:42.483739+00:00,2026-08-28T15:54:42.506787+00:00,23.038091996568255,APPROVED,
postgres,773,0,2026-08-28T15:54:42.506981+00:00,2026-08-28T15:54:42.513055+00:00,5.948298989096656,APPROVED,
voltdb,773,0,2026-08-28T15:54:42.513178+00:00,2026-08-28T15:54:42.530621+00:00,17.358415003400296,APPROVED,
postgres,774,0,2026-08-28T15:54:42.530767+00:00,2026-08-28T15:54:42.535224+00:00,4.441761004272848,APPROVED,
voltdb,774,0,2026-08-28T15:54:42.535296+00:00,2026-08-28T15:54:42.557316+00:00,21.990947003359906,APPROVED,
postgres,775,0,2026-08-28T15:54:42.557489+00:00,2026-08-28T15:54:42.562442+00:00,4.910118994303048,APPROVED,
voltdb,775,0,2026-08-28T15:54:42.562569+00:00,2026-08-28T15:54:42.579299+00:00,16.72077499097213,APPROVED,
postgres,776,0,2026-08-28T15:54:42.579642+00:00,2026-08-28T15:54:42.583214+00:00,3.5573539935285226,APPROVED,
voltdb,776,0,2026-08-28T15:54:42.583279+00:00,2026-08-28T15:54:42.607380+00:00,24.09183200506959,APPROVED,
postgres,778,0,2026-08-28T15:54:42.607536+00:00,2026-08-28T15:54:42.611881+00:00,4.317740007536486,APPROVED,
voltdb,778,0,2026-08-28T15:54:42.612284+00:00,2026-08-28T15:54:42.635767+00:00,23.450099004548974,APPROVED,
postgres,779,0,2026-08-28T15:54:42.635922+00:00,2026-08-28T15:54:42.649677+00:00,13.735700995312072,APPROVED,
voltdb,779,0,2026-08-28T15:54:42.649770+00:00,2026-08-28T15:54:42.668561+00:00,18.781855993438512,APPROVED,
postgres,781,0,2026-08-28T15:54:42.668653+00:00,2026-08-28T15:54:42.676242+00:00,7.576578995212913,APPROVED,
voltdb,781,0,2026-08-28T15:54:42.676319+00:00,2026-08-28T15:54:42.698190+00:00,21.86145599989686,APPROVED,
postgres,782,0,2026-08-28T15:54:42.698443+00:00,2026-08-28T15:54:42.703791+00:00,5.324699988705106,APPROVED,
voltdb,782,0,2026-08-28T15:54:42.703944+00:00,2026-08-28T15:54:42.725488+00:00,21.533830993575975,APPROVED,
postgres,783,0,2026-08-28T15:54:42.725736+00:00,2026-08-28T15:54:42.731591+00:00,5.837446995428763,APPROVED,
voltdb,783,0,2026-08-28T15:54:42.731668+00:00,2026-08-28T15:54:42.751358+00:00,19.679281002026983,APPROVED,
postgres,784,0,2026-08-28T15:54:42.751480+00:00,2026-08-28T15:54:42.757186+00:00,5.691270998795517,APPROVED,
voltdb,784,0,2026-08-28T15:54:42.757273+00:00,2026-08-28T15:54:42.777670+00:00,20.386372998473234,APPROVED,
postgres,785,1,2026-08-28T15:54:42.777793+00:00,2026-08-28T15:54:42.784136+00:00,6.32666599994991,BLOCKED,
voltdb,785,1,2026-08-28T15:54:42.784270+00:00,2026-08-28T15:54:42.810532+00:00,26.246986002661288,BLOCKED,
postgres,788,0,2026-08-28T15:54:42.810668+00:00,2026-08-28T15:54:42.816354+00:00,5.670536003890447,REVIEW,
voltdb,788,0,2026-08-28T15:54:42.816432+00:00,2026-08-28T15:54:42.842489+00:00,26.046481012599543,REVIEW,
postgres,789,0,2026-08-28T15:54:42.842626+00:00,2026-08-28T15:54:42.849398+00:00,6.75259499985259,APPROVED,
voltdb,789,0,2026-08-28T15:54:42.849495+00:00,2026-08-28T15:54:42.870544+00:00,21.038746010162868,APPROVED,
postgres,791,0,2026-08-28T15:54:42.870638+00:00,2026-08-28T15:54:42.877799+00:00,7.150587000069208,APPROVED,
voltdb,791,0,2026-08-28T15:54:42.878022+00:00,2026-08-28T15:54:42.897440+00:00,19.406100997002795,APPROVED,
postgres,792,0,2026-08-28T15:54:42.897634+00:00,2026-08-28T15:54:42.904064+00:00,6.386663008015603,APPROVED,
voltdb,792,0,2026-08-28T15:54:42.904161+00:00,2026-08-28T15:54:42.923271+00:00,19.09901000908576,APPROVED,
postgres,793,0,2026-08-28T15:54:42.923541+00:00,2026-08-28T15:54:42.928378+00:00,4.820592002943158,APPROVED,
voltdb,793,0,2026-08-28T15:54:42.928450+00:00,2026-08-28T15:54:42.946439+00:00,17.980077987886034,APPROVED,
postgres,795,0,2026-08-28T15:54:42.946727+00:00,2026-08-28T15:54:42.951162+00:00,4.4202309945831075,APPROVED,
voltdb,795,0,2026-08-28T15:54:42.951232+00:00,2026-08-28T15:54:42.974290+00:00,23.049613009789027,APPROVED,
postgres,797,0,2026-08-28T15:54:42.974496+00:00,2026-08-28T15:54:42.987750+00:00,13.234857004135847,APPROVED,
voltdb,797,0,2026-08-28T15:54:42.987838+00:00,2026-08-28T15:54:43.009218+00:00,21.371062990510836,APPROVED,
postgres,798,0,2026-08-28T15:54:43.009338+00:00,2026-08-28T15:54:43.014386+00:00,5.036147005739622,APPROVED,
voltdb,798,0,2026-08-28T15:54:43.014654+00:00,2026-08-28T15:54:43.033361+00:00,18.69317700038664,APPROVED,
postgres,799,0,2026-08-28T15:54:43.033530+00:00,2026-08-28T15:54:43.038270+00:00,4.718983007478528,APPROVED,
voltdb,799,0,2026-08-28T15:54:43.038373+00:00,2026-08-28T15:54:43.060235+00:00,21.812184000737034,APPROVED,
postgres,801,0,2026-08-28T15:54:43.060366+00:00,2026-08-28T15:54:43.065059+00:00,4.583007001201622,APPROVED,
voltdb,801,0,2026-08-28T15:54:43.065230+00:00,2026-08-28T15:54:43.084597+00:00,19.352220988366753,APPROVED,
postgres,803,0,2026-08-28T15:54:43.084725+00:00,2026-08-28T15:54:43.090601+00:00,5.8597650058800355,APPROVED,
voltdb,803,0,2026-08-28T15:54:43.090672+00:00,2026-08-28T15:54:43.115063+00:00,24.377163994358853,APPROVED,
postgres,805,0,2026-08-28T15:54:43.115219+00:00,2026-08-28T15:54:43.122518+00:00,7.284273000550456,APPROVED,
voltdb,805,0,2026-08-28T15:54:43.122611+00:00,2026-08-28T15:54:43.146796+00:00,24.17513400723692,APPROVED,
postgres,806,0,2026-08-28T15:54:43.147078+00:00,2026-08-28T15:54:43.153554+00:00,6.455014998209663,APPROVED,
voltdb,806,0,2026-08-28T15:54:43.153652+00:00,2026-08-28T15:54:43.176199+00:00,22.536108997883275,APPROVED,
postgres,807,0,2026-08-28T15:54:43.176333+00:00,2026-08-28T15:54:43.183318+00:00,6.969799011130817,APPROVED,
voltdb,807,0,2026-08-28T15:54:43.183413+00:00,2026-08-28T15:54:43.204251+00:00,20.82610900106374,APPROVED,
postgres,809,0,2026-08-28T15:54:43.204346+00:00,2026-08-28T15:54:43.210229+00:00,5.872967987670563,APPROVED,
voltdb,809,0,2026-08-28T15:54:43.210326+00:00,2026-08-28T15:54:43.230584+00:00,20.249468012480065,APPROVED,
postgres,810,0,2026-08-28T15:54:43.230764+00:00,2026-08-28T15:54:43.237642+00:00,6.862723006634042,APPROVED,
voltdb,810,0,2026-08-28T15:54:43.237711+00:00,2026-08-28T15:54:43.260552+00:00,22.832044996903278,APPROVED,
postgres,811,0,2026-08-28T15:54:43.260664+00:00,2026-08-28T15:54:43.266853+00:00,6.172615001560189,REVIEW,
voltdb,811,0,2026-08-28T15:54:43.267048+00:00,2026-08-28T15:54:43.288184+00:00,21.123687009094283,REVIEW,
postgres,812,0,2026-08-28T15:54:43.288401+00:00,2026-08-28T15:54:43.295556+00:00,7.120501002646051,APPROVED,
voltdb,812,0,2026-08-28T15:54:43.295719+00:00,2026-08-28T15:54:43.315980+00:00,20.249824010534212,APPROVED,
postgres,814,0,2026-08-28T15:54:43.316186+00:00,2026-08-28T15:54:43.320106+00:00,3.9056649984559044,APPROVED,
voltdb,814,0,2026-08-28T15:54:43.320259+00:00,2026-08-28T15:54:43.342445+00:00,22.154549005790614,APPROVED,
postgres,816,0,2026-08-28T15:54:43.342594+00:00,2026-08-28T15:54:43.350772+00:00,8.161117002600804,APPROVED,
voltdb,816,0,2026-08-28T15:54:43.350919+00:00,2026-08-28T15:54:43.372376+00:00,21.44153900735546,APPROVED,
postgres,817,0,2026-08-28T15:54:43.372539+00:00,2026-08-28T15:54:43.379446+00:00,6.890321004902944,APPROVED,
voltdb,817,0,2026-08-28T15:54:43.379816+00:00,2026-08-28T15:54:43.403154+00:00,23.315105005167425,APPROVED,
postgres,822,0,2026-08-28T15:54:43.403275+00:00,2026-08-28T15:54:43.411324+00:00,8.038261003093794,REVIEW,
voltdb,822,0,2026-08-28T15:54:43.411420+00:00,2026-08-28T15:54:43.436790+00:00,25.361694002640434,REVIEW,
postgres,823,0,2026-08-28T15:54:43.436902+00:00,2026-08-28T15:54:43.443292+00:00,6.371627008775249,APPROVED,
voltdb,823,0,2026-08-28T15:54:43.443417+00:00,2026-08-28T15:54:43.462650+00:00,19.219541005440988,APPROVED,
postgres,824,0,2026-08-28T15:54:43.462764+00:00,2026-08-28T15:54:43.465917+00:00,3.1426469940925017,APPROVED,
voltdb,824,0,2026-08-28T15:54:43.466006+00:00,2026-08-28T15:54:43.485462+00:00,19.445985002676025,APPROVED,
postgres,825,0,2026-08-28T15:54:43.485613+00:00,2026-08-28T15:54:43.494671+00:00,9.042740988661535,APPROVED,
voltdb,825,0,2026-08-28T15:54:43.494831+00:00,2026-08-28T15:54:43.519805+00:00,24.94954400754068,APPROVED,
postgres,826,0,2026-08-28T15:54:43.519903+00:00,2026-08-28T15:54:43.530726+00:00,10.808368999278173,APPROVED,
voltdb,826,0,2026-08-28T15:54:43.530917+00:00,2026-08-28T15:54:43.553163+00:00,22.222405998036265,APPROVED,
postgres,828,0,2026-08-28T15:54:43.553374+00:00,2026-08-28T15:54:43.558449+00:00,5.0550489977467805,APPROVED,
voltdb,828,0,2026-08-28T15:54:43.558578+00:00,2026-08-28T15:54:43.582819+00:00,24.20209599949885,APPROVED,
postgres,831,0,2026-08-28T15:54:43.583013+00:00,2026-08-28T15:54:43.587547+00:00,4.520795991993509,APPROVED,
voltdb,831,0,2026-08-28T15:54:43.587636+00:00,2026-08-28T15:54:43.615201+00:00,27.552212995942682,APPROVED,
postgres,832,0,2026-08-28T15:54:43.615344+00:00,2026-08-28T15:54:43.620214+00:00,4.85253099759575,APPROVED,
voltdb,832,0,2026-08-28T15:54:43.620330+00:00,2026-08-28T15:54:43.657806+00:00,37.461332001839764,APPROVED,
postgres,835,0,2026-08-28T15:54:43.657915+00:00,2026-08-28T15:54:43.681339+00:00,23.392136994516477,APPROVED,
voltdb,835,0,2026-08-28T15:54:43.681523+00:00,2026-08-28T15:54:43.719143+00:00,37.59993700077757,APPROVED,
postgres,837,0,2026-08-28T15:54:43.719282+00:00,2026-08-28T15:54:43.731543+00:00,12.24684898625128,APPROVED,
voltdb,837,0,2026-08-28T15:54:43.731732+00:00,2026-08-28T15:54:43.770114+00:00,38.14534199773334,APPROVED,
postgres,838,0,2026-08-28T15:54:43.770263+00:00,2026-08-28T15:54:43.785802+00:00,15.52106099552475,APPROVED,
voltdb,838,0,2026-08-28T15:54:43.786024+00:00,2026-08-28T15:54:43.816880+00:00,30.837664991850033,APPROVED,
postgres,839,0,2026-08-28T15:54:43.817726+00:00,2026-08-28T15:54:43.826430+00:00,8.684733998961747,APPROVED,
voltdb,839,0,2026-08-28T15:54:43.826684+00:00,2026-08-28T15:54:43.853844+00:00,27.14090900553856,APPROVED,
postgres,841,0,2026-08-28T15:54:43.854103+00:00,2026-08-28T15:54:43.862991+00:00,8.871336001902819,APPROVED,
voltdb,841,0,2026-08-28T15:54:43.863073+00:00,2026-08-28T15:54:43.886111+00:00,23.02663899899926,APPROVED,
postgres,842,0,2026-08-28T15:54:43.886214+00:00,2026-08-28T15:54:43.893158+00:00,6.927401991561055,APPROVED,
voltdb,842,0,2026-08-28T15:54:43.893293+00:00,2026-08-28T15:54:43.916297+00:00,22.990867000771686,APPROVED,
postgres,844,0,2026-08-28T15:54:43.916480+00:00,2026-08-28T15:54:43.921222+00:00,4.727891006041318,APPROVED,
voltdb,844,0,2026-08-28T15:54:43.921383+00:00,2026-08-28T15:54:43.942586+00:00,21.18552899628412,APPROVED,
postgres,846,0,2026-08-28T15:54:43.942696+00:00,2026-08-28T15:54:43.947331+00:00,4.622021006071009,APPROVED,
voltdb,846,0,2026-08-28T15:54:43.947411+00:00,2026-08-28T15:54:43.970972+00:00,23.551316000521183,APPROVED,
postgres,848,0,2026-08-28T15:54:43.971062+00:00,2026-08-28T15:54:43.977715+00:00,6.641829008003697,REVIEW,
voltdb,848,0,2026-08-28T15:54:43.977786+00:00,2026-08-28T15:54:44.009710+00:00,31.913720988086425,REVIEW,
postgres,849,0,2026-08-28T15:54:44.009861+00:00,2026-08-28T15:54:44.016037+00:00,6.082931999117136,APPROVED,
voltdb,849,0,2026-08-28T15:54:44.016116+00:00,2026-08-28T15:54:44.039887+00:00,23.760805997881107,APPROVED,
postgres,850,0,2026-08-28T15:54:44.040030+00:00,2026-08-28T15:54:44.046173+00:00,6.126492997282185,REVIEW,
voltdb,850,0,2026-08-28T15:54:44.046362+00:00,2026-08-28T15:54:44.082830+00:00,36.45084099844098,REVIEW,
postgres,851,0,2026-08-28T15:54:44.083009+00:00,2026-08-28T15:54:44.089019+00:00,5.9975539916194975,APPROVED,
voltdb,851,0,2026-08-28T15:54:44.089102+00:00,2026-08-28T15:54:44.108385+00:00,19.274344012956135,APPROVED,
postgres,852,0,2026-08-28T15:54:44.108483+00:00,2026-08-28T15:54:44.114216+00:00,5.72104899038095,APPROVED,
voltdb,852,0,2026-08-28T15:54:44.114474+00:00,2026-08-28T15:54:44.133880+00:00,19.375862000742927,APPROVED,
postgres,853,0,2026-08-28T15:54:44.134056+00:00,2026-08-28T15:54:44.139767+00:00,5.56448100542184,REVIEW,
voltdb,853,0,2026-08-28T15:54:44.139874+00:00,2026-08-28T15:54:44.166995+00:00,27.109135990031064,REVIEW,
postgres,854,0,2026-08-28T15:54:44.167094+00:00,2026-08-28T15:54:44.171444+00:00,4.339676990639418,APPROVED,
voltdb,854,0,2026-08-28T15:54:44.171571+00:00,2026-08-28T15:54:44.191858+00:00,20.2499270089902,APPROVED,
postgres,855,0,2026-08-28T15:54:44.192111+00:00,2026-08-28T15:54:44.199092+00:00,6.9609269994543865,REVIEW,
voltdb,855,0,2026-08-28T15:54:44.199181+00:00,2026-08-28T15:54:44.242246+00:00,43.05502200440969,REVIEW,
postgres,856,0,2026-08-28T15:54:44.242415+00:00,2026-08-28T15:54:44.247800+00:00,5.368052996345796,APPROVED,
voltdb,856,0,2026-08-28T15:54:44.247984+00:00,2026-08-28T15:54:44.266111+00:00,18.114518010406755,APPROVED,
postgres,857,0,2026-08-28T15:54:44.266236+00:00,2026-08-28T15:54:44.269746+00:00,3.4954540024045855,APPROVED,
voltdb,857,0,2026-08-28T15:54:44.269825+00:00,2026-08-28T15:54:44.283746+00:00,13.91229999717325,APPROVED,
postgres,858,0,2026-08-28T15:54:44.283844+00:00,2026-08-28T15:54:44.287768+00:00,3.913089996785857,APPROVED,
voltdb,858,0,2026-08-28T15:54:44.288021+00:00,2026-08-28T15:54:44.303621+00:00,15.581647006911226,APPROVED,
postgres,860,0,2026-08-28T15:54:44.303719+00:00,2026-08-28T15:54:44.306762+00:00,3.0322420061565936,APPROVED,
voltdb,860,0,2026-08-28T15:54:44.306900+00:00,2026-08-28T15:54:44.321330+00:00,14.419646991882473,APPROVED,
postgres,861,0,2026-08-28T15:54:44.321423+00:00,2026-08-28T15:54:44.324931+00:00,3.4993909939657897,APPROVED,
voltdb,861,0,2026-08-28T15:54:44.324995+00:00,2026-08-28T15:54:44.340233+00:00,15.227302996208891,APPROVED,
postgres,862,0,2026-08-28T15:54:44.340450+00:00,2026-08-28T15:54:44.343308+00:00,2.8449650126276538,APPROVED,
voltdb,862,0,2026-08-28T15:54:44.343372+00:00,2026-08-28T15:54:44.358135+00:00,14.755245996639132,APPROVED,
postgres,863,0,2026-08-28T15:54:44.358347+00:00,2026-08-28T15:54:44.362126+00:00,3.7655140040442348,APPROVED,
voltdb,863,0,2026-08-28T15:54:44.362194+00:00,2026-08-28T15:54:44.376541+00:00,14.338641005451791,APPROVED,
postgres,864,0,2026-08-28T15:54:44.376654+00:00,2026-08-28T15:54:44.380120+00:00,3.4540420019766316,APPROVED,
voltdb,864,0,2026-08-28T15:54:44.380228+00:00,2026-08-28T15:54:44.395681+00:00,15.442097006598487,APPROVED,
postgres,866,0,2026-08-28T15:54:44.395822+00:00,2026-08-28T15:54:44.400275+00:00,4.434215006767772,APPROVED,
voltdb,866,0,2026-08-28T15:54:44.400380+00:00,2026-08-28T15:54:44.414407+00:00,14.017490990227088,APPROVED,
postgres,867,1,2026-08-28T15:54:44.414512+00:00,2026-08-28T15:54:44.417527+00:00,3.0061720026424155,REVIEW,
voltdb,867,1,2026-08-28T15:54:44.417592+00:00,2026-08-28T15:54:44.437349+00:00,19.748405000427738,REVIEW,
postgres,868,0,2026-08-28T15:54:44.437453+00:00,2026-08-28T15:54:44.441425+00:00,3.9609770028619096,APPROVED,
voltdb,868,0,2026-08-28T15:54:44.441496+00:00,2026-08-28T15:54:44.457890+00:00,16.384921997087076,APPROVED,
postgres,871,0,2026-08-28T15:54:44.458070+00:00,2026-08-28T15:54:44.463233+00:00,5.148441006895155,APPROVED,
voltdb,871,0,2026-08-28T15:54:44.463312+00:00,2026-08-28T15:54:44.481395+00:00,18.0713379959343,APPROVED,
postgres,872,0,2026-08-28T15:54:44.481488+00:00,2026-08-28T15:54:44.485742+00:00,4.243742994731292,APPROVED,
voltdb,872,0,2026-08-28T15:54:44.486009+00:00,2026-08-28T15:54:44.505465+00:00,19.438474002527073,APPROVED,
postgres,873,0,2026-08-28T15:54:44.505601+00:00,2026-08-28T15:54:44.510177+00:00,4.562226997222751,APPROVED,
voltdb,873,0,2026-08-28T15:54:44.510249+00:00,2026-08-28T15:54:44.529402+00:00,19.14450699405279,APPROVED,
postgres,874,0,2026-08-28T15:54:44.529505+00:00,2026-08-28T15:54:44.533784+00:00,4.265972005669028,APPROVED,
voltdb,874,0,2026-08-28T15:54:44.533862+00:00,2026-08-28T15:54:44.550565+00:00,16.69433400093112,APPROVED,
postgres,875,0,2026-08-28T15:54:44.550687+00:00,2026-08-28T15:54:44.556259+00:00,5.5574660073034465,APPROVED,
voltdb,875,0,2026-08-28T15:54:44.556336+00:00,2026-08-28T15:54:44.572760+00:00,16.41456500510685,APPROVED,
postgres,876,0,2026-08-28T15:54:44.572893+00:00,2026-08-28T15:54:44.577009+00:00,4.102680992218666,APPROVED,
voltdb,876,0,2026-08-28T15:54:44.577083+00:00,2026-08-28T15:54:44.595279+00:00,18.090541008859873,APPROVED,
postgres,877,0,2026-08-28T15:54:44.595420+00:00,2026-08-28T15:54:44.599222+00:00,3.7896880094194785,APPROVED,
voltdb,877,0,2026-08-28T15:54:44.599299+00:00,2026-08-28T15:54:44.613929+00:00,14.620111003750935,APPROVED,
postgres,878,1,2026-08-28T15:54:44.614145+00:00,2026-08-28T15:54:44.618716+00:00,4.552329002763145,BLOCKED,
voltdb,878,1,2026-08-28T15:54:44.618815+00:00,2026-08-28T15:54:44.641250+00:00,22.42212899727747,BLOCKED,
postgres,879,0,2026-08-28T15:54:44.641344+00:00,2026-08-28T15:54:44.645053+00:00,3.698897999129258,APPROVED,
voltdb,879,0,2026-08-28T15:54:44.645147+00:00,2026-08-28T15:54:44.662301+00:00,17.14530400931835,APPROVED,
postgres,880,0,2026-08-28T15:54:44.662411+00:00,2026-08-28T15:54:44.666645+00:00,4.222578994813375,APPROVED,
voltdb,880,0,2026-08-28T15:54:44.666811+00:00,2026-08-28T15:54:44.682099+00:00,15.275247991667129,APPROVED,
postgres,882,0,2026-08-28T15:54:44.682203+00:00,2026-08-28T15:54:44.685228+00:00,3.0145039927447215,APPROVED,
voltdb,882,0,2026-08-28T15:54:44.685298+00:00,2026-08-28T15:54:44.702644+00:00,17.336631994112395,APPROVED,
postgres,886,0,2026-08-28T15:54:44.702735+00:00,2026-08-28T15:54:44.710616+00:00,7.867881999118254,APPROVED,
voltdb,886,0,2026-08-28T15:54:44.710730+00:00,2026-08-28T15:54:44.729455+00:00,18.708137999055907,APPROVED,
postgres,887,0,2026-08-28T15:54:44.729553+00:00,2026-08-28T15:54:44.733901+00:00,4.3378580012358725,APPROVED,
voltdb,887,0,2026-08-28T15:54:44.733991+00:00,2026-08-28T15:54:44.752277+00:00,18.27549299923703,APPROVED,
postgres,888,0,2026-08-28T15:54:44.752957+00:00,2026-08-28T15:54:44.757607+00:00,4.62587499350775,APPROVED,
voltdb,888,0,2026-08-28T15:54:44.757679+00:00,2026-08-28T15:54:44.775659+00:00,17.972221990930848,APPROVED,
postgres,889,0,2026-08-28T15:54:44.775770+00:00,2026-08-28T15:54:44.778720+00:00,2.939464000519365,APPROVED,
voltdb,889,0,2026-08-28T15:54:44.778795+00:00,2026-08-28T15:54:44.793425+00:00,14.6199940063525,APPROVED,
postgres,890,0,2026-08-28T15:54:44.793589+00:00,2026-08-28T15:54:44.796911+00:00,3.3063090086216107,APPROVED,
voltdb,890,0,2026-08-28T15:54:44.796978+00:00,2026-08-28T15:54:44.810636+00:00,13.649939995957538,APPROVED,
postgres,891,0,2026-08-28T15:54:44.810736+00:00,2026-08-28T15:54:44.814617+00:00,3.8707600033376366,APPROVED,
voltdb,891,0,2026-08-28T15:54:44.814691+00:00,2026-08-28T15:54:44.828889+00:00,14.189919995260425,APPROVED,
postgres,892,0,2026-08-28T15:54:44.829084+00:00,2026-08-28T15:54:44.832308+00:00,3.211096001905389,APPROVED,
voltdb,892,0,2026-08-28T15:54:44.832421+00:00,2026-08-28T15:54:44.847795+00:00,15.361549987574108,APPROVED,
postgres,893,0,2026-08-28T15:54:44.847893+00:00,2026-08-28T15:54:44.851112+00:00,3.2096639915835112,APPROVED,
voltdb,893,0,2026-08-28T15:54:44.851198+00:00,2026-08-28T15:54:44.867496+00:00,16.28954999614507,APPROVED,
postgres,894,0,2026-08-28T15:54:44.867593+00:00,2026-08-28T15:54:44.871382+00:00,3.7775090022478253,APPROVED,
voltdb,894,0,2026-08-28T15:54:44.871454+00:00,2026-08-28T15:54:44.889307+00:00,17.838496001786552,APPROVED,
postgres,895,0,2026-08-28T15:54:44.889408+00:00,2026-08-28T15:54:44.894223+00:00,4.796703011379577,APPROVED,
voltdb,895,0,2026-08-28T15:54:44.894316+00:00,2026-08-28T15:54:44.911219+00:00,16.892683997866698,APPROVED,
postgres,896,0,2026-08-28T15:54:44.911314+00:00,2026-08-28T15:54:44.916045+00:00,4.720655997516587,APPROVED,
voltdb,896,0,2026-08-28T15:54:44.916125+00:00,2026-08-28T15:54:44.931127+00:00,14.993466989835724,APPROVED,
postgres,897,0,2026-08-28T15:54:44.931274+00:00,2026-08-28T15:54:44.936316+00:00,5.026858998462558,APPROVED,
voltdb,897,0,2026-08-28T15:54:44.936388+00:00,2026-08-28T15:54:44.954962+00:00,18.56354200572241,APPROVED,
postgres,898,1,2026-08-28T15:54:44.955110+00:00,2026-08-28T15:54:44.959329+00:00,4.200903000310063,BLOCKED,
voltdb,898,1,2026-08-28T15:54:44.959408+00:00,2026-08-28T15:54:44.981494+00:00,22.076992012443952,BLOCKED,
postgres,899,0,2026-08-28T15:54:44.981587+00:00,2026-08-28T15:54:44.986440+00:00,4.841715999646112,APPROVED,
voltdb,899,0,2026-08-28T15:54:44.986535+00:00,2026-08-28T15:54:45.004720+00:00,18.176209996454418,APPROVED,
postgres,900,0,2026-08-28T15:54:45.004815+00:00,2026-08-28T15:54:45.009687+00:00,4.86190099036321,APPROVED,
voltdb,900,0,2026-08-28T15:54:45.009758+00:00,2026-08-28T15:54:45.025479+00:00,15.712068998254836,APPROVED,
postgres,901,0,2026-08-28T15:54:45.025590+00:00,2026-08-28T15:54:45.029370+00:00,3.7673110055038705,APPROVED,
voltdb,901,0,2026-08-28T15:54:45.029445+00:00,2026-08-28T15:54:45.044843+00:00,15.388525993330404,APPROVED,
postgres,902,0,2026-08-28T15:54:45.045023+00:00,2026-08-28T15:54:45.049427+00:00,4.392165006720461,APPROVED,
voltdb,902,0,2026-08-28T15:54:45.049504+00:00,2026-08-28T15:54:45.068749+00:00,19.23612700193189,APPROVED,
postgres,903,0,2026-08-28T15:54:45.068871+00:00,2026-08-28T15:54:45.075219+00:00,6.3330370030598715,APPROVED,
voltdb,903,0,2026-08-28T15:54:45.075391+00:00,2026-08-28T15:54:45.093595+00:00,18.185700988397002,APPROVED,
postgres,904,0,2026-08-28T15:54:45.093724+00:00,2026-08-28T15:54:45.098028+00:00,4.289573000278324,REVIEW,
voltdb,904,0,2026-08-28T15:54:45.098072+00:00,2026-08-28T15:54:45.121150+00:00,23.07014500547666,REVIEW,
postgres,905,0,2026-08-28T15:54:45.121290+00:00,2026-08-28T15:54:45.125920+00:00,4.614684003172442,APPROVED,
voltdb,905,0,2026-08-28T15:54:45.126042+00:00,2026-08-28T15:54:45.144911+00:00,18.854394991649315,APPROVED,
postgres,906,0,2026-08-28T15:54:45.145150+00:00,2026-08-28T15:54:45.150606+00:00,5.440171997179277,APPROVED,
voltdb,906,0,2026-08-28T15:54:45.150689+00:00,2026-08-28T15:54:45.171448+00:00,20.748208000441082,APPROVED,
postgres,909,0,2026-08-28T15:54:45.171583+00:00,2026-08-28T15:54:45.177565+00:00,5.9684459993150085,APPROVED,
voltdb,909,0,2026-08-28T15:54:45.177643+00:00,2026-08-28T15:54:45.199621+00:00,21.96748400456272,APPROVED,
postgres,910,0,2026-08-28T15:54:45.199984+00:00,2026-08-28T15:54:45.205033+00:00,4.883624991634861,APPROVED,
voltdb,910,0,2026-08-28T15:54:45.205115+00:00,2026-08-28T15:54:45.234723+00:00,29.59726398694329,APPROVED,
postgres,911,0,2026-08-28T15:54:45.234819+00:00,2026-08-28T15:54:45.242184+00:00,7.352368003921583,APPROVED,
voltdb,911,0,2026-08-28T15:54:45.242279+00:00,2026-08-28T15:54:45.269435+00:00,27.139664001879282,APPROVED,
postgres,913,0,2026-08-28T15:54:45.269549+00:00,2026-08-28T15:54:45.277138+00:00,7.575055991765112,APPROVED,
voltdb,913,0,2026-08-28T15:54:45.277301+00:00,2026-08-28T15:54:45.330376+00:00,53.05318800674286,APPROVED,
postgres,914,0,2026-08-28T15:54:45.330487+00:00,2026-08-28T15:54:45.336111+00:00,5.610056992736645,APPROVED,
voltdb,914,0,2026-08-28T15:54:45.336185+00:00,2026-08-28T15:54:45.356967+00:00,20.771029987372458,APPROVED,
postgres,915,0,2026-08-28T15:54:45.357198+00:00,2026-08-28T15:54:45.362240+00:00,5.028931991546415,APPROVED,
voltdb,915,0,2026-08-28T15:54:45.362317+00:00,2026-08-28T15:54:45.381594+00:00,19.267950992798433,APPROVED,
postgres,916,0,2026-08-28T15:54:45.381699+00:00,2026-08-28T15:54:45.386211+00:00,4.497057001572102,APPROVED,
voltdb,916,0,2026-08-28T15:54:45.386309+00:00,2026-08-28T15:54:45.411085+00:00,24.75882100407034,APPROVED,
postgres,918,0,2026-08-28T15:54:45.411226+00:00,2026-08-28T15:54:45.416685+00:00,5.442598994704895,APPROVED,
voltdb,918,0,2026-08-28T15:54:45.416794+00:00,2026-08-28T15:54:45.442436+00:00,25.626898001064546,APPROVED,
postgres,921,0,2026-08-28T15:54:45.442690+00:00,2026-08-28T15:54:45.449790+00:00,7.076306006638333,APPROVED,
voltdb,921,0,2026-08-28T15:54:45.449891+00:00,2026-08-28T15:54:45.479196+00:00,29.214533991762437,APPROVED,
postgres,922,0,2026-08-28T15:54:45.479419+00:00,2026-08-28T15:54:45.486112+00:00,6.670364004094154,APPROVED,
voltdb,922,0,2026-08-28T15:54:45.486227+00:00,2026-08-28T15:54:45.510772+00:00,24.5313250052277,APPROVED,
postgres,924,0,2026-08-28T15:54:45.511137+00:00,2026-08-28T15:54:45.519021+00:00,7.8607589966850355,APPROVED,
voltdb,924,0,2026-08-28T15:54:45.519177+00:00,2026-08-28T15:54:45.544394+00:00,25.197852999554016,APPROVED,
postgres,925,0,2026-08-28T15:54:45.544527+00:00,2026-08-28T15:54:45.551520+00:00,6.978279008762911,APPROVED,
voltdb,925,0,2026-08-28T15:54:45.551567+00:00,2026-08-28T15:54:45.577453+00:00,25.87811900593806,APPROVED,
postgres,926,0,2026-08-28T15:54:45.577607+00:00,2026-08-28T15:54:45.586497+00:00,8.871284997439943,APPROVED,
voltdb,926,0,2026-08-28T15:54:45.586616+00:00,2026-08-28T15:54:45.617938+00:00,31.309411002439447,APPROVED,
postgres,928,0,2026-08-28T15:54:45.618097+00:00,2026-08-28T15:54:45.626528+00:00,8.41533500351943,APPROVED,
voltdb,928,0,2026-08-28T15:54:45.626633+00:00,2026-08-28T15:54:45.651793+00:00,25.145926992991008,APPROVED,
postgres,929,0,2026-08-28T15:54:45.651889+00:00,2026-08-28T15:54:45.659353+00:00,7.451615994796157,APPROVED,
voltdb,929,0,2026-08-28T15:54:45.659428+00:00,2026-08-28T15:54:45.685298+00:00,25.859082001261413,APPROVED,
postgres,931,0,2026-08-28T15:54:45.685520+00:00,2026-08-28T15:54:45.698370+00:00,12.827983999159187,APPROVED,
voltdb,931,0,2026-08-28T15:54:45.698494+00:00,2026-08-28T15:54:45.735639+00:00,37.13039700232912,APPROVED,
postgres,932,0,2026-08-28T15:54:45.735984+00:00,2026-08-28T15:54:45.746335+00:00,10.009065008489415,APPROVED,
voltdb,932,0,2026-08-28T15:54:45.746440+00:00,2026-08-28T15:54:45.770502+00:00,24.048400999163277,APPROVED,
postgres,933,0,2026-08-28T15:54:45.770601+00:00,2026-08-28T15:54:45.776841+00:00,6.22704200213775,REVIEW,
voltdb,933,0,2026-08-28T15:54:45.777078+00:00,2026-08-28T15:54:45.806257+00:00,29.161804995965213,REVIEW,
postgres,938,0,2026-08-28T15:54:45.806384+00:00,2026-08-28T15:54:45.811582+00:00,5.184609995922074,APPROVED,
voltdb,938,0,2026-08-28T15:54:45.811663+00:00,2026-08-28T15:54:45.833886+00:00,22.213397998712026,APPROVED,
postgres,940,0,2026-08-28T15:54:45.834108+00:00,2026-08-28T15:54:45.838544+00:00,4.4188619940541685,APPROVED,
voltdb,940,0,2026-08-28T15:54:45.838625+00:00,2026-08-28T15:54:45.859235+00:00,20.56571200955659,APPROVED,
postgres,941,0,2026-08-28T15:54:45.859399+00:00,2026-08-28T15:54:45.865148+00:00,5.729259995860048,APPROVED,
voltdb,941,0,2026-08-28T15:54:45.865294+00:00,2026-08-28T15:54:45.884330+00:00,19.02691400027834,APPROVED,
postgres,942,0,2026-08-28T15:54:45.884426+00:00,2026-08-28T15:54:45.889398+00:00,4.959425001288764,APPROVED,
voltdb,942,0,2026-08-28T15:54:45.889520+00:00,2026-08-28T15:54:45.911692+00:00,22.15871200314723,APPROVED,
postgres,943,0,2026-08-28T15:54:45.911814+00:00,2026-08-28T15:54:45.918023+00:00,6.194863002747297,APPROVED,
voltdb,943,0,2026-08-28T15:54:45.918139+00:00,2026-08-28T15:54:45.938395+00:00,20.246337007847615,APPROVED,
postgres,944,0,2026-08-28T15:54:45.938575+00:00,2026-08-28T15:54:45.947949+00:00,9.354162990348414,APPROVED,
voltdb,944,0,2026-08-28T15:54:45.948122+00:00,2026-08-28T15:54:45.970094+00:00,21.958750003250316,APPROVED,
postgres,945,0,2026-08-28T15:54:45.970188+00:00,2026-08-28T15:54:45.977186+00:00,6.984406994888559,APPROVED,
voltdb,945,0,2026-08-28T15:54:45.977304+00:00,2026-08-28T15:54:46.000671+00:00,23.352676987997256,APPROVED,
postgres,946,0,2026-08-28T15:54:46.000846+00:00,2026-08-28T15:54:46.007761+00:00,6.896874008816667,APPROVED,
voltdb,946,0,2026-08-28T15:54:46.007981+00:00,2026-08-28T15:54:46.030393+00:00,22.39279600325972,APPROVED,
postgres,947,0,2026-08-28T15:54:46.030516+00:00,2026-08-28T15:54:46.034965+00:00,4.436415998497978,APPROVED,
voltdb,947,0,2026-08-28T15:54:46.035043+00:00,2026-08-28T15:54:46.058566+00:00,23.51471100701019,APPROVED,
postgres,949,0,2026-08-28T15:54:46.058710+00:00,2026-08-28T15:54:46.065477+00:00,6.756652990588918,APPROVED,
voltdb,949,0,2026-08-28T15:54:46.065712+00:00,2026-08-28T15:54:46.084389+00:00,18.664945993805304,APPROVED,
postgres,950,0,2026-08-28T15:54:46.084508+00:00,2026-08-28T15:54:46.090443+00:00,5.919616000028327,APPROVED,
voltdb,950,0,2026-08-28T15:54:46.090543+00:00,2026-08-28T15:54:46.113595+00:00,23.01059299497865,APPROVED,
postgres,951,0,2026-08-28T15:54:46.113799+00:00,2026-08-28T15:54:46.118928+00:00,5.0180349935544655,APPROVED,
voltdb,951,0,2026-08-28T15:54:46.119078+00:00,2026-08-28T15:54:46.139425+00:00,20.30319099139888,APPROVED,
postgres,952,0,2026-08-28T15:54:46.139520+00:00,2026-08-28T15:54:46.145927+00:00,6.396133001544513,APPROVED,
voltdb,952,0,2026-08-28T15:54:46.146107+00:00,2026-08-28T15:54:46.167598+00:00,21.46868901036214,APPROVED,
postgres,954,0,2026-08-28T15:54:46.167709+00:00,2026-08-28T15:54:46.172830+00:00,5.107306002173573,APPROVED,
voltdb,954,0,2026-08-28T15:54:46.172917+00:00,2026-08-28T15:54:46.197626+00:00,24.69534099509474,APPROVED,
postgres,955,0,2026-08-28T15:54:46.197774+00:00,2026-08-28T15:54:46.203502+00:00,5.71237200347241,APPROVED,
voltdb,955,0,2026-08-28T15:54:46.203581+00:00,2026-08-28T15:54:46.223962+00:00,20.37121199828107,APPROVED,
postgres,956,0,2026-08-28T15:54:46.224086+00:00,2026-08-28T15:54:46.230347+00:00,6.247366007301025,APPROVED,
voltdb,956,0,2026-08-28T15:54:46.230422+00:00,2026-08-28T15:54:46.251242+00:00,20.810609988984652,APPROVED,
postgres,957,0,2026-08-28T15:54:46.251380+00:00,2026-08-28T15:54:46.257254+00:00,5.830403999425471,REVIEW,
voltdb,957,0,2026-08-28T15:54:46.257331+00:00,2026-08-28T15:54:46.282430+00:00,25.088609007070772,REVIEW,
postgres,958,0,2026-08-28T15:54:46.282705+00:00,2026-08-28T15:54:46.287090+00:00,4.36724501196295,APPROVED,
voltdb,958,0,2026-08-28T15:54:46.287282+00:00,2026-08-28T15:54:46.309753+00:00,22.45332500024233,APPROVED,
postgres,959,0,2026-08-28T15:54:46.310141+00:00,2026-08-28T15:54:46.316436+00:00,6.273908002185635,APPROVED,
voltdb,959,0,2026-08-28T15:54:46.316549+00:00,2026-08-28T15:54:46.336280+00:00,19.722258002730086,APPROVED,
postgres,960,0,2026-08-28T15:54:46.336384+00:00,2026-08-28T15:54:46.342135+00:00,5.73814200470224,APPROVED,
voltdb,960,0,2026-08-28T15:54:46.342231+00:00,2026-08-28T15:54:46.362014+00:00,19.772169995121658,APPROVED,
postgres,961,0,2026-08-28T15:54:46.362169+00:00,2026-08-28T15:54:46.367754+00:00,5.573608010308817,REVIEW,
voltdb,961,0,2026-08-28T15:54:46.367830+00:00,2026-08-28T15:54:46.390167+00:00,22.3283539962722,REVIEW,
postgres,964,0,2026-08-28T15:54:46.390272+00:00,2026-08-28T15:54:46.394435+00:00,4.149396001594141,APPROVED,
voltdb,964,0,2026-08-28T15:54:46.394551+00:00,2026-08-28T15:54:46.414672+00:00,20.10931099357549,APPROVED,
postgres,965,0,2026-08-28T15:54:46.414776+00:00,2026-08-28T15:54:46.418047+00:00,3.2617879915051162,APPROVED,
voltdb,965,0,2026-08-28T15:54:46.418113+00:00,2026-08-28T15:54:46.432678+00:00,14.556413996615447,APPROVED,
postgres,966,0,2026-08-28T15:54:46.432792+00:00,2026-08-28T15:54:46.436990+00:00,4.183931989246048,APPROVED,
voltdb,966,0,2026-08-28T15:54:46.437066+00:00,2026-08-28T15:54:46.455038+00:00,17.962847006856464,APPROVED,
postgres,969,1,2026-08-28T15:54:46.455142+00:00,2026-08-28T15:54:46.458008+00:00,2.857627987395972,BLOCKED,
voltdb,969,1,2026-08-28T15:54:46.458070+00:00,2026-08-28T15:54:46.478491+00:00,20.4126340104267,BLOCKED,
postgres,970,0,2026-08-28T15:54:46.478616+00:00,2026-08-28T15:54:46.483006+00:00,4.378330006147735,APPROVED,
voltdb,970,0,2026-08-28T15:54:46.483079+00:00,2026-08-28T15:54:46.502805+00:00,19.692818008479662,APPROVED,
postgres,971,0,2026-08-28T15:54:46.502977+00:00,2026-08-28T15:54:46.506289+00:00,3.238816003431566,APPROVED,
voltdb,971,0,2026-08-28T15:54:46.506359+00:00,2026-08-28T15:54:46.521262+00:00,14.89464400219731,APPROVED,
postgres,972,0,2026-08-28T15:54:46.521397+00:00,2026-08-28T15:54:46.524202+00:00,2.7934639947488904,APPROVED,
voltdb,972,0,2026-08-28T15:54:46.524266+00:00,2026-08-28T15:54:46.543266+00:00,18.992129000253044,APPROVED,
postgres,973,0,2026-08-28T15:54:46.543383+00:00,2026-08-28T15:54:46.547156+00:00,3.7626590055879205,APPROVED,
voltdb,973,0,2026-08-28T15:54:46.547293+00:00,2026-08-28T15:54:46.567664+00:00,20.359639995149337,APPROVED,
postgres,975,0,2026-08-28T15:54:46.567784+00:00,2026-08-28T15:54:46.572181+00:00,4.380826998385601,APPROVED,
voltdb,975,0,2026-08-28T15:54:46.572252+00:00,2026-08-28T15:54:46.587029+00:00,14.766916006919928,APPROVED,
postgres,976,0,2026-08-28T15:54:46.587146+00:00,2026-08-28T15:54:46.590646+00:00,3.4876470017479733,APPROVED,
voltdb,976,0,2026-08-28T15:54:46.590714+00:00,2026-08-28T15:54:46.606676+00:00,15.951073000906035,APPROVED,
postgres,977,0,2026-08-28T15:54:46.606845+00:00,2026-08-28T15:54:46.610576+00:00,3.7131700082682073,APPROVED,
voltdb,977,0,2026-08-28T15:54:46.610648+00:00,2026-08-28T15:54:46.625625+00:00,14.969411000492983,APPROVED,
postgres,979,0,2026-08-28T15:54:46.625820+00:00,2026-08-28T15:54:46.629480+00:00,3.64590399840381,APPROVED,
voltdb,979,0,2026-08-28T15:54:46.629559+00:00,2026-08-28T15:54:46.646095+00:00,16.525555998669006,APPROVED,
postgres,980,1,2026-08-28T15:54:46.646287+00:00,2026-08-28T15:54:46.651106+00:00,4.803736999747343,BLOCKED,
voltdb,980,1,2026-08-28T15:54:46.651146+00:00,2026-08-28T15:54:46.669546+00:00,18.393268997897394,BLOCKED,
postgres,981,0,2026-08-28T15:54:46.669647+00:00,2026-08-28T15:54:46.672926+00:00,3.26583901187405,APPROVED,
voltdb,981,0,2026-08-28T15:54:46.673110+00:00,2026-08-28T15:54:46.687102+00:00,13.841626001521945,APPROVED,
postgres,983,0,2026-08-28T15:54:46.687350+00:00,2026-08-28T15:54:46.690840+00:00,3.4428369981469586,APPROVED,
voltdb,983,0,2026-08-28T15:54:46.690906+00:00,2026-08-28T15:54:46.708800+00:00,17.885260996990837,APPROVED,
postgres,984,0,2026-08-28T15:54:46.709031+00:00,2026-08-28T15:54:46.712542+00:00,3.4953159920405596,APPROVED,
voltdb,984,0,2026-08-28T15:54:46.712625+00:00,2026-08-28T15:54:46.729201+00:00,16.561959011596628,APPROVED,
postgres,985,0,2026-08-28T15:54:46.729331+00:00,2026-08-28T15:54:46.733588+00:00,4.239446003339253,APPROVED,
voltdb,985,0,2026-08-28T15:54:46.733685+00:00,2026-08-28T15:54:46.750162+00:00,16.467500987346284,APPROVED,
postgres,986,0,2026-08-28T15:54:46.750262+00:00,2026-08-28T15:54:46.753659+00:00,3.3855340006994084,APPROVED,
voltdb,986,0,2026-08-28T15:54:46.753802+00:00,2026-08-28T15:54:46.767761+00:00,13.935044000390917,APPROVED,
postgres,987,0,2026-08-28T15:54:46.767955+00:00,2026-08-28T15:54:46.770567+00:00,2.5993669987656176,APPROVED,
voltdb,987,0,2026-08-28T15:54:46.770629+00:00,2026-08-28T15:54:46.784861+00:00,14.223888996639289,APPROVED,
postgres,989,0,2026-08-28T15:54:46.784969+00:00,2026-08-28T15:54:46.788600+00:00,3.6157110007479787,APPROVED,
voltdb,989,0,2026-08-28T15:54:46.788672+00:00,2026-08-28T15:54:46.803202+00:00,14.520676995743997,APPROVED,
postgres,990,0,2026-08-28T15:54:46.803309+00:00,2026-08-28T15:54:46.806124+00:00,2.804689996992238,APPROVED,
voltdb,990,0,2026-08-28T15:54:46.806191+00:00,2026-08-28T15:54:46.820359+00:00,14.158434991259128,APPROVED,
postgres,991,0,2026-08-28T15:54:46.820710+00:00,2026-08-28T15:54:46.824542+00:00,3.7942250055493787,APPROVED,
voltdb,991,0,2026-08-28T15:54:46.824614+00:00,2026-08-28T15:54:46.844846+00:00,20.22417599800974,APPROVED,
postgres,992,1,2026-08-28T15:54:46.844956+00:00,2026-08-28T15:54:46.851232+00:00,6.193690001964569,BLOCKED,
voltdb,992,1,2026-08-28T15:54:46.851310+00:00,2026-08-28T15:54:46.876282+00:00,24.96245900692884,BLOCKED,
postgres,993,0,2026-08-28T15:54:46.876386+00:00,2026-08-28T15:54:46.879757+00:00,3.360250993864611,APPROVED,
voltdb,993,0,2026-08-28T15:54:46.879992+00:00,2026-08-28T15:54:46.897236+00:00,17.221846006577834,APPROVED,
postgres,995,0,2026-08-28T15:54:46.897336+00:00,2026-08-28T15:54:46.903128+00:00,5.779911996796727,APPROVED,
voltdb,995,0,2026-08-28T15:54:46.903231+00:00,2026-08-28T15:54:46.921184+00:00,17.939484998350963,APPROVED,
postgres,996,0,2026-08-28T15:54:46.921363+00:00,2026-08-28T15:54:46.925756+00:00,4.325629997765645,APPROVED,
voltdb,996,0,2026-08-28T15:54:46.925834+00:00,2026-08-28T15:54:46.948308+00:00,22.350594997988082,APPROVED,
postgres,997,0,2026-08-28T15:54:46.948403+00:00,2026-08-28T15:54:46.954128+00:00,5.658424008288421,APPROVED,
voltdb,997,0,2026-08-28T15:54:46.954253+00:00,2026-08-28T15:54:46.975791+00:00,21.523297007661313,APPROVED,
postgres,999,0,2026-08-28T15:54:46.976154+00:00,2026-08-28T15:54:46.981359+00:00,5.182301989407279,APPROVED,
voltdb,999,0,2026-08-28T15:54:46.981578+00:00,2026-08-28T15:54:47.002203+00:00,20.608685008483008,APPROVED,
postgres,1001,0,2026-08-28T15:54:47.002327+00:00,2026-08-28T15:54:47.006815+00:00,4.472189990337938,APPROVED,
voltdb,1001,0,2026-08-28T15:54:47.007039+00:00,2026-08-28T15:54:47.024469+00:00,17.407287989044562,APPROVED,
postgres,1003,0,2026-08-28T15:54:47.024593+00:00,2026-08-28T15:54:47.027988+00:00,3.378833003807813,APPROVED,
voltdb,1003,0,2026-08-28T15:54:47.028070+00:00,2026-08-28T15:54:47.045354+00:00,17.275461010285653,APPROVED,
postgres,1004,0,2026-08-28T15:54:47.045468+00:00,2026-08-28T15:54:47.050702+00:00,5.221090003033169,APPROVED,
voltdb,1004,0,2026-08-28T15:54:47.050795+00:00,2026-08-28T15:54:47.066605+00:00,15.80071699572727,APPROVED,
postgres,1007,0,2026-08-28T15:54:47.066711+00:00,2026-08-28T15:54:47.070015+00:00,3.2894780015340075,APPROVED,
voltdb,1007,0,2026-08-28T15:54:47.070094+00:00,2026-08-28T15:54:47.084122+00:00,14.018831992871128,APPROVED,
postgres,1008,0,2026-08-28T15:54:47.084223+00:00,2026-08-28T15:54:47.088602+00:00,4.367577988887206,APPROVED,
voltdb,1008,0,2026-08-28T15:54:47.088682+00:00,2026-08-28T15:54:47.103378+00:00,14.688251991174184,APPROVED,
postgres,1011,0,2026-08-28T15:54:47.103475+00:00,2026-08-28T15:54:47.106136+00:00,2.6521499967202544,APPROVED,
voltdb,1011,0,2026-08-28T15:54:47.106204+00:00,2026-08-28T15:54:47.120447+00:00,14.233608002541587,APPROVED,
postgres,1012,0,2026-08-28T15:54:47.120553+00:00,2026-08-28T15:54:47.123475+00:00,2.9113430064171553,APPROVED,
voltdb,1012,0,2026-08-28T15:54:47.123540+00:00,2026-08-28T15:54:47.137342+00:00,13.79271199402865,APPROVED,
postgres,1013,0,2026-08-28T15:54:47.137452+00:00,2026-08-28T15:54:47.141276+00:00,3.811513990513049,APPROVED,
voltdb,1013,0,2026-08-28T15:54:47.141358+00:00,2026-08-28T15:54:47.156575+00:00,15.207472009933554,APPROVED,
postgres,1017,0,2026-08-28T15:54:47.156676+00:00,2026-08-28T15:54:47.159505+00:00,2.819241999532096,APPROVED,
voltdb,1017,0,2026-08-28T15:54:47.159570+00:00,2026-08-28T15:54:47.174087+00:00,14.50201400439255,APPROVED,
postgres,1019,0,2026-08-28T15:54:47.174201+00:00,2026-08-28T15:54:47.177252+00:00,3.039415998500772,APPROVED,
voltdb,1019,0,2026-08-28T15:54:47.177318+00:00,2026-08-28T15:54:47.193031+00:00,15.702471995609812,APPROVED,
postgres,1021,0,2026-08-28T15:54:47.193370+00:00,2026-08-28T15:54:47.199110+00:00,5.724558999645524,REVIEW,
voltdb,1021,0,2026-08-28T15:54:47.199181+00:00,2026-08-28T15:54:47.217061+00:00,17.8711869957624,REVIEW,
postgres,1022,0,2026-08-28T15:54:47.217159+00:00,2026-08-28T15:54:47.220129+00:00,2.957693999633193,APPROVED,
voltdb,1022,0,2026-08-28T15:54:47.220289+00:00,2026-08-28T15:54:47.235509+00:00,15.204008988803253,APPROVED,
postgres,1023,0,2026-08-28T15:54:47.235679+00:00,2026-08-28T15:54:47.239637+00:00,3.925698998500593,APPROVED,
voltdb,1023,0,2026-08-28T15:54:47.239759+00:00,2026-08-28T15:54:47.255032+00:00,15.259780004271306,APPROVED,
postgres,1025,0,2026-08-28T15:54:47.255144+00:00,2026-08-28T15:54:47.258268+00:00,3.1130760035011917,APPROVED,
voltdb,1025,0,2026-08-28T15:54:47.258458+00:00,2026-08-28T15:54:47.284879+00:00,26.40425799472723,APPROVED,
postgres,1027,0,2026-08-28T15:54:47.285116+00:00,2026-08-28T15:54:47.298025+00:00,12.891994003439322,REVIEW,
voltdb,1027,0,2026-08-28T15:54:47.298127+00:00,2026-08-28T15:54:47.327264+00:00,29.123289001290686,REVIEW,
postgres,1028,0,2026-08-28T15:54:47.327388+00:00,2026-08-28T15:54:47.333656+00:00,6.252323000808246,APPROVED,
voltdb,1028,0,2026-08-28T15:54:47.333736+00:00,2026-08-28T15:54:47.351315+00:00,17.569552001077682,APPROVED,
postgres,1031,0,2026-08-28T15:54:47.351416+00:00,2026-08-28T15:54:47.358249+00:00,6.821015995228663,APPROVED,
voltdb,1031,0,2026-08-28T15:54:47.358326+00:00,2026-08-28T15:54:47.373488+00:00,15.152908003074117,APPROVED,
postgres,1032,0,2026-08-28T15:54:47.373608+00:00,2026-08-28T15:54:47.378430+00:00,4.803169998922385,APPROVED,
voltdb,1032,0,2026-08-28T15:54:47.378535+00:00,2026-08-28T15:54:47.402083+00:00,23.415040006511845,APPROVED,
postgres,1033,0,2026-08-28T15:54:47.402197+00:00,2026-08-28T15:54:47.406355+00:00,4.143097990890965,APPROVED,
voltdb,1033,0,2026-08-28T15:54:47.406433+00:00,2026-08-28T15:54:47.426107+00:00,19.660325997392647,APPROVED,
postgres,1034,0,2026-08-28T15:54:47.426291+00:00,2026-08-28T15:54:47.430539+00:00,4.229461002978496,APPROVED,
voltdb,1034,0,2026-08-28T15:54:47.430632+00:00,2026-08-28T15:54:47.450573+00:00,19.923247004044242,APPROVED,
postgres,1035,0,2026-08-28T15:54:47.450811+00:00,2026-08-28T15:54:47.456495+00:00,5.656823006574996,APPROVED,
voltdb,1035,0,2026-08-28T15:54:47.456611+00:00,2026-08-28T15:54:47.472214+00:00,15.587172005325556,APPROVED,
postgres,1036,0,2026-08-28T15:54:47.472339+00:00,2026-08-28T15:54:47.477527+00:00,5.171956989215687,REVIEW,
voltdb,1036,0,2026-08-28T15:54:47.477600+00:00,2026-08-28T15:54:47.499049+00:00,21.438791998662055,REVIEW,
postgres,1038,0,2026-08-28T15:54:47.499142+00:00,2026-08-28T15:54:47.505043+00:00,5.889107997063547,APPROVED,
voltdb,1038,0,2026-08-28T15:54:47.505119+00:00,2026-08-28T15:54:47.521875+00:00,16.747615998610854,APPROVED,
postgres,1040,0,2026-08-28T15:54:47.522316+00:00,2026-08-28T15:54:47.525929+00:00,3.5931099992012605,APPROVED,
voltdb,1040,0,2026-08-28T15:54:47.526003+00:00,2026-08-28T15:54:47.544085+00:00,18.07349600130692,APPROVED,
postgres,1043,0,2026-08-28T15:54:47.544187+00:00,2026-08-28T15:54:47.550080+00:00,5.880810000235215,REVIEW,
voltdb,1043,0,2026-08-28T15:54:47.550163+00:00,2026-08-28T15:54:47.572526+00:00,22.354496002662927,REVIEW,
postgres,1044,0,2026-08-28T15:54:47.572632+00:00,2026-08-28T15:54:47.576052+00:00,3.4095570008503273,APPROVED,
voltdb,1044,0,2026-08-28T15:54:47.576123+00:00,2026-08-28T15:54:47.596611+00:00,20.47676000802312,APPROVED,
postgres,1047,0,2026-08-28T15:54:47.596803+00:00,2026-08-28T15:54:47.601113+00:00,4.267533993697725,APPROVED,
voltdb,1047,0,2026-08-28T15:54:47.601190+00:00,2026-08-28T15:54:47.620825+00:00,19.624784996267408,APPROVED,
postgres,1048,0,2026-08-28T15:54:47.621470+00:00,2026-08-28T15:54:47.626615+00:00,5.121432011947036,APPROVED,
voltdb,1048,0,2026-08-28T15:54:47.626692+00:00,2026-08-28T15:54:47.648122+00:00,21.420316988951527,APPROVED,
postgres,1050,0,2026-08-28T15:54:47.648325+00:00,2026-08-28T15:54:47.654322+00:00,5.979875000775792,APPROVED,
voltdb,1050,0,2026-08-28T15:54:47.654404+00:00,2026-08-28T15:54:47.675870+00:00,21.45592001033947,APPROVED,
postgres,1051,0,2026-08-28T15:54:47.676255+00:00,2026-08-28T15:54:47.680515+00:00,4.241146991262212,APPROVED,
voltdb,1051,0,2026-08-28T15:54:47.680597+00:00,2026-08-28T15:54:47.707676+00:00,27.06967099220492,APPROVED,
postgres,1052,0,2026-08-28T15:54:47.707773+00:00,2026-08-28T15:54:47.712176+00:00,4.389091991470195,APPROVED,
voltdb,1052,0,2026-08-28T15:54:47.712267+00:00,2026-08-28T15:54:47.732119+00:00,19.84364200325217,APPROVED,
postgres,1053,0,2026-08-28T15:54:47.732235+00:00,2026-08-28T15:54:47.737083+00:00,4.803026997251436,REVIEW,
voltdb,1053,0,2026-08-28T15:54:47.737163+00:00,2026-08-28T15:54:47.761161+00:00,23.98680600163061,REVIEW,
postgres,1054,0,2026-08-28T15:54:47.761262+00:00,2026-08-28T15:54:47.764997+00:00,3.714163991389796,APPROVED,
voltdb,1054,0,2026-08-28T15:54:47.765076+00:00,2026-08-28T15:54:47.781824+00:00,16.73601999937091,APPROVED,
postgres,1055,0,2026-08-28T15:54:47.782182+00:00,2026-08-28T15:54:47.787101+00:00,4.892830009339377,APPROVED,
voltdb,1055,0,2026-08-28T15:54:47.787178+00:00,2026-08-28T15:54:47.809610+00:00,22.41620000859257,APPROVED,
postgres,1056,0,2026-08-28T15:54:47.809795+00:00,2026-08-28T15:54:47.815774+00:00,5.961969000054523,APPROVED,
voltdb,1056,0,2026-08-28T15:54:47.816063+00:00,2026-08-28T15:54:47.835692+00:00,19.6075620042393,APPROVED,
postgres,1057,0,2026-08-28T15:54:47.835855+00:00,2026-08-28T15:54:47.840622+00:00,4.752665001433343,APPROVED,
voltdb,1057,0,2026-08-28T15:54:47.840723+00:00,2026-08-28T15:54:47.867727+00:00,26.99413400841877,APPROVED,
postgres,1061,0,2026-08-28T15:54:47.868094+00:00,2026-08-28T15:54:47.886831+00:00,18.675611005164683,REVIEW,
voltdb,1061,0,2026-08-28T15:54:47.887210+00:00,2026-08-28T15:54:47.929705+00:00,42.42850199807435,REVIEW,
postgres,1062,0,2026-08-28T15:54:47.929840+00:00,2026-08-28T15:54:47.935897+00:00,6.042478999006562,APPROVED,
voltdb,1062,0,2026-08-28T15:54:47.936210+00:00,2026-08-28T15:54:47.976066+00:00,39.83383400191087,APPROVED,
postgres,1065,0,2026-08-28T15:54:47.976228+00:00,2026-08-28T15:54:47.987470+00:00,11.224273010157049,REVIEW,
voltdb,1065,0,2026-08-28T15:54:47.987667+00:00,2026-08-28T15:54:48.018564+00:00,30.88213800219819,REVIEW,
postgres,1066,0,2026-08-28T15:54:48.018715+00:00,2026-08-28T15:54:48.025448+00:00,6.7172400013078,APPROVED,
voltdb,1066,0,2026-08-28T15:54:48.025528+00:00,2026-08-28T15:54:48.049902+00:00,24.362967000342906,APPROVED,
postgres,1068,0,2026-08-28T15:54:48.050106+00:00,2026-08-28T15:54:48.058321+00:00,8.198992989491671,APPROVED,
voltdb,1068,0,2026-08-28T15:54:48.058437+00:00,2026-08-28T15:54:48.082149+00:00,23.70357300969772,APPROVED,
postgres,1069,0,2026-08-28T15:54:48.082251+00:00,2026-08-28T15:54:48.089016+00:00,6.752343004336581,APPROVED,
voltdb,1069,0,2026-08-28T15:54:48.089130+00:00,2026-08-28T15:54:48.115054+00:00,25.84579998801928,APPROVED,
postgres,1070,0,2026-08-28T15:54:48.115162+00:00,2026-08-28T15:54:48.120242+00:00,5.068310987553559,APPROVED,
voltdb,1070,0,2026-08-28T15:54:48.120318+00:00,2026-08-28T15:54:48.135842+00:00,15.514293001615442,APPROVED,
postgres,1072,0,2026-08-28T15:54:48.136258+00:00,2026-08-28T15:54:48.141665+00:00,5.390102000092156,APPROVED,
voltdb,1072,0,2026-08-28T15:54:48.141897+00:00,2026-08-28T15:54:48.163022+00:00,21.099628997035325,APPROVED,
postgres,1073,0,2026-08-28T15:54:48.163118+00:00,2026-08-28T15:54:48.167439+00:00,4.282289010006934,APPROVED,
voltdb,1073,0,2026-08-28T15:54:48.167533+00:00,2026-08-28T15:54:48.182823+00:00,15.278147999197245,APPROVED,
postgres,1074,0,2026-08-28T15:54:48.183087+00:00,2026-08-28T15:54:48.187137+00:00,4.031332995509729,APPROVED,
voltdb,1074,0,2026-08-28T15:54:48.187242+00:00,2026-08-28T15:54:48.209163+00:00,21.90856599190738,APPROVED,
postgres,1075,0,2026-08-28T15:54:48.209309+00:00,2026-08-28T15:54:48.215732+00:00,6.406487998901866,APPROVED,
voltdb,1075,0,2026-08-28T15:54:48.215812+00:00,2026-08-28T15:54:48.233630+00:00,17.808081000111997,APPROVED,
postgres,1077,0,2026-08-28T15:54:48.233972+00:00,2026-08-28T15:54:48.241687+00:00,7.694624000578187,REVIEW,
voltdb,1077,0,2026-08-28T15:54:48.242171+00:00,2026-08-28T15:54:48.291119+00:00,48.907150005106814,REVIEW,
postgres,1078,0,2026-08-28T15:54:48.291264+00:00,2026-08-28T15:54:48.298588+00:00,7.3032649961533025,APPROVED,
voltdb,1078,0,2026-08-28T15:54:48.298777+00:00,2026-08-28T15:54:48.336638+00:00,37.841924000531435,APPROVED,
postgres,1081,0,2026-08-28T15:54:48.336809+00:00,2026-08-28T15:54:48.348041+00:00,11.213302001124248,REVIEW,
voltdb,1081,0,2026-08-28T15:54:48.348170+00:00,2026-08-28T15:54:48.384104+00:00,35.921105009038,REVIEW,
postgres,1083,0,2026-08-28T15:54:48.384220+00:00,2026-08-28T15:54:48.391020+00:00,6.779194998671301,APPROVED,
voltdb,1083,0,2026-08-28T15:54:48.391090+00:00,2026-08-28T15:54:48.420287+00:00,29.186523010139354,APPROVED,
postgres,1084,0,2026-08-28T15:54:48.420402+00:00,2026-08-28T15:54:48.423695+00:00,3.2805390073917806,APPROVED,
voltdb,1084,0,2026-08-28T15:54:48.423770+00:00,2026-08-28T15:54:48.445054+00:00,21.274008002365008,APPROVED,
postgres,1086,0,2026-08-28T15:54:48.445205+00:00,2026-08-28T15:54:48.451114+00:00,5.895283000427298,APPROVED,
voltdb,1086,0,2026-08-28T15:54:48.451193+00:00,2026-08-28T15:54:48.467433+00:00,16.230319000896998,APPROVED,
postgres,1087,0,2026-08-28T15:54:48.467595+00:00,2026-08-28T15:54:48.471584+00:00,3.974445993662812,APPROVED,
voltdb,1087,0,2026-08-28T15:54:48.471659+00:00,2026-08-28T15:54:48.496140+00:00,24.452824000036344,APPROVED,
postgres,1089,0,2026-08-28T15:54:48.497056+00:00,2026-08-28T15:54:48.524589+00:00,27.510265994351357,APPROVED,
voltdb,1089,0,2026-08-28T15:54:48.524674+00:00,2026-08-28T15:54:48.562885+00:00,38.19760700571351,APPROVED,
postgres,1090,0,2026-08-28T15:54:48.563036+00:00,2026-08-28T15:54:48.566559+00:00,3.511640999931842,APPROVED,
voltdb,1090,0,2026-08-28T15:54:48.566654+00:00,2026-08-28T15:54:48.585152+00:00,18.484640007955022,APPROVED,
postgres,1094,0,2026-08-28T15:54:48.585354+00:00,2026-08-28T15:54:48.590915+00:00,5.541097008972429,APPROVED,
voltdb,1094,0,2026-08-28T15:54:48.591022+00:00,2026-08-28T15:54:48.628342+00:00,37.30495499621611,APPROVED,
postgres,1096,0,2026-08-28T15:54:48.628464+00:00,2026-08-28T15:54:48.636611+00:00,4.609257011907175,APPROVED,
voltdb,1096,0,2026-08-28T15:54:48.636951+00:00,2026-08-28T15:54:48.680179+00:00,43.20065300271381,APPROVED,
postgres,1097,0,2026-08-28T15:54:48.680522+00:00,2026-08-28T15:54:48.684835+00:00,4.295706996344961,APPROVED,
voltdb,1097,0,2026-08-28T15:54:48.684944+00:00,2026-08-28T15:54:48.705648+00:00,20.694792998256162,APPROVED,
postgres,1098,0,2026-08-28T15:54:48.705770+00:00,2026-08-28T15:54:48.711169+00:00,5.385760989156552,APPROVED,
voltdb,1098,0,2026-08-28T15:54:48.711249+00:00,2026-08-28T15:54:48.828768+00:00,117.50887299422175,APPROVED,
postgres,1099,0,2026-08-28T15:54:48.829023+00:00,2026-08-28T15:54:48.841305+00:00,12.231519998749718,APPROVED,
voltdb,1099,0,2026-08-28T15:54:48.841410+00:00,2026-08-28T15:54:48.963351+00:00,121.92362699715886,APPROVED,
postgres,1100,0,2026-08-28T15:54:48.963505+00:00,2026-08-28T15:54:48.969787+00:00,6.266360011068173,APPROVED,
voltdb,1100,0,2026-08-28T15:54:48.970008+00:00,2026-08-28T15:54:49.003719+00:00,33.69493500213139,APPROVED,
postgres,1101,0,2026-08-28T15:54:49.004130+00:00,2026-08-28T15:54:49.010207+00:00,6.051967007806525,APPROVED,
voltdb,1101,0,2026-08-28T15:54:49.010285+00:00,2026-08-28T15:54:49.031361+00:00,21.063145992229693,APPROVED,
postgres,1105,1,2026-08-28T15:54:49.031629+00:00,2026-08-28T15:54:49.050151+00:00,18.457858997862786,REVIEW,
voltdb,1105,1,2026-08-28T15:54:49.050319+00:00,2026-08-28T15:54:49.087580+00:00,37.23948799597565,REVIEW,
postgres,1106,0,2026-08-28T15:54:49.087778+00:00,2026-08-28T15:54:49.094277+00:00,6.4749120065243915,APPROVED,
voltdb,1106,0,2026-08-28T15:54:49.094436+00:00,2026-08-28T15:54:49.117995+00:00,23.545450007077307,APPROVED,
postgres,1107,0,2026-08-28T15:54:49.118130+00:00,2026-08-28T15:54:49.124111+00:00,5.876336988876574,APPROVED,
voltdb,1107,0,2026-08-28T15:54:49.124216+00:00,2026-08-28T15:54:49.148711+00:00,24.484723995556124,APPROVED,
postgres,1109,0,2026-08-28T15:54:49.148929+00:00,2026-08-28T15:54:49.155977+00:00,7.029578002402559,APPROVED,
voltdb,1109,0,2026-08-28T15:54:49.156109+00:00,2026-08-28T15:54:49.178485+00:00,22.366920005879365,APPROVED,
postgres,1111,0,2026-08-28T15:54:49.178618+00:00,2026-08-28T15:54:49.184292+00:00,5.658405993017368,APPROVED,
voltdb,1111,0,2026-08-28T15:54:49.184392+00:00,2026-08-28T15:54:49.216401+00:00,31.999155995436013,APPROVED,
postgres,1113,0,2026-08-28T15:54:49.216564+00:00,2026-08-28T15:54:49.223347+00:00,6.708716988214292,APPROVED,
voltdb,1113,0,2026-08-28T15:54:49.223543+00:00,2026-08-28T15:54:49.259296+00:00,35.73681099805981,APPROVED,
postgres,1115,0,2026-08-28T15:54:49.259405+00:00,2026-08-28T15:54:49.266019+00:00,6.598844993277453,APPROVED,
voltdb,1115,0,2026-08-28T15:54:49.266117+00:00,2026-08-28T15:54:49.286585+00:00,20.457065998925827,APPROVED,
postgres,1117,1,2026-08-28T15:54:49.286721+00:00,2026-08-28T15:54:49.295935+00:00,9.1918340040138,BLOCKED,
voltdb,1117,1,2026-08-28T15:54:49.296043+00:00,2026-08-28T15:54:49.323270+00:00,27.215430003707297,BLOCKED,
postgres,1118,0,2026-08-28T15:54:49.323424+00:00,2026-08-28T15:54:49.328189+00:00,4.750745996716432,APPROVED,
voltdb,1118,0,2026-08-28T15:54:49.328283+00:00,2026-08-28T15:54:49.351042+00:00,22.748395989765413,APPROVED,
postgres,1120,0,2026-08-28T15:54:49.351211+00:00,2026-08-28T15:54:49.359923+00:00,8.6410180083476,APPROVED,
voltdb,1120,0,2026-08-28T15:54:49.360061+00:00,2026-08-28T15:54:49.382837+00:00,22.72291699773632,APPROVED,
postgres,1122,0,2026-08-28T15:54:49.383097+00:00,2026-08-28T15:54:49.388449+00:00,5.332029992132448,APPROVED,
voltdb,1122,0,2026-08-28T15:54:49.388558+00:00,2026-08-28T15:54:49.412161+00:00,23.58968899352476,APPROVED,
postgres,1123,0,2026-08-28T15:54:49.412639+00:00,2026-08-28T15:54:49.417125+00:00,4.469391002203338,APPROVED,
voltdb,1123,0,2026-08-28T15:54:49.417203+00:00,2026-08-28T15:54:49.451212+00:00,33.99913999601267,APPROVED,
postgres,1124,0,2026-08-28T15:54:49.451365+00:00,2026-08-28T15:54:49.458601+00:00,7.221107007353567,APPROVED,
voltdb,1124,0,2026-08-28T15:54:49.458676+00:00,2026-08-28T15:54:49.478113+00:00,19.428940999205224,APPROVED,
postgres,1125,0,2026-08-28T15:54:49.478210+00:00,2026-08-28T15:54:49.481612+00:00,3.3909289923030883,APPROVED,
voltdb,1125,0,2026-08-28T15:54:49.481725+00:00,2026-08-28T15:54:49.505399+00:00,23.664228996494785,APPROVED,
postgres,1126,0,2026-08-28T15:54:49.505510+00:00,2026-08-28T15:54:49.510398+00:00,4.870787000982091,APPROVED,
voltdb,1126,0,2026-08-28T15:54:49.510600+00:00,2026-08-28T15:54:49.528474+00:00,17.858082996099256,APPROVED,
postgres,1127,0,2026-08-28T15:54:49.528621+00:00,2026-08-28T15:54:49.534640+00:00,6.000497989589348,APPROVED,
voltdb,1127,0,2026-08-28T15:54:49.534796+00:00,2026-08-28T15:54:49.563774+00:00,28.95455299585592,APPROVED,
postgres,1128,0,2026-08-28T15:54:49.563898+00:00,2026-08-28T15:54:49.568451+00:00,4.5405409910017624,APPROVED,
voltdb,1128,0,2026-08-28T15:54:49.568596+00:00,2026-08-28T15:54:49.588086+00:00,19.47338601166848,APPROVED,
postgres,1129,0,2026-08-28T15:54:49.588229+00:00,2026-08-28T15:54:49.594579+00:00,6.329921990982257,APPROVED,
voltdb,1129,0,2026-08-28T15:54:49.594692+00:00,2026-08-28T15:54:49.617258+00:00,22.555214003659785,APPROVED,
postgres,1131,0,2026-08-28T15:54:49.617373+00:00,2026-08-28T15:54:49.623563+00:00,6.176936003612354,APPROVED,
voltdb,1131,0,2026-08-28T15:54:49.623691+00:00,2026-08-28T15:54:49.644155+00:00,20.448829003726132,APPROVED,
postgres,1134,0,2026-08-28T15:54:49.644274+00:00,2026-08-28T15:54:49.649021+00:00,4.729762993520126,APPROVED,
voltdb,1134,0,2026-08-28T15:54:49.649234+00:00,2026-08-28T15:54:49.669282+00:00,20.031058986205608,APPROVED,
postgres,1135,0,2026-08-28T15:54:49.669376+00:00,2026-08-28T15:54:49.675441+00:00,6.0530170012498274,APPROVED,
voltdb,1135,0,2026-08-28T15:54:49.675599+00:00,2026-08-28T15:54:49.696060+00:00,20.367633987916633,APPROVED,
postgres,1136,0,2026-08-28T15:54:49.696508+00:00,2026-08-28T15:54:49.702930+00:00,6.290514997090213,APPROVED,
voltdb,1136,0,2026-08-28T15:54:49.703038+00:00,2026-08-28T15:54:49.752030+00:00,48.978150996845216,APPROVED,
postgres,1137,0,2026-08-28T15:54:49.752163+00:00,2026-08-28T15:54:49.759508+00:00,7.3319429939147085,APPROVED,
voltdb,1137,0,2026-08-28T15:54:49.759624+00:00,2026-08-28T15:54:49.780485+00:00,20.846414001425728,APPROVED,
postgres,1138,0,2026-08-28T15:54:49.780698+00:00,2026-08-28T15:54:49.785139+00:00,4.424710990861058,APPROVED,
voltdb,1138,0,2026-08-28T15:54:49.785212+00:00,2026-08-28T15:54:49.811607+00:00,26.38692299660761,APPROVED,
postgres,1142,0,2026-08-28T15:54:49.811745+00:00,2026-08-28T15:54:49.817422+00:00,5.65866100077983,APPROVED,
voltdb,1142,0,2026-08-28T15:54:49.817501+00:00,2026-08-28T15:54:49.846001+00:00,28.489625998190604,APPROVED,
postgres,1144,0,2026-08-28T15:54:49.846152+00:00,2026-08-28T15:54:49.855126+00:00,8.945668989326805,APPROVED,
voltdb,1144,0,2026-08-28T15:54:49.855264+00:00,2026-08-28T15:54:49.897169+00:00,41.88973399868701,APPROVED,
postgres,1146,0,2026-08-28T15:54:49.897311+00:00,2026-08-28T15:54:49.906725+00:00,9.387261001393199,APPROVED,
voltdb,1146,0,2026-08-28T15:54:49.906830+00:00,2026-08-28T15:54:49.930752+00:00,23.910900999908336,APPROVED,
postgres,1148,0,2026-08-28T15:54:49.930885+00:00,2026-08-28T15:54:49.947735+00:00,16.831519998959266,APPROVED,
voltdb,1148,0,2026-08-28T15:54:49.947838+00:00,2026-08-28T15:54:49.976859+00:00,29.00932199554518,APPROVED,
postgres,1151,0,2026-08-28T15:54:49.977162+00:00,2026-08-28T15:54:49.986769+00:00,9.575406002113596,APPROVED,
voltdb,1151,0,2026-08-28T15:54:49.987013+00:00,2026-08-28T15:54:50.044666+00:00,57.636623008875176,APPROVED,
postgres,1153,0,2026-08-28T15:54:50.044783+00:00,2026-08-28T15:54:50.052998+00:00,8.20029599708505,APPROVED,
voltdb,1153,0,2026-08-28T15:54:50.053140+00:00,2026-08-28T15:54:50.094340+00:00,41.18068401294295,APPROVED,
postgres,1154,0,2026-08-28T15:54:50.094472+00:00,2026-08-28T15:54:50.101870+00:00,7.3753239994402975,APPROVED,
voltdb,1154,0,2026-08-28T15:54:50.102119+00:00,2026-08-28T15:54:50.129268+00:00,27.128245012136176,APPROVED,
postgres,1157,0,2026-08-28T15:54:50.129546+00:00,2026-08-28T15:54:50.136847+00:00,7.279255005414598,REVIEW,
voltdb,1157,0,2026-08-28T15:54:50.136930+00:00,2026-08-28T15:54:50.172031+00:00,35.090393997961655,REVIEW,
postgres,1158,0,2026-08-28T15:54:50.172400+00:00,2026-08-28T15:54:50.178089+00:00,5.665349002811126,APPROVED,
voltdb,1158,0,2026-08-28T15:54:50.178223+00:00,2026-08-28T15:54:50.204413+00:00,26.152284001000226,APPROVED,
postgres,1159,0,2026-08-28T15:54:50.204729+00:00,2026-08-28T15:54:50.211968+00:00,7.216829006210901,APPROVED,
voltdb,1159,0,2026-08-28T15:54:50.212203+00:00,2026-08-28T15:54:50.243780+00:00,31.557331007206813,APPROVED,
postgres,1160,0,2026-08-28T15:54:50.243931+00:00,2026-08-28T15:54:50.251372+00:00,7.425527001032606,APPROVED,
voltdb,1160,0,2026-08-28T15:54:50.251488+00:00,2026-08-28T15:54:50.292436+00:00,40.931088995421305,APPROVED,
postgres,1161,0,2026-08-28T15:54:50.292525+00:00,2026-08-28T15:54:50.298058+00:00,5.520727005205117,APPROVED,
voltdb,1161,0,2026-08-28T15:54:50.298156+00:00,2026-08-28T15:54:50.327479+00:00,29.311040008906275,APPROVED,
postgres,1162,0,2026-08-28T15:54:50.327617+00:00,2026-08-28T15:54:50.333864+00:00,6.18347100680694,APPROVED,
voltdb,1162,0,2026-08-28T15:54:50.334503+00:00,2026-08-28T15:54:50.361711+00:00,27.18028301023878,APPROVED,
postgres,1164,0,2026-08-28T15:54:50.361907+00:00,2026-08-28T15:54:50.369342+00:00,7.4103519873460755,APPROVED,
voltdb,1164,0,2026-08-28T15:54:50.369496+00:00,2026-08-28T15:54:50.397242+00:00,27.727867010980844,APPROVED,
postgres,1165,0,2026-08-28T15:54:50.397372+00:00,2026-08-28T15:54:50.406198+00:00,8.81099799880758,APPROVED,
voltdb,1165,0,2026-08-28T15:54:50.406360+00:00,2026-08-28T15:54:50.430603+00:00,24.21377999417018,APPROVED,
postgres,1166,0,2026-08-28T15:54:50.430746+00:00,2026-08-28T15:54:50.441245+00:00,10.487011008081026,APPROVED,
voltdb,1166,0,2026-08-28T15:54:50.441326+00:00,2026-08-28T15:54:50.473758+00:00,32.422238000435755,APPROVED,
postgres,1168,0,2026-08-28T15:54:50.473952+00:00,2026-08-28T15:54:50.480095+00:00,6.128034001449123,APPROVED,
voltdb,1168,0,2026-08-28T15:54:50.480174+00:00,2026-08-28T15:54:50.509093+00:00,28.855942000518553,APPROVED,
postgres,1171,0,2026-08-28T15:54:50.509326+00:00,2026-08-28T15:54:50.516166+00:00,6.823563002399169,APPROVED,
voltdb,1171,0,2026-08-28T15:54:50.516246+00:00,2026-08-28T15:54:50.542688+00:00,26.43045099102892,APPROVED,
postgres,1172,1,2026-08-28T15:54:50.543138+00:00,2026-08-28T15:54:50.549132+00:00,5.971411010250449,REVIEW,
voltdb,1172,1,2026-08-28T15:54:50.549454+00:00,2026-08-28T15:54:50.581429+00:00,31.95579000748694,REVIEW,
postgres,1173,0,2026-08-28T15:54:50.581708+00:00,2026-08-28T15:54:50.586946+00:00,5.214382996200584,APPROVED,
voltdb,1173,0,2026-08-28T15:54:50.587064+00:00,2026-08-28T15:54:50.624958+00:00,37.880315008806065,APPROVED,
postgres,1175,0,2026-08-28T15:54:50.625234+00:00,2026-08-28T15:54:50.636902+00:00,11.640205004368909,APPROVED,
voltdb,1175,0,2026-08-28T15:54:50.637265+00:00,2026-08-28T15:54:50.664499+00:00,27.211580003495328,APPROVED,
postgres,1177,0,2026-08-28T15:54:50.665503+00:00,2026-08-28T15:54:50.672921+00:00,7.376018998911604,APPROVED,
voltdb,1177,0,2026-08-28T15:54:50.672983+00:00,2026-08-28T15:54:50.711781+00:00,38.78884499135893,APPROVED,
postgres,1178,0,2026-08-28T15:54:50.711931+00:00,2026-08-28T15:54:50.721416+00:00,9.465851995628327,APPROVED,
voltdb,1178,0,2026-08-28T15:54:50.721533+00:00,2026-08-28T15:54:50.777981+00:00,56.43478799902368,APPROVED,
postgres,1179,0,2026-08-28T15:54:50.778093+00:00,2026-08-28T15:54:50.791672+00:00,13.564544002292678,APPROVED,
voltdb,1179,0,2026-08-28T15:54:50.791801+00:00,2026-08-28T15:54:50.825283+00:00,33.47048399155028,APPROVED,
postgres,1181,0,2026-08-28T15:54:50.825524+00:00,2026-08-28T15:54:50.834663+00:00,9.11704900499899,APPROVED,
voltdb,1181,0,2026-08-28T15:54:50.834794+00:00,2026-08-28T15:54:50.867016+00:00,32.20351299387403,APPROVED,
postgres,1182,0,2026-08-28T15:54:50.867249+00:00,2026-08-28T15:54:50.874030+00:00,6.763259996660054,APPROVED,
voltdb,1182,0,2026-08-28T15:54:50.874195+00:00,2026-08-28T15:54:50.909551+00:00,35.33859600429423,APPROVED,
postgres,1183,0,2026-08-28T15:54:50.909703+00:00,2026-08-28T15:54:50.914744+00:00,5.024065001634881,APPROVED,
voltdb,1183,0,2026-08-28T15:54:50.914950+00:00,2026-08-28T15:54:50.934718+00:00,19.750273000681773,APPROVED,
postgres,1185,0,2026-08-28T15:54:50.934868+00:00,2026-08-28T15:54:50.945542+00:00,10.58541600650642,APPROVED,
voltdb,1185,0,2026-08-28T15:54:50.945734+00:00,2026-08-28T15:54:50.966088+00:00,20.339327995316125,APPROVED,
postgres,1186,0,2026-08-28T15:54:50.966229+00:00,2026-08-28T15:54:50.974314+00:00,8.07101299869828,APPROVED,
voltdb,1186,0,2026-08-28T15:54:50.974406+00:00,2026-08-28T15:54:51.125725+00:00,151.30769299867097,APPROVED,
postgres,1187,0,2026-08-28T15:54:51.125864+00:00,2026-08-28T15:54:51.135347+00:00,9.464364004088566,APPROVED,
voltdb,1187,0,2026-08-28T15:54:51.135464+00:00,2026-08-28T15:54:51.157891+00:00,22.412142003304325,APPROVED,
postgres,1188,0,2026-08-28T15:54:51.158366+00:00,2026-08-28T15:54:51.164135+00:00,5.753545992774889,APPROVED,
voltdb,1188,0,2026-08-28T15:54:51.164242+00:00,2026-08-28T15:54:51.182996+00:00,18.745138993836008,APPROVED,
postgres,1191,0,2026-08-28T15:54:51.183183+00:00,2026-08-28T15:54:51.186145+00:00,2.948239998659119,APPROVED,
voltdb,1191,0,2026-08-28T15:54:51.186225+00:00,2026-08-28T15:54:51.208594+00:00,22.359760987455957,APPROVED,
postgres,1192,0,2026-08-28T15:54:51.208752+00:00,2026-08-28T15:54:51.213775+00:00,5.010530992876738,APPROVED,
voltdb,1192,0,2026-08-28T15:54:51.214005+00:00,2026-08-28T15:54:51.235414+00:00,21.395269999629818,APPROVED,
postgres,1193,0,2026-08-28T15:54:51.235578+00:00,2026-08-28T15:54:51.244629+00:00,9.034957009134814,APPROVED,
voltdb,1193,0,2026-08-28T15:54:51.245262+00:00,2026-08-28T15:54:51.270241+00:00,24.95033100422006,APPROVED,
postgres,1194,0,2026-08-28T15:54:51.270427+00:00,2026-08-28T15:54:51.281193+00:00,10.74649799556937,APPROVED,
voltdb,1194,0,2026-08-28T15:54:51.281294+00:00,2026-08-28T15:54:51.309243+00:00,27.938903993344866,APPROVED,
postgres,1195,0,2026-08-28T15:54:51.309418+00:00,2026-08-28T15:54:51.316626+00:00,7.192450997536071,APPROVED,
voltdb,1195,0,2026-08-28T15:54:51.316706+00:00,2026-08-28T15:54:51.338770+00:00,22.052131011150777,APPROVED,
postgres,1197,0,2026-08-28T15:54:51.339056+00:00,2026-08-28T15:54:51.346316+00:00,7.027202998870052,APPROVED,
voltdb,1197,0,2026-08-28T15:54:51.346406+00:00,2026-08-28T15:54:51.366621+00:00,20.20528999855742,APPROVED,
postgres,1198,0,2026-08-28T15:54:51.366725+00:00,2026-08-28T15:54:51.372711+00:00,5.969281002762727,REVIEW,
voltdb,1198,0,2026-08-28T15:54:51.372817+00:00,2026-08-28T15:54:51.396732+00:00,23.902500994154252,REVIEW,
postgres,1199,0,2026-08-28T15:54:51.396847+00:00,2026-08-28T15:54:51.400903+00:00,4.045709007186815,APPROVED,
voltdb,1199,0,2026-08-28T15:54:51.401076+00:00,2026-08-28T15:54:51.428615+00:00,27.52301598957274,APPROVED,
postgres,1200,0,2026-08-28T15:54:51.428712+00:00,2026-08-28T15:54:51.432748+00:00,4.024737005238421,APPROVED,
voltdb,1200,0,2026-08-28T15:54:51.432862+00:00,2026-08-28T15:54:51.455147+00:00,22.27524999761954,APPROVED,
postgres,1201,0,2026-08-28T15:54:51.455493+00:00,2026-08-28T15:54:51.461257+00:00,5.317285002092831,APPROVED,
voltdb,1201,0,2026-08-28T15:54:51.461344+00:00,2026-08-28T15:54:51.481339+00:00,19.978563010226935,APPROVED,
postgres,1202,0,2026-08-28T15:54:51.481454+00:00,2026-08-28T15:54:51.485470+00:00,4.002956993645057,APPROVED,
voltdb,1202,0,2026-08-28T15:54:51.485540+00:00,2026-08-28T15:54:51.513025+00:00,27.475761002278887,APPROVED,
postgres,1203,0,2026-08-28T15:54:51.513233+00:00,2026-08-28T15:54:51.518543+00:00,5.296460003592074,APPROVED,
voltdb,1203,0,2026-08-28T15:54:51.518613+00:00,2026-08-28T15:54:51.534910+00:00,16.286594996927306,APPROVED,
postgres,1204,0,2026-08-28T15:54:51.535096+00:00,2026-08-28T15:54:51.540530+00:00,5.41931799671147,APPROVED,
voltdb,1204,0,2026-08-28T15:54:51.540613+00:00,2026-08-28T15:54:51.560734+00:00,20.111056001042016,APPROVED,
postgres,1205,0,2026-08-28T15:54:51.560979+00:00,2026-08-28T15:54:51.563942+00:00,2.9483389953384176,APPROVED,
voltdb,1205,0,2026-08-28T15:54:51.564018+00:00,2026-08-28T15:54:51.579434+00:00,15.40752500295639,APPROVED,
postgres,1206,0,2026-08-28T15:54:51.579493+00:00,2026-08-28T15:54:51.583123+00:00,3.6227640084689483,APPROVED,
voltdb,1206,0,2026-08-28T15:54:51.583210+00:00,2026-08-28T15:54:51.599839+00:00,16.619866000837646,APPROVED,
postgres,1207,0,2026-08-28T15:54:51.600063+00:00,2026-08-28T15:54:51.604371+00:00,4.293423000490293,APPROVED,
voltdb,1207,0,2026-08-28T15:54:51.604446+00:00,2026-08-28T15:54:51.623204+00:00,18.748819013126194,APPROVED,
postgres,1208,0,2026-08-28T15:54:51.623296+00:00,2026-08-28T15:54:51.626163+00:00,2.8580450016306713,APPROVED,
voltdb,1208,0,2026-08-28T15:54:51.626228+00:00,2026-08-28T15:54:51.642336+00:00,16.092584002763033,APPROVED,
postgres,1209,0,2026-08-28T15:54:51.642563+00:00,2026-08-28T15:54:51.646595+00:00,4.017269995529205,REVIEW,
voltdb,1209,0,2026-08-28T15:54:51.646663+00:00,2026-08-28T15:54:51.667199+00:00,20.52787400316447,REVIEW,
postgres,1210,0,2026-08-28T15:54:51.667307+00:00,2026-08-28T15:54:51.671058+00:00,3.7413090030895546,REVIEW,
voltdb,1210,0,2026-08-28T15:54:51.671159+00:00,2026-08-28T15:54:51.691049+00:00,19.870918986271136,REVIEW,
postgres,1211,0,2026-08-28T15:54:51.691178+00:00,2026-08-28T15:54:51.695239+00:00,4.047196998726577,APPROVED,
voltdb,1211,0,2026-08-28T15:54:51.695317+00:00,2026-08-28T15:54:51.711880+00:00,16.553556997678243,APPROVED,
postgres,1212,0,2026-08-28T15:54:51.712196+00:00,2026-08-28T15:54:51.717067+00:00,4.84161100757774,APPROVED,
voltdb,1212,0,2026-08-28T15:54:51.717143+00:00,2026-08-28T15:54:51.731272+00:00,14.119608997134492,APPROVED,
postgres,1213,0,2026-08-28T15:54:51.731397+00:00,2026-08-28T15:54:51.734660+00:00,3.2475780026288703,APPROVED,
voltdb,1213,0,2026-08-28T15:54:51.734731+00:00,2026-08-28T15:54:51.751761+00:00,17.020293002133258,APPROVED,
postgres,1214,1,2026-08-28T15:54:51.752012+00:00,2026-08-28T15:54:51.755234+00:00,3.203157990355976,BLOCKED,
voltdb,1214,1,2026-08-28T15:54:51.755316+00:00,2026-08-28T15:54:51.773018+00:00,17.692134992103092,BLOCKED,
postgres,1216,0,2026-08-28T15:54:51.773139+00:00,2026-08-28T15:54:51.776510+00:00,3.359050999279134,APPROVED,
voltdb,1216,0,2026-08-28T15:54:51.776587+00:00,2026-08-28T15:54:51.790769+00:00,14.17328100069426,APPROVED,
postgres,1217,0,2026-08-28T15:54:51.790879+00:00,2026-08-28T15:54:51.794176+00:00,3.1667689909227192,APPROVED,
voltdb,1217,0,2026-08-28T15:54:51.794246+00:00,2026-08-28T15:54:51.809099+00:00,14.843837008811533,APPROVED,
postgres,1218,0,2026-08-28T15:54:51.809323+00:00,2026-08-28T15:54:51.813042+00:00,3.7028380029369146,APPROVED,
voltdb,1218,0,2026-08-28T15:54:51.813115+00:00,2026-08-28T15:54:51.827058+00:00,13.934223010437563,APPROVED,
postgres,1219,1,2026-08-28T15:54:51.827162+00:00,2026-08-28T15:54:51.830624+00:00,3.4526239905972034,REVIEW,
voltdb,1219,1,2026-08-28T15:54:51.830695+00:00,2026-08-28T15:54:51.851978+00:00,21.273713995469734,REVIEW,
postgres,1220,0,2026-08-28T15:54:51.852144+00:00,2026-08-28T15:54:51.856233+00:00,4.072619994985871,APPROVED,
voltdb,1220,0,2026-08-28T15:54:51.856342+00:00,2026-08-28T15:54:51.869815+00:00,13.46163400739897,APPROVED,
postgres,1221,0,2026-08-28T15:54:51.869913+00:00,2026-08-28T15:54:51.873191+00:00,3.268429994932376,APPROVED,
voltdb,1221,0,2026-08-28T15:54:51.873272+00:00,2026-08-28T15:54:51.887234+00:00,13.953293004306033,APPROVED,
postgres,1222,0,2026-08-28T15:54:51.887344+00:00,2026-08-28T15:54:51.891731+00:00,4.371135000837967,APPROVED,
voltdb,1222,0,2026-08-28T15:54:51.892001+00:00,2026-08-28T15:54:51.907965+00:00,15.94811599352397,APPROVED,
postgres,1226,0,2026-08-28T15:54:51.908062+00:00,2026-08-28T15:54:51.911324+00:00,3.2536889921175316,APPROVED,
voltdb,1226,0,2026-08-28T15:54:51.911393+00:00,2026-08-28T15:54:51.925175+00:00,13.773664002656005,APPROVED,
postgres,1227,0,2026-08-28T15:54:51.925282+00:00,2026-08-28T15:54:51.928081+00:00,2.779627000563778,APPROVED,
voltdb,1227,0,2026-08-28T15:54:51.928214+00:00,2026-08-28T15:54:51.946737+00:00,18.504784995457157,APPROVED,
postgres,1228,0,2026-08-28T15:54:51.946855+00:00,2026-08-28T15:54:51.951369+00:00,4.459475996554829,APPROVED,
voltdb,1228,0,2026-08-28T15:54:51.951445+00:00,2026-08-28T15:54:51.966827+00:00,15.37237899901811,APPROVED,
postgres,1229,0,2026-08-28T15:54:51.967088+00:00,2026-08-28T15:54:51.972027+00:00,4.9220669898204505,APPROVED,
voltdb,1229,0,2026-08-28T15:54:51.972155+00:00,2026-08-28T15:54:51.989261+00:00,17.089804998249747,APPROVED,
postgres,1230,0,2026-08-28T15:54:51.989391+00:00,2026-08-28T15:54:51.993920+00:00,4.515587002970278,APPROVED,
voltdb,1230,0,2026-08-28T15:54:51.994000+00:00,2026-08-28T15:54:52.012668+00:00,18.65852199262008,APPROVED,
postgres,1231,0,2026-08-28T15:54:52.012768+00:00,2026-08-28T15:54:52.017313+00:00,4.533882995019667,APPROVED,
voltdb,1231,0,2026-08-28T15:54:52.017390+00:00,2026-08-28T15:54:52.033947+00:00,16.547613005968742,APPROVED,
postgres,1233,0,2026-08-28T15:54:52.034046+00:00,2026-08-28T15:54:52.038065+00:00,4.004315997008234,APPROVED,
voltdb,1233,0,2026-08-28T15:54:52.038264+00:00,2026-08-28T15:54:52.171336+00:00,133.04890700965188,APPROVED,
postgres,1234,0,2026-08-28T15:54:52.171477+00:00,2026-08-28T15:54:52.176040+00:00,4.552796002826653,APPROVED,
voltdb,1234,0,2026-08-28T15:54:52.176172+00:00,2026-08-28T15:54:52.192677+00:00,16.495320000103675,APPROVED,
postgres,1235,0,2026-08-28T15:54:52.192779+00:00,2026-08-28T15:54:52.198309+00:00,5.5189939885167405,APPROVED,
voltdb,1235,0,2026-08-28T15:54:52.198393+00:00,2026-08-28T15:54:52.216292+00:00,17.889677998027764,APPROVED,
postgres,1236,0,2026-08-28T15:54:52.216435+00:00,2026-08-28T15:54:52.220615+00:00,4.166243990766816,APPROVED,
voltdb,1236,0,2026-08-28T15:54:52.220691+00:00,2026-08-28T15:54:52.237539+00:00,16.838028997881338,APPROVED,
postgres,1237,0,2026-08-28T15:54:52.237654+00:00,2026-08-28T15:54:52.243171+00:00,5.4595419933320954,APPROVED,
voltdb,1237,0,2026-08-28T15:54:52.243336+00:00,2026-08-28T15:54:52.260585+00:00,17.224504990736023,APPROVED,
postgres,1239,0,2026-08-28T15:54:52.260678+00:00,2026-08-28T15:54:52.266490+00:00,5.801047009299509,APPROVED,
voltdb,1239,0,2026-08-28T15:54:52.266575+00:00,2026-08-28T15:54:52.285130+00:00,18.542055011494085,APPROVED,
postgres,1240,0,2026-08-28T15:54:52.285247+00:00,2026-08-28T15:54:52.290072+00:00,4.809395992197096,APPROVED,
voltdb,1240,0,2026-08-28T15:54:52.290152+00:00,2026-08-28T15:54:52.310052+00:00,19.889967996277846,APPROVED,
postgres,1241,0,2026-08-28T15:54:52.310183+00:00,2026-08-28T15:54:52.314221+00:00,4.0261380054289475,APPROVED,
voltdb,1241,0,2026-08-28T15:54:52.314305+00:00,2026-08-28T15:54:52.332573+00:00,18.25788700080011,APPROVED,
postgres,1242,0,2026-08-28T15:54:52.332718+00:00,2026-08-28T15:54:52.337300+00:00,4.567359006614424,APPROVED,
voltdb,1242,0,2026-08-28T15:54:52.337379+00:00,2026-08-28T15:54:52.355373+00:00,17.98460999270901,APPROVED,
postgres,1243,0,2026-08-28T15:54:52.355629+00:00,2026-08-28T15:54:52.360755+00:00,5.107163990032859,APPROVED,
voltdb,1243,0,2026-08-28T15:54:52.360829+00:00,2026-08-28T15:54:52.376450+00:00,15.612520001013763,APPROVED,
postgres,1244,0,2026-08-28T15:54:52.376552+00:00,2026-08-28T15:54:52.379421+00:00,2.860442007659003,APPROVED,
voltdb,1244,0,2026-08-28T15:54:52.379486+00:00,2026-08-28T15:54:52.393137+00:00,13.642305988469161,APPROVED,
postgres,1245,0,2026-08-28T15:54:52.393277+00:00,2026-08-28T15:54:52.397811+00:00,4.520579008385539,APPROVED,
voltdb,1245,0,2026-08-28T15:54:52.397983+00:00,2026-08-28T15:54:52.412694+00:00,14.693250006530434,APPROVED,
postgres,1246,0,2026-08-28T15:54:52.412800+00:00,2026-08-28T15:54:52.416036+00:00,3.2255270052701235,APPROVED,
voltdb,1246,0,2026-08-28T15:54:52.416110+00:00,2026-08-28T15:54:52.430618+00:00,14.499427998089232,APPROVED,
postgres,1248,0,2026-08-28T15:54:52.430731+00:00,2026-08-28T15:54:52.434465+00:00,3.722783992998302,APPROVED,
voltdb,1248,0,2026-08-28T15:54:52.434543+00:00,2026-08-28T15:54:52.451748+00:00,17.194911997648887,APPROVED,
postgres,1249,0,2026-08-28T15:54:52.452007+00:00,2026-08-28T15:54:52.456810+00:00,4.787966012372635,APPROVED,
voltdb,1249,0,2026-08-28T15:54:52.456956+00:00,2026-08-28T15:54:52.470981+00:00,14.014312997460365,APPROVED,
postgres,1250,0,2026-08-28T15:54:52.471159+00:00,2026-08-28T15:54:52.474912+00:00,3.64662500214763,APPROVED,
voltdb,1250,0,2026-08-28T15:54:52.475008+00:00,2026-08-28T15:54:52.490650+00:00,15.629826986696571,APPROVED,
postgres,1251,0,2026-08-28T15:54:52.490842+00:00,2026-08-28T15:54:52.494793+00:00,3.7394149985630065,APPROVED,
voltdb,1251,0,2026-08-28T15:54:52.494922+00:00,2026-08-28T15:54:52.509047+00:00,14.115254991338588,APPROVED,
postgres,1252,0,2026-08-28T15:54:52.509158+00:00,2026-08-28T15:54:52.512349+00:00,3.167528993799351,APPROVED,
voltdb,1252,0,2026-08-28T15:54:52.512422+00:00,2026-08-28T15:54:52.526330+00:00,13.898746998165734,APPROVED,
postgres,1255,0,2026-08-28T15:54:52.526430+00:00,2026-08-28T15:54:52.530466+00:00,4.025325994007289,REVIEW,
voltdb,1255,0,2026-08-28T15:54:52.530543+00:00,2026-08-28T15:54:52.549933+00:00,19.379028992261738,REVIEW,
postgres,1256,0,2026-08-28T15:54:52.550089+00:00,2026-08-28T15:54:52.553432+00:00,3.329043000121601,APPROVED,
voltdb,1256,0,2026-08-28T15:54:52.553511+00:00,2026-08-28T15:54:52.567169+00:00,13.648143998580053,APPROVED,
postgres,1257,0,2026-08-28T15:54:52.567266+00:00,2026-08-28T15:54:52.571380+00:00,4.101960003026761,APPROVED,
voltdb,1257,0,2026-08-28T15:54:52.571466+00:00,2026-08-28T15:54:52.585450+00:00,13.974230008898303,APPROVED,
postgres,1258,0,2026-08-28T15:54:52.585549+00:00,2026-08-28T15:54:52.588706+00:00,3.1458849989576265,APPROVED,
voltdb,1258,0,2026-08-28T15:54:52.588780+00:00,2026-08-28T15:54:52.605150+00:00,16.361016998416744,APPROVED,
postgres,1259,0,2026-08-28T15:54:52.605279+00:00,2026-08-28T15:54:52.608789+00:00,3.497006997349672,APPROVED,
voltdb,1259,0,2026-08-28T15:54:52.609056+00:00,2026-08-28T15:54:52.623347+00:00,14.275535999331623,APPROVED,
postgres,1260,0,2026-08-28T15:54:52.623516+00:00,2026-08-28T15:54:52.627022+00:00,3.4872719988925382,APPROVED,
voltdb,1260,0,2026-08-28T15:54:52.627096+00:00,2026-08-28T15:54:52.641496+00:00,14.390599011676386,APPROVED,
postgres,1261,1,2026-08-28T15:54:52.641604+00:00,2026-08-28T15:54:52.646214+00:00,4.598006999003701,BLOCKED,
voltdb,1261,1,2026-08-28T15:54:52.646290+00:00,2026-08-28T15:54:52.665955+00:00,19.656611999380402,BLOCKED,
postgres,1262,0,2026-08-28T15:54:52.666150+00:00,2026-08-28T15:54:52.669506+00:00,3.3412670018151402,APPROVED,
voltdb,1262,0,2026-08-28T15:54:52.669581+00:00,2026-08-28T15:54:52.683463+00:00,13.872891999199055,APPROVED,
postgres,1265,0,2026-08-28T15:54:52.683560+00:00,2026-08-28T15:54:52.686445+00:00,2.875534992199391,APPROVED,
voltdb,1265,0,2026-08-28T15:54:52.686514+00:00,2026-08-28T15:54:52.700531+00:00,14.008092999574728,APPROVED,
postgres,1266,0,2026-08-28T15:54:52.700633+00:00,2026-08-28T15:54:52.704750+00:00,4.102495004190132,APPROVED,
voltdb,1266,0,2026-08-28T15:54:52.704855+00:00,2026-08-28T15:54:52.719521+00:00,14.653024001745507,APPROVED,
postgres,1267,0,2026-08-28T15:54:52.719621+00:00,2026-08-28T15:54:52.722474+00:00,2.8425589989637956,APPROVED,
voltdb,1267,0,2026-08-28T15:54:52.722572+00:00,2026-08-28T15:54:52.736590+00:00,13.99551800568588,APPROVED,
postgres,1269,0,2026-08-28T15:54:52.736716+00:00,2026-08-28T15:54:52.740039+00:00,3.3110189979197457,APPROVED,
voltdb,1269,0,2026-08-28T15:54:52.740110+00:00,2026-08-28T15:54:52.754543+00:00,14.4242230016971,APPROVED,
postgres,1270,0,2026-08-28T15:54:52.754643+00:00,2026-08-28T15:54:52.758564+00:00,3.9111349906306714,APPROVED,
voltdb,1270,0,2026-08-28T15:54:52.758628+00:00,2026-08-28T15:54:52.771691+00:00,13.054451992502436,APPROVED,
postgres,1271,0,2026-08-28T15:54:52.771805+00:00,2026-08-28T15:54:52.774987+00:00,3.171898002619855,APPROVED,
voltdb,1271,0,2026-08-28T15:54:52.775053+00:00,2026-08-28T15:54:52.790388+00:00,15.325525004300289,APPROVED,
postgres,1272,0,2026-08-28T15:54:52.790632+00:00,2026-08-28T15:54:52.795256+00:00,4.609120995155536,APPROVED,
voltdb,1272,0,2026-08-28T15:54:52.795346+00:00,2026-08-28T15:54:52.811232+00:00,15.874773991527036,APPROVED,
postgres,1273,0,2026-08-28T15:54:52.811323+00:00,2026-08-28T15:54:52.814236+00:00,2.90454899368342,APPROVED,
voltdb,1273,0,2026-08-28T15:54:52.814302+00:00,2026-08-28T15:54:52.827810+00:00,13.499604989192449,APPROVED,
postgres,1274,0,2026-08-28T15:54:52.827906+00:00,2026-08-28T15:54:52.831492+00:00,3.5776669974438846,APPROVED,
voltdb,1274,0,2026-08-28T15:54:52.831560+00:00,2026-08-28T15:54:52.845757+00:00,14.187972992658615,APPROVED,
postgres,1275,0,2026-08-28T15:54:52.845996+00:00,2026-08-28T15:54:52.849732+00:00,3.7216149939922616,REVIEW,
voltdb,1275,0,2026-08-28T15:54:52.849833+00:00,2026-08-28T15:54:52.866328+00:00,16.409878997365013,REVIEW,
postgres,1278,0,2026-08-28T15:54:52.866422+00:00,2026-08-28T15:54:52.869255+00:00,2.823482995154336,APPROVED,
voltdb,1278,0,2026-08-28T15:54:52.869330+00:00,2026-08-28T15:54:52.882455+00:00,13.114782006596215,APPROVED,
postgres,1279,0,2026-08-28T15:54:52.882558+00:00,2026-08-28T15:54:52.885855+00:00,3.28716600779444,APPROVED,
voltdb,1279,0,2026-08-28T15:54:52.885922+00:00,2026-08-28T15:54:52.900581+00:00,14.650639001047239,APPROVED,
postgres,1280,0,2026-08-28T15:54:52.900675+00:00,2026-08-28T15:54:52.904491+00:00,3.8054700125940144,APPROVED,
voltdb,1280,0,2026-08-28T15:54:52.904633+00:00,2026-08-28T15:54:52.917849+00:00,13.202220987295732,APPROVED,
postgres,1281,0,2026-08-28T15:54:52.918047+00:00,2026-08-28T15:54:52.920664+00:00,2.6028130087070167,APPROVED,
voltdb,1281,0,2026-08-28T15:54:52.920738+00:00,2026-08-28T15:54:52.934155+00:00,13.40914799948223,APPROVED,
postgres,1282,0,2026-08-28T15:54:52.934313+00:00,2026-08-28T15:54:52.941617+00:00,7.287038009962998,REVIEW,
voltdb,1282,0,2026-08-28T15:54:52.941700+00:00,2026-08-28T15:54:52.959982+00:00,18.271020002430305,REVIEW,
postgres,1284,0,2026-08-28T15:54:52.960089+00:00,2026-08-28T15:54:52.963937+00:00,3.8369770045392215,APPROVED,
voltdb,1284,0,2026-08-28T15:54:52.964021+00:00,2026-08-28T15:54:52.977305+00:00,13.27512699936051,APPROVED,
postgres,1286,0,2026-08-28T15:54:52.977406+00:00,2026-08-28T15:54:52.980060+00:00,2.6448889984749258,APPROVED,
voltdb,1286,0,2026-08-28T15:54:52.980126+00:00,2026-08-28T15:54:52.994569+00:00,14.433626987738535,APPROVED,
postgres,1288,0,2026-08-28T15:54:52.994678+00:00,2026-08-28T15:54:52.998659+00:00,3.972006990807131,APPROVED,
voltdb,1288,0,2026-08-28T15:54:52.998728+00:00,2026-08-28T15:54:53.013180+00:00,14.443795997067355,APPROVED,
postgres,1289,0,2026-08-28T15:54:53.013285+00:00,2026-08-28T15:54:53.016260+00:00,2.9623120062751696,APPROVED,
voltdb,1289,0,2026-08-28T15:54:53.016363+00:00,2026-08-28T15:54:53.030005+00:00,13.596415999927558,APPROVED,
postgres,1290,1,2026-08-28T15:54:53.030099+00:00,2026-08-28T15:54:53.033549+00:00,3.4382989979349077,REVIEW,
voltdb,1290,1,2026-08-28T15:54:53.033622+00:00,2026-08-28T15:54:53.055121+00:00,21.49051999731455,REVIEW,
postgres,1292,0,2026-08-28T15:54:53.055248+00:00,2026-08-28T15:54:53.058538+00:00,3.2762530026957393,APPROVED,
voltdb,1292,0,2026-08-28T15:54:53.058606+00:00,2026-08-28T15:54:53.072291+00:00,13.675334004801698,APPROVED,
postgres,1293,0,2026-08-28T15:54:53.072410+00:00,2026-08-28T15:54:53.076262+00:00,3.8385640073101968,APPROVED,
voltdb,1293,0,2026-08-28T15:54:53.076338+00:00,2026-08-28T15:54:53.091076+00:00,14.728371999808587,APPROVED,
postgres,1294,0,2026-08-28T15:54:53.091185+00:00,2026-08-28T15:54:53.095929+00:00,4.73284900363069,REVIEW,
voltdb,1294,0,2026-08-28T15:54:53.096018+00:00,2026-08-28T15:54:53.114041+00:00,18.014226996456273,REVIEW,
postgres,1295,0,2026-08-28T15:54:53.114130+00:00,2026-08-28T15:54:53.118455+00:00,4.314449004596099,APPROVED,
voltdb,1295,0,2026-08-28T15:54:53.118530+00:00,2026-08-28T15:54:53.132221+00:00,13.682428994798101,APPROVED,
postgres,1296,0,2026-08-28T15:54:53.132339+00:00,2026-08-28T15:54:53.135267+00:00,2.913973992690444,APPROVED,
voltdb,1296,0,2026-08-28T15:54:53.135355+00:00,2026-08-28T15:54:53.152227+00:00,16.8613279965939,APPROVED,
postgres,1298,0,2026-08-28T15:54:53.152336+00:00,2026-08-28T15:54:53.155706+00:00,3.3588740043342113,APPROVED,
voltdb,1298,0,2026-08-28T15:54:53.156017+00:00,2026-08-28T15:54:53.169658+00:00,13.624130995594896,APPROVED,
postgres,1299,0,2026-08-28T15:54:53.169790+00:00,2026-08-28T15:54:53.173262+00:00,3.4583289962029085,APPROVED,
voltdb,1299,0,2026-08-28T15:54:53.173336+00:00,2026-08-28T15:54:53.187410+00:00,14.064732997212559,APPROVED,
postgres,1300,1,2026-08-28T15:54:53.187522+00:00,2026-08-28T15:54:53.192608+00:00,5.072583997389302,BLOCKED,
voltdb,1300,1,2026-08-28T15:54:53.192683+00:00,2026-08-28T15:54:53.213784+00:00,21.092248003697023,BLOCKED,
postgres,1301,0,2026-08-28T15:54:53.213946+00:00,2026-08-28T15:54:53.217058+00:00,3.0985800112830475,APPROVED,
voltdb,1301,0,2026-08-28T15:54:53.217139+00:00,2026-08-28T15:54:53.229987+00:00,12.837939997552894,APPROVED,
postgres,1302,0,2026-08-28T15:54:53.230094+00:00,2026-08-28T15:54:53.233245+00:00,3.1388240022351965,APPROVED,
voltdb,1302,0,2026-08-28T15:54:53.233322+00:00,2026-08-28T15:54:53.250818+00:00,17.487306002294645,APPROVED,
postgres,1303,0,2026-08-28T15:54:53.250926+00:00,2026-08-28T15:54:53.255573+00:00,4.545784991933033,APPROVED,
voltdb,1303,0,2026-08-28T15:54:53.255673+00:00,2026-08-28T15:54:53.270371+00:00,14.689817995531484,APPROVED,
postgres,1307,0,2026-08-28T15:54:53.270504+00:00,2026-08-28T15:54:53.273689+00:00,3.0962129967520013,APPROVED,
voltdb,1307,0,2026-08-28T15:54:53.273761+00:00,2026-08-28T15:54:53.287701+00:00,13.931545996456407,APPROVED,
postgres,1308,0,2026-08-28T15:54:53.287818+00:00,2026-08-28T15:54:53.292545+00:00,4.7136429930105805,APPROVED,
voltdb,1308,0,2026-08-28T15:54:53.292624+00:00,2026-08-28T15:54:53.310096+00:00,17.46103299956303,APPROVED,
postgres,1309,0,2026-08-28T15:54:53.310188+00:00,2026-08-28T15:54:53.314517+00:00,4.317801998695359,APPROVED,
voltdb,1309,0,2026-08-28T15:54:53.314592+00:00,2026-08-28T15:54:53.338869+00:00,24.26869500777684,APPROVED,
postgres,1311,0,2026-08-28T15:54:53.339111+00:00,2026-08-28T15:54:53.345039+00:00,5.9070740098832175,APPROVED,
voltdb,1311,0,2026-08-28T15:54:53.345125+00:00,2026-08-28T15:54:53.361324+00:00,16.18898600281682,APPROVED,
postgres,1312,0,2026-08-28T15:54:53.361445+00:00,2026-08-28T15:54:53.365774+00:00,4.319500003475696,APPROVED,
voltdb,1312,0,2026-08-28T15:54:53.365844+00:00,2026-08-28T15:54:53.379668+00:00,13.815685990266502,APPROVED,
postgres,1313,0,2026-08-28T15:54:53.379806+00:00,2026-08-28T15:54:53.383411+00:00,3.590524007449858,APPROVED,
voltdb,1313,0,2026-08-28T15:54:53.383521+00:00,2026-08-28T15:54:53.401290+00:00,17.756568006007,APPROVED,
postgres,1314,0,2026-08-28T15:54:53.401385+00:00,2026-08-28T15:54:53.405542+00:00,4.147697996813804,APPROVED,
voltdb,1314,0,2026-08-28T15:54:53.405609+00:00,2026-08-28T15:54:53.419217+00:00,13.599330995930359,APPROVED,
postgres,1315,0,2026-08-28T15:54:53.419320+00:00,2026-08-28T15:54:53.423225+00:00,3.892224995070137,APPROVED,
voltdb,1315,0,2026-08-28T15:54:53.423371+00:00,2026-08-28T15:54:53.437751+00:00,14.367138996021822,APPROVED,
postgres,1317,0,2026-08-28T15:54:53.438051+00:00,2026-08-28T15:54:53.441305+00:00,3.238142002373934,APPROVED,
voltdb,1317,0,2026-08-28T15:54:53.441372+00:00,2026-08-28T15:54:53.460485+00:00,19.10485400003381,APPROVED,
postgres,1318,0,2026-08-28T15:54:53.460576+00:00,2026-08-28T15:54:53.465097+00:00,4.5116999972378835,APPROVED,
voltdb,1318,0,2026-08-28T15:54:53.465167+00:00,2026-08-28T15:54:53.478349+00:00,13.173732004361227,APPROVED,
postgres,1320,0,2026-08-28T15:54:53.478499+00:00,2026-08-28T15:54:53.483370+00:00,4.857018007896841,APPROVED,
voltdb,1320,0,2026-08-28T15:54:53.483535+00:00,2026-08-28T15:54:53.509969+00:00,26.408560006530024,APPROVED,
postgres,1321,0,2026-08-28T15:54:53.510304+00:00,2026-08-28T15:54:53.521704+00:00,11.370003994670697,APPROVED,
voltdb,1321,0,2026-08-28T15:54:53.521987+00:00,2026-08-28T15:54:53.564270+00:00,42.25766200397629,APPROVED,
postgres,1322,0,2026-08-28T15:54:53.564449+00:00,2026-08-28T15:54:53.575345+00:00,10.875692998524755,APPROVED,
voltdb,1322,0,2026-08-28T15:54:53.575564+00:00,2026-08-28T15:54:53.607653+00:00,32.05330899800174,APPROVED,
postgres,1323,0,2026-08-28T15:54:53.607875+00:00,2026-08-28T15:54:53.621316+00:00,13.420637013041414,APPROVED,
voltdb,1323,0,2026-08-28T15:54:53.621546+00:00,2026-08-28T15:54:53.648218+00:00,26.644017998478375,APPROVED,
postgres,1324,0,2026-08-28T15:54:53.648416+00:00,2026-08-28T15:54:53.654360+00:00,5.926678000832908,APPROVED,
voltdb,1324,0,2026-08-28T15:54:53.654470+00:00,2026-08-28T15:54:53.671966+00:00,17.482881987234578,APPROVED,
postgres,1325,0,2026-08-28T15:54:53.672146+00:00,2026-08-28T15:54:53.678056+00:00,5.894988004001789,APPROVED,
voltdb,1325,0,2026-08-28T15:54:53.678193+00:00,2026-08-28T15:54:53.698772+00:00,20.566218998283148,APPROVED,
postgres,1328,0,2026-08-28T15:54:53.698963+00:00,2026-08-28T15:54:53.703099+00:00,4.124622995732352,APPROVED,
voltdb,1328,0,2026-08-28T15:54:53.703368+00:00,2026-08-28T15:54:53.719016+00:00,15.633115006494336,APPROVED,
postgres,1329,0,2026-08-28T15:54:53.719075+00:00,2026-08-28T15:54:53.722159+00:00,3.0302140075946227,APPROVED,
voltdb,1329,0,2026-08-28T15:54:53.722321+00:00,2026-08-28T15:54:53.735790+00:00,13.452606988721527,APPROVED,
postgres,1330,0,2026-08-28T15:54:53.736054+00:00,2026-08-28T15:54:53.739945+00:00,3.8704409962520003,APPROVED,
voltdb,1330,0,2026-08-28T15:54:53.740018+00:00,2026-08-28T15:54:53.755274+00:00,15.246972005115822,APPROVED,
postgres,1331,0,2026-08-28T15:54:53.755372+00:00,2026-08-28T15:54:53.759271+00:00,3.890705993399024,APPROVED,
voltdb,1331,0,2026-08-28T15:54:53.759339+00:00,2026-08-28T15:54:53.772883+00:00,13.534269004594535,APPROVED,
postgres,1332,0,2026-08-28T15:54:53.773082+00:00,2026-08-28T15:54:53.775986+00:00,2.8941360069438815,APPROVED,
voltdb,1332,0,2026-08-28T15:54:53.776119+00:00,2026-08-28T15:54:53.790225+00:00,14.097509993007407,APPROVED,
postgres,1334,0,2026-08-28T15:54:53.790365+00:00,2026-08-28T15:54:53.793818+00:00,3.440461994614452,APPROVED,
voltdb,1334,0,2026-08-28T15:54:53.793894+00:00,2026-08-28T15:54:53.809474+00:00,15.508181997574866,APPROVED,
postgres,1336,0,2026-08-28T15:54:53.809696+00:00,2026-08-28T15:54:53.813384+00:00,3.6717699986184016,REVIEW,
voltdb,1336,0,2026-08-28T15:54:53.813456+00:00,2026-08-28T15:54:53.830934+00:00,17.40831500501372,REVIEW,
postgres,1339,0,2026-08-28T15:54:53.831032+00:00,2026-08-28T15:54:53.833859+00:00,2.817678003339097,APPROVED,
voltdb,1339,0,2026-08-28T15:54:53.833954+00:00,2026-08-28T15:54:53.851645+00:00,17.681783996522427,APPROVED,
postgres,1340,0,2026-08-28T15:54:53.851748+00:00,2026-08-28T15:54:53.855734+00:00,3.9752590091666207,APPROVED,
voltdb,1340,0,2026-08-28T15:54:53.855813+00:00,2026-08-28T15:54:53.872620+00:00,16.79659599903971,APPROVED,
postgres,1343,0,2026-08-28T15:54:53.872782+00:00,2026-08-28T15:54:53.875932+00:00,3.1358269916381687,APPROVED,
voltdb,1343,0,2026-08-28T15:54:53.876031+00:00,2026-08-28T15:54:53.891134+00:00,15.091046007000841,APPROVED,
postgres,1345,0,2026-08-28T15:54:53.891203+00:00,2026-08-28T15:54:53.894092+00:00,2.8772660007234663,APPROVED,
voltdb,1345,0,2026-08-28T15:54:53.894165+00:00,2026-08-28T15:54:53.910533+00:00,16.359838991775177,APPROVED,
postgres,1346,0,2026-08-28T15:54:53.910755+00:00,2026-08-28T15:54:53.915456+00:00,4.650610004318878,APPROVED,
voltdb,1346,0,2026-08-28T15:54:53.915565+00:00,2026-08-28T15:54:53.931097+00:00,15.492505990550853,APPROVED,
postgres,1347,0,2026-08-28T15:54:53.931191+00:00,2026-08-28T15:54:53.934128+00:00,2.927298002759926,APPROVED,
voltdb,1347,0,2026-08-28T15:54:53.934199+00:00,2026-08-28T15:54:53.953614+00:00,19.406645995331928,APPROVED,
postgres,1349,0,2026-08-28T15:54:53.953709+00:00,2026-08-28T15:54:53.957876+00:00,4.15638399135787,APPROVED,
voltdb,1349,0,2026-08-28T15:54:53.957948+00:00,2026-08-28T15:54:53.971178+00:00,13.221950008301064,APPROVED,
postgres,1351,0,2026-08-28T15:54:53.971238+00:00,2026-08-28T15:54:53.974747+00:00,3.50229800096713,REVIEW,
voltdb,1351,0,2026-08-28T15:54:53.974810+00:00,2026-08-28T15:54:53.993685+00:00,18.8658710103482,REVIEW,
postgres,1352,0,2026-08-28T15:54:53.993795+00:00,2026-08-28T15:54:53.997577+00:00,3.7667480064556003,APPROVED,
voltdb,1352,0,2026-08-28T15:54:53.997668+00:00,2026-08-28T15:54:54.011022+00:00,13.343536003958434,APPROVED,
postgres,1353,0,2026-08-28T15:54:54.011126+00:00,2026-08-28T15:54:54.014002+00:00,2.8667439910350367,APPROVED,
voltdb,1353,0,2026-08-28T15:54:54.014069+00:00,2026-08-28T15:54:54.027137+00:00,13.058513999567367,APPROVED,
postgres,1354,0,2026-08-28T15:54:54.027229+00:00,2026-08-28T15:54:54.030219+00:00,2.9798799951095134,APPROVED,
voltdb,1354,0,2026-08-28T15:54:54.030296+00:00,2026-08-28T15:54:54.045795+00:00,15.489301003981382,APPROVED,
postgres,1356,0,2026-08-28T15:54:54.046002+00:00,2026-08-28T15:54:54.050080+00:00,4.061061001266353,APPROVED,
voltdb,1356,0,2026-08-28T15:54:54.050189+00:00,2026-08-28T15:54:54.069191+00:00,18.988366005942225,APPROVED,
postgres,1357,0,2026-08-28T15:54:54.069355+00:00,2026-08-28T15:54:54.073365+00:00,3.993850012193434,APPROVED,
voltdb,1357,0,2026-08-28T15:54:54.073470+00:00,2026-08-28T15:54:54.089672+00:00,16.180987004190683,APPROVED,
postgres,1358,0,2026-08-28T15:54:54.089807+00:00,2026-08-28T15:54:54.094300+00:00,4.476283997064456,APPROVED,
voltdb,1358,0,2026-08-28T15:54:54.094385+00:00,2026-08-28T15:54:54.113536+00:00,19.14204200147651,APPROVED,
postgres,1359,0,2026-08-28T15:54:54.113637+00:00,2026-08-28T15:54:54.116666+00:00,3.0124090117169544,APPROVED,
voltdb,1359,0,2026-08-28T15:54:54.116749+00:00,2026-08-28T15:54:54.130755+00:00,13.997647998621687,APPROVED,
postgres,1360,0,2026-08-28T15:54:54.130883+00:00,2026-08-28T15:54:54.133817+00:00,2.9235340043669567,APPROVED,
voltdb,1360,0,2026-08-28T15:54:54.133885+00:00,2026-08-28T15:54:54.149074+00:00,15.179875001194887,APPROVED,
postgres,1361,0,2026-08-28T15:54:54.149199+00:00,2026-08-28T15:54:54.153056+00:00,3.84131699684076,APPROVED,
voltdb,1361,0,2026-08-28T15:54:54.153129+00:00,2026-08-28T15:54:54.166526+00:00,13.388425999437459,APPROVED,
postgres,1362,0,2026-08-28T15:54:54.166624+00:00,2026-08-28T15:54:54.169634+00:00,2.99892300972715,APPROVED,
voltdb,1362,0,2026-08-28T15:54:54.169754+00:00,2026-08-28T15:54:54.183738+00:00,13.967478007543832,APPROVED,
postgres,1363,0,2026-08-28T15:54:54.184025+00:00,2026-08-28T15:54:54.186667+00:00,2.6282789913238958,APPROVED,
voltdb,1363,0,2026-08-28T15:54:54.186736+00:00,2026-08-28T15:54:54.201687+00:00,14.943054993636906,APPROVED,
postgres,1365,0,2026-08-28T15:54:54.201793+00:00,2026-08-28T15:54:54.205794+00:00,3.9917149988468736,REVIEW,
voltdb,1365,0,2026-08-28T15:54:54.205889+00:00,2026-08-28T15:54:54.221543+00:00,15.639121003914624,REVIEW,
postgres,1366,0,2026-08-28T15:54:54.221634+00:00,2026-08-28T15:54:54.225557+00:00,3.914037995855324,APPROVED,
voltdb,1366,0,2026-08-28T15:54:54.225625+00:00,2026-08-28T15:54:54.240554+00:00,14.920839996193536,APPROVED,
postgres,1367,0,2026-08-28T15:54:54.240672+00:00,2026-08-28T15:54:54.244265+00:00,3.526536005665548,APPROVED,
voltdb,1367,0,2026-08-28T15:54:54.244351+00:00,2026-08-28T15:54:54.257666+00:00,13.306441003805958,APPROVED,
postgres,1368,0,2026-08-28T15:54:54.257769+00:00,2026-08-28T15:54:54.261217+00:00,3.438895000726916,APPROVED,
voltdb,1368,0,2026-08-28T15:54:54.261290+00:00,2026-08-28T15:54:54.275190+00:00,13.890893998905085,APPROVED,
postgres,1371,0,2026-08-28T15:54:54.275281+00:00,2026-08-28T15:54:54.279186+00:00,3.8942850078456104,APPROVED,
voltdb,1371,0,2026-08-28T15:54:54.279310+00:00,2026-08-28T15:54:54.294477+00:00,15.157949004787952,APPROVED,
postgres,1373,0,2026-08-28T15:54:54.294576+00:00,2026-08-28T15:54:54.298200+00:00,3.6134940019110218,APPROVED,
voltdb,1373,0,2026-08-28T15:54:54.298272+00:00,2026-08-28T15:54:54.311472+00:00,13.185568997869268,APPROVED,
postgres,1374,0,2026-08-28T15:54:54.311574+00:00,2026-08-28T15:54:54.314393+00:00,2.8052069974364713,APPROVED,
voltdb,1374,0,2026-08-28T15:54:54.314458+00:00,2026-08-28T15:54:54.328282+00:00,13.815658996463753,APPROVED,
postgres,1375,0,2026-08-28T15:54:54.328381+00:00,2026-08-28T15:54:54.332490+00:00,4.098388002603315,BLOCKED,
voltdb,1375,0,2026-08-28T15:54:54.332565+00:00,2026-08-28T15:54:54.350814+00:00,18.240214994875714,BLOCKED,
postgres,1376,0,2026-08-28T15:54:54.351255+00:00,2026-08-28T15:54:54.354371+00:00,3.0969330109655857,APPROVED,
voltdb,1376,0,2026-08-28T15:54:54.354442+00:00,2026-08-28T15:54:54.367723+00:00,13.271889998577535,APPROVED,
postgres,1377,0,2026-08-28T15:54:54.367823+00:00,2026-08-28T15:54:54.371911+00:00,4.0786359895719215,REVIEW,
voltdb,1377,0,2026-08-28T15:54:54.371981+00:00,2026-08-28T15:54:54.389207+00:00,17.21610699314624,REVIEW,
postgres,1378,0,2026-08-28T15:54:54.389343+00:00,2026-08-28T15:54:54.393896+00:00,4.538727996987291,APPROVED,
voltdb,1378,0,2026-08-28T15:54:54.393970+00:00,2026-08-28T15:54:54.407104+00:00,13.125480996677652,APPROVED,
postgres,1379,0,2026-08-28T15:54:54.407193+00:00,2026-08-28T15:54:54.410415+00:00,3.2100880052894354,APPROVED,
voltdb,1379,0,2026-08-28T15:54:54.410495+00:00,2026-08-28T15:54:54.424487+00:00,13.9838330069324,APPROVED,
postgres,1381,0,2026-08-28T15:54:54.424589+00:00,2026-08-28T15:54:54.427457+00:00,2.858610008843243,APPROVED,
voltdb,1381,0,2026-08-28T15:54:54.427520+00:00,2026-08-28T15:54:54.442233+00:00,14.703685010317713,APPROVED,
postgres,1383,0,2026-08-28T15:54:54.442365+00:00,2026-08-28T15:54:54.447233+00:00,4.855480001424439,APPROVED,
voltdb,1383,0,2026-08-28T15:54:54.447308+00:00,2026-08-28T15:54:54.464366+00:00,17.04888101085089,APPROVED,
postgres,1386,0,2026-08-28T15:54:54.464462+00:00,2026-08-28T15:54:54.467036+00:00,2.565501010394655,APPROVED,
voltdb,1386,0,2026-08-28T15:54:54.467100+00:00,2026-08-28T15:54:54.480193+00:00,13.085086000501178,APPROVED,
postgres,1389,0,2026-08-28T15:54:54.480287+00:00,2026-08-28T15:54:54.483007+00:00,2.710438988287933,APPROVED,
voltdb,1389,0,2026-08-28T15:54:54.483128+00:00,2026-08-28T15:54:54.499812+00:00,16.67455700226128,APPROVED,
postgres,1390,0,2026-08-28T15:54:54.500001+00:00,2026-08-28T15:54:54.504955+00:00,4.938315993058495,APPROVED,
voltdb,1390,0,2026-08-28T15:54:54.504998+00:00,2026-08-28T15:54:54.517781+00:00,12.746041000355035,APPROVED,
postgres,1391,0,2026-08-28T15:54:54.518053+00:00,2026-08-28T15:54:54.520879+00:00,2.8131839935667813,APPROVED,
voltdb,1391,0,2026-08-28T15:54:54.520918+00:00,2026-08-28T15:54:54.534100+00:00,13.176090011256747,APPROVED,
postgres,1392,0,2026-08-28T15:54:54.534191+00:00,2026-08-28T15:54:54.537828+00:00,3.621912997914478,APPROVED,
voltdb,1392,0,2026-08-28T15:54:54.537971+00:00,2026-08-28T15:54:54.553588+00:00,15.608579997206107,APPROVED,
postgres,1393,0,2026-08-28T15:54:54.553682+00:00,2026-08-28T15:54:54.557623+00:00,3.9312310109380633,APPROVED,
voltdb,1393,0,2026-08-28T15:54:54.557710+00:00,2026-08-28T15:54:54.570857+00:00,13.13899400702212,APPROVED,
postgres,1397,0,2026-08-28T15:54:54.571038+00:00,2026-08-28T15:54:54.575525+00:00,4.47588499810081,APPROVED,
voltdb,1397,0,2026-08-28T15:54:54.575598+00:00,2026-08-28T15:54:54.588979+00:00,13.367469990043901,APPROVED,
postgres,1398,0,2026-08-28T15:54:54.589201+00:00,2026-08-28T15:54:54.594474+00:00,5.255512005533092,APPROVED,
voltdb,1398,0,2026-08-28T15:54:54.594554+00:00,2026-08-28T15:54:54.612520+00:00,17.955920004169457,APPROVED,
postgres,1399,0,2026-08-28T15:54:54.612770+00:00,2026-08-28T15:54:54.616843+00:00,4.039161009131931,APPROVED,
voltdb,1399,0,2026-08-28T15:54:54.617045+00:00,2026-08-28T15:54:54.629383+00:00,12.326487005339004,APPROVED,
