target,transaction_id,start_time,end_time,latency_ms,status,error
postgres,1,2026-08-25T15:24:02.479573+00:00,2026-08-25T15:24:02.497118+00:00,17.221468999196077,APPROVED,
voltdb,1,2026-08-25T15:24:02.497182+00:00,2026-08-25T15:24:02.553596+00:00,56.404686998575926,APPROVED,
postgres,2,2026-08-25T15:24:02.553694+00:00,2026-08-25T15:24:02.564091+00:00,10.382155996921938,APPROVED,
voltdb,2,2026-08-25T15:24:02.564127+00:00,2026-08-25T15:24:02.585591+00:00,21.458105999045074,APPROVED,
postgres,5,2026-08-25T15:24:02.585670+00:00,2026-08-25T15:24:02.593809+00:00,8.129539000947261,APPROVED,
voltdb,5,2026-08-25T15:24:02.593845+00:00,2026-08-25T15:24:02.619003+00:00,25.151275000098394,APPROVED,
postgres,6,2026-08-25T15:24:02.619079+00:00,2026-08-25T15:24:02.627544+00:00,8.45691100039403,APPROVED,
voltdb,6,2026-08-25T15:24:02.627581+00:00,2026-08-25T15:24:02.656208+00:00,28.619962999073323,APPROVED,
postgres,7,2026-08-25T15:24:02.656288+00:00,2026-08-25T15:24:02.670018+00:00,13.719585000217194,APPROVED,
voltdb,7,2026-08-25T15:24:02.670058+00:00,2026-08-25T15:24:02.695246+00:00,25.180849002936156,APPROVED,
postgres,8,2026-08-25T15:24:02.695329+00:00,2026-08-25T15:24:02.707660+00:00,12.32091099882382,APPROVED,
voltdb,8,2026-08-25T15:24:02.707699+00:00,2026-08-25T15:24:02.732155+00:00,24.44919600020512,APPROVED,
postgres,10,2026-08-25T15:24:02.732230+00:00,2026-08-25T15:24:02.746103+00:00,13.86180099871126,APPROVED,
voltdb,10,2026-08-25T15:24:02.746146+00:00,2026-08-25T15:24:02.767424+00:00,21.2718609982403,APPROVED,
postgres,13,2026-08-25T15:24:02.767500+00:00,2026-08-25T15:24:02.779215+00:00,11.704337000992382,APPROVED,
voltdb,13,2026-08-25T15:24:02.779257+00:00,2026-08-25T15:24:02.803105+00:00,23.841188001824776,APPROVED,
postgres,16,2026-08-25T15:24:02.803182+00:00,2026-08-25T15:24:02.814018+00:00,10.826748999534175,APPROVED,
voltdb,16,2026-08-25T15:24:02.814055+00:00,2026-08-25T15:24:02.834610+00:00,20.54742100153817,APPROVED,
postgres,17,2026-08-25T15:24:02.834684+00:00,2026-08-25T15:24:02.847634+00:00,12.939026997628389,BLOCKED,
voltdb,17,2026-08-25T15:24:02.847671+00:00,2026-08-25T15:24:02.884286+00:00,36.598843998945085,BLOCKED,
postgres,18,2026-08-25T15:24:02.884365+00:00,2026-08-25T15:24:02.902194+00:00,17.81303499956266,APPROVED,
voltdb,18,2026-08-25T15:24:02.902246+00:00,2026-08-25T15:24:02.931981+00:00,29.728044002695242,APPROVED,
postgres,20,2026-08-25T15:24:02.932063+00:00,2026-08-25T15:24:02.946842+00:00,14.76862900017295,APPROVED,
voltdb,20,2026-08-25T15:24:02.946896+00:00,2026-08-25T15:24:02.977824+00:00,30.92186800131458,APPROVED,
postgres,23,2026-08-25T15:24:02.977902+00:00,2026-08-25T15:24:02.988823+00:00,10.910830002103467,APPROVED,
voltdb,23,2026-08-25T15:24:02.988863+00:00,2026-08-25T15:24:03.010444+00:00,21.570124001300428,APPROVED,
postgres,25,2026-08-25T15:24:03.010528+00:00,2026-08-25T15:24:03.022240+00:00,11.701462000928586,APPROVED,
voltdb,25,2026-08-25T15:24:03.022279+00:00,2026-08-25T15:24:03.044931+00:00,22.645182001724606,APPROVED,
postgres,26,2026-08-25T15:24:03.045006+00:00,2026-08-25T15:24:03.056284+00:00,11.266738001722842,APPROVED,
voltdb,26,2026-08-25T15:24:03.056346+00:00,2026-08-25T15:24:03.078271+00:00,21.9177029975981,APPROVED,
postgres,27,2026-08-25T15:24:03.078349+00:00,2026-08-25T15:24:03.087754+00:00,9.395652999955928,APPROVED,
voltdb,27,2026-08-25T15:24:03.087806+00:00,2026-08-25T15:24:03.111653+00:00,23.840662001020974,APPROVED,
postgres,28,2026-08-25T15:24:03.111727+00:00,2026-08-25T15:24:03.121733+00:00,9.996323002269492,APPROVED,
voltdb,28,2026-08-25T15:24:03.121770+00:00,2026-08-25T15:24:03.145672+00:00,23.89538300121785,APPROVED,
postgres,29,2026-08-25T15:24:03.145750+00:00,2026-08-25T15:24:03.157106+00:00,11.346010000124807,APPROVED,
voltdb,29,2026-08-25T15:24:03.157142+00:00,2026-08-25T15:24:03.182983+00:00,25.834411000687396,APPROVED,
postgres,30,2026-08-25T15:24:03.183058+00:00,2026-08-25T15:24:03.231867+00:00,48.79788499965798,APPROVED,
voltdb,30,2026-08-25T15:24:03.231904+00:00,2026-08-25T15:24:03.264847+00:00,32.93662500072969,APPROVED,
postgres,31,2026-08-25T15:24:03.264933+00:00,2026-08-25T15:24:03.277876+00:00,12.933512996823993,REVIEW,
voltdb,31,2026-08-25T15:24:03.277918+00:00,2026-08-25T15:24:03.300335+00:00,22.410437999496935,REVIEW,
postgres,32,2026-08-25T15:24:03.300410+00:00,2026-08-25T15:24:03.311045+00:00,10.625391998473788,APPROVED,
voltdb,32,2026-08-25T15:24:03.311086+00:00,2026-08-25T15:24:03.331629+00:00,20.53691100081778,APPROVED,
postgres,33,2026-08-25T15:24:03.331709+00:00,2026-08-25T15:24:03.341563+00:00,9.843941999861272,APPROVED,
voltdb,33,2026-08-25T15:24:03.341634+00:00,2026-08-25T15:24:03.363106+00:00,21.465677997184685,APPROVED,
postgres,34,2026-08-25T15:24:03.363206+00:00,2026-08-25T15:24:03.372908+00:00,9.692409999843221,APPROVED,
voltdb,34,2026-08-25T15:24:03.372944+00:00,2026-08-25T15:24:03.393566+00:00,20.61552300074254,APPROVED,
postgres,35,2026-08-25T15:24:03.393642+00:00,2026-08-25T15:24:03.405165+00:00,11.512077999213943,APPROVED,
voltdb,35,2026-08-25T15:24:03.405200+00:00,2026-08-25T15:24:03.426448+00:00,21.242041999357753,APPROVED,
postgres,36,2026-08-25T15:24:03.426523+00:00,2026-08-25T15:24:03.434939+00:00,8.4073329999228,APPROVED,
voltdb,36,2026-08-25T15:24:03.434976+00:00,2026-08-25T15:24:03.454906+00:00,19.922866002161754,APPROVED,
postgres,37,2026-08-25T15:24:03.454985+00:00,2026-08-25T15:24:03.462657+00:00,7.661820000066655,APPROVED,
voltdb,37,2026-08-25T15:24:03.462692+00:00,2026-08-25T15:24:03.484992+00:00,22.293237001576927,APPROVED,
postgres,38,2026-08-25T15:24:03.485071+00:00,2026-08-25T15:24:03.493651+00:00,8.570481000788277,APPROVED,
voltdb,38,2026-08-25T15:24:03.493689+00:00,2026-08-25T15:24:03.515387+00:00,21.692138001526473,APPROVED,
postgres,39,2026-08-25T15:24:03.515474+00:00,2026-08-25T15:24:03.523301+00:00,7.8185790007410105,APPROVED,
voltdb,39,2026-08-25T15:24:03.523337+00:00,2026-08-25T15:24:03.546533+00:00,23.188751001725905,APPROVED,
postgres,41,2026-08-25T15:24:03.546609+00:00,2026-08-25T15:24:03.553595+00:00,6.977977998758433,APPROVED,
voltdb,41,2026-08-25T15:24:03.553629+00:00,2026-08-25T15:24:03.574809+00:00,21.17446999909589,APPROVED,
postgres,44,2026-08-25T15:24:03.574885+00:00,2026-08-25T15:24:03.583389+00:00,8.495022997522028,APPROVED,
voltdb,44,2026-08-25T15:24:03.583424+00:00,2026-08-25T15:24:03.607105+00:00,23.673356001381762,APPROVED,
postgres,45,2026-08-25T15:24:03.607188+00:00,2026-08-25T15:24:03.622621+00:00,15.4206589977548,APPROVED,
voltdb,45,2026-08-25T15:24:03.622660+00:00,2026-08-25T15:24:03.705309+00:00,82.64138199956506,APPROVED,
postgres,46,2026-08-25T15:24:03.705387+00:00,2026-08-25T15:24:03.737995+00:00,32.59705700111226,REVIEW,
voltdb,46,2026-08-25T15:24:03.738035+00:00,2026-08-25T15:24:03.780433+00:00,42.391072998725576,REVIEW,
postgres,47,2026-08-25T15:24:03.780514+00:00,2026-08-25T15:24:03.788588+00:00,8.065419999184087,APPROVED,
voltdb,47,2026-08-25T15:24:03.788627+00:00,2026-08-25T15:24:03.816712+00:00,28.051339999365155,APPROVED,
postgres,49,2026-08-25T15:24:03.816820+00:00,2026-08-25T15:24:03.828321+00:00,11.491548000776675,APPROVED,
voltdb,49,2026-08-25T15:24:03.828358+00:00,2026-08-25T15:24:03.864237+00:00,35.871570002200315,APPROVED,
postgres,50,2026-08-25T15:24:03.864316+00:00,2026-08-25T15:24:03.876699+00:00,12.372915000014473,APPROVED,
voltdb,50,2026-08-25T15:24:03.876739+00:00,2026-08-25T15:24:03.915183+00:00,38.43705799954478,APPROVED,
postgres,52,2026-08-25T15:24:03.915378+00:00,2026-08-25T15:24:03.931894+00:00,16.49837100194418,APPROVED,
voltdb,52,2026-08-25T15:24:03.931931+00:00,2026-08-25T15:24:03.965305+00:00,33.36672599834856,APPROVED,
postgres,53,2026-08-25T15:24:03.965385+00:00,2026-08-25T15:24:03.978295+00:00,12.900202000309946,APPROVED,
voltdb,53,2026-08-25T15:24:03.978333+00:00,2026-08-25T15:24:04.014923+00:00,36.55577999961679,APPROVED,
postgres,54,2026-08-25T15:24:04.015061+00:00,2026-08-25T15:24:04.034884+00:00,19.807508997473633,REVIEW,
voltdb,54,2026-08-25T15:24:04.034920+00:00,2026-08-25T15:24:04.083824+00:00,48.89557299975422,REVIEW,
postgres,56,2026-08-25T15:24:04.083980+00:00,2026-08-25T15:24:04.094292+00:00,10.295566000422696,APPROVED,
voltdb,56,2026-08-25T15:24:04.094331+00:00,2026-08-25T15:24:04.131107+00:00,36.76903399900766,APPROVED,
postgres,58,2026-08-25T15:24:04.131185+00:00,2026-08-25T15:24:04.144239+00:00,13.043674996879417,APPROVED,
voltdb,58,2026-08-25T15:24:04.144275+00:00,2026-08-25T15:24:04.176096+00:00,31.81396200307063,APPROVED,
postgres,59,2026-08-25T15:24:04.176175+00:00,2026-08-25T15:24:04.192341+00:00,16.154549997736467,APPROVED,
voltdb,59,2026-08-25T15:24:04.192379+00:00,2026-08-25T15:24:04.227137+00:00,34.75071700086119,APPROVED,
postgres,61,2026-08-25T15:24:04.227219+00:00,2026-08-25T15:24:04.242218+00:00,14.988753999205073,APPROVED,
voltdb,61,2026-08-25T15:24:04.242255+00:00,2026-08-25T15:24:04.272058+00:00,29.79632499773288,APPROVED,
postgres,62,2026-08-25T15:24:04.272136+00:00,2026-08-25T15:24:04.284121+00:00,11.975899997196393,APPROVED,
voltdb,62,2026-08-25T15:24:04.284158+00:00,2026-08-25T15:24:04.314113+00:00,29.947432998596923,APPROVED,
postgres,63,2026-08-25T15:24:04.314187+00:00,2026-08-25T15:24:04.326404+00:00,12.207291001686826,APPROVED,
voltdb,63,2026-08-25T15:24:04.326443+00:00,2026-08-25T15:24:04.357811+00:00,31.36140499918838,APPROVED,
postgres,64,2026-08-25T15:24:04.357906+00:00,2026-08-25T15:24:04.370306+00:00,12.389546001941198,APPROVED,
voltdb,64,2026-08-25T15:24:04.370343+00:00,2026-08-25T15:24:04.398753+00:00,28.40351300255861,APPROVED,
postgres,66,2026-08-25T15:24:04.398835+00:00,2026-08-25T15:24:04.416278+00:00,17.390998000337277,REVIEW,
voltdb,66,2026-08-25T15:24:04.416315+00:00,2026-08-25T15:24:04.457750+00:00,41.428607000852935,REVIEW,
postgres,67,2026-08-25T15:24:04.457972+00:00,2026-08-25T15:24:04.470373+00:00,12.343136997515103,APPROVED,
voltdb,67,2026-08-25T15:24:04.470411+00:00,2026-08-25T15:24:04.506171+00:00,35.75201900093816,APPROVED,
postgres,68,2026-08-25T15:24:04.506375+00:00,2026-08-25T15:24:04.520920+00:00,14.53192500048317,APPROVED,
voltdb,68,2026-08-25T15:24:04.520957+00:00,2026-08-25T15:24:04.562073+00:00,41.10845899776905,APPROVED,
postgres,69,2026-08-25T15:24:04.562161+00:00,2026-08-25T15:24:04.581568+00:00,19.395601000724128,APPROVED,
voltdb,69,2026-08-25T15:24:04.581605+00:00,2026-08-25T15:24:04.616017+00:00,34.40543499891646,APPROVED,
postgres,70,2026-08-25T15:24:04.616099+00:00,2026-08-25T15:24:04.627296+00:00,11.18700799997896,REVIEW,
voltdb,70,2026-08-25T15:24:04.627333+00:00,2026-08-25T15:24:04.668048+00:00,40.70739999951911,REVIEW,
postgres,72,2026-08-25T15:24:04.668124+00:00,2026-08-25T15:24:04.683443+00:00,15.308734000427648,APPROVED,
voltdb,72,2026-08-25T15:24:04.683482+00:00,2026-08-25T15:24:04.722042+00:00,38.55362100148341,APPROVED,
postgres,73,2026-08-25T15:24:04.722127+00:00,2026-08-25T15:24:04.735150+00:00,13.013119001698215,APPROVED,
voltdb,73,2026-08-25T15:24:04.735196+00:00,2026-08-25T15:24:04.767623+00:00,32.420024002931314,APPROVED,
postgres,76,2026-08-25T15:24:04.767702+00:00,2026-08-25T15:24:04.779608+00:00,11.89530199917499,APPROVED,
voltdb,76,2026-08-25T15:24:04.779645+00:00,2026-08-25T15:24:04.811882+00:00,32.22958200058201,APPROVED,
postgres,77,2026-08-25T15:24:04.811964+00:00,2026-08-25T15:24:04.825367+00:00,13.392851000389783,APPROVED,
voltdb,77,2026-08-25T15:24:04.825410+00:00,2026-08-25T15:24:04.857756+00:00,32.33903000000282,APPROVED,
postgres,78,2026-08-25T15:24:04.857855+00:00,2026-08-25T15:24:04.874229+00:00,16.36211699951673,REVIEW,
voltdb,78,2026-08-25T15:24:04.874271+00:00,2026-08-25T15:24:04.913720+00:00,39.44184200008749,REVIEW,
postgres,79,2026-08-25T15:24:04.913828+00:00,2026-08-25T15:24:04.926518+00:00,12.67433099928894,APPROVED,
voltdb,79,2026-08-25T15:24:04.926556+00:00,2026-08-25T15:24:04.955347+00:00,28.785202997823944,APPROVED,
postgres,80,2026-08-25T15:24:04.955430+00:00,2026-08-25T15:24:04.968943+00:00,13.502730998879997,APPROVED,
voltdb,80,2026-08-25T15:24:04.968980+00:00,2026-08-25T15:24:04.999735+00:00,30.746807999094017,APPROVED,
postgres,81,2026-08-25T15:24:04.999816+00:00,2026-08-25T15:24:05.016036+00:00,16.2106429997948,APPROVED,
voltdb,81,2026-08-25T15:24:05.016074+00:00,2026-08-25T15:24:05.045380+00:00,29.293283998413244,APPROVED,
postgres,82,2026-08-25T15:24:05.045461+00:00,2026-08-25T15:24:05.070046+00:00,24.573948998295236,REVIEW,
voltdb,82,2026-08-25T15:24:05.070083+00:00,2026-08-25T15:24:05.111522+00:00,41.43207500237622,REVIEW,
postgres,83,2026-08-25T15:24:05.111601+00:00,2026-08-25T15:24:05.128936+00:00,17.32591399922967,APPROVED,
voltdb,83,2026-08-25T15:24:05.128971+00:00,2026-08-25T15:24:05.160176+00:00,31.197684998915065,APPROVED,
postgres,84,2026-08-25T15:24:05.160296+00:00,2026-08-25T15:24:05.170663+00:00,10.352280998631613,APPROVED,
voltdb,84,2026-08-25T15:24:05.170699+00:00,2026-08-25T15:24:05.196024+00:00,25.3190170005837,APPROVED,
postgres,86,2026-08-25T15:24:05.196150+00:00,2026-08-25T15:24:05.209417+00:00,13.250533000245923,APPROVED,
voltdb,86,2026-08-25T15:24:05.209454+00:00,2026-08-25T15:24:05.233848+00:00,24.38764099861146,APPROVED,
postgres,87,2026-08-25T15:24:05.233944+00:00,2026-08-25T15:24:05.251090+00:00,17.133304998424137,REVIEW,
voltdb,87,2026-08-25T15:24:05.251131+00:00,2026-08-25T15:24:05.293686+00:00,42.547028002445586,REVIEW,
postgres,89,2026-08-25T15:24:05.294132+00:00,2026-08-25T15:24:05.307730+00:00,13.575449000200024,APPROVED,
voltdb,89,2026-08-25T15:24:05.307772+00:00,2026-08-25T15:24:05.339178+00:00,31.398227998579387,APPROVED,
postgres,90,2026-08-25T15:24:05.339276+00:00,2026-08-25T15:24:05.351354+00:00,12.066735998814693,APPROVED,
voltdb,90,2026-08-25T15:24:05.351399+00:00,2026-08-25T15:24:05.381011+00:00,29.603844002849655,APPROVED,
postgres,92,2026-08-25T15:24:05.381200+00:00,2026-08-25T15:24:05.398208+00:00,15.829345997190103,APPROVED,
voltdb,92,2026-08-25T15:24:05.398247+00:00,2026-08-25T15:24:05.433766+00:00,35.51110699845594,APPROVED,
postgres,93,2026-08-25T15:24:05.433886+00:00,2026-08-25T15:24:05.447559+00:00,13.657367999257986,APPROVED,
voltdb,93,2026-08-25T15:24:05.447602+00:00,2026-08-25T15:24:05.484970+00:00,37.359745998401195,APPROVED,
postgres,94,2026-08-25T15:24:05.485049+00:00,2026-08-25T15:24:05.498557+00:00,13.496989002305781,APPROVED,
voltdb,94,2026-08-25T15:24:05.498597+00:00,2026-08-25T15:24:05.531660+00:00,33.056003998353845,APPROVED,
postgres,96,2026-08-25T15:24:05.531749+00:00,2026-08-25T15:24:05.546824+00:00,15.063922000990715,APPROVED,
voltdb,96,2026-08-25T15:24:05.546861+00:00,2026-08-25T15:24:05.579592+00:00,32.72410600038711,APPROVED,
postgres,98,2026-08-25T15:24:05.579667+00:00,2026-08-25T15:24:05.591699+00:00,12.022484002955025,APPROVED,
voltdb,98,2026-08-25T15:24:05.591735+00:00,2026-08-25T15:24:05.621476+00:00,29.73407299941755,APPROVED,
postgres,101,2026-08-25T15:24:05.621600+00:00,2026-08-25T15:24:05.634572+00:00,12.956341000972316,APPROVED,
voltdb,101,2026-08-25T15:24:05.634610+00:00,2026-08-25T15:24:05.669171+00:00,34.553655998024624,APPROVED,
postgres,103,2026-08-25T15:24:05.669315+00:00,2026-08-25T15:24:05.684445+00:00,15.114194000489078,APPROVED,
voltdb,103,2026-08-25T15:24:05.684482+00:00,2026-08-25T15:24:05.721431+00:00,36.94206900036079,APPROVED,
postgres,104,2026-08-25T15:24:05.721593+00:00,2026-08-25T15:24:05.733997+00:00,12.388140999973984,APPROVED,
voltdb,104,2026-08-25T15:24:05.734033+00:00,2026-08-25T15:24:05.765770+00:00,31.730681002954952,APPROVED,
postgres,105,2026-08-25T15:24:05.765850+00:00,2026-08-25T15:24:05.781012+00:00,15.150877999985823,APPROVED,
voltdb,105,2026-08-25T15:24:05.781047+00:00,2026-08-25T15:24:05.814709+00:00,33.655182000075,APPROVED,
postgres,107,2026-08-25T15:24:05.814793+00:00,2026-08-25T15:24:05.830700+00:00,15.86692900309572,APPROVED,
voltdb,107,2026-08-25T15:24:05.830737+00:00,2026-08-25T15:24:05.864880+00:00,34.12507099710638,APPROVED,
postgres,109,2026-08-25T15:24:05.865032+00:00,2026-08-25T15:24:05.879720+00:00,14.672744000563398,APPROVED,
voltdb,109,2026-08-25T15:24:05.879759+00:00,2026-08-25T15:24:05.915956+00:00,36.190081998938695,APPROVED,
postgres,110,2026-08-25T15:24:05.916104+00:00,2026-08-25T15:24:05.929844+00:00,13.724581000133185,APPROVED,
voltdb,110,2026-08-25T15:24:05.929882+00:00,2026-08-25T15:24:05.965555+00:00,35.66529899762827,APPROVED,
postgres,113,2026-08-25T15:24:05.965676+00:00,2026-08-25T15:24:05.980816+00:00,15.124499001103686,APPROVED,
voltdb,113,2026-08-25T15:24:05.980853+00:00,2026-08-25T15:24:06.013112+00:00,32.253253000817494,APPROVED,
postgres,114,2026-08-25T15:24:06.013197+00:00,2026-08-25T15:24:06.025484+00:00,12.278180998691823,APPROVED,
voltdb,114,2026-08-25T15:24:06.025521+00:00,2026-08-25T15:24:06.056670+00:00,31.141569001192693,APPROVED,
postgres,115,2026-08-25T15:24:06.056752+00:00,2026-08-25T15:24:06.071182+00:00,14.419096998608438,APPROVED,
voltdb,115,2026-08-25T15:24:06.071223+00:00,2026-08-25T15:24:06.103044+00:00,31.813803001568886,APPROVED,
postgres,116,2026-08-25T15:24:06.103128+00:00,2026-08-25T15:24:06.117531+00:00,14.392455999768572,APPROVED,
voltdb,116,2026-08-25T15:24:06.117567+00:00,2026-08-25T15:24:06.152598+00:00,35.02457700233208,APPROVED,
postgres,117,2026-08-25T15:24:06.152953+00:00,2026-08-25T15:24:06.165304+00:00,12.33271999808494,APPROVED,
voltdb,117,2026-08-25T15:24:06.165340+00:00,2026-08-25T15:24:06.205106+00:00,39.758883001923095,APPROVED,
postgres,118,2026-08-25T15:24:06.205196+00:00,2026-08-25T15:24:06.219213+00:00,14.006364999659127,APPROVED,
voltdb,118,2026-08-25T15:24:06.219250+00:00,2026-08-25T15:24:06.257746+00:00,38.489489001221955,APPROVED,
postgres,119,2026-08-25T15:24:06.257835+00:00,2026-08-25T15:24:06.272854+00:00,15.008424998086412,APPROVED,
voltdb,119,2026-08-25T15:24:06.272890+00:00,2026-08-25T15:24:06.313143+00:00,40.24678299902007,APPROVED,
postgres,120,2026-08-25T15:24:06.313222+00:00,2026-08-25T15:24:06.327829+00:00,14.597353001590818,APPROVED,
voltdb,120,2026-08-25T15:24:06.327867+00:00,2026-08-25T15:24:06.363095+00:00,35.22073999920394,APPROVED,
postgres,122,2026-08-25T15:24:06.363171+00:00,2026-08-25T15:24:06.380229+00:00,17.04672200139612,APPROVED,
voltdb,122,2026-08-25T15:24:06.380266+00:00,2026-08-25T15:24:06.422831+00:00,42.55788999944343,APPROVED,
postgres,123,2026-08-25T15:24:06.422959+00:00,2026-08-25T15:24:06.435116+00:00,12.144541000452591,APPROVED,
voltdb,123,2026-08-25T15:24:06.435154+00:00,2026-08-25T15:24:06.469610+00:00,34.44882099938695,APPROVED,
postgres,124,2026-08-25T15:24:06.470526+00:00,2026-08-25T15:24:06.484941+00:00,14.392459997907281,REVIEW,
voltdb,124,2026-08-25T15:24:06.484978+00:00,2026-08-25T15:24:06.563291+00:00,78.3054200001061,REVIEW,
postgres,125,2026-08-25T15:24:06.563439+00:00,2026-08-25T15:24:06.585498+00:00,22.042127002350753,APPROVED,
voltdb,125,2026-08-25T15:24:06.585535+00:00,2026-08-25T15:24:06.610017+00:00,24.475211001117714,APPROVED,
postgres,126,2026-08-25T15:24:06.610178+00:00,2026-08-25T15:24:06.625275+00:00,15.078184998856159,APPROVED,
voltdb,126,2026-08-25T15:24:06.625315+00:00,2026-08-25T15:24:06.655488+00:00,30.163309998897603,APPROVED,
postgres,127,2026-08-25T15:24:06.655667+00:00,2026-08-25T15:24:06.668165+00:00,12.463380000554025,APPROVED,
voltdb,127,2026-08-25T15:24:06.668203+00:00,2026-08-25T15:24:06.698570+00:00,30.35971100325696,APPROVED,
postgres,128,2026-08-25T15:24:06.698708+00:00,2026-08-25T15:24:06.712598+00:00,13.873965002858313,APPROVED,
voltdb,128,2026-08-25T15:24:06.712634+00:00,2026-08-25T15:24:06.739784+00:00,27.14150899919332,APPROVED,
postgres,130,2026-08-25T15:24:06.739904+00:00,2026-08-25T15:24:06.754387+00:00,14.421534000575775,APPROVED,
voltdb,130,2026-08-25T15:24:06.754425+00:00,2026-08-25T15:24:06.786082+00:00,31.65057399746729,APPROVED,
postgres,131,2026-08-25T15:24:06.786255+00:00,2026-08-25T15:24:06.800171+00:00,13.901296999392798,APPROVED,
voltdb,131,2026-08-25T15:24:06.800209+00:00,2026-08-25T15:24:06.835402+00:00,35.18549900036305,APPROVED,
postgres,132,2026-08-25T15:24:06.835522+00:00,2026-08-25T15:24:06.848396+00:00,12.857641002483433,APPROVED,
voltdb,132,2026-08-25T15:24:06.848431+00:00,2026-08-25T15:24:06.879339+00:00,30.898514000000432,APPROVED,
postgres,135,2026-08-25T15:24:06.879449+00:00,2026-08-25T15:24:06.891800+00:00,12.339412998699117,APPROVED,
voltdb,135,2026-08-25T15:24:06.891836+00:00,2026-08-25T15:24:06.923624+00:00,31.781181998667307,APPROVED,
postgres,136,2026-08-25T15:24:06.923707+00:00,2026-08-25T15:24:06.939050+00:00,15.33303000178421,APPROVED,
voltdb,136,2026-08-25T15:24:06.939088+00:00,2026-08-25T15:24:06.969000+00:00,29.906353000114905,APPROVED,
postgres,137,2026-08-25T15:24:06.969108+00:00,2026-08-25T15:24:06.980960+00:00,11.843035998026608,APPROVED,
voltdb,137,2026-08-25T15:24:06.980998+00:00,2026-08-25T15:24:07.009448+00:00,28.44306599945412,APPROVED,
postgres,139,2026-08-25T15:24:07.009632+00:00,2026-08-25T15:24:07.023883+00:00,14.232417001039721,APPROVED,
voltdb,139,2026-08-25T15:24:07.023922+00:00,2026-08-25T15:24:07.063237+00:00,39.307360999373486,APPROVED,
postgres,140,2026-08-25T15:24:07.063348+00:00,2026-08-25T15:24:07.080823+00:00,17.46327999717323,APPROVED,
voltdb,140,2026-08-25T15:24:07.080861+00:00,2026-08-25T15:24:07.112168+00:00,31.300114998884965,APPROVED,
postgres,141,2026-08-25T15:24:07.112348+00:00,2026-08-25T15:24:07.126459+00:00,14.086912000493612,APPROVED,
voltdb,141,2026-08-25T15:24:07.126495+00:00,2026-08-25T15:24:07.159885+00:00,33.38247899955604,APPROVED,
postgres,142,2026-08-25T15:24:07.160012+00:00,2026-08-25T15:24:07.173599+00:00,13.575373999628937,APPROVED,
voltdb,142,2026-08-25T15:24:07.173638+00:00,2026-08-25T15:24:07.211333+00:00,37.68689400021685,APPROVED,
postgres,143,2026-08-25T15:24:07.211422+00:00,2026-08-25T15:24:07.231713+00:00,20.28099200106226,APPROVED,
voltdb,143,2026-08-25T15:24:07.231752+00:00,2026-08-25T15:24:07.270451+00:00,38.69237099934253,APPROVED,
postgres,144,2026-08-25T15:24:07.270770+00:00,2026-08-25T15:24:07.284954+00:00,14.14563100115629,APPROVED,
voltdb,144,2026-08-25T15:24:07.284998+00:00,2026-08-25T15:24:07.325316+00:00,40.31115399993723,APPROVED,
postgres,146,2026-08-25T15:24:07.325402+00:00,2026-08-25T15:24:07.343292+00:00,17.878816001029918,APPROVED,
voltdb,146,2026-08-25T15:24:07.343329+00:00,2026-08-25T15:24:07.382695+00:00,39.358713998808526,APPROVED,
postgres,147,2026-08-25T15:24:07.382801+00:00,2026-08-25T15:24:07.402704+00:00,19.87831899896264,APPROVED,
voltdb,147,2026-08-25T15:24:07.402744+00:00,2026-08-25T15:24:07.437619+00:00,34.86791099930997,APPROVED,
postgres,149,2026-08-25T15:24:07.437851+00:00,2026-08-25T15:24:07.452423+00:00,14.559989998815581,APPROVED,
voltdb,149,2026-08-25T15:24:07.452461+00:00,2026-08-25T15:24:07.480367+00:00,27.899364002223592,APPROVED,
postgres,150,2026-08-25T15:24:07.480443+00:00,2026-08-25T15:24:07.492487+00:00,12.033934999635676,APPROVED,
voltdb,150,2026-08-25T15:24:07.492524+00:00,2026-08-25T15:24:07.523393+00:00,30.861119001201587,APPROVED,
postgres,153,2026-08-25T15:24:07.523529+00:00,2026-08-25T15:24:07.538507+00:00,14.962399000069126,APPROVED,
voltdb,153,2026-08-25T15:24:07.538549+00:00,2026-08-25T15:24:07.573895+00:00,35.33866999714519,APPROVED,
postgres,154,2026-08-25T15:24:07.573990+00:00,2026-08-25T15:24:07.588384+00:00,14.380248001543805,APPROVED,
voltdb,154,2026-08-25T15:24:07.588427+00:00,2026-08-25T15:24:07.617975+00:00,29.534001001593424,APPROVED,
postgres,157,2026-08-25T15:24:07.618238+00:00,2026-08-25T15:24:07.633554+00:00,15.301842999178916,APPROVED,
voltdb,157,2026-08-25T15:24:07.633618+00:00,2026-08-25T15:24:07.667611+00:00,33.9869909985282,APPROVED,
postgres,158,2026-08-25T15:24:07.667689+00:00,2026-08-25T15:24:07.683755+00:00,16.056896001828136,APPROVED,
voltdb,158,2026-08-25T15:24:07.683792+00:00,2026-08-25T15:24:07.718293+00:00,34.49361399907502,APPROVED,
postgres,159,2026-08-25T15:24:07.718375+00:00,2026-08-25T15:24:07.729623+00:00,11.237462000281084,APPROVED,
voltdb,159,2026-08-25T15:24:07.729660+00:00,2026-08-25T15:24:07.767540+00:00,37.8716670020367,APPROVED,
postgres,160,2026-08-25T15:24:07.767627+00:00,2026-08-25T15:24:07.783009+00:00,15.371867000794737,APPROVED,
voltdb,160,2026-08-25T15:24:07.783046+00:00,2026-08-25T15:24:07.819181+00:00,36.126896000496345,APPROVED,
postgres,161,2026-08-25T15:24:07.819477+00:00,2026-08-25T15:24:07.834600+00:00,15.084342001500772,APPROVED,
voltdb,161,2026-08-25T15:24:07.834639+00:00,2026-08-25T15:24:07.868154+00:00,33.50878699711757,APPROVED,
postgres,162,2026-08-25T15:24:07.868253+00:00,2026-08-25T15:24:07.878929+00:00,10.665679998055566,APPROVED,
voltdb,162,2026-08-25T15:24:07.878966+00:00,2026-08-25T15:24:07.950863+00:00,71.88923099965905,APPROVED,
postgres,163,2026-08-25T15:24:07.951005+00:00,2026-08-25T15:24:07.962647+00:00,11.600834997807397,APPROVED,
voltdb,163,2026-08-25T15:24:07.962726+00:00,2026-08-25T15:24:08.015068+00:00,52.33388600026956,APPROVED,
postgres,164,2026-08-25T15:24:08.015238+00:00,2026-08-25T15:24:08.032269+00:00,17.015064997394802,APPROVED,
voltdb,164,2026-08-25T15:24:08.032355+00:00,2026-08-25T15:24:08.059631+00:00,27.26861100018141,APPROVED,
postgres,166,2026-08-25T15:24:08.059863+00:00,2026-08-25T15:24:08.075868+00:00,15.98818599813967,APPROVED,
voltdb,166,2026-08-25T15:24:08.075904+00:00,2026-08-25T15:24:08.108185+00:00,32.27480400164495,APPROVED,
postgres,167,2026-08-25T15:24:08.108351+00:00,2026-08-25T15:24:08.122624+00:00,14.256745998864062,APPROVED,
voltdb,167,2026-08-25T15:24:08.122662+00:00,2026-08-25T15:24:08.157458+00:00,34.788319000654155,APPROVED,
postgres,168,2026-08-25T15:24:08.157544+00:00,2026-08-25T15:24:08.172627+00:00,15.066600000864128,APPROVED,
voltdb,168,2026-08-25T15:24:08.172691+00:00,2026-08-25T15:24:08.203376+00:00,30.67825999823981,APPROVED,
postgres,169,2026-08-25T15:24:08.203452+00:00,2026-08-25T15:24:08.216303+00:00,12.841143998230109,APPROVED,
voltdb,169,2026-08-25T15:24:08.216341+00:00,2026-08-25T15:24:08.249772+00:00,33.42423999856692,APPROVED,
postgres,170,2026-08-25T15:24:08.249852+00:00,2026-08-25T15:24:08.263116+00:00,13.253365999844391,REVIEW,
voltdb,170,2026-08-25T15:24:08.263155+00:00,2026-08-25T15:24:08.312700+00:00,49.538268001924735,REVIEW,
postgres,171,2026-08-25T15:24:08.315441+00:00,2026-08-25T15:24:08.332125+00:00,16.388715001085075,APPROVED,
voltdb,171,2026-08-25T15:24:08.332161+00:00,2026-08-25T15:24:08.372477+00:00,40.30840800260194,APPROVED,
postgres,172,2026-08-25T15:24:08.372735+00:00,2026-08-25T15:24:08.388018+00:00,14.36990599904675,APPROVED,
voltdb,172,2026-08-25T15:24:08.388057+00:00,2026-08-25T15:24:08.430923+00:00,42.85881000032532,APPROVED,
postgres,173,2026-08-25T15:24:08.431107+00:00,2026-08-25T15:24:08.450775+00:00,19.650196001748554,APPROVED,
voltdb,173,2026-08-25T15:24:08.450828+00:00,2026-08-25T15:24:08.494754+00:00,43.91793299873825,APPROVED,
postgres,174,2026-08-25T15:24:08.494930+00:00,2026-08-25T15:24:08.514293+00:00,19.21186899926397,APPROVED,
voltdb,174,2026-08-25T15:24:08.514341+00:00,2026-08-25T15:24:08.547463+00:00,33.11432999907993,APPROVED,
postgres,176,2026-08-25T15:24:08.547563+00:00,2026-08-25T15:24:08.563975+00:00,16.400972002884373,APPROVED,
voltdb,176,2026-08-25T15:24:08.564065+00:00,2026-08-25T15:24:08.597167+00:00,33.08859899698291,APPROVED,
postgres,177,2026-08-25T15:24:08.597395+00:00,2026-08-25T15:24:08.611920+00:00,14.504908001981676,APPROVED,
voltdb,177,2026-08-25T15:24:08.611961+00:00,2026-08-25T15:24:08.644759+00:00,32.79088500130456,APPROVED,
postgres,178,2026-08-25T15:24:08.644851+00:00,2026-08-25T15:24:08.664800+00:00,19.938838999223663,REVIEW,
voltdb,178,2026-08-25T15:24:08.664836+00:00,2026-08-25T15:24:08.704988+00:00,40.145332997781225,REVIEW,
postgres,179,2026-08-25T15:24:08.705065+00:00,2026-08-25T15:24:08.718207+00:00,13.13207899875124,APPROVED,
voltdb,179,2026-08-25T15:24:08.718242+00:00,2026-08-25T15:24:08.741522+00:00,23.272554000868695,APPROVED,
postgres,180,2026-08-25T15:24:08.741618+00:00,2026-08-25T15:24:08.755059+00:00,13.430089002213208,APPROVED,
voltdb,180,2026-08-25T15:24:08.755095+00:00,2026-08-25T15:24:08.780568+00:00,25.466076000157045,APPROVED,
postgres,181,2026-08-25T15:24:08.780642+00:00,2026-08-25T15:24:08.793627+00:00,12.975212001038017,REVIEW,
voltdb,181,2026-08-25T15:24:08.793663+00:00,2026-08-25T15:24:08.829845+00:00,36.175253000692464,REVIEW,
postgres,182,2026-08-25T15:24:08.829921+00:00,2026-08-25T15:24:08.842353+00:00,12.421346000337508,APPROVED,
voltdb,182,2026-08-25T15:24:08.842390+00:00,2026-08-25T15:24:08.870987+00:00,28.5896169989428,APPROVED,
postgres,183,2026-08-25T15:24:08.871087+00:00,2026-08-25T15:24:08.886902+00:00,15.802044999873033,APPROVED,
voltdb,183,2026-08-25T15:24:08.886945+00:00,2026-08-25T15:24:08.917706+00:00,30.754225997952744,APPROVED,
postgres,185,2026-08-25T15:24:08.917894+00:00,2026-08-25T15:24:08.931077+00:00,13.1420280013117,APPROVED,
voltdb,185,2026-08-25T15:24:08.931114+00:00,2026-08-25T15:24:08.967545+00:00,36.424754001927795,APPROVED,
postgres,187,2026-08-25T15:24:08.967779+00:00,2026-08-25T15:24:08.980083+00:00,12.285525001061615,APPROVED,
voltdb,187,2026-08-25T15:24:08.980125+00:00,2026-08-25T15:24:09.010537+00:00,30.404697001358727,APPROVED,
postgres,188,2026-08-25T15:24:09.010622+00:00,2026-08-25T15:24:09.022197+00:00,11.5660299998126,APPROVED,
voltdb,188,2026-08-25T15:24:09.022233+00:00,2026-08-25T15:24:09.050122+00:00,27.881992002221523,APPROVED,
postgres,189,2026-08-25T15:24:09.050243+00:00,2026-08-25T15:24:09.062660+00:00,12.403030999848852,APPROVED,
voltdb,189,2026-08-25T15:24:09.062702+00:00,2026-08-25T15:24:09.094079+00:00,31.371058998047374,APPROVED,
postgres,190,2026-08-25T15:24:09.094159+00:00,2026-08-25T15:24:09.110930+00:00,16.761020000558347,REVIEW,
voltdb,190,2026-08-25T15:24:09.110968+00:00,2026-08-25T15:24:09.150960+00:00,39.98535299979267,REVIEW,
postgres,192,2026-08-25T15:24:09.151040+00:00,2026-08-25T15:24:09.163969+00:00,12.918295000417856,APPROVED,
voltdb,192,2026-08-25T15:24:09.164007+00:00,2026-08-25T15:24:09.197914+00:00,33.900447000632994,APPROVED,
postgres,193,2026-08-25T15:24:09.197999+00:00,2026-08-25T15:24:09.207382+00:00,9.372458000143524,APPROVED,
voltdb,193,2026-08-25T15:24:09.207457+00:00,2026-08-25T15:24:09.236791+00:00,29.32732599947485,APPROVED,
postgres,194,2026-08-25T15:24:09.236907+00:00,2026-08-25T15:24:09.250748+00:00,13.806263999867951,APPROVED,
voltdb,194,2026-08-25T15:24:09.250886+00:00,2026-08-25T15:24:09.285122+00:00,34.21967900067102,APPROVED,
postgres,195,2026-08-25T15:24:09.285202+00:00,2026-08-25T15:24:09.296623+00:00,11.41111600009026,APPROVED,
voltdb,195,2026-08-25T15:24:09.296661+00:00,2026-08-25T15:24:09.331308+00:00,34.616193999681855,APPROVED,
postgres,196,2026-08-25T15:24:09.331387+00:00,2026-08-25T15:24:09.342567+00:00,11.169869001605548,APPROVED,
voltdb,196,2026-08-25T15:24:09.342600+00:00,2026-08-25T15:24:09.373509+00:00,30.9000310007832,APPROVED,
postgres,197,2026-08-25T15:24:09.373626+00:00,2026-08-25T15:24:09.430003+00:00,56.36446800053818,APPROVED,
voltdb,197,2026-08-25T15:24:09.430039+00:00,2026-08-25T15:24:09.478188+00:00,48.14168400116614,APPROVED,
postgres,198,2026-08-25T15:24:09.478267+00:00,2026-08-25T15:24:09.497546+00:00,19.26926300075138,APPROVED,
voltdb,198,2026-08-25T15:24:09.497608+00:00,2026-08-25T15:24:09.518093+00:00,20.478903999901377,APPROVED,
postgres,201,2026-08-25T15:24:09.518201+00:00,2026-08-25T15:24:09.533760+00:00,15.543794001132483,APPROVED,
voltdb,201,2026-08-25T15:24:09.533798+00:00,2026-08-25T15:24:09.567719+00:00,33.91474499949254,APPROVED,
postgres,204,2026-08-25T15:24:09.568030+00:00,2026-08-25T15:24:09.580572+00:00,12.522791002993472,REVIEW,
voltdb,204,2026-08-25T15:24:09.580608+00:00,2026-08-25T15:24:09.618305+00:00,37.68965799827129,REVIEW,
postgres,205,2026-08-25T15:24:09.618489+00:00,2026-08-25T15:24:09.633761+00:00,15.25364100234583,APPROVED,
voltdb,205,2026-08-25T15:24:09.633798+00:00,2026-08-25T15:24:09.663635+00:00,29.83017299993662,APPROVED,
postgres,206,2026-08-25T15:24:09.663719+00:00,2026-08-25T15:24:09.676314+00:00,12.583458999870345,APPROVED,
voltdb,206,2026-08-25T15:24:09.676352+00:00,2026-08-25T15:24:09.704014+00:00,27.65577899845084,APPROVED,
postgres,207,2026-08-25T15:24:09.704099+00:00,2026-08-25T15:24:09.716081+00:00,11.966386002313811,APPROVED,
voltdb,207,2026-08-25T15:24:09.716119+00:00,2026-08-25T15:24:09.739446+00:00,23.320624000916723,APPROVED,
postgres,208,2026-08-25T15:24:09.739528+00:00,2026-08-25T15:24:09.755900+00:00,16.360921999876155,REVIEW,
voltdb,208,2026-08-25T15:24:09.755936+00:00,2026-08-25T15:24:09.793211+00:00,37.26847399957478,REVIEW,
postgres,209,2026-08-25T15:24:09.793290+00:00,2026-08-25T15:24:09.804181+00:00,10.88124500165577,APPROVED,
voltdb,209,2026-08-25T15:24:09.804216+00:00,2026-08-25T15:24:09.831948+00:00,27.694833002897212,APPROVED,
postgres,212,2026-08-25T15:24:09.832083+00:00,2026-08-25T15:24:09.845921+00:00,13.827512000716524,APPROVED,
voltdb,212,2026-08-25T15:24:09.845959+00:00,2026-08-25T15:24:09.876650+00:00,30.68440599963651,APPROVED,
postgres,214,2026-08-25T15:24:09.876736+00:00,2026-08-25T15:24:09.889406+00:00,12.659831998462323,APPROVED,
voltdb,214,2026-08-25T15:24:09.889441+00:00,2026-08-25T15:24:09.925530+00:00,36.08189199803746,APPROVED,
postgres,216,2026-08-25T15:24:09.925608+00:00,2026-08-25T15:24:09.936215+00:00,10.596969001198886,APPROVED,
voltdb,216,2026-08-25T15:24:09.936251+00:00,2026-08-25T15:24:09.966057+00:00,29.799004998494638,APPROVED,
postgres,217,2026-08-25T15:24:09.966190+00:00,2026-08-25T15:24:09.984223+00:00,18.02150799994706,REVIEW,
voltdb,217,2026-08-25T15:24:09.984259+00:00,2026-08-25T15:24:10.024033+00:00,39.767743000993505,REVIEW,
postgres,218,2026-08-25T15:24:10.024248+00:00,2026-08-25T15:24:10.038774+00:00,14.502712001558393,APPROVED,
voltdb,218,2026-08-25T15:24:10.038919+00:00,2026-08-25T15:24:10.072091+00:00,33.14750500067021,APPROVED,
postgres,219,2026-08-25T15:24:10.072210+00:00,2026-08-25T15:24:10.081108+00:00,8.885963998181978,APPROVED,
voltdb,219,2026-08-25T15:24:10.081148+00:00,2026-08-25T15:24:10.104339+00:00,23.18338599798153,APPROVED,
postgres,220,2026-08-25T15:24:10.104458+00:00,2026-08-25T15:24:10.119442+00:00,14.973666999139823,APPROVED,
voltdb,220,2026-08-25T15:24:10.119516+00:00,2026-08-25T15:24:10.151880+00:00,32.35652000148548,APPROVED,
postgres,221,2026-08-25T15:24:10.151960+00:00,2026-08-25T15:24:10.169160+00:00,17.050013000698527,APPROVED,
voltdb,221,2026-08-25T15:24:10.169205+00:00,2026-08-25T15:24:10.201946+00:00,32.73289099888643,APPROVED,
postgres,223,2026-08-25T15:24:10.202043+00:00,2026-08-25T15:24:10.215794+00:00,13.740383998083416,APPROVED,
voltdb,223,2026-08-25T15:24:10.215830+00:00,2026-08-25T15:24:10.241943+00:00,26.10756399735692,APPROVED,
postgres,225,2026-08-25T15:24:10.242018+00:00,2026-08-25T15:24:10.253209+00:00,11.181710000528255,APPROVED,
voltdb,225,2026-08-25T15:24:10.253245+00:00,2026-08-25T15:24:10.280208+00:00,26.95615000266116,APPROVED,
postgres,226,2026-08-25T15:24:10.280288+00:00,2026-08-25T15:24:10.292095+00:00,11.797741997725097,APPROVED,
voltdb,226,2026-08-25T15:24:10.292131+00:00,2026-08-25T15:24:10.321306+00:00,29.168403998482972,APPROVED,
postgres,228,2026-08-25T15:24:10.321395+00:00,2026-08-25T15:24:10.334626+00:00,13.220893000834621,APPROVED,
voltdb,228,2026-08-25T15:24:10.334664+00:00,2026-08-25T15:24:10.361234+00:00,26.56326700162026,APPROVED,
postgres,229,2026-08-25T15:24:10.361362+00:00,2026-08-25T15:24:10.374485+00:00,13.108117000228958,APPROVED,
voltdb,229,2026-08-25T15:24:10.374521+00:00,2026-08-25T15:24:10.403513+00:00,28.984738000872312,APPROVED,
postgres,230,2026-08-25T15:24:10.403652+00:00,2026-08-25T15:24:10.419245+00:00,15.580300998408347,REVIEW,
voltdb,230,2026-08-25T15:24:10.419285+00:00,2026-08-25T15:24:10.463341+00:00,44.049350999557646,REVIEW,
postgres,232,2026-08-25T15:24:10.463417+00:00,2026-08-25T15:24:10.474666+00:00,11.238416998821776,APPROVED,
voltdb,232,2026-08-25T15:24:10.474702+00:00,2026-08-25T15:24:10.502842+00:00,28.12974500193377,APPROVED,
postgres,233,2026-08-25T15:24:10.503023+00:00,2026-08-25T15:24:10.517634+00:00,14.594172000215622,APPROVED,
voltdb,233,2026-08-25T15:24:10.517671+00:00,2026-08-25T15:24:10.545776+00:00,28.097907998017035,APPROVED,
postgres,234,2026-08-25T15:24:10.545853+00:00,2026-08-25T15:24:10.561057+00:00,15.193285002169432,APPROVED,
voltdb,234,2026-08-25T15:24:10.561095+00:00,2026-08-25T15:24:10.591254+00:00,30.15282699925592,APPROVED,
postgres,235,2026-08-25T15:24:10.591331+00:00,2026-08-25T15:24:10.601560+00:00,10.220066000329098,APPROVED,
voltdb,235,2026-08-25T15:24:10.601598+00:00,2026-08-25T15:24:10.628966+00:00,27.361951000784757,APPROVED,
postgres,236,2026-08-25T15:24:10.629040+00:00,2026-08-25T15:24:10.641776+00:00,12.726089000352658,APPROVED,
voltdb,236,2026-08-25T15:24:10.641812+00:00,2026-08-25T15:24:10.668783+00:00,26.964254000631627,APPROVED,
postgres,237,2026-08-25T15:24:10.668859+00:00,2026-08-25T15:24:10.680823+00:00,11.949574000027496,APPROVED,
voltdb,237,2026-08-25T15:24:10.680869+00:00,2026-08-25T15:24:10.705950+00:00,25.074175999179715,APPROVED,
postgres,238,2026-08-25T15:24:10.706035+00:00,2026-08-25T15:24:10.717130+00:00,11.085352001828142,APPROVED,
voltdb,238,2026-08-25T15:24:10.717167+00:00,2026-08-25T15:24:10.744766+00:00,27.59229200091795,APPROVED,
postgres,239,2026-08-25T15:24:10.744843+00:00,2026-08-25T15:24:10.755813+00:00,10.960079998767469,APPROVED,
voltdb,239,2026-08-25T15:24:10.755850+00:00,2026-08-25T15:24:10.790398+00:00,34.54069100189372,APPROVED,
postgres,245,2026-08-25T15:24:10.790571+00:00,2026-08-25T15:24:10.802998+00:00,12.412484000378754,APPROVED,
voltdb,245,2026-08-25T15:24:10.803038+00:00,2026-08-25T15:24:10.875101+00:00,72.0546930024284,APPROVED,
postgres,246,2026-08-25T15:24:10.875174+00:00,2026-08-25T15:24:10.888924+00:00,13.729722999414662,APPROVED,
voltdb,246,2026-08-25T15:24:10.889065+00:00,2026-08-25T15:24:10.931401+00:00,42.32385800060001,APPROVED,
postgres,247,2026-08-25T15:24:10.931481+00:00,2026-08-25T15:24:10.949319+00:00,17.8273210003681,APPROVED,
voltdb,247,2026-08-25T15:24:10.949359+00:00,2026-08-25T15:24:10.992475+00:00,43.10888300096849,APPROVED,
postgres,248,2026-08-25T15:24:10.992645+00:00,2026-08-25T15:24:11.013448+00:00,20.76987899999949,APPROVED,
voltdb,248,2026-08-25T15:24:11.013492+00:00,2026-08-25T15:24:11.069470+00:00,55.97056800252176,APPROVED,
postgres,249,2026-08-25T15:24:11.069706+00:00,2026-08-25T15:24:11.083632+00:00,13.912156002334086,APPROVED,
voltdb,249,2026-08-25T15:24:11.083669+00:00,2026-08-25T15:24:11.118161+00:00,34.48541500256397,APPROVED,
postgres,250,2026-08-25T15:24:11.118274+00:00,2026-08-25T15:24:11.128216+00:00,9.932525998010533,APPROVED,
voltdb,250,2026-08-25T15:24:11.128252+00:00,2026-08-25T15:24:11.150189+00:00,21.926533998339437,APPROVED,
postgres,251,2026-08-25T15:24:11.150357+00:00,2026-08-25T15:24:11.163876+00:00,13.504324997484218,APPROVED,
voltdb,251,2026-08-25T15:24:11.163913+00:00,2026-08-25T15:24:11.191958+00:00,28.039190998242702,APPROVED,
postgres,253,2026-08-25T15:24:11.192038+00:00,2026-08-25T15:24:11.203914+00:00,11.86572000005981,APPROVED,
voltdb,253,2026-08-25T15:24:11.203951+00:00,2026-08-25T15:24:11.230739+00:00,26.781197997479467,APPROVED,
postgres,254,2026-08-25T15:24:11.230905+00:00,2026-08-25T15:24:11.240614+00:00,9.68689900037134,APPROVED,
voltdb,254,2026-08-25T15:24:11.240647+00:00,2026-08-25T15:24:11.268880+00:00,28.225547997863032,APPROVED,
postgres,256,2026-08-25T15:24:11.268968+00:00,2026-08-25T15:24:11.282931+00:00,13.951461998658488,APPROVED,
voltdb,256,2026-08-25T15:24:11.282973+00:00,2026-08-25T15:24:11.308703+00:00,25.724202001583762,APPROVED,
postgres,257,2026-08-25T15:24:11.308792+00:00,2026-08-25T15:24:11.320119+00:00,11.31728799737175,APPROVED,
voltdb,257,2026-08-25T15:24:11.320156+00:00,2026-08-25T15:24:11.344811+00:00,24.649678998684976,APPROVED,
postgres,258,2026-08-25T15:24:11.344902+00:00,2026-08-25T15:24:11.357040+00:00,12.127474998123944,APPROVED,
voltdb,258,2026-08-25T15:24:11.357076+00:00,2026-08-25T15:24:11.384843+00:00,27.761191999161383,APPROVED,
postgres,259,2026-08-25T15:24:11.384990+00:00,2026-08-25T15:24:11.400196+00:00,15.19334600016009,APPROVED,
voltdb,259,2026-08-25T15:24:11.400237+00:00,2026-08-25T15:24:11.433032+00:00,32.78860399950645,APPROVED,
postgres,260,2026-08-25T15:24:11.433210+00:00,2026-08-25T15:24:11.447753+00:00,14.526345999911427,APPROVED,
voltdb,260,2026-08-25T15:24:11.447790+00:00,2026-08-25T15:24:11.477921+00:00,30.124323999189073,APPROVED,
postgres,261,2026-08-25T15:24:11.478000+00:00,2026-08-25T15:24:11.490511+00:00,12.500492000981467,APPROVED,
voltdb,261,2026-08-25T15:24:11.490548+00:00,2026-08-25T15:24:11.519518+00:00,28.963480002857978,APPROVED,
postgres,262,2026-08-25T15:24:11.519647+00:00,2026-08-25T15:24:11.534425+00:00,14.765837000595639,APPROVED,
voltdb,262,2026-08-25T15:24:11.534462+00:00,2026-08-25T15:24:11.564380+00:00,29.910113000369165,APPROVED,
postgres,263,2026-08-25T15:24:11.564469+00:00,2026-08-25T15:24:11.577245+00:00,12.765649997163564,APPROVED,
voltdb,263,2026-08-25T15:24:11.577282+00:00,2026-08-25T15:24:11.610630+00:00,33.34168500077794,APPROVED,
postgres,264,2026-08-25T15:24:11.610829+00:00,2026-08-25T15:24:11.624185+00:00,13.341918998776237,APPROVED,
voltdb,264,2026-08-25T15:24:11.624222+00:00,2026-08-25T15:24:11.654693+00:00,30.463783001323463,APPROVED,
postgres,265,2026-08-25T15:24:11.654777+00:00,2026-08-25T15:24:11.673584+00:00,18.764901000395184,REVIEW,
voltdb,265,2026-08-25T15:24:11.673620+00:00,2026-08-25T15:24:11.716445+00:00,42.817722001927905,REVIEW,
postgres,267,2026-08-25T15:24:11.716532+00:00,2026-08-25T15:24:11.726772+00:00,10.23010100107058,APPROVED,
voltdb,267,2026-08-25T15:24:11.726809+00:00,2026-08-25T15:24:11.753966+00:00,27.151158999913605,APPROVED,
postgres,268,2026-08-25T15:24:11.754320+00:00,2026-08-25T15:24:11.766315+00:00,11.977506001130678,APPROVED,
voltdb,268,2026-08-25T15:24:11.766350+00:00,2026-08-25T15:24:11.792003+00:00,25.64596600132063,APPROVED,
postgres,269,2026-08-25T15:24:11.792209+00:00,2026-08-25T15:24:11.806767+00:00,14.54105300217634,APPROVED,
voltdb,269,2026-08-25T15:24:11.806803+00:00,2026-08-25T15:24:11.837927+00:00,31.116977999772644,APPROVED,
postgres,270,2026-08-25T15:24:11.838066+00:00,2026-08-25T15:24:11.853316+00:00,15.229929998895386,APPROVED,
voltdb,270,2026-08-25T15:24:11.853353+00:00,2026-08-25T15:24:11.885170+00:00,31.809475000045495,APPROVED,
postgres,271,2026-08-25T15:24:11.885329+00:00,2026-08-25T15:24:11.900934+00:00,15.58509800088359,APPROVED,
voltdb,271,2026-08-25T15:24:11.900981+00:00,2026-08-25T15:24:11.932185+00:00,31.189676003123168,APPROVED,
postgres,272,2026-08-25T15:24:11.932299+00:00,2026-08-25T15:24:11.943356+00:00,11.044134000258055,APPROVED,
voltdb,272,2026-08-25T15:24:11.943395+00:00,2026-08-25T15:24:11.974052+00:00,30.65112700278405,APPROVED,
postgres,273,2026-08-25T15:24:11.974128+00:00,2026-08-25T15:24:11.986140+00:00,12.00258500102791,APPROVED,
voltdb,273,2026-08-25T15:24:11.986175+00:00,2026-08-25T15:24:12.018536+00:00,32.35448299892596,APPROVED,
postgres,274,2026-08-25T15:24:12.018625+00:00,2026-08-25T15:24:12.033940+00:00,15.300265000405489,APPROVED,
voltdb,274,2026-08-25T15:24:12.034008+00:00,2026-08-25T15:24:12.060990+00:00,26.974951000738656,APPROVED,
postgres,276,2026-08-25T15:24:12.061078+00:00,2026-08-25T15:24:12.074922+00:00,13.829168998199748,APPROVED,
voltdb,276,2026-08-25T15:24:12.074961+00:00,2026-08-25T15:24:12.100406+00:00,25.410741000087,APPROVED,
postgres,279,2026-08-25T15:24:12.100590+00:00,2026-08-25T15:24:12.128457+00:00,27.852420000272105,BLOCKED,
voltdb,279,2026-08-25T15:24:12.128492+00:00,2026-08-25T15:24:12.171207+00:00,42.70650499893236,BLOCKED,
postgres,281,2026-08-25T15:24:12.171322+00:00,2026-08-25T15:24:12.186605+00:00,15.270781001163414,APPROVED,
voltdb,281,2026-08-25T15:24:12.186642+00:00,2026-08-25T15:24:12.221793+00:00,35.14470299705863,APPROVED,
postgres,282,2026-08-25T15:24:12.221992+00:00,2026-08-25T15:24:12.237834+00:00,15.828487001272151,APPROVED,
voltdb,282,2026-08-25T15:24:12.237932+00:00,2026-08-25T15:24:12.304196+00:00,66.22827599858283,APPROVED,
postgres,283,2026-08-25T15:24:12.304276+00:00,2026-08-25T15:24:12.364083+00:00,59.788388996821595,APPROVED,
voltdb,283,2026-08-25T15:24:12.364123+00:00,2026-08-25T15:24:12.413136+00:00,49.00613999780035,APPROVED,
postgres,284,2026-08-25T15:24:12.413254+00:00,2026-08-25T15:24:12.425498+00:00,12.232802000653464,APPROVED,
voltdb,284,2026-08-25T15:24:12.425534+00:00,2026-08-25T15:24:12.456562+00:00,31.020026999613037,APPROVED,
postgres,285,2026-08-25T15:24:12.457756+00:00,2026-08-25T15:24:12.471731+00:00,13.942700999905355,APPROVED,
voltdb,285,2026-08-25T15:24:12.471778+00:00,2026-08-25T15:24:12.504056+00:00,32.27057399999467,APPROVED,
postgres,286,2026-08-25T15:24:12.504165+00:00,2026-08-25T15:24:12.516569+00:00,12.392216998705408,APPROVED,
voltdb,286,2026-08-25T15:24:12.516606+00:00,2026-08-25T15:24:12.544037+00:00,27.423814997746376,APPROVED,
postgres,287,2026-08-25T15:24:12.544116+00:00,2026-08-25T15:24:12.553563+00:00,9.436491996893892,APPROVED,
voltdb,287,2026-08-25T15:24:12.553601+00:00,2026-08-25T15:24:12.583177+00:00,29.56895799798076,APPROVED,
postgres,289,2026-08-25T15:24:12.583252+00:00,2026-08-25T15:24:12.597001+00:00,13.739695001277141,APPROVED,
voltdb,289,2026-08-25T15:24:12.597037+00:00,2026-08-25T15:24:12.623706+00:00,26.66166500057443,APPROVED,
postgres,290,2026-08-25T15:24:12.623789+00:00,2026-08-25T15:24:12.634319+00:00,10.520687999814982,APPROVED,
voltdb,290,2026-08-25T15:24:12.634355+00:00,2026-08-25T15:24:12.667573+00:00,33.211964000656735,APPROVED,
postgres,291,2026-08-25T15:24:12.667779+00:00,2026-08-25T15:24:12.684988+00:00,17.19380199938314,APPROVED,
voltdb,291,2026-08-25T15:24:12.685026+00:00,2026-08-25T15:24:12.716143+00:00,31.109836996620288,APPROVED,
postgres,292,2026-08-25T15:24:12.716221+00:00,2026-08-25T15:24:12.733001+00:00,16.77055000254768,REVIEW,
voltdb,292,2026-08-25T15:24:12.733038+00:00,2026-08-25T15:24:12.770042+00:00,36.996470000303816,REVIEW,
postgres,293,2026-08-25T15:24:12.770183+00:00,2026-08-25T15:24:12.786273+00:00,16.073286999017,APPROVED,
voltdb,293,2026-08-25T15:24:12.786359+00:00,2026-08-25T15:24:12.817472+00:00,31.097322000277927,APPROVED,
postgres,294,2026-08-25T15:24:12.817646+00:00,2026-08-25T15:24:12.833518+00:00,15.846106998651521,APPROVED,
voltdb,294,2026-08-25T15:24:12.833553+00:00,2026-08-25T15:24:12.863402+00:00,29.842469000868732,APPROVED,
postgres,296,2026-08-25T15:24:12.863495+00:00,2026-08-25T15:24:12.878606+00:00,15.101510998647427,APPROVED,
voltdb,296,2026-08-25T15:24:12.878644+00:00,2026-08-25T15:24:12.911337+00:00,32.686601000023074,APPROVED,
postgres,297,2026-08-25T15:24:12.911498+00:00,2026-08-25T15:24:12.925980+00:00,14.460530001088046,APPROVED,
voltdb,297,2026-08-25T15:24:12.926017+00:00,2026-08-25T15:24:12.958681+00:00,32.658264000929194,APPROVED,
postgres,298,2026-08-25T15:24:12.958769+00:00,2026-08-25T15:24:12.970793+00:00,12.013928997475887,APPROVED,
voltdb,298,2026-08-25T15:24:12.970842+00:00,2026-08-25T15:24:13.000258+00:00,29.40899500026717,APPROVED,
postgres,299,2026-08-25T15:24:13.000452+00:00,2026-08-25T15:24:13.014667+00:00,14.199741999618709,APPROVED,
voltdb,299,2026-08-25T15:24:13.014729+00:00,2026-08-25T15:24:13.044462+00:00,29.726578999543563,APPROVED,
postgres,302,2026-08-25T15:24:13.044538+00:00,2026-08-25T15:24:13.057301+00:00,12.753022001561476,APPROVED,
voltdb,302,2026-08-25T15:24:13.057340+00:00,2026-08-25T15:24:13.086663+00:00,29.316292999283178,APPROVED,
postgres,303,2026-08-25T15:24:13.086745+00:00,2026-08-25T15:24:13.114667+00:00,27.910561999306083,APPROVED,
voltdb,303,2026-08-25T15:24:13.114732+00:00,2026-08-25T15:24:13.156742+00:00,41.99855500337435,APPROVED,
postgres,304,2026-08-25T15:24:13.157442+00:00,2026-08-25T15:24:13.168108+00:00,10.624501999700442,APPROVED,
voltdb,304,2026-08-25T15:24:13.168144+00:00,2026-08-25T15:24:13.197209+00:00,29.05806300259428,APPROVED,
postgres,307,2026-08-25T15:24:13.197380+00:00,2026-08-25T15:24:13.209207+00:00,11.811459000455216,APPROVED,
voltdb,307,2026-08-25T15:24:13.209243+00:00,2026-08-25T15:24:13.238936+00:00,29.685818000871222,APPROVED,
postgres,308,2026-08-25T15:24:13.239016+00:00,2026-08-25T15:24:13.252250+00:00,13.223034999100491,APPROVED,
voltdb,308,2026-08-25T15:24:13.252288+00:00,2026-08-25T15:24:13.282677+00:00,30.38202600146178,APPROVED,
postgres,310,2026-08-25T15:24:13.282763+00:00,2026-08-25T15:24:13.293849+00:00,11.075317997892853,APPROVED,
voltdb,310,2026-08-25T15:24:13.293884+00:00,2026-08-25T15:24:13.318081+00:00,24.19001499947626,APPROVED,
postgres,311,2026-08-25T15:24:13.318169+00:00,2026-08-25T15:24:13.331581+00:00,13.401428001088789,APPROVED,
voltdb,311,2026-08-25T15:24:13.331618+00:00,2026-08-25T15:24:13.357827+00:00,26.202611999906367,APPROVED,
postgres,313,2026-08-25T15:24:13.357905+00:00,2026-08-25T15:24:13.370508+00:00,12.593659997946816,APPROVED,
voltdb,313,2026-08-25T15:24:13.370550+00:00,2026-08-25T15:24:13.402085+00:00,31.527822000498418,APPROVED,
postgres,316,2026-08-25T15:24:13.402165+00:00,2026-08-25T15:24:13.413732+00:00,11.556629000551766,APPROVED,
voltdb,316,2026-08-25T15:24:13.413774+00:00,2026-08-25T15:24:13.436802+00:00,23.021449000225402,APPROVED,
postgres,318,2026-08-25T15:24:13.436889+00:00,2026-08-25T15:24:13.451705+00:00,14.805916001932928,APPROVED,
voltdb,318,2026-08-25T15:24:13.451743+00:00,2026-08-25T15:24:13.480628+00:00,28.878205001092283,APPROVED,
postgres,319,2026-08-25T15:24:13.480705+00:00,2026-08-25T15:24:13.492760+00:00,12.045123999996576,APPROVED,
voltdb,319,2026-08-25T15:24:13.492795+00:00,2026-08-25T15:24:13.524906+00:00,32.10173299885355,APPROVED,
postgres,323,2026-08-25T15:24:13.524985+00:00,2026-08-25T15:24:13.536016+00:00,11.020141002518358,APPROVED,
voltdb,323,2026-08-25T15:24:13.536053+00:00,2026-08-25T15:24:13.563079+00:00,27.019299999665236,APPROVED,
postgres,324,2026-08-25T15:24:13.563188+00:00,2026-08-25T15:24:13.574029+00:00,10.830335999344243,APPROVED,
voltdb,324,2026-08-25T15:24:13.574064+00:00,2026-08-25T15:24:13.602684+00:00,28.613671998755308,APPROVED,
postgres,325,2026-08-25T15:24:13.602775+00:00,2026-08-25T15:24:13.616080+00:00,13.295155997184338,APPROVED,
voltdb,325,2026-08-25T15:24:13.616116+00:00,2026-08-25T15:24:13.642123+00:00,25.99996299977647,APPROVED,
postgres,326,2026-08-25T15:24:13.642204+00:00,2026-08-25T15:24:13.656208+00:00,13.993905999086564,APPROVED,
voltdb,326,2026-08-25T15:24:13.656246+00:00,2026-08-25T15:24:13.715819+00:00,59.565846000623424,APPROVED,
postgres,327,2026-08-25T15:24:13.715897+00:00,2026-08-25T15:24:13.728685+00:00,12.77854100044351,APPROVED,
voltdb,327,2026-08-25T15:24:13.728722+00:00,2026-08-25T15:24:13.750207+00:00,21.478727001522202,APPROVED,
postgres,328,2026-08-25T15:24:13.750282+00:00,2026-08-25T15:24:13.763900+00:00,13.608444001874886,APPROVED,
voltdb,328,2026-08-25T15:24:13.763937+00:00,2026-08-25T15:24:13.814354+00:00,50.41016299946932,APPROVED,
postgres,331,2026-08-25T15:24:13.814432+00:00,2026-08-25T15:24:13.828077+00:00,13.635264000185998,APPROVED,
voltdb,331,2026-08-25T15:24:13.828113+00:00,2026-08-25T15:24:13.856701+00:00,28.58096199997817,APPROVED,
postgres,334,2026-08-25T15:24:13.856792+00:00,2026-08-25T15:24:13.867411+00:00,10.608365999360103,APPROVED,
voltdb,334,2026-08-25T15:24:13.867445+00:00,2026-08-25T15:24:13.895763+00:00,28.311356996709947,APPROVED,
postgres,335,2026-08-25T15:24:13.895835+00:00,2026-08-25T15:24:13.905602+00:00,9.75681699856068,APPROVED,
voltdb,335,2026-08-25T15:24:13.905656+00:00,2026-08-25T15:24:13.934006+00:00,28.342767000140157,APPROVED,
postgres,336,2026-08-25T15:24:13.934088+00:00,2026-08-25T15:24:13.948582+00:00,14.456987999437843,APPROVED,
voltdb,336,2026-08-25T15:24:13.948618+00:00,2026-08-25T15:24:13.979199+00:00,30.574420998163987,APPROVED,
postgres,338,2026-08-25T15:24:13.979271+00:00,2026-08-25T15:24:13.990996+00:00,11.716488999809371,APPROVED,
voltdb,338,2026-08-25T15:24:13.991034+00:00,2026-08-25T15:24:14.021883+00:00,30.842695003229892,APPROVED,
postgres,340,2026-08-25T15:24:14.022005+00:00,2026-08-25T15:24:14.034367+00:00,12.349666998488829,APPROVED,
voltdb,340,2026-08-25T15:24:14.034405+00:00,2026-08-25T15:24:14.063773+00:00,29.3611349989078,APPROVED,
postgres,341,2026-08-25T15:24:14.063847+00:00,2026-08-25T15:24:14.076470+00:00,12.61334399896441,APPROVED,
voltdb,341,2026-08-25T15:24:14.076510+00:00,2026-08-25T15:24:14.116058+00:00,39.541496997117065,APPROVED,
postgres,342,2026-08-25T15:24:14.116138+00:00,2026-08-25T15:24:14.129503+00:00,13.3549470010621,APPROVED,
voltdb,342,2026-08-25T15:24:14.129544+00:00,2026-08-25T15:24:14.162416+00:00,32.862386000488186,APPROVED,
postgres,344,2026-08-25T15:24:14.162507+00:00,2026-08-25T15:24:14.188297+00:00,25.77609799845959,APPROVED,
voltdb,344,2026-08-25T15:24:14.188351+00:00,2026-08-25T15:24:14.222936+00:00,34.576887999719474,APPROVED,
postgres,345,2026-08-25T15:24:14.223016+00:00,2026-08-25T15:24:14.230436+00:00,7.409953002934344,APPROVED,
voltdb,345,2026-08-25T15:24:14.230472+00:00,2026-08-25T15:24:14.253316+00:00,22.838226999738254,APPROVED,
postgres,346,2026-08-25T15:24:14.253393+00:00,2026-08-25T15:24:14.266297+00:00,12.894252999103628,APPROVED,
voltdb,346,2026-08-25T15:24:14.266333+00:00,2026-08-25T15:24:14.297331+00:00,30.991070001618937,APPROVED,
postgres,348,2026-08-25T15:24:14.297412+00:00,2026-08-25T15:24:14.310819+00:00,13.396736001595855,APPROVED,
voltdb,348,2026-08-25T15:24:14.310857+00:00,2026-08-25T15:24:14.341232+00:00,30.368405998160597,APPROVED,
postgres,349,2026-08-25T15:24:14.341315+00:00,2026-08-25T15:24:14.355625+00:00,14.299970000138273,APPROVED,
voltdb,349,2026-08-25T15:24:14.355684+00:00,2026-08-25T15:24:14.382181+00:00,26.490373002161505,APPROVED,
postgres,350,2026-08-25T15:24:14.382257+00:00,2026-08-25T15:24:14.394156+00:00,11.889269000675995,APPROVED,
voltdb,350,2026-08-25T15:24:14.394193+00:00,2026-08-25T15:24:14.415521+00:00,21.321377000276698,APPROVED,
postgres,351,2026-08-25T15:24:14.415678+00:00,2026-08-25T15:24:14.430692+00:00,14.98920999802067,APPROVED,
voltdb,351,2026-08-25T15:24:14.430735+00:00,2026-08-25T15:24:14.457370+00:00,26.629170999513008,APPROVED,
postgres,352,2026-08-25T15:24:14.457460+00:00,2026-08-25T15:24:14.469896+00:00,12.426921002770541,APPROVED,
voltdb,352,2026-08-25T15:24:14.469933+00:00,2026-08-25T15:24:14.497925+00:00,27.985018998151645,APPROVED,
postgres,353,2026-08-25T15:24:14.498012+00:00,2026-08-25T15:24:14.508582+00:00,10.560367998550646,APPROVED,
voltdb,353,2026-08-25T15:24:14.508618+00:00,2026-08-25T15:24:14.539276+00:00,30.65098300066893,APPROVED,
postgres,354,2026-08-25T15:24:14.539354+00:00,2026-08-25T15:24:14.554275+00:00,14.910964000591775,APPROVED,
voltdb,354,2026-08-25T15:24:14.554314+00:00,2026-08-25T15:24:14.585681+00:00,31.36120999988634,APPROVED,
postgres,355,2026-08-25T15:24:14.585758+00:00,2026-08-25T15:24:14.598967+00:00,13.20000299892854,APPROVED,
voltdb,355,2026-08-25T15:24:14.599003+00:00,2026-08-25T15:24:14.622335+00:00,23.325687998294597,APPROVED,
postgres,356,2026-08-25T15:24:14.622417+00:00,2026-08-25T15:24:14.635116+00:00,12.689232000411721,APPROVED,
voltdb,356,2026-08-25T15:24:14.635155+00:00,2026-08-25T15:24:14.668167+00:00,33.00169499925687,APPROVED,
postgres,357,2026-08-25T15:24:14.668334+00:00,2026-08-25T15:24:14.684843+00:00,16.486247997818282,APPROVED,
voltdb,357,2026-08-25T15:24:14.684897+00:00,2026-08-25T15:24:14.717932+00:00,33.025092001480516,APPROVED,
postgres,358,2026-08-25T15:24:14.718090+00:00,2026-08-25T15:24:14.734326+00:00,16.218512999330414,APPROVED,
voltdb,358,2026-08-25T15:24:14.734368+00:00,2026-08-25T15:24:14.767308+00:00,32.932242000242695,APPROVED,
postgres,359,2026-08-25T15:24:14.767434+00:00,2026-08-25T15:24:14.780318+00:00,12.868713998614112,APPROVED,
voltdb,359,2026-08-25T15:24:14.780360+00:00,2026-08-25T15:24:14.809126+00:00,28.759569002431817,APPROVED,
postgres,360,2026-08-25T15:24:14.809201+00:00,2026-08-25T15:24:14.824229+00:00,15.017009998700814,REVIEW,
voltdb,360,2026-08-25T15:24:14.824266+00:00,2026-08-25T15:24:14.857373+00:00,33.09943600106635,REVIEW,
postgres,361,2026-08-25T15:24:14.857450+00:00,2026-08-25T15:24:14.868133+00:00,10.67343600152526,APPROVED,
voltdb,361,2026-08-25T15:24:14.868172+00:00,2026-08-25T15:24:14.896444+00:00,28.265586999623338,APPROVED,
postgres,362,2026-08-25T15:24:14.897019+00:00,2026-08-25T15:24:14.911436+00:00,14.39231699987431,APPROVED,
voltdb,362,2026-08-25T15:24:14.911473+00:00,2026-08-25T15:24:14.943778+00:00,32.298766000167234,APPROVED,
postgres,364,2026-08-25T15:24:14.944405+00:00,2026-08-25T15:24:14.957566+00:00,13.114392997522373,APPROVED,
voltdb,364,2026-08-25T15:24:14.957603+00:00,2026-08-25T15:24:14.990704+00:00,33.09348200127715,APPROVED,
postgres,365,2026-08-25T15:24:14.990873+00:00,2026-08-25T15:24:15.003745+00:00,12.82738000008976,APPROVED,
voltdb,365,2026-08-25T15:24:15.003791+00:00,2026-08-25T15:24:15.032112+00:00,28.314105999015737,APPROVED,
postgres,366,2026-08-25T15:24:15.032312+00:00,2026-08-25T15:24:15.046376+00:00,14.043803999811644,APPROVED,
voltdb,366,2026-08-25T15:24:15.046413+00:00,2026-08-25T15:24:15.075406+00:00,28.98622599968803,APPROVED,
postgres,367,2026-08-25T15:24:15.075658+00:00,2026-08-25T15:24:15.091310+00:00,15.634986997611122,APPROVED,
voltdb,367,2026-08-25T15:24:15.091347+00:00,2026-08-25T15:24:15.152371+00:00,61.016419997031335,APPROVED,
postgres,369,2026-08-25T15:24:15.152473+00:00,2026-08-25T15:24:15.162685+00:00,10.195540999120567,APPROVED,
voltdb,369,2026-08-25T15:24:15.162720+00:00,2026-08-25T15:24:15.190601+00:00,27.873774997715373,APPROVED,
postgres,372,2026-08-25T15:24:15.190679+00:00,2026-08-25T15:24:15.204469+00:00,13.77990699984366,APPROVED,
voltdb,372,2026-08-25T15:24:15.204506+00:00,2026-08-25T15:24:15.228448+00:00,23.935753997648135,APPROVED,
postgres,374,2026-08-25T15:24:15.228614+00:00,2026-08-25T15:24:15.236752+00:00,8.127867000439437,APPROVED,
voltdb,374,2026-08-25T15:24:15.236790+00:00,2026-08-25T15:24:15.262790+00:00,25.99399300015648,APPROVED,
postgres,375,2026-08-25T15:24:15.262874+00:00,2026-08-25T15:24:15.275644+00:00,12.759594999806723,APPROVED,
voltdb,375,2026-08-25T15:24:15.275681+00:00,2026-08-25T15:24:15.305744+00:00,30.056321000301978,APPROVED,
postgres,378,2026-08-25T15:24:15.305829+00:00,2026-08-25T15:24:15.317858+00:00,12.018868001177907,APPROVED,
voltdb,378,2026-08-25T15:24:15.317894+00:00,2026-08-25T15:24:15.344540+00:00,26.638346000254387,APPROVED,
postgres,379,2026-08-25T15:24:15.344630+00:00,2026-08-25T15:24:15.354040+00:00,9.399702998052817,APPROVED,
voltdb,379,2026-08-25T15:24:15.354075+00:00,2026-08-25T15:24:15.380692+00:00,26.609477998135844,APPROVED,
postgres,380,2026-08-25T15:24:15.380787+00:00,2026-08-25T15:24:15.391750+00:00,10.95175399677828,REVIEW,
voltdb,380,2026-08-25T15:24:15.391788+00:00,2026-08-25T15:24:15.422969+00:00,31.17395100343856,REVIEW,
postgres,382,2026-08-25T15:24:15.423094+00:00,2026-08-25T15:24:15.435355+00:00,12.248208997334586,APPROVED,
voltdb,382,2026-08-25T15:24:15.435391+00:00,2026-08-25T15:24:15.461078+00:00,25.67425500092213,APPROVED,
postgres,383,2026-08-25T15:24:15.461459+00:00,2026-08-25T15:24:15.473622+00:00,12.145550997956889,APPROVED,
voltdb,383,2026-08-25T15:24:15.473658+00:00,2026-08-25T15:24:15.496987+00:00,23.32241199837881,APPROVED,
postgres,384,2026-08-25T15:24:15.497158+00:00,2026-08-25T15:24:15.516371+00:00,19.196298999304418,APPROVED,
voltdb,384,2026-08-25T15:24:15.516444+00:00,2026-08-25T15:24:15.546430+00:00,29.978165999636985,APPROVED,
postgres,386,2026-08-25T15:24:15.546537+00:00,2026-08-25T15:24:15.559176+00:00,12.630049997824244,APPROVED,
voltdb,386,2026-08-25T15:24:15.559212+00:00,2026-08-25T15:24:15.591076+00:00,31.857591999141732,APPROVED,
postgres,388,2026-08-25T15:24:15.591156+00:00,2026-08-25T15:24:15.603362+00:00,12.19564999701106,APPROVED,
voltdb,388,2026-08-25T15:24:15.603401+00:00,2026-08-25T15:24:15.631330+00:00,27.922610999667086,APPROVED,
postgres,389,2026-08-25T15:24:15.631405+00:00,2026-08-25T15:24:15.643209+00:00,11.794230002124095,APPROVED,
voltdb,389,2026-08-25T15:24:15.643246+00:00,2026-08-25T15:24:15.674662+00:00,31.409957002324518,APPROVED,
postgres,390,2026-08-25T15:24:15.674740+00:00,2026-08-25T15:24:15.686776+00:00,12.025775999063626,APPROVED,
voltdb,390,2026-08-25T15:24:15.686813+00:00,2026-08-25T15:24:15.715023+00:00,28.203737001604168,APPROVED,
postgres,391,2026-08-25T15:24:15.715141+00:00,2026-08-25T15:24:15.729448+00:00,14.297600999270799,APPROVED,
voltdb,391,2026-08-25T15:24:15.729512+00:00,2026-08-25T15:24:15.756990+00:00,27.472543999465415,APPROVED,
postgres,393,2026-08-25T15:24:15.757075+00:00,2026-08-25T15:24:15.772753+00:00,15.667407998989802,APPROVED,
voltdb,393,2026-08-25T15:24:15.772788+00:00,2026-08-25T15:24:15.805611+00:00,32.817273000546265,APPROVED,
postgres,397,2026-08-25T15:24:15.805696+00:00,2026-08-25T15:24:15.818967+00:00,13.261667001643218,APPROVED,
voltdb,397,2026-08-25T15:24:15.819005+00:00,2026-08-25T15:24:15.850714+00:00,31.665845999668818,APPROVED,
postgres,399,2026-08-25T15:24:15.851020+00:00,2026-08-25T15:24:15.868245+00:00,17.16101900092326,REVIEW,
voltdb,399,2026-08-25T15:24:15.868297+00:00,2026-08-25T15:24:15.909195+00:00,40.890881999075646,REVIEW,
postgres,401,2026-08-25T15:24:15.909282+00:00,2026-08-25T15:24:15.924413+00:00,15.120971002033912,APPROVED,
voltdb,401,2026-08-25T15:24:15.924452+00:00,2026-08-25T15:24:15.960699+00:00,36.24076000050991,APPROVED,
postgres,402,2026-08-25T15:24:15.960773+00:00,2026-08-25T15:24:15.974029+00:00,13.245590998849366,APPROVED,
voltdb,402,2026-08-25T15:24:15.974065+00:00,2026-08-25T15:24:16.006885+00:00,32.81249300198397,APPROVED,
postgres,404,2026-08-25T15:24:16.007050+00:00,2026-08-25T15:24:16.023748+00:00,16.607182998995995,APPROVED,
voltdb,404,2026-08-25T15:24:16.023787+00:00,2026-08-25T15:24:16.057024+00:00,33.230790999368764,APPROVED,
postgres,406,2026-08-25T15:24:16.057100+00:00,2026-08-25T15:24:16.074308+00:00,17.19790000061039,APPROVED,
voltdb,406,2026-08-25T15:24:16.074351+00:00,2026-08-25T15:24:16.108047+00:00,33.68908600168652,APPROVED,
postgres,407,2026-08-25T15:24:16.108231+00:00,2026-08-25T15:24:16.122139+00:00,13.854728000296745,REVIEW,
voltdb,407,2026-08-25T15:24:16.122175+00:00,2026-08-25T15:24:16.163229+00:00,41.04499800087069,REVIEW,
postgres,408,2026-08-25T15:24:16.163390+00:00,2026-08-25T15:24:16.176134+00:00,12.729256999591598,APPROVED,
voltdb,408,2026-08-25T15:24:16.176171+00:00,2026-08-25T15:24:16.209267+00:00,33.08879600081127,APPROVED,
postgres,409,2026-08-25T15:24:16.210778+00:00,2026-08-25T15:24:16.225264+00:00,14.4629749993328,APPROVED,
voltdb,409,2026-08-25T15:24:16.225300+00:00,2026-08-25T15:24:16.255437+00:00,30.129817001579795,APPROVED,
postgres,410,2026-08-25T15:24:16.255722+00:00,2026-08-25T15:24:16.268000+00:00,12.260745999810752,APPROVED,
voltdb,410,2026-08-25T15:24:16.268040+00:00,2026-08-25T15:24:16.300869+00:00,32.821327997226035,APPROVED,
postgres,414,2026-08-25T15:24:16.300979+00:00,2026-08-25T15:24:16.315690+00:00,14.699400999234058,APPROVED,
voltdb,414,2026-08-25T15:24:16.315726+00:00,2026-08-25T15:24:16.348083+00:00,32.34571299981326,APPROVED,
postgres,415,2026-08-25T15:24:16.348191+00:00,2026-08-25T15:24:16.362750+00:00,14.549298997735605,APPROVED,
voltdb,415,2026-08-25T15:24:16.362788+00:00,2026-08-25T15:24:16.390706+00:00,27.911432000109926,APPROVED,
postgres,417,2026-08-25T15:24:16.390788+00:00,2026-08-25T15:24:16.406204+00:00,15.361188001406845,APPROVED,
voltdb,417,2026-08-25T15:24:16.406241+00:00,2026-08-25T15:24:16.438970+00:00,32.72132600250188,APPROVED,
postgres,419,2026-08-25T15:24:16.439138+00:00,2026-08-25T15:24:16.451398+00:00,12.248097998963203,APPROVED,
voltdb,419,2026-08-25T15:24:16.451470+00:00,2026-08-25T15:24:16.483638+00:00,32.16120800061617,APPROVED,
postgres,420,2026-08-25T15:24:16.483789+00:00,2026-08-25T15:24:16.498686+00:00,14.884177999192616,APPROVED,
voltdb,420,2026-08-25T15:24:16.498723+00:00,2026-08-25T15:24:16.529572+00:00,30.839106999337673,APPROVED,
postgres,422,2026-08-25T15:24:16.529697+00:00,2026-08-25T15:24:16.584652+00:00,54.94289599664626,APPROVED,
voltdb,422,2026-08-25T15:24:16.584687+00:00,2026-08-25T15:24:16.637457+00:00,52.762838000489864,APPROVED,
postgres,423,2026-08-25T15:24:16.637532+00:00,2026-08-25T15:24:16.649019+00:00,11.477059000753798,APPROVED,
voltdb,423,2026-08-25T15:24:16.649055+00:00,2026-08-25T15:24:16.679285+00:00,30.22333699846058,APPROVED,
postgres,424,2026-08-25T15:24:16.679361+00:00,2026-08-25T15:24:16.693679+00:00,14.308292000350775,APPROVED,
voltdb,424,2026-08-25T15:24:16.693716+00:00,2026-08-25T15:24:16.727560+00:00,33.8362340007734,APPROVED,
postgres,425,2026-08-25T15:24:16.727643+00:00,2026-08-25T15:24:16.737047+00:00,9.394108998094453,APPROVED,
voltdb,425,2026-08-25T15:24:16.737082+00:00,2026-08-25T15:24:16.769589+00:00,32.500641002116026,APPROVED,
postgres,426,2026-08-25T15:24:16.769664+00:00,2026-08-25T15:24:16.783165+00:00,13.491812998836394,APPROVED,
voltdb,426,2026-08-25T15:24:16.783202+00:00,2026-08-25T15:24:16.813403+00:00,30.193413997039897,APPROVED,
postgres,427,2026-08-25T15:24:16.813582+00:00,2026-08-25T15:24:16.829725+00:00,16.130448999319924,REVIEW,
voltdb,427,2026-08-25T15:24:16.829764+00:00,2026-08-25T15:24:16.863494+00:00,33.723475000442704,REVIEW,
postgres,428,2026-08-25T15:24:16.863798+00:00,2026-08-25T15:24:16.876902+00:00,13.085062000754988,APPROVED,
voltdb,428,2026-08-25T15:24:16.876940+00:00,2026-08-25T15:24:16.899294+00:00,22.348325001075864,APPROVED,
postgres,430,2026-08-25T15:24:16.899389+00:00,2026-08-25T15:24:16.913686+00:00,14.28750099876197,APPROVED,
voltdb,430,2026-08-25T15:24:16.913724+00:00,2026-08-25T15:24:16.941519+00:00,27.78903200305649,APPROVED,
postgres,431,2026-08-25T15:24:16.941594+00:00,2026-08-25T15:24:16.955035+00:00,13.431810999463778,REVIEW,
voltdb,431,2026-08-25T15:24:16.955072+00:00,2026-08-25T15:24:16.993579+00:00,38.50018500088481,REVIEW,
postgres,432,2026-08-25T15:24:16.993680+00:00,2026-08-25T15:24:17.005368+00:00,11.677425001835218,APPROVED,
voltdb,432,2026-08-25T15:24:17.005405+00:00,2026-08-25T15:24:17.036680+00:00,31.268252001609653,APPROVED,
postgres,433,2026-08-25T15:24:17.036758+00:00,2026-08-25T15:24:17.049695+00:00,12.927230000059353,APPROVED,
voltdb,433,2026-08-25T15:24:17.049733+00:00,2026-08-25T15:24:17.081372+00:00,31.630939000024227,APPROVED,
postgres,435,2026-08-25T15:24:17.081512+00:00,2026-08-25T15:24:17.095416+00:00,13.887807999708457,APPROVED,
voltdb,435,2026-08-25T15:24:17.095476+00:00,2026-08-25T15:24:17.125846+00:00,30.363342000782723,APPROVED,
postgres,437,2026-08-25T15:24:17.125970+00:00,2026-08-25T15:24:17.139719+00:00,13.737728000705829,APPROVED,
voltdb,437,2026-08-25T15:24:17.139772+00:00,2026-08-25T15:24:17.179072+00:00,39.29204100131756,APPROVED,
postgres,438,2026-08-25T15:24:17.179239+00:00,2026-08-25T15:24:17.193550+00:00,14.28597400081344,APPROVED,
voltdb,438,2026-08-25T15:24:17.193587+00:00,2026-08-25T15:24:17.230534+00:00,36.94034799991641,APPROVED,
postgres,439,2026-08-25T15:24:17.230627+00:00,2026-08-25T15:24:17.246628+00:00,15.991176001989515,APPROVED,
voltdb,439,2026-08-25T15:24:17.246685+00:00,2026-08-25T15:24:17.281483+00:00,34.790335997968214,APPROVED,
postgres,440,2026-08-25T15:24:17.281636+00:00,2026-08-25T15:24:17.296109+00:00,14.45543600129895,APPROVED,
voltdb,440,2026-08-25T15:24:17.296145+00:00,2026-08-25T15:24:17.336459+00:00,40.307671999471495,APPROVED,
postgres,441,2026-08-25T15:24:17.336612+00:00,2026-08-25T15:24:17.350727+00:00,14.097449999098899,REVIEW,
voltdb,441,2026-08-25T15:24:17.350762+00:00,2026-08-25T15:24:17.400511+00:00,49.74244800177985,REVIEW,
postgres,443,2026-08-25T15:24:17.400620+00:00,2026-08-25T15:24:17.416959+00:00,16.321200000675162,APPROVED,
voltdb,443,2026-08-25T15:24:17.417045+00:00,2026-08-25T15:24:17.447571+00:00,30.51109800071572,APPROVED,
postgres,444,2026-08-25T15:24:17.447651+00:00,2026-08-25T15:24:17.458718+00:00,11.056672999984585,APPROVED,
voltdb,444,2026-08-25T15:24:17.458753+00:00,2026-08-25T15:24:17.480702+00:00,21.94224199774908,APPROVED,
postgres,445,2026-08-25T15:24:17.480783+00:00,2026-08-25T15:24:17.494503+00:00,13.708345002669375,APPROVED,
voltdb,445,2026-08-25T15:24:17.494549+00:00,2026-08-25T15:24:17.523813+00:00,29.25715899982606,APPROVED,
postgres,447,2026-08-25T15:24:17.523915+00:00,2026-08-25T15:24:17.536187+00:00,12.260990999493515,APPROVED,
voltdb,447,2026-08-25T15:24:17.536223+00:00,2026-08-25T15:24:17.562954+00:00,26.723781000328017,APPROVED,
postgres,448,2026-08-25T15:24:17.563032+00:00,2026-08-25T15:24:17.579402+00:00,16.360178000468295,BLOCKED,
voltdb,448,2026-08-25T15:24:17.579442+00:00,2026-08-25T15:24:17.613011+00:00,33.56248099953518,BLOCKED,
postgres,449,2026-08-25T15:24:17.613097+00:00,2026-08-25T15:24:17.628816+00:00,15.708783001173288,APPROVED,
voltdb,449,2026-08-25T15:24:17.628853+00:00,2026-08-25T15:24:17.655111+00:00,26.252176001435146,APPROVED,
postgres,451,2026-08-25T15:24:17.655188+00:00,2026-08-25T15:24:17.669136+00:00,13.937976000306662,APPROVED,
voltdb,451,2026-08-25T15:24:17.669173+00:00,2026-08-25T15:24:17.698182+00:00,29.000798000197392,APPROVED,
postgres,452,2026-08-25T15:24:17.698323+00:00,2026-08-25T15:24:17.713678+00:00,15.342981001595035,APPROVED,
voltdb,452,2026-08-25T15:24:17.713715+00:00,2026-08-25T15:24:17.744313+00:00,30.589522000809666,APPROVED,
postgres,453,2026-08-25T15:24:17.744394+00:00,2026-08-25T15:24:17.755845+00:00,11.440181999205379,APPROVED,
voltdb,453,2026-08-25T15:24:17.755883+00:00,2026-08-25T15:24:17.792196+00:00,36.30627900201944,APPROVED,
postgres,455,2026-08-25T15:24:17.792274+00:00,2026-08-25T15:24:17.810627+00:00,18.343167001148686,REVIEW,
voltdb,455,2026-08-25T15:24:17.810664+00:00,2026-08-25T15:24:17.855033+00:00,44.36177299794508,REVIEW,
postgres,459,2026-08-25T15:24:17.855118+00:00,2026-08-25T15:24:17.866247+00:00,11.119287999463268,APPROVED,
voltdb,459,2026-08-25T15:24:17.866283+00:00,2026-08-25T15:24:17.898137+00:00,31.848140999500174,APPROVED,
postgres,460,2026-08-25T15:24:17.898215+00:00,2026-08-25T15:24:17.911392+00:00,13.167234999855282,APPROVED,
voltdb,460,2026-08-25T15:24:17.911428+00:00,2026-08-25T15:24:17.931980+00:00,20.54588499959209,APPROVED,
postgres,462,2026-08-25T15:24:17.932055+00:00,2026-08-25T15:24:17.945697+00:00,13.632412999868393,APPROVED,
voltdb,462,2026-08-25T15:24:17.945735+00:00,2026-08-25T15:24:17.973266+00:00,27.523363998625427,APPROVED,
postgres,464,2026-08-25T15:24:17.973348+00:00,2026-08-25T15:24:17.983673+00:00,10.314377999748103,APPROVED,
voltdb,464,2026-08-25T15:24:17.983709+00:00,2026-08-25T15:24:18.038463+00:00,54.74645499998587,APPROVED,
postgres,467,2026-08-25T15:24:18.038604+00:00,2026-08-25T15:24:18.060140+00:00,21.519394002098124,APPROVED,
voltdb,467,2026-08-25T15:24:18.060176+00:00,2026-08-25T15:24:18.086994+00:00,26.81097299864632,APPROVED,
postgres,468,2026-08-25T15:24:18.087241+00:00,2026-08-25T15:24:18.103055+00:00,15.778901000885526,APPROVED,
voltdb,468,2026-08-25T15:24:18.103092+00:00,2026-08-25T15:24:18.128213+00:00,25.11466299984022,APPROVED,
postgres,469,2026-08-25T15:24:18.128323+00:00,2026-08-25T15:24:18.143904+00:00,15.564805999019882,APPROVED,
voltdb,469,2026-08-25T15:24:18.143954+00:00,2026-08-25T15:24:18.177128+00:00,33.167104000312975,APPROVED,
postgres,470,2026-08-25T15:24:18.177209+00:00,2026-08-25T15:24:18.207674+00:00,30.454594998445828,APPROVED,
voltdb,470,2026-08-25T15:24:18.207711+00:00,2026-08-25T15:24:18.243458+00:00,35.73820499877911,APPROVED,
postgres,472,2026-08-25T15:24:18.243583+00:00,2026-08-25T15:24:18.260588+00:00,16.989482999633765,APPROVED,
voltdb,472,2026-08-25T15:24:18.260627+00:00,2026-08-25T15:24:18.287709+00:00,27.074713998445077,APPROVED,
postgres,473,2026-08-25T15:24:18.287792+00:00,2026-08-25T15:24:18.304752+00:00,16.950211000221316,APPROVED,
voltdb,473,2026-08-25T15:24:18.304791+00:00,2026-08-25T15:24:18.348277+00:00,43.479194999235915,APPROVED,
postgres,474,2026-08-25T15:24:18.348490+00:00,2026-08-25T15:24:18.364777+00:00,16.266353999526473,APPROVED,
voltdb,474,2026-08-25T15:24:18.364817+00:00,2026-08-25T15:24:18.401871+00:00,36.969421002140734,APPROVED,
postgres,475,2026-08-25T15:24:18.402211+00:00,2026-08-25T15:24:18.425881+00:00,23.644539000088116,APPROVED,
voltdb,475,2026-08-25T15:24:18.425931+00:00,2026-08-25T15:24:18.459574+00:00,33.63456999795744,APPROVED,
postgres,477,2026-08-25T15:24:18.459731+00:00,2026-08-25T15:24:18.474754+00:00,15.006757999799447,APPROVED,
voltdb,477,2026-08-25T15:24:18.474791+00:00,2026-08-25T15:24:18.501933+00:00,27.135601001646137,APPROVED,
postgres,479,2026-08-25T15:24:18.502023+00:00,2026-08-25T15:24:18.516916+00:00,14.88262899874826,APPROVED,
voltdb,479,2026-08-25T15:24:18.516955+00:00,2026-08-25T15:24:18.546305+00:00,29.341852001380175,APPROVED,
postgres,482,2026-08-25T15:24:18.546457+00:00,2026-08-25T15:24:18.561203+00:00,14.72923199980869,APPROVED,
voltdb,482,2026-08-25T15:24:18.561247+00:00,2026-08-25T15:24:18.594132+00:00,32.87716299746535,APPROVED,
postgres,483,2026-08-25T15:24:18.594357+00:00,2026-08-25T15:24:18.605688+00:00,11.314323997794418,APPROVED,
voltdb,483,2026-08-25T15:24:18.605724+00:00,2026-08-25T15:24:18.635475+00:00,29.744100000243634,APPROVED,
postgres,484,2026-08-25T15:24:18.635550+00:00,2026-08-25T15:24:18.647770+00:00,12.209772001369856,APPROVED,
voltdb,484,2026-08-25T15:24:18.647807+00:00,2026-08-25T15:24:18.677091+00:00,29.277883000759175,APPROVED,
postgres,486,2026-08-25T15:24:18.677186+00:00,2026-08-25T15:24:18.690924+00:00,13.728629000979709,APPROVED,
voltdb,486,2026-08-25T15:24:18.690962+00:00,2026-08-25T15:24:18.721845+00:00,30.876066997734597,APPROVED,
postgres,489,2026-08-25T15:24:18.721926+00:00,2026-08-25T15:24:18.733372+00:00,11.435403997893445,APPROVED,
voltdb,489,2026-08-25T15:24:18.733409+00:00,2026-08-25T15:24:18.761430+00:00,28.014018000249052,APPROVED,
postgres,491,2026-08-25T15:24:18.761646+00:00,2026-08-25T15:24:18.775896+00:00,14.231887998903403,APPROVED,
voltdb,491,2026-08-25T15:24:18.775932+00:00,2026-08-25T15:24:18.808942+00:00,33.0024200011394,APPROVED,
postgres,493,2026-08-25T15:24:18.809246+00:00,2026-08-25T15:24:18.821482+00:00,12.22380100080045,APPROVED,
voltdb,493,2026-08-25T15:24:18.821521+00:00,2026-08-25T15:24:18.853599+00:00,32.07137799836346,APPROVED,
postgres,496,2026-08-25T15:24:18.853684+00:00,2026-08-25T15:24:18.866721+00:00,12.981312000192702,APPROVED,
voltdb,496,2026-08-25T15:24:18.866758+00:00,2026-08-25T15:24:18.896756+00:00,29.99153799828491,APPROVED,
postgres,499,2026-08-25T15:24:18.897020+00:00,2026-08-25T15:24:18.912829+00:00,15.787899999850197,REVIEW,
voltdb,499,2026-08-25T15:24:18.912866+00:00,2026-08-25T15:24:18.947162+00:00,34.289044997422025,REVIEW,
postgres,500,2026-08-25T15:24:18.947357+00:00,2026-08-25T15:24:18.960493+00:00,13.117857000906952,APPROVED,
voltdb,500,2026-08-25T15:24:18.960566+00:00,2026-08-25T15:24:18.988285+00:00,27.712002000043867,APPROVED,
postgres,501,2026-08-25T15:24:18.988382+00:00,2026-08-25T15:24:19.003204+00:00,14.787214000534732,APPROVED,
voltdb,501,2026-08-25T15:24:19.003239+00:00,2026-08-25T15:24:19.035172+00:00,31.92611700069392,APPROVED,
postgres,502,2026-08-25T15:24:19.035248+00:00,2026-08-25T15:24:19.047468+00:00,12.210167002194794,APPROVED,
voltdb,502,2026-08-25T15:24:19.047505+00:00,2026-08-25T15:24:19.071211+00:00,23.699032000877196,APPROVED,
postgres,503,2026-08-25T15:24:19.071807+00:00,2026-08-25T15:24:19.085397+00:00,13.569733000622364,APPROVED,
voltdb,503,2026-08-25T15:24:19.085434+00:00,2026-08-25T15:24:19.113661+00:00,28.21949200006202,APPROVED,
postgres,507,2026-08-25T15:24:19.113741+00:00,2026-08-25T15:24:19.127956+00:00,14.205180999852018,APPROVED,
voltdb,507,2026-08-25T15:24:19.127994+00:00,2026-08-25T15:24:19.153848+00:00,25.847455999610247,APPROVED,
postgres,508,2026-08-25T15:24:19.154008+00:00,2026-08-25T15:24:19.168936+00:00,14.91572799932328,APPROVED,
voltdb,508,2026-08-25T15:24:19.168972+00:00,2026-08-25T15:24:19.198734+00:00,29.755773997749202,APPROVED,
postgres,509,2026-08-25T15:24:19.198822+00:00,2026-08-25T15:24:19.215047+00:00,16.215001000091434,BLOCKED,
voltdb,509,2026-08-25T15:24:19.215083+00:00,2026-08-25T15:24:19.249414+00:00,34.32335300021805,BLOCKED,
postgres,510,2026-08-25T15:24:19.249554+00:00,2026-08-25T15:24:19.262345+00:00,12.77513900276972,APPROVED,
voltdb,510,2026-08-25T15:24:19.262382+00:00,2026-08-25T15:24:19.288986+00:00,26.59847799804993,APPROVED,
postgres,511,2026-08-25T15:24:19.289066+00:00,2026-08-25T15:24:19.301716+00:00,12.638512998819351,APPROVED,
voltdb,511,2026-08-25T15:24:19.301753+00:00,2026-08-25T15:24:19.329406+00:00,27.646607002679957,APPROVED,
postgres,512,2026-08-25T15:24:19.329497+00:00,2026-08-25T15:24:19.345930+00:00,16.420629999629455,REVIEW,
voltdb,512,2026-08-25T15:24:19.345965+00:00,2026-08-25T15:24:19.379935+00:00,33.95952800201485,REVIEW,
postgres,513,2026-08-25T15:24:19.380029+00:00,2026-08-25T15:24:19.392762+00:00,12.722440998913953,APPROVED,
voltdb,513,2026-08-25T15:24:19.392799+00:00,2026-08-25T15:24:19.424152+00:00,31.342899001174374,APPROVED,
postgres,514,2026-08-25T15:24:19.424257+00:00,2026-08-25T15:24:19.439420+00:00,15.15321000260883,APPROVED,
voltdb,514,2026-08-25T15:24:19.439456+00:00,2026-08-25T15:24:19.472252+00:00,32.78788899842766,APPROVED,
postgres,515,2026-08-25T15:24:19.472351+00:00,2026-08-25T15:24:19.486169+00:00,13.8079860007565,APPROVED,
voltdb,515,2026-08-25T15:24:19.486206+00:00,2026-08-25T15:24:19.519315+00:00,33.10238899939577,APPROVED,
postgres,516,2026-08-25T15:24:19.519461+00:00,2026-08-25T15:24:19.571972+00:00,52.494019000732806,APPROVED,
voltdb,516,2026-08-25T15:24:19.572008+00:00,2026-08-25T15:24:19.596762+00:00,24.747084000409814,APPROVED,
postgres,517,2026-08-25T15:24:19.596906+00:00,2026-08-25T15:24:19.607162+00:00,10.242665997793665,APPROVED,
voltdb,517,2026-08-25T15:24:19.607200+00:00,2026-08-25T15:24:19.631255+00:00,24.048423998465296,APPROVED,
postgres,518,2026-08-25T15:24:19.631420+00:00,2026-08-25T15:24:19.643281+00:00,11.84344800276449,APPROVED,
voltdb,518,2026-08-25T15:24:19.643322+00:00,2026-08-25T15:24:19.672703+00:00,29.375137000897666,APPROVED,
postgres,519,2026-08-25T15:24:19.672865+00:00,2026-08-25T15:24:19.685939+00:00,13.059090000751894,APPROVED,
voltdb,519,2026-08-25T15:24:19.685977+00:00,2026-08-25T15:24:19.714264+00:00,28.274141001020325,APPROVED,
postgres,520,2026-08-25T15:24:19.714433+00:00,2026-08-25T15:24:19.725662+00:00,11.217347000638256,APPROVED,
voltdb,520,2026-08-25T15:24:19.725701+00:00,2026-08-25T15:24:19.756466+00:00,30.757889999222243,APPROVED,
postgres,521,2026-08-25T15:24:19.756543+00:00,2026-08-25T15:24:19.770670+00:00,14.11602100051823,APPROVED,
voltdb,521,2026-08-25T15:24:19.770708+00:00,2026-08-25T15:24:19.795624+00:00,24.909914998715976,APPROVED,
postgres,522,2026-08-25T15:24:19.795751+00:00,2026-08-25T15:24:19.810705+00:00,14.943889000278432,APPROVED,
voltdb,522,2026-08-25T15:24:19.810779+00:00,2026-08-25T15:24:19.841266+00:00,30.479891000140924,APPROVED,
postgres,523,2026-08-25T15:24:19.841398+00:00,2026-08-25T15:24:19.857318+00:00,15.909435001958627,APPROVED,
voltdb,523,2026-08-25T15:24:19.857355+00:00,2026-08-25T15:24:19.891881+00:00,34.51837700049509,APPROVED,
postgres,524,2026-08-25T15:24:19.892059+00:00,2026-08-25T15:24:19.905031+00:00,12.954480000189506,APPROVED,
voltdb,524,2026-08-25T15:24:19.905070+00:00,2026-08-25T15:24:19.931730+00:00,26.65311399687198,APPROVED,
postgres,525,2026-08-25T15:24:19.931812+00:00,2026-08-25T15:24:19.946840+00:00,15.016920999187278,APPROVED,
voltdb,525,2026-08-25T15:24:19.946876+00:00,2026-08-25T15:24:19.977687+00:00,30.799504998867633,APPROVED,
postgres,526,2026-08-25T15:24:19.977864+00:00,2026-08-25T15:24:19.993635+00:00,15.750488000776386,REVIEW,
voltdb,526,2026-08-25T15:24:19.993671+00:00,2026-08-25T15:24:20.033398+00:00,39.72092600088217,REVIEW,
postgres,527,2026-08-25T15:24:20.033616+00:00,2026-08-25T15:24:20.047240+00:00,13.610058998892782,REVIEW,
voltdb,527,2026-08-25T15:24:20.047276+00:00,2026-08-25T15:24:20.089384+00:00,42.10140099894488,REVIEW,
postgres,528,2026-08-25T15:24:20.089611+00:00,2026-08-25T15:24:20.102223+00:00,12.596975000633392,BLOCKED,
voltdb,528,2026-08-25T15:24:20.102261+00:00,2026-08-25T15:24:20.142535+00:00,40.265757001179736,BLOCKED,
postgres,529,2026-08-25T15:24:20.142619+00:00,2026-08-25T15:24:20.163125+00:00,20.48772400303278,APPROVED,
voltdb,529,2026-08-25T15:24:20.163199+00:00,2026-08-25T15:24:20.192185+00:00,28.964510001969757,APPROVED,
postgres,530,2026-08-25T15:24:20.192518+00:00,2026-08-25T15:24:20.206364+00:00,13.812822999170749,APPROVED,
voltdb,530,2026-08-25T15:24:20.206402+00:00,2026-08-25T15:24:20.240365+00:00,33.95681400070316,APPROVED,
postgres,531,2026-08-25T15:24:20.240525+00:00,2026-08-25T15:24:20.249882+00:00,9.342912002466619,APPROVED,
voltdb,531,2026-08-25T15:24:20.249917+00:00,2026-08-25T15:24:20.268940+00:00,19.015146001038374,APPROVED,
postgres,532,2026-08-25T15:24:20.269239+00:00,2026-08-25T15:24:20.283947+00:00,14.67677199980244,APPROVED,
voltdb,532,2026-08-25T15:24:20.283984+00:00,2026-08-25T15:24:20.310817+00:00,26.824630000191974,APPROVED,
postgres,533,2026-08-25T15:24:20.310910+00:00,2026-08-25T15:24:20.322462+00:00,11.537349000718677,APPROVED,
voltdb,533,2026-08-25T15:24:20.322529+00:00,2026-08-25T15:24:20.349175+00:00,26.639988001988968,APPROVED,
postgres,535,2026-08-25T15:24:20.349256+00:00,2026-08-25T15:24:20.365937+00:00,16.670265002176166,APPROVED,
voltdb,535,2026-08-25T15:24:20.365974+00:00,2026-08-25T15:24:20.397802+00:00,31.82098099932773,APPROVED,
postgres,536,2026-08-25T15:24:20.398071+00:00,2026-08-25T15:24:20.413087+00:00,14.998422997450689,APPROVED,
voltdb,536,2026-08-25T15:24:20.413123+00:00,2026-08-25T15:24:20.444438+00:00,31.307076998928096,APPROVED,
postgres,538,2026-08-25T15:24:20.444521+00:00,2026-08-25T15:24:20.460269+00:00,15.732148000097368,APPROVED,
voltdb,538,2026-08-25T15:24:20.460349+00:00,2026-08-25T15:24:20.492163+00:00,31.805917002202477,APPROVED,
postgres,539,2026-08-25T15:24:20.492328+00:00,2026-08-25T15:24:20.508203+00:00,15.827461000299081,APPROVED,
voltdb,539,2026-08-25T15:24:20.508272+00:00,2026-08-25T15:24:20.537369+00:00,29.09019200160401,APPROVED,
postgres,542,2026-08-25T15:24:20.537450+00:00,2026-08-25T15:24:20.548142+00:00,10.682176001864718,APPROVED,
voltdb,542,2026-08-25T15:24:20.548179+00:00,2026-08-25T15:24:20.579296+00:00,31.075378003151855,APPROVED,
postgres,543,2026-08-25T15:24:20.579376+00:00,2026-08-25T15:24:20.590870+00:00,11.484119000670034,APPROVED,
voltdb,543,2026-08-25T15:24:20.590907+00:00,2026-08-25T15:24:20.614730+00:00,23.816248998627998,APPROVED,
postgres,544,2026-08-25T15:24:20.614852+00:00,2026-08-25T15:24:20.628822+00:00,13.959758001874434,APPROVED,
voltdb,544,2026-08-25T15:24:20.628860+00:00,2026-08-25T15:24:20.662851+00:00,33.983597000769805,APPROVED,
postgres,545,2026-08-25T15:24:20.662931+00:00,2026-08-25T15:24:20.678240+00:00,15.297747999284184,APPROVED,
voltdb,545,2026-08-25T15:24:20.678276+00:00,2026-08-25T15:24:20.708401+00:00,30.114113000308862,APPROVED,
postgres,546,2026-08-25T15:24:20.708549+00:00,2026-08-25T15:24:20.722707+00:00,14.144439999654423,APPROVED,
voltdb,546,2026-08-25T15:24:20.722743+00:00,2026-08-25T15:24:20.752358+00:00,29.608576001919573,APPROVED,
postgres,547,2026-08-25T15:24:20.752439+00:00,2026-08-25T15:24:20.770695+00:00,18.24618300088332,REVIEW,
voltdb,547,2026-08-25T15:24:20.770732+00:00,2026-08-25T15:24:20.807156+00:00,36.41158200116479,REVIEW,
postgres,548,2026-08-25T15:24:20.807338+00:00,2026-08-25T15:24:20.817595+00:00,10.241632000543177,APPROVED,
voltdb,548,2026-08-25T15:24:20.817632+00:00,2026-08-25T15:24:20.853362+00:00,35.72352500123088,APPROVED,
postgres,549,2026-08-25T15:24:20.853645+00:00,2026-08-25T15:24:20.868396+00:00,14.734700998815242,APPROVED,
voltdb,549,2026-08-25T15:24:20.868431+00:00,2026-08-25T15:24:20.906572+00:00,38.13353499936056,APPROVED,
postgres,550,2026-08-25T15:24:20.906732+00:00,2026-08-25T15:24:20.922953+00:00,16.203895000217017,APPROVED,
voltdb,550,2026-08-25T15:24:20.922990+00:00,2026-08-25T15:24:20.959772+00:00,36.77437400256167,APPROVED,
postgres,551,2026-08-25T15:24:20.959904+00:00,2026-08-25T15:24:21.048772+00:00,88.85149199704756,BLOCKED,
voltdb,551,2026-08-25T15:24:21.048809+00:00,2026-08-25T15:24:21.078912+00:00,30.096155001956504,BLOCKED,
postgres,553,2026-08-25T15:24:21.079024+00:00,2026-08-25T15:24:21.094936+00:00,15.895685999566922,APPROVED,
voltdb,553,2026-08-25T15:24:21.094973+00:00,2026-08-25T15:24:21.121326+00:00,26.346708000346553,APPROVED,
postgres,554,2026-08-25T15:24:21.121410+00:00,2026-08-25T15:24:21.131555+00:00,10.133651998330606,APPROVED,
voltdb,554,2026-08-25T15:24:21.131675+00:00,2026-08-25T15:24:21.167160+00:00,35.47376200003782,APPROVED,
postgres,555,2026-08-25T15:24:21.167364+00:00,2026-08-25T15:24:21.185164+00:00,17.779729001631495,BLOCKED,
voltdb,555,2026-08-25T15:24:21.185200+00:00,2026-08-25T15:24:21.220295+00:00,35.08778700052062,BLOCKED,
postgres,557,2026-08-25T15:24:21.220517+00:00,2026-08-25T15:24:21.238559+00:00,18.021995001618052,APPROVED,
voltdb,557,2026-08-25T15:24:21.238597+00:00,2026-08-25T15:24:21.267119+00:00,28.51511699918774,APPROVED,
postgres,560,2026-08-25T15:24:21.267322+00:00,2026-08-25T15:24:21.283218+00:00,15.8824829995865,APPROVED,
voltdb,560,2026-08-25T15:24:21.283268+00:00,2026-08-25T15:24:21.317791+00:00,34.51683899766067,APPROVED,
postgres,561,2026-08-25T15:24:21.317952+00:00,2026-08-25T15:24:21.336382+00:00,18.41287199931685,REVIEW,
voltdb,561,2026-08-25T15:24:21.336444+00:00,2026-08-25T15:24:21.372309+00:00,35.858629998983815,REVIEW,
postgres,562,2026-08-25T15:24:21.372405+00:00,2026-08-25T15:24:21.400078+00:00,27.661803000228247,APPROVED,
voltdb,562,2026-08-25T15:24:21.400115+00:00,2026-08-25T15:24:21.441531+00:00,41.40797800209839,APPROVED,
postgres,565,2026-08-25T15:24:21.441715+00:00,2026-08-25T15:24:21.465452+00:00,23.723581001831917,APPROVED,
voltdb,565,2026-08-25T15:24:21.465491+00:00,2026-08-25T15:24:21.502681+00:00,37.18245400159503,APPROVED,
postgres,566,2026-08-25T15:24:21.502895+00:00,2026-08-25T15:24:21.528797+00:00,25.88550400105305,REVIEW,
voltdb,566,2026-08-25T15:24:21.528832+00:00,2026-08-25T15:24:21.580751+00:00,51.904773001297144,REVIEW,
postgres,568,2026-08-25T15:24:21.581032+00:00,2026-08-25T15:24:21.602377+00:00,21.31425500192563,APPROVED,
voltdb,568,2026-08-25T15:24:21.602413+00:00,2026-08-25T15:24:21.643631+00:00,41.210811999917496,APPROVED,
postgres,571,2026-08-25T15:24:21.643712+00:00,2026-08-25T15:24:21.665064+00:00,21.341018000384793,APPROVED,
voltdb,571,2026-08-25T15:24:21.665145+00:00,2026-08-25T15:24:21.705602+00:00,40.44324300048174,APPROVED,
postgres,572,2026-08-25T15:24:21.705689+00:00,2026-08-25T15:24:21.723140+00:00,17.43924200127367,APPROVED,
voltdb,572,2026-08-25T15:24:21.723178+00:00,2026-08-25T15:24:21.760525+00:00,37.3392369983776,APPROVED,
postgres,573,2026-08-25T15:24:21.760829+00:00,2026-08-25T15:24:21.783484+00:00,22.623177002969896,APPROVED,
voltdb,573,2026-08-25T15:24:21.783520+00:00,2026-08-25T15:24:21.824754+00:00,41.22718299913686,APPROVED,
postgres,574,2026-08-25T15:24:21.824926+00:00,2026-08-25T15:24:21.843962+00:00,19.018195998796728,APPROVED,
voltdb,574,2026-08-25T15:24:21.843999+00:00,2026-08-25T15:24:21.889070+00:00,45.063874997140374,APPROVED,
postgres,575,2026-08-25T15:24:21.889378+00:00,2026-08-25T15:24:21.908948+00:00,19.551459001377225,REVIEW,
voltdb,575,2026-08-25T15:24:21.908987+00:00,2026-08-25T15:24:21.952015+00:00,43.01991700049257,REVIEW,
postgres,578,2026-08-25T15:24:21.952154+00:00,2026-08-25T15:24:21.968897+00:00,16.725391000363743,APPROVED,
voltdb,578,2026-08-25T15:24:21.968934+00:00,2026-08-25T15:24:22.001394+00:00,32.45266699741478,APPROVED,
postgres,579,2026-08-25T15:24:22.001541+00:00,2026-08-25T15:24:22.018932+00:00,17.374538001604378,APPROVED,
voltdb,579,2026-08-25T15:24:22.018979+00:00,2026-08-25T15:24:22.054051+00:00,35.064776999206515,APPROVED,
postgres,582,2026-08-25T15:24:22.054416+00:00,2026-08-25T15:24:22.070804+00:00,16.36834400051157,APPROVED,
voltdb,582,2026-08-25T15:24:22.070842+00:00,2026-08-25T15:24:22.106235+00:00,35.385669998504454,APPROVED,
postgres,583,2026-08-25T15:24:22.106349+00:00,2026-08-25T15:24:22.120380+00:00,14.017262001289055,APPROVED,
voltdb,583,2026-08-25T15:24:22.120417+00:00,2026-08-25T15:24:22.150314+00:00,29.889539000578225,APPROVED,
postgres,587,2026-08-25T15:24:22.150419+00:00,2026-08-25T15:24:22.166190+00:00,15.760856000269996,APPROVED,
voltdb,587,2026-08-25T15:24:22.166229+00:00,2026-08-25T15:24:22.205014+00:00,38.77672399903531,APPROVED,
postgres,588,2026-08-25T15:24:22.205096+00:00,2026-08-25T15:24:22.230341+00:00,25.23456100243493,APPROVED,
voltdb,588,2026-08-25T15:24:22.230378+00:00,2026-08-25T15:24:22.269306+00:00,38.92086600171751,APPROVED,
postgres,589,2026-08-25T15:24:22.269465+00:00,2026-08-25T15:24:22.283631+00:00,14.1516670009878,APPROVED,
voltdb,589,2026-08-25T15:24:22.283700+00:00,2026-08-25T15:24:22.320438+00:00,36.723895002069185,APPROVED,
postgres,590,2026-08-25T15:24:22.320785+00:00,2026-08-25T15:24:22.337059+00:00,16.25436299946159,APPROVED,
voltdb,590,2026-08-25T15:24:22.337096+00:00,2026-08-25T15:24:22.378697+00:00,41.59331899791141,APPROVED,
postgres,591,2026-08-25T15:24:22.378815+00:00,2026-08-25T15:24:22.394340+00:00,15.512048001255607,APPROVED,
voltdb,591,2026-08-25T15:24:22.394383+00:00,2026-08-25T15:24:22.432205+00:00,37.81435700147995,APPROVED,
postgres,593,2026-08-25T15:24:22.432376+00:00,2026-08-25T15:24:22.444980+00:00,12.582514998939587,APPROVED,
voltdb,593,2026-08-25T15:24:22.445025+00:00,2026-08-25T15:24:22.477313+00:00,32.28062199923443,APPROVED,
postgres,594,2026-08-25T15:24:22.477525+00:00,2026-08-25T15:24:22.491151+00:00,13.6112990003312,APPROVED,
voltdb,594,2026-08-25T15:24:22.491193+00:00,2026-08-25T15:24:22.523471+00:00,32.271218002279056,APPROVED,
postgres,595,2026-08-25T15:24:22.523644+00:00,2026-08-25T15:24:22.538919+00:00,15.259275001881178,APPROVED,
voltdb,595,2026-08-25T15:24:22.538957+00:00,2026-08-25T15:24:22.570140+00:00,31.176344000414247,APPROVED,
postgres,596,2026-08-25T15:24:22.570240+00:00,2026-08-25T15:24:22.585041+00:00,14.74830799998017,APPROVED,
voltdb,596,2026-08-25T15:24:22.585080+00:00,2026-08-25T15:24:22.616015+00:00,30.9289680008078,APPROVED,
postgres,598,2026-08-25T15:24:22.616145+00:00,2026-08-25T15:24:22.632355+00:00,16.19509900046978,APPROVED,
voltdb,598,2026-08-25T15:24:22.632393+00:00,2026-08-25T15:24:22.681359+00:00,48.95785800181329,APPROVED,
postgres,599,2026-08-25T15:24:22.681473+00:00,2026-08-25T15:24:22.691688+00:00,10.203915000602137,APPROVED,
voltdb,599,2026-08-25T15:24:22.691727+00:00,2026-08-25T15:24:22.724712+00:00,32.97806599948672,APPROVED,
postgres,600,2026-08-25T15:24:22.724808+00:00,2026-08-25T15:24:22.740333+00:00,15.514627000811743,APPROVED,
voltdb,600,2026-08-25T15:24:22.740370+00:00,2026-08-25T15:24:22.817863+00:00,77.48602599895094,APPROVED,
postgres,601,2026-08-25T15:24:22.817940+00:00,2026-08-25T15:24:22.830572+00:00,12.620670000615064,APPROVED,
voltdb,601,2026-08-25T15:24:22.830612+00:00,2026-08-25T15:24:22.895004+00:00,64.38434200026677,APPROVED,
postgres,602,2026-08-25T15:24:22.895085+00:00,2026-08-25T15:24:22.912495+00:00,17.39939300023252,APPROVED,
voltdb,602,2026-08-25T15:24:22.912539+00:00,2026-08-25T15:24:22.940243+00:00,27.696879998984514,APPROVED,
postgres,605,2026-08-25T15:24:22.941673+00:00,2026-08-25T15:24:22.958261+00:00,16.565294998144964,APPROVED,
voltdb,605,2026-08-25T15:24:22.958299+00:00,2026-08-25T15:24:22.993309+00:00,35.00255299877608,APPROVED,
postgres,606,2026-08-25T15:24:22.993393+00:00,2026-08-25T15:24:23.012126+00:00,18.718477000220446,APPROVED,
voltdb,606,2026-08-25T15:24:23.012196+00:00,2026-08-25T15:24:23.055098+00:00,42.89217200130224,APPROVED,
postgres,607,2026-08-25T15:24:23.055255+00:00,2026-08-25T15:24:23.069989+00:00,14.706587000546278,APPROVED,
voltdb,607,2026-08-25T15:24:23.070026+00:00,2026-08-25T15:24:23.110341+00:00,40.30774999773712,APPROVED,
postgres,609,2026-08-25T15:24:23.110454+00:00,2026-08-25T15:24:23.129987+00:00,19.511803999193944,APPROVED,
voltdb,609,2026-08-25T15:24:23.130051+00:00,2026-08-25T15:24:23.164176+00:00,34.116874001483666,APPROVED,
postgres,610,2026-08-25T15:24:23.164262+00:00,2026-08-25T15:24:23.175417+00:00,11.144634998345282,APPROVED,
voltdb,610,2026-08-25T15:24:23.175455+00:00,2026-08-25T15:24:23.203021+00:00,27.55911699932767,APPROVED,
postgres,611,2026-08-25T15:24:23.203099+00:00,2026-08-25T15:24:23.214950+00:00,11.84135799849173,APPROVED,
voltdb,611,2026-08-25T15:24:23.214991+00:00,2026-08-25T15:24:23.245760+00:00,30.76087500085123,APPROVED,
postgres,612,2026-08-25T15:24:23.245848+00:00,2026-08-25T15:24:23.257259+00:00,11.400011000660015,APPROVED,
voltdb,612,2026-08-25T15:24:23.257297+00:00,2026-08-25T15:24:23.285944+00:00,28.64072100055637,APPROVED,
postgres,613,2026-08-25T15:24:23.286021+00:00,2026-08-25T15:24:23.302629+00:00,16.597670000919607,APPROVED,
voltdb,613,2026-08-25T15:24:23.302691+00:00,2026-08-25T15:24:23.331020+00:00,28.322934998868732,APPROVED,
postgres,614,2026-08-25T15:24:23.331103+00:00,2026-08-25T15:24:23.345043+00:00,13.928674001363106,APPROVED,
voltdb,614,2026-08-25T15:24:23.345083+00:00,2026-08-25T15:24:23.371853+00:00,26.764387999719474,APPROVED,
postgres,617,2026-08-25T15:24:23.371962+00:00,2026-08-25T15:24:23.384253+00:00,12.280950999411289,APPROVED,
voltdb,617,2026-08-25T15:24:23.384289+00:00,2026-08-25T15:24:23.413471+00:00,29.1732840014447,APPROVED,
postgres,618,2026-08-25T15:24:23.413621+00:00,2026-08-25T15:24:23.425390+00:00,11.758772998291533,APPROVED,
voltdb,618,2026-08-25T15:24:23.425428+00:00,2026-08-25T15:24:23.456168+00:00,30.734332001884468,APPROVED,
postgres,619,2026-08-25T15:24:23.456265+00:00,2026-08-25T15:24:23.471987+00:00,15.71267699910095,APPROVED,
voltdb,619,2026-08-25T15:24:23.472051+00:00,2026-08-25T15:24:23.505582+00:00,33.52394999819808,APPROVED,
postgres,620,2026-08-25T15:24:23.505671+00:00,2026-08-25T15:24:23.520234+00:00,14.551164000295103,APPROVED,
voltdb,620,2026-08-25T15:24:23.520272+00:00,2026-08-25T15:24:23.556290+00:00,36.01130099923466,APPROVED,
postgres,621,2026-08-25T15:24:23.556406+00:00,2026-08-25T15:24:23.566834+00:00,10.417279998364393,REVIEW,
voltdb,621,2026-08-25T15:24:23.566869+00:00,2026-08-25T15:24:23.594160+00:00,27.28419499908341,REVIEW,
postgres,622,2026-08-25T15:24:23.594243+00:00,2026-08-25T15:24:23.608481+00:00,14.226783001504373,APPROVED,
voltdb,622,2026-08-25T15:24:23.608530+00:00,2026-08-25T15:24:23.636374+00:00,27.835420998599147,APPROVED,
postgres,623,2026-08-25T15:24:23.636468+00:00,2026-08-25T15:24:23.646166+00:00,9.687118999863742,APPROVED,
voltdb,623,2026-08-25T15:24:23.646202+00:00,2026-08-25T15:24:23.687837+00:00,41.62848900159588,APPROVED,
postgres,626,2026-08-25T15:24:23.687915+00:00,2026-08-25T15:24:23.701548+00:00,13.62175699978252,APPROVED,
voltdb,626,2026-08-25T15:24:23.701587+00:00,2026-08-25T15:24:23.735949+00:00,34.35541199723957,APPROVED,
postgres,629,2026-08-25T15:24:23.736028+00:00,2026-08-25T15:24:23.746608+00:00,10.571227001491934,APPROVED,
voltdb,629,2026-08-25T15:24:23.746647+00:00,2026-08-25T15:24:23.775395+00:00,28.73931499925675,APPROVED,
postgres,630,2026-08-25T15:24:23.775529+00:00,2026-08-25T15:24:23.788396+00:00,12.855165001383284,APPROVED,
voltdb,630,2026-08-25T15:24:23.788435+00:00,2026-08-25T15:24:23.812011+00:00,23.569255998154404,APPROVED,
postgres,633,2026-08-25T15:24:23.812098+00:00,2026-08-25T15:24:23.824659+00:00,12.549248000141233,APPROVED,
voltdb,633,2026-08-25T15:24:23.824697+00:00,2026-08-25T15:24:23.848162+00:00,23.456674000044586,APPROVED,
postgres,634,2026-08-25T15:24:23.848244+00:00,2026-08-25T15:24:23.861280+00:00,13.025046999246115,APPROVED,
voltdb,634,2026-08-25T15:24:23.861419+00:00,2026-08-25T15:24:23.888290+00:00,26.853921001020353,APPROVED,
postgres,635,2026-08-25T15:24:23.888384+00:00,2026-08-25T15:24:23.900372+00:00,11.946822000027169,APPROVED,
voltdb,635,2026-08-25T15:24:23.900411+00:00,2026-08-25T15:24:23.925010+00:00,24.592391000624048,APPROVED,
postgres,636,2026-08-25T15:24:23.925150+00:00,2026-08-25T15:24:23.940715+00:00,15.547875002084766,APPROVED,
voltdb,636,2026-08-25T15:24:23.940753+00:00,2026-08-25T15:24:23.969257+00:00,28.492935001850128,APPROVED,
postgres,637,2026-08-25T15:24:23.970504+00:00,2026-08-25T15:24:23.987219+00:00,16.68980999966152,APPROVED,
voltdb,637,2026-08-25T15:24:23.987278+00:00,2026-08-25T15:24:24.013990+00:00,26.705535001383396,APPROVED,
postgres,638,2026-08-25T15:24:24.014067+00:00,2026-08-25T15:24:24.028123+00:00,14.045642001292435,APPROVED,
voltdb,638,2026-08-25T15:24:24.028159+00:00,2026-08-25T15:24:24.055716+00:00,27.54968900262611,APPROVED,
postgres,639,2026-08-25T15:24:24.055814+00:00,2026-08-25T15:24:24.067717+00:00,11.893522998434491,APPROVED,
voltdb,639,2026-08-25T15:24:24.067753+00:00,2026-08-25T15:24:24.092366+00:00,24.605911999969976,APPROVED,
postgres,640,2026-08-25T15:24:24.092449+00:00,2026-08-25T15:24:24.108991+00:00,16.53174699822557,REVIEW,
voltdb,640,2026-08-25T15:24:24.109029+00:00,2026-08-25T15:24:24.147653+00:00,38.617038997472264,REVIEW,
postgres,641,2026-08-25T15:24:24.147734+00:00,2026-08-25T15:24:24.166003+00:00,18.258154999784892,APPROVED,
voltdb,641,2026-08-25T15:24:24.166041+00:00,2026-08-25T15:24:24.199484+00:00,33.43602999666473,APPROVED,
postgres,642,2026-08-25T15:24:24.199561+00:00,2026-08-25T15:24:24.213944+00:00,14.37300800171215,APPROVED,
voltdb,642,2026-08-25T15:24:24.213983+00:00,2026-08-25T15:24:24.289812+00:00,75.82061499851989,APPROVED,
postgres,643,2026-08-25T15:24:24.289915+00:00,2026-08-25T15:24:24.303132+00:00,12.954312998772366,APPROVED,
voltdb,643,2026-08-25T15:24:24.303169+00:00,2026-08-25T15:24:24.338413+00:00,35.23729399967124,APPROVED,
postgres,645,2026-08-25T15:24:24.338529+00:00,2026-08-25T15:24:24.352087+00:00,13.541866002924507,REVIEW,
voltdb,645,2026-08-25T15:24:24.352125+00:00,2026-08-25T15:24:24.387524+00:00,35.39251700203749,REVIEW,
postgres,646,2026-08-25T15:24:24.387608+00:00,2026-08-25T15:24:24.405173+00:00,17.55512700037798,APPROVED,
voltdb,646,2026-08-25T15:24:24.405211+00:00,2026-08-25T15:24:24.437282+00:00,32.064491002529394,APPROVED,
postgres,647,2026-08-25T15:24:24.437369+00:00,2026-08-25T15:24:24.447454+00:00,10.075154001242481,APPROVED,
voltdb,647,2026-08-25T15:24:24.447491+00:00,2026-08-25T15:24:24.475398+00:00,27.89921399744344,APPROVED,
postgres,648,2026-08-25T15:24:24.475474+00:00,2026-08-25T15:24:24.486063+00:00,10.579509998933645,APPROVED,
voltdb,648,2026-08-25T15:24:24.486100+00:00,2026-08-25T15:24:24.507981+00:00,21.8742140023096,APPROVED,
postgres,649,2026-08-25T15:24:24.508073+00:00,2026-08-25T15:24:24.522810+00:00,14.725078999617836,APPROVED,
voltdb,649,2026-08-25T15:24:24.522852+00:00,2026-08-25T15:24:24.552930+00:00,30.071569999563508,APPROVED,
postgres,650,2026-08-25T15:24:24.553009+00:00,2026-08-25T15:24:24.564088+00:00,11.069136002333835,APPROVED,
voltdb,650,2026-08-25T15:24:24.564124+00:00,2026-08-25T15:24:24.592216+00:00,28.08600499702152,APPROVED,
postgres,651,2026-08-25T15:24:24.592293+00:00,2026-08-25T15:24:24.603892+00:00,11.588735000259476,APPROVED,
voltdb,651,2026-08-25T15:24:24.603940+00:00,2026-08-25T15:24:24.629005+00:00,25.05778500199085,APPROVED,
postgres,653,2026-08-25T15:24:24.629082+00:00,2026-08-25T15:24:24.642789+00:00,13.697065001906594,APPROVED,
voltdb,653,2026-08-25T15:24:24.642826+00:00,2026-08-25T15:24:24.673922+00:00,31.08873499877518,APPROVED,
postgres,658,2026-08-25T15:24:24.674017+00:00,2026-08-25T15:24:24.688076+00:00,14.04876900051022,APPROVED,
voltdb,658,2026-08-25T15:24:24.688117+00:00,2026-08-25T15:24:24.713034+00:00,24.909904001106042,APPROVED,
postgres,659,2026-08-25T15:24:24.713121+00:00,2026-08-25T15:24:24.726399+00:00,13.267665999592282,REVIEW,
voltdb,659,2026-08-25T15:24:24.726435+00:00,2026-08-25T15:24:24.761522+00:00,35.08017199783353,REVIEW,
postgres,660,2026-08-25T15:24:24.761610+00:00,2026-08-25T15:24:24.771514+00:00,9.894385002553463,APPROVED,
voltdb,660,2026-08-25T15:24:24.771551+00:00,2026-08-25T15:24:24.793053+00:00,21.496052002476063,APPROVED,
postgres,661,2026-08-25T15:24:24.793131+00:00,2026-08-25T15:24:24.806750+00:00,13.597803997981828,APPROVED,
voltdb,661,2026-08-25T15:24:24.806863+00:00,2026-08-25T15:24:24.833187+00:00,26.30986700023641,APPROVED,
postgres,662,2026-08-25T15:24:24.833309+00:00,2026-08-25T15:24:24.846386+00:00,13.062206999165937,APPROVED,
voltdb,662,2026-08-25T15:24:24.846425+00:00,2026-08-25T15:24:24.872443+00:00,26.00002899998799,APPROVED,
postgres,663,2026-08-25T15:24:24.872726+00:00,2026-08-25T15:24:24.886250+00:00,13.4976369990909,APPROVED,
voltdb,663,2026-08-25T15:24:24.886288+00:00,2026-08-25T15:24:24.919002+00:00,32.706292000511894,APPROVED,
postgres,664,2026-08-25T15:24:24.919125+00:00,2026-08-25T15:24:24.935289+00:00,16.153347001818474,APPROVED,
voltdb,664,2026-08-25T15:24:24.935327+00:00,2026-08-25T15:24:24.964267+00:00,28.93380299792625,APPROVED,
postgres,665,2026-08-25T15:24:24.964345+00:00,2026-08-25T15:24:24.978680+00:00,14.325320000352804,APPROVED,
voltdb,665,2026-08-25T15:24:24.978717+00:00,2026-08-25T15:24:25.005097+00:00,26.37475800293032,APPROVED,
postgres,666,2026-08-25T15:24:25.005179+00:00,2026-08-25T15:24:25.019971+00:00,14.782538997678785,APPROVED,
voltdb,666,2026-08-25T15:24:25.020008+00:00,2026-08-25T15:24:25.045453+00:00,25.438033997488674,APPROVED,
postgres,667,2026-08-25T15:24:25.045539+00:00,2026-08-25T15:24:25.055739+00:00,10.190916997089516,APPROVED,
voltdb,667,2026-08-25T15:24:25.055772+00:00,2026-08-25T15:24:25.087036+00:00,31.256329999450827,APPROVED,
postgres,668,2026-08-25T15:24:25.087138+00:00,2026-08-25T15:24:25.099037+00:00,11.888897999597248,APPROVED,
voltdb,668,2026-08-25T15:24:25.099072+00:00,2026-08-25T15:24:25.123746+00:00,24.667714998940937,APPROVED,
postgres,669,2026-08-25T15:24:25.123839+00:00,2026-08-25T15:24:25.136663+00:00,12.814134999644011,APPROVED,
voltdb,669,2026-08-25T15:24:25.136698+00:00,2026-08-25T15:24:25.165279+00:00,28.574107000167714,APPROVED,
postgres,670,2026-08-25T15:24:25.165464+00:00,2026-08-25T15:24:25.180745+00:00,15.26503399873036,APPROVED,
voltdb,670,2026-08-25T15:24:25.180783+00:00,2026-08-25T15:24:25.210986+00:00,30.194556999049382,APPROVED,
postgres,671,2026-08-25T15:24:25.211305+00:00,2026-08-25T15:24:25.229098+00:00,17.772806000721175,APPROVED,
voltdb,671,2026-08-25T15:24:25.229135+00:00,2026-08-25T15:24:25.265051+00:00,35.90981800152804,APPROVED,
postgres,673,2026-08-25T15:24:25.265217+00:00,2026-08-25T15:24:25.279385+00:00,14.150964001601096,APPROVED,
voltdb,673,2026-08-25T15:24:25.279422+00:00,2026-08-25T15:24:25.309540+00:00,30.09658700102591,APPROVED,
postgres,674,2026-08-25T15:24:25.309701+00:00,2026-08-25T15:24:25.324355+00:00,14.637273001426365,APPROVED,
voltdb,674,2026-08-25T15:24:25.324393+00:00,2026-08-25T15:24:25.356293+00:00,31.892393999441992,APPROVED,
postgres,675,2026-08-25T15:24:25.356424+00:00,2026-08-25T15:24:25.372531+00:00,16.093244001240237,APPROVED,
voltdb,675,2026-08-25T15:24:25.372572+00:00,2026-08-25T15:24:25.402772+00:00,30.19305699854158,APPROVED,
postgres,676,2026-08-25T15:24:25.402891+00:00,2026-08-25T15:24:25.416346+00:00,13.446877001115354,APPROVED,
voltdb,676,2026-08-25T15:24:25.416383+00:00,2026-08-25T15:24:25.445400+00:00,29.006836000917247,APPROVED,
postgres,678,2026-08-25T15:24:25.445571+00:00,2026-08-25T15:24:25.457756+00:00,12.172705999546451,APPROVED,
voltdb,678,2026-08-25T15:24:25.457793+00:00,2026-08-25T15:24:25.488879+00:00,31.06727799968212,APPROVED,
postgres,680,2026-08-25T15:24:25.488986+00:00,2026-08-25T15:24:25.502888+00:00,13.89259999996284,APPROVED,
voltdb,680,2026-08-25T15:24:25.502925+00:00,2026-08-25T15:24:25.529656+00:00,26.72202599933371,APPROVED,
postgres,681,2026-08-25T15:24:25.529765+00:00,2026-08-25T15:24:25.540564+00:00,10.788700998091372,APPROVED,
voltdb,681,2026-08-25T15:24:25.540603+00:00,2026-08-25T15:24:25.574309+00:00,33.69927200037637,APPROVED,
postgres,682,2026-08-25T15:24:25.574388+00:00,2026-08-25T15:24:25.588358+00:00,13.960530999611365,APPROVED,
voltdb,682,2026-08-25T15:24:25.588393+00:00,2026-08-25T15:24:25.621669+00:00,33.26982900034636,APPROVED,
postgres,683,2026-08-25T15:24:25.621788+00:00,2026-08-25T15:24:25.653860+00:00,32.06271800081595,APPROVED,
voltdb,683,2026-08-25T15:24:25.653899+00:00,2026-08-25T15:24:25.705447+00:00,51.54162899998482,APPROVED,
postgres,685,2026-08-25T15:24:25.705526+00:00,2026-08-25T15:24:25.744043+00:00,38.50622900063172,BLOCKED,
voltdb,685,2026-08-25T15:24:25.744125+00:00,2026-08-25T15:24:25.771008+00:00,26.8695070008107,BLOCKED,
postgres,686,2026-08-25T15:24:25.771092+00:00,2026-08-25T15:24:25.785448+00:00,14.34432200039737,APPROVED,
voltdb,686,2026-08-25T15:24:25.785487+00:00,2026-08-25T15:24:25.810148+00:00,24.6467990000383,APPROVED,
postgres,687,2026-08-25T15:24:25.810314+00:00,2026-08-25T15:24:25.822380+00:00,12.051081001118291,APPROVED,
voltdb,687,2026-08-25T15:24:25.822419+00:00,2026-08-25T15:24:25.850647+00:00,28.2038340010331,APPROVED,
postgres,688,2026-08-25T15:24:25.850732+00:00,2026-08-25T15:24:25.862780+00:00,12.027476001094328,APPROVED,
voltdb,688,2026-08-25T15:24:25.862873+00:00,2026-08-25T15:24:25.890636+00:00,27.747259999159724,APPROVED,
postgres,689,2026-08-25T15:24:25.890713+00:00,2026-08-25T15:24:25.902567+00:00,11.843162999866763,APPROVED,
voltdb,689,2026-08-25T15:24:25.902605+00:00,2026-08-25T15:24:25.920381+00:00,17.769688998669153,APPROVED,
postgres,691,2026-08-25T15:24:25.920462+00:00,2026-08-25T15:24:25.930119+00:00,9.647075999964727,APPROVED,
voltdb,691,2026-08-25T15:24:25.930155+00:00,2026-08-25T15:24:25.960051+00:00,29.88743199966848,APPROVED,
postgres,692,2026-08-25T15:24:25.960150+00:00,2026-08-25T15:24:25.976748+00:00,16.58707900060108,APPROVED,
voltdb,692,2026-08-25T15:24:25.976821+00:00,2026-08-25T15:24:25.995093+00:00,18.265483999130083,APPROVED,
postgres,693,2026-08-25T15:24:25.995172+00:00,2026-08-25T15:24:26.007709+00:00,12.526717000582721,APPROVED,
voltdb,693,2026-08-25T15:24:26.007750+00:00,2026-08-25T15:24:26.039876+00:00,32.11958300016704,APPROVED,
postgres,695,2026-08-25T15:24:26.039985+00:00,2026-08-25T15:24:26.055525+00:00,15.529017997323535,APPROVED,
voltdb,695,2026-08-25T15:24:26.055562+00:00,2026-08-25T15:24:26.086645+00:00,31.072083998878952,APPROVED,
postgres,696,2026-08-25T15:24:26.086735+00:00,2026-08-25T15:24:26.099588+00:00,12.842969001212623,APPROVED,
voltdb,696,2026-08-25T15:24:26.099626+00:00,2026-08-25T15:24:26.133839+00:00,34.20291599832126,APPROVED,
postgres,697,2026-08-25T15:24:26.133961+00:00,2026-08-25T15:24:26.147003+00:00,13.027933000557823,REVIEW,
voltdb,697,2026-08-25T15:24:26.147041+00:00,2026-08-25T15:24:26.183621+00:00,36.572273002093425,REVIEW,
postgres,698,2026-08-25T15:24:26.183726+00:00,2026-08-25T15:24:26.193308+00:00,9.572218998073367,APPROVED,
voltdb,698,2026-08-25T15:24:26.193345+00:00,2026-08-25T15:24:26.221303+00:00,27.95130800222978,APPROVED,
postgres,700,2026-08-25T15:24:26.221390+00:00,2026-08-25T15:24:26.235329+00:00,13.922627000283683,REVIEW,
voltdb,700,2026-08-25T15:24:26.235398+00:00,2026-08-25T15:24:26.267615+00:00,32.21020499768201,REVIEW,
postgres,701,2026-08-25T15:24:26.267695+00:00,2026-08-25T15:24:26.277164+00:00,9.458408996579237,APPROVED,
voltdb,701,2026-08-25T15:24:26.277201+00:00,2026-08-25T15:24:26.304711+00:00,27.50299099716358,APPROVED,
postgres,704,2026-08-25T15:24:26.304836+00:00,2026-08-25T15:24:26.318735+00:00,13.881094000680605,APPROVED,
voltdb,704,2026-08-25T15:24:26.318774+00:00,2026-08-25T15:24:26.345377+00:00,26.596367999445647,APPROVED,
postgres,705,2026-08-25T15:24:26.345453+00:00,2026-08-25T15:24:26.357171+00:00,11.707674999342998,APPROVED,
voltdb,705,2026-08-25T15:24:26.357209+00:00,2026-08-25T15:24:26.386507+00:00,29.291541002749,APPROVED,
postgres,706,2026-08-25T15:24:26.386604+00:00,2026-08-25T15:24:26.401716+00:00,15.098037998541258,APPROVED,
voltdb,706,2026-08-25T15:24:26.401753+00:00,2026-08-25T15:24:26.433152+00:00,31.392761000461178,APPROVED,
postgres,707,2026-08-25T15:24:26.433240+00:00,2026-08-25T15:24:26.444517+00:00,11.266338999121217,APPROVED,
voltdb,707,2026-08-25T15:24:26.444554+00:00,2026-08-25T15:24:26.471861+00:00,27.300081001158105,APPROVED,
postgres,709,2026-08-25T15:24:26.471953+00:00,2026-08-25T15:24:26.483452+00:00,11.487222000141628,APPROVED,
voltdb,709,2026-08-25T15:24:26.483493+00:00,2026-08-25T15:24:26.506792+00:00,23.292877998756012,APPROVED,
postgres,710,2026-08-25T15:24:26.506990+00:00,2026-08-25T15:24:26.521171+00:00,14.167166998959146,APPROVED,
voltdb,710,2026-08-25T15:24:26.521207+00:00,2026-08-25T15:24:26.549864+00:00,28.651240998442518,APPROVED,
postgres,711,2026-08-25T15:24:26.549942+00:00,2026-08-25T15:24:26.560793+00:00,10.839354999916395,APPROVED,
voltdb,711,2026-08-25T15:24:26.560830+00:00,2026-08-25T15:24:26.589385+00:00,28.548128000693396,APPROVED,
postgres,712,2026-08-25T15:24:26.589462+00:00,2026-08-25T15:24:26.604108+00:00,14.63624399912078,APPROVED,
voltdb,712,2026-08-25T15:24:26.604147+00:00,2026-08-25T15:24:26.630355+00:00,26.200503001746256,APPROVED,
postgres,713,2026-08-25T15:24:26.630487+00:00,2026-08-25T15:24:26.642942+00:00,12.444866999430815,REVIEW,
voltdb,713,2026-08-25T15:24:26.642978+00:00,2026-08-25T15:24:26.671158+00:00,28.16838700164226,REVIEW,
postgres,714,2026-08-25T15:24:26.671237+00:00,2026-08-25T15:24:26.684544+00:00,13.296916997205699,APPROVED,
voltdb,714,2026-08-25T15:24:26.684583+00:00,2026-08-25T15:24:26.708181+00:00,23.59177000107593,APPROVED,
postgres,715,2026-08-25T15:24:26.708261+00:00,2026-08-25T15:24:26.723696+00:00,15.424462999362731,APPROVED,
voltdb,715,2026-08-25T15:24:26.723734+00:00,2026-08-25T15:24:26.750473+00:00,26.732986996648833,APPROVED,
postgres,716,2026-08-25T15:24:26.750553+00:00,2026-08-25T15:24:26.766351+00:00,15.789226999913808,APPROVED,
voltdb,716,2026-08-25T15:24:26.766389+00:00,2026-08-25T15:24:26.795786+00:00,29.39000999685959,APPROVED,
postgres,717,2026-08-25T15:24:26.795939+00:00,2026-08-25T15:24:26.811267+00:00,15.315272998122964,APPROVED,
voltdb,717,2026-08-25T15:24:26.811303+00:00,2026-08-25T15:24:26.843974+00:00,32.66430299845524,APPROVED,
postgres,718,2026-08-25T15:24:26.844127+00:00,2026-08-25T15:24:26.857124+00:00,12.983183998585446,APPROVED,
voltdb,718,2026-08-25T15:24:26.857161+00:00,2026-08-25T15:24:26.886652+00:00,29.484136997780297,APPROVED,
postgres,719,2026-08-25T15:24:26.886968+00:00,2026-08-25T15:24:26.901465+00:00,14.478245997452177,APPROVED,
voltdb,719,2026-08-25T15:24:26.901571+00:00,2026-08-25T15:24:26.934415+00:00,32.8373289994488,APPROVED,
postgres,720,2026-08-25T15:24:26.934640+00:00,2026-08-25T15:24:26.949418+00:00,14.736385001015151,APPROVED,
voltdb,720,2026-08-25T15:24:26.949456+00:00,2026-08-25T15:24:26.980148+00:00,30.68512200115947,APPROVED,
postgres,721,2026-08-25T15:24:26.980248+00:00,2026-08-25T15:24:26.994087+00:00,13.809830001264345,APPROVED,
voltdb,721,2026-08-25T15:24:26.994125+00:00,2026-08-25T15:24:27.027662+00:00,33.529570002428954,APPROVED,
postgres,723,2026-08-25T15:24:27.027741+00:00,2026-08-25T15:24:27.038803+00:00,11.051579997001681,APPROVED,
voltdb,723,2026-08-25T15:24:27.038841+00:00,2026-08-25T15:24:27.068578+00:00,29.729805999522796,APPROVED,
postgres,724,2026-08-25T15:24:27.068678+00:00,2026-08-25T15:24:27.081004+00:00,12.316594998992514,APPROVED,
voltdb,724,2026-08-25T15:24:27.081042+00:00,2026-08-25T15:24:27.149386+00:00,68.33538100181613,APPROVED,
postgres,725,2026-08-25T15:24:27.149531+00:00,2026-08-25T15:24:27.176597+00:00,27.05150399924605,APPROVED,
voltdb,725,2026-08-25T15:24:27.176635+00:00,2026-08-25T15:24:27.202467+00:00,25.824835000094026,APPROVED,
postgres,727,2026-08-25T15:24:27.202638+00:00,2026-08-25T15:24:27.218923+00:00,16.26757900157827,APPROVED,
voltdb,727,2026-08-25T15:24:27.218961+00:00,2026-08-25T15:24:27.259602+00:00,40.63425999993342,APPROVED,
postgres,728,2026-08-25T15:24:27.259680+00:00,2026-08-25T15:24:27.274516+00:00,14.825131998804864,APPROVED,
voltdb,728,2026-08-25T15:24:27.274557+00:00,2026-08-25T15:24:27.322941+00:00,48.376896000263514,APPROVED,
postgres,729,2026-08-25T15:24:27.323021+00:00,2026-08-25T15:24:27.341586+00:00,18.551336997916223,APPROVED,
voltdb,729,2026-08-25T15:24:27.341664+00:00,2026-08-25T15:24:27.388838+00:00,47.166472002572846,APPROVED,
postgres,730,2026-08-25T15:24:27.388953+00:00,2026-08-25T15:24:27.400851+00:00,11.882172999321483,APPROVED,
voltdb,730,2026-08-25T15:24:27.400888+00:00,2026-08-25T15:24:27.434061+00:00,33.16550800082041,APPROVED,
postgres,732,2026-08-25T15:24:27.434142+00:00,2026-08-25T15:24:27.445175+00:00,11.02331500078435,APPROVED,
voltdb,732,2026-08-25T15:24:27.445212+00:00,2026-08-25T15:24:27.473208+00:00,27.989125999738462,APPROVED,
postgres,733,2026-08-25T15:24:27.473341+00:00,2026-08-25T15:24:27.486861+00:00,13.505162001820281,APPROVED,
voltdb,733,2026-08-25T15:24:27.486898+00:00,2026-08-25T15:24:27.513618+00:00,26.71353799814824,APPROVED,
postgres,734,2026-08-25T15:24:27.514154+00:00,2026-08-25T15:24:27.528235+00:00,14.060636000067461,APPROVED,
voltdb,734,2026-08-25T15:24:27.528272+00:00,2026-08-25T15:24:27.560623+00:00,32.34451699972851,APPROVED,
postgres,735,2026-08-25T15:24:27.560807+00:00,2026-08-25T15:24:27.573307+00:00,12.48733900138177,APPROVED,
voltdb,735,2026-08-25T15:24:27.573345+00:00,2026-08-25T15:24:27.603307+00:00,29.955229001643602,APPROVED,
postgres,736,2026-08-25T15:24:27.603523+00:00,2026-08-25T15:24:27.616953+00:00,13.398443999903975,APPROVED,
voltdb,736,2026-08-25T15:24:27.616995+00:00,2026-08-25T15:24:27.645060+00:00,28.05852800156572,APPROVED,
postgres,737,2026-08-25T15:24:27.645149+00:00,2026-08-25T15:24:27.662939+00:00,17.77983200008748,APPROVED,
voltdb,737,2026-08-25T15:24:27.662975+00:00,2026-08-25T15:24:27.698559+00:00,35.57655300028273,APPROVED,
postgres,738,2026-08-25T15:24:27.698669+00:00,2026-08-25T15:24:27.710054+00:00,11.374211000656942,APPROVED,
voltdb,738,2026-08-25T15:24:27.710091+00:00,2026-08-25T15:24:27.738230+00:00,28.131306000432232,APPROVED,
postgres,739,2026-08-25T15:24:27.738318+00:00,2026-08-25T15:24:27.753826+00:00,15.497817999857944,REVIEW,
voltdb,739,2026-08-25T15:24:27.753862+00:00,2026-08-25T15:24:27.787702+00:00,33.827884999482194,REVIEW,
postgres,740,2026-08-25T15:24:27.787875+00:00,2026-08-25T15:24:27.809894+00:00,22.006204999343026,APPROVED,
voltdb,740,2026-08-25T15:24:27.809931+00:00,2026-08-25T15:24:27.844483+00:00,34.544690999609884,APPROVED,
postgres,741,2026-08-25T15:24:27.844562+00:00,2026-08-25T15:24:27.856070+00:00,11.498124000354437,APPROVED,
voltdb,741,2026-08-25T15:24:27.856108+00:00,2026-08-25T15:24:27.886780+00:00,30.665743001009105,APPROVED,
postgres,743,2026-08-25T15:24:27.886869+00:00,2026-08-25T15:24:27.900422+00:00,13.54183799776365,APPROVED,
voltdb,743,2026-08-25T15:24:27.900459+00:00,2026-08-25T15:24:27.927351+00:00,26.885449999099365,APPROVED,
postgres,746,2026-08-25T15:24:27.927428+00:00,2026-08-25T15:24:27.939651+00:00,12.21429699944565,APPROVED,
voltdb,746,2026-08-25T15:24:27.939687+00:00,2026-08-25T15:24:27.966768+00:00,27.07438699872,APPROVED,
postgres,747,2026-08-25T15:24:27.966880+00:00,2026-08-25T15:24:27.976768+00:00,9.87559900022461,APPROVED,
voltdb,747,2026-08-25T15:24:27.976805+00:00,2026-08-25T15:24:28.002316+00:00,25.502808999590343,APPROVED,
postgres,749,2026-08-25T15:24:28.002400+00:00,2026-08-25T15:24:28.013391+00:00,10.978605998388957,APPROVED,
voltdb,749,2026-08-25T15:24:28.013472+00:00,2026-08-25T15:24:28.037927+00:00,24.44129500145209,APPROVED,
postgres,750,2026-08-25T15:24:28.038012+00:00,2026-08-25T15:24:28.052040+00:00,14.01638700190233,APPROVED,
voltdb,750,2026-08-25T15:24:28.052078+00:00,2026-08-25T15:24:28.078124+00:00,26.03968399853329,APPROVED,
postgres,753,2026-08-25T15:24:28.078210+00:00,2026-08-25T15:24:28.094801+00:00,16.579339000600157,REVIEW,
voltdb,753,2026-08-25T15:24:28.094838+00:00,2026-08-25T15:24:28.133283+00:00,38.43870199852972,REVIEW,
postgres,754,2026-08-25T15:24:28.133369+00:00,2026-08-25T15:24:28.145633+00:00,12.2524530015653,APPROVED,
voltdb,754,2026-08-25T15:24:28.145671+00:00,2026-08-25T15:24:28.171110+00:00,25.432156002352713,APPROVED,
postgres,755,2026-08-25T15:24:28.171189+00:00,2026-08-25T15:24:28.183948+00:00,12.749123001412954,APPROVED,
voltdb,755,2026-08-25T15:24:28.183985+00:00,2026-08-25T15:24:28.206987+00:00,22.99442300136434,APPROVED,
postgres,758,2026-08-25T15:24:28.207072+00:00,2026-08-25T15:24:28.222184+00:00,15.102756999112898,APPROVED,
voltdb,758,2026-08-25T15:24:28.222223+00:00,2026-08-25T15:24:28.248034+00:00,25.80452099937247,APPROVED,
postgres,759,2026-08-25T15:24:28.248120+00:00,2026-08-25T15:24:28.261809+00:00,13.678481001988985,APPROVED,
voltdb,759,2026-08-25T15:24:28.261850+00:00,2026-08-25T15:24:28.294661+00:00,32.804246999148745,APPROVED,
postgres,760,2026-08-25T15:24:28.294744+00:00,2026-08-25T15:24:28.314214+00:00,19.460599000012735,APPROVED,
voltdb,760,2026-08-25T15:24:28.314252+00:00,2026-08-25T15:24:28.353526+00:00,39.26535199934733,APPROVED,
postgres,761,2026-08-25T15:24:28.353981+00:00,2026-08-25T15:24:28.372486+00:00,18.48312499714666,APPROVED,
voltdb,761,2026-08-25T15:24:28.372526+00:00,2026-08-25T15:24:28.407184+00:00,34.651440000743605,APPROVED,
postgres,762,2026-08-25T15:24:28.407491+00:00,2026-08-25T15:24:28.426169+00:00,18.657380998774897,APPROVED,
voltdb,762,2026-08-25T15:24:28.426238+00:00,2026-08-25T15:24:28.457189+00:00,30.941091001295717,APPROVED,
postgres,763,2026-08-25T15:24:28.457316+00:00,2026-08-25T15:24:28.472575+00:00,15.240911998262163,APPROVED,
voltdb,763,2026-08-25T15:24:28.472617+00:00,2026-08-25T15:24:28.505156+00:00,32.530609001696575,APPROVED,
postgres,764,2026-08-25T15:24:28.505330+00:00,2026-08-25T15:24:28.520376+00:00,15.026675999251893,APPROVED,
voltdb,764,2026-08-25T15:24:28.520424+00:00,2026-08-25T15:24:28.552733+00:00,32.30257500035805,APPROVED,
postgres,765,2026-08-25T15:24:28.552864+00:00,2026-08-25T15:24:28.566881+00:00,14.001727002323605,APPROVED,
voltdb,765,2026-08-25T15:24:28.566955+00:00,2026-08-25T15:24:28.595519+00:00,28.556968001794303,APPROVED,
postgres,766,2026-08-25T15:24:28.595685+00:00,2026-08-25T15:24:28.649627+00:00,53.92548100280692,APPROVED,
voltdb,766,2026-08-25T15:24:28.649665+00:00,2026-08-25T15:24:28.670367+00:00,20.695044000603957,APPROVED,
postgres,767,2026-08-25T15:24:28.670448+00:00,2026-08-25T15:24:28.683498+00:00,13.038721001066733,APPROVED,
voltdb,767,2026-08-25T15:24:28.683538+00:00,2026-08-25T15:24:28.717863+00:00,34.302716001548106,APPROVED,
postgres,769,2026-08-25T15:24:28.717961+00:00,2026-08-25T15:24:28.733329+00:00,15.35721600157558,APPROVED,
voltdb,769,2026-08-25T15:24:28.733381+00:00,2026-08-25T15:24:28.781331+00:00,47.941810997144785,APPROVED,
postgres,770,2026-08-25T15:24:28.781413+00:00,2026-08-25T15:24:28.801336+00:00,19.91176500087022,APPROVED,
voltdb,770,2026-08-25T15:24:28.801373+00:00,2026-08-25T15:24:28.831096+00:00,29.716183998971246,APPROVED,
postgres,772,2026-08-25T15:24:28.831175+00:00,2026-08-25T15:24:28.846626+00:00,15.440372997545637,APPROVED,
voltdb,772,2026-08-25T15:24:28.846665+00:00,2026-08-25T15:24:28.878906+00:00,32.23469600197859,APPROVED,
postgres,773,2026-08-25T15:24:28.879003+00:00,2026-08-25T15:24:28.894241+00:00,15.227239000523696,APPROVED,
voltdb,773,2026-08-25T15:24:28.894280+00:00,2026-08-25T15:24:28.928160+00:00,33.85756900024717,APPROVED,
postgres,774,2026-08-25T15:24:28.928251+00:00,2026-08-25T15:24:28.942395+00:00,14.131902997178258,APPROVED,
voltdb,774,2026-08-25T15:24:28.942435+00:00,2026-08-25T15:24:28.971373+00:00,28.89641000001575,APPROVED,
postgres,775,2026-08-25T15:24:28.971467+00:00,2026-08-25T15:24:28.985229+00:00,13.751839000178734,APPROVED,
voltdb,775,2026-08-25T15:24:28.985265+00:00,2026-08-25T15:24:29.012626+00:00,27.35487700192607,APPROVED,
postgres,776,2026-08-25T15:24:29.012757+00:00,2026-08-25T15:24:29.027068+00:00,14.300193997769384,APPROVED,
voltdb,776,2026-08-25T15:24:29.027131+00:00,2026-08-25T15:24:29.054175+00:00,27.037678999477066,APPROVED,
postgres,778,2026-08-25T15:24:29.054260+00:00,2026-08-25T15:24:29.067839+00:00,13.567601999966428,APPROVED,
voltdb,778,2026-08-25T15:24:29.067876+00:00,2026-08-25T15:24:29.097990+00:00,30.108284001471475,APPROVED,
postgres,779,2026-08-25T15:24:29.098100+00:00,2026-08-25T15:24:29.111289+00:00,13.179179000871954,APPROVED,
voltdb,779,2026-08-25T15:24:29.111327+00:00,2026-08-25T15:24:29.138384+00:00,27.049285999964923,APPROVED,
postgres,781,2026-08-25T15:24:29.138501+00:00,2026-08-25T15:24:29.152918+00:00,14.40097200247692,APPROVED,
voltdb,781,2026-08-25T15:24:29.152956+00:00,2026-08-25T15:24:29.183846+00:00,30.883815001288895,APPROVED,
postgres,782,2026-08-25T15:24:29.183927+00:00,2026-08-25T15:24:29.194442+00:00,10.50581100207637,APPROVED,
voltdb,782,2026-08-25T15:24:29.194484+00:00,2026-08-25T15:24:29.221353+00:00,26.861434998863842,APPROVED,
postgres,783,2026-08-25T15:24:29.221436+00:00,2026-08-25T15:24:29.236106+00:00,14.65820199882728,APPROVED,
voltdb,783,2026-08-25T15:24:29.236144+00:00,2026-08-25T15:24:29.267191+00:00,31.040882000525016,APPROVED,
postgres,784,2026-08-25T15:24:29.267306+00:00,2026-08-25T15:24:29.279921+00:00,12.599998000951018,APPROVED,
voltdb,784,2026-08-25T15:24:29.279960+00:00,2026-08-25T15:24:29.310318+00:00,30.34726700207102,APPROVED,
postgres,785,2026-08-25T15:24:29.310453+00:00,2026-08-25T15:24:29.333038+00:00,22.57166300114477,BLOCKED,
voltdb,785,2026-08-25T15:24:29.333077+00:00,2026-08-25T15:24:29.364607+00:00,31.52280799986329,BLOCKED,
postgres,788,2026-08-25T15:24:29.364691+00:00,2026-08-25T15:24:29.379820+00:00,15.118057999643497,REVIEW,
voltdb,788,2026-08-25T15:24:29.379860+00:00,2026-08-25T15:24:29.418797+00:00,38.929835998715134,REVIEW,
postgres,789,2026-08-25T15:24:29.418971+00:00,2026-08-25T15:24:29.433223+00:00,14.233129997592187,APPROVED,
voltdb,789,2026-08-25T15:24:29.433263+00:00,2026-08-25T15:24:29.468395+00:00,35.12471299836761,APPROVED,
postgres,791,2026-08-25T15:24:29.468495+00:00,2026-08-25T15:24:29.480401+00:00,11.89554499796941,APPROVED,
voltdb,791,2026-08-25T15:24:29.480468+00:00,2026-08-25T15:24:29.511292+00:00,30.816635000519454,APPROVED,
postgres,792,2026-08-25T15:24:29.511402+00:00,2026-08-25T15:24:29.526462+00:00,15.048954999656416,APPROVED,
voltdb,792,2026-08-25T15:24:29.526500+00:00,2026-08-25T15:24:29.558066+00:00,31.55882200007909,APPROVED,
postgres,793,2026-08-25T15:24:29.558150+00:00,2026-08-25T15:24:29.572426+00:00,14.26546199945733,APPROVED,
voltdb,793,2026-08-25T15:24:29.572474+00:00,2026-08-25T15:24:29.604565+00:00,32.08361600263743,APPROVED,
postgres,795,2026-08-25T15:24:29.604655+00:00,2026-08-25T15:24:29.620036+00:00,15.370717999758199,APPROVED,
voltdb,795,2026-08-25T15:24:29.620078+00:00,2026-08-25T15:24:29.652156+00:00,32.070430999738164,APPROVED,
postgres,797,2026-08-25T15:24:29.652254+00:00,2026-08-25T15:24:29.669188+00:00,16.873442000360228,APPROVED,
voltdb,797,2026-08-25T15:24:29.669228+00:00,2026-08-25T15:24:29.696063+00:00,26.827675999811618,APPROVED,
postgres,798,2026-08-25T15:24:29.696725+00:00,2026-08-25T15:24:29.711123+00:00,14.375046997884056,APPROVED,
voltdb,798,2026-08-25T15:24:29.711164+00:00,2026-08-25T15:24:29.742812+00:00,31.63970899913693,APPROVED,
postgres,799,2026-08-25T15:24:29.742962+00:00,2026-08-25T15:24:29.756469+00:00,13.49051299985149,APPROVED,
voltdb,799,2026-08-25T15:24:29.756521+00:00,2026-08-25T15:24:29.787797+00:00,31.269402999896556,APPROVED,
postgres,801,2026-08-25T15:24:29.788013+00:00,2026-08-25T15:24:29.804235+00:00,16.20622900009039,APPROVED,
voltdb,801,2026-08-25T15:24:29.804274+00:00,2026-08-25T15:24:29.836319+00:00,32.03793700231472,APPROVED,
postgres,803,2026-08-25T15:24:29.836405+00:00,2026-08-25T15:24:29.849264+00:00,12.849057002313202,APPROVED,
voltdb,803,2026-08-25T15:24:29.849300+00:00,2026-08-25T15:24:29.879631+00:00,30.325120002089534,APPROVED,
postgres,805,2026-08-25T15:24:29.879707+00:00,2026-08-25T15:24:29.894536+00:00,14.8188850034785,APPROVED,
voltdb,805,2026-08-25T15:24:29.894579+00:00,2026-08-25T15:24:29.923656+00:00,29.070197997498326,APPROVED,
postgres,806,2026-08-25T15:24:29.923773+00:00,2026-08-25T15:24:29.937291+00:00,13.501594999979716,APPROVED,
voltdb,806,2026-08-25T15:24:29.937334+00:00,2026-08-25T15:24:29.966979+00:00,29.637424999236828,APPROVED,
postgres,807,2026-08-25T15:24:29.967109+00:00,2026-08-25T15:24:29.981922+00:00,14.800971999648027,APPROVED,
voltdb,807,2026-08-25T15:24:29.981983+00:00,2026-08-25T15:24:30.010391+00:00,28.40100200046436,APPROVED,
postgres,809,2026-08-25T15:24:30.010469+00:00,2026-08-25T15:24:30.058957+00:00,48.47716400036006,APPROVED,
voltdb,809,2026-08-25T15:24:30.058995+00:00,2026-08-25T15:24:30.079569+00:00,20.566838997183368,APPROVED,
postgres,810,2026-08-25T15:24:30.079684+00:00,2026-08-25T15:24:30.091904+00:00,12.204253998788772,APPROVED,
voltdb,810,2026-08-25T15:24:30.091942+00:00,2026-08-25T15:24:30.117173+00:00,25.22444100031862,APPROVED,
postgres,811,2026-08-25T15:24:30.117286+00:00,2026-08-25T15:24:30.130865+00:00,13.563288997829659,REVIEW,
voltdb,811,2026-08-25T15:24:30.130916+00:00,2026-08-25T15:24:30.164812+00:00,33.88724599790294,REVIEW,
postgres,812,2026-08-25T15:24:30.164899+00:00,2026-08-25T15:24:30.180588+00:00,15.676217000873294,APPROVED,
voltdb,812,2026-08-25T15:24:30.180626+00:00,2026-08-25T15:24:30.206046+00:00,25.412281000171788,APPROVED,
postgres,814,2026-08-25T15:24:30.206190+00:00,2026-08-25T15:24:30.222517+00:00,16.312068997649476,APPROVED,
voltdb,814,2026-08-25T15:24:30.222557+00:00,2026-08-25T15:24:30.248006+00:00,25.44147200023872,APPROVED,
postgres,816,2026-08-25T15:24:30.248203+00:00,2026-08-25T15:24:30.259974+00:00,11.755714000173612,APPROVED,
voltdb,816,2026-08-25T15:24:30.260013+00:00,2026-08-25T15:24:30.289591+00:00,29.570753998996224,APPROVED,
postgres,817,2026-08-25T15:24:30.290162+00:00,2026-08-25T15:24:30.306312+00:00,16.063942002801923,APPROVED,
voltdb,817,2026-08-25T15:24:30.306369+00:00,2026-08-25T15:24:30.337370+00:00,30.99396199831972,APPROVED,
postgres,822,2026-08-25T15:24:30.337474+00:00,2026-08-25T15:24:30.352075+00:00,14.590280999982497,REVIEW,
voltdb,822,2026-08-25T15:24:30.352115+00:00,2026-08-25T15:24:30.389871+00:00,37.749266000901116,REVIEW,
postgres,823,2026-08-25T15:24:30.389948+00:00,2026-08-25T15:24:30.403795+00:00,13.835555000696331,APPROVED,
voltdb,823,2026-08-25T15:24:30.403836+00:00,2026-08-25T15:24:30.429511+00:00,25.66934000060428,APPROVED,
postgres,824,2026-08-25T15:24:30.429591+00:00,2026-08-25T15:24:30.445298+00:00,15.696377999120159,APPROVED,
voltdb,824,2026-08-25T15:24:30.445337+00:00,2026-08-25T15:24:30.479290+00:00,33.946250998269534,APPROVED,
postgres,825,2026-08-25T15:24:30.479378+00:00,2026-08-25T15:24:30.493344+00:00,13.944220001576468,APPROVED,
voltdb,825,2026-08-25T15:24:30.493383+00:00,2026-08-25T15:24:30.525833+00:00,32.44378299859818,APPROVED,
postgres,826,2026-08-25T15:24:30.525978+00:00,2026-08-25T15:24:30.534592+00:00,8.60538399865618,APPROVED,
voltdb,826,2026-08-25T15:24:30.534629+00:00,2026-08-25T15:24:30.564039+00:00,29.40347099865903,APPROVED,
postgres,828,2026-08-25T15:24:30.564121+00:00,2026-08-25T15:24:30.577770+00:00,13.634032999107148,APPROVED,
voltdb,828,2026-08-25T15:24:30.577815+00:00,2026-08-25T15:24:30.604042+00:00,26.218167000479298,APPROVED,
postgres,831,2026-08-25T15:24:30.604210+00:00,2026-08-25T15:24:30.613188+00:00,8.965378001448698,APPROVED,
voltdb,831,2026-08-25T15:24:30.613224+00:00,2026-08-25T15:24:30.642070+00:00,28.83948499948019,APPROVED,
postgres,832,2026-08-25T15:24:30.642233+00:00,2026-08-25T15:24:30.655518+00:00,13.267324000480585,APPROVED,
voltdb,832,2026-08-25T15:24:30.655557+00:00,2026-08-25T15:24:30.685322+00:00,29.757885000435635,APPROVED,
postgres,835,2026-08-25T15:24:30.685450+00:00,2026-08-25T15:24:30.702125+00:00,16.647598997224122,APPROVED,
voltdb,835,2026-08-25T15:24:30.702166+00:00,2026-08-25T15:24:30.723050+00:00,20.877522001683246,APPROVED,
postgres,837,2026-08-25T15:24:30.723170+00:00,2026-08-25T15:24:30.737737+00:00,14.550585998222232,APPROVED,
voltdb,837,2026-08-25T15:24:30.737776+00:00,2026-08-25T15:24:30.768013+00:00,30.230950000259327,APPROVED,
postgres,838,2026-08-25T15:24:30.768091+00:00,2026-08-25T15:24:30.780087+00:00,11.986457997409161,APPROVED,
voltdb,838,2026-08-25T15:24:30.780125+00:00,2026-08-25T15:24:30.806919+00:00,26.787714999954915,APPROVED,
postgres,839,2026-08-25T15:24:30.807000+00:00,2026-08-25T15:24:30.819718+00:00,12.70826399922953,APPROVED,
voltdb,839,2026-08-25T15:24:30.819756+00:00,2026-08-25T15:24:30.847227+00:00,27.46472700164304,APPROVED,
postgres,841,2026-08-25T15:24:30.847305+00:00,2026-08-25T15:24:30.861461+00:00,14.141400999506004,APPROVED,
voltdb,841,2026-08-25T15:24:30.861529+00:00,2026-08-25T15:24:30.883163+00:00,21.61998999872594,APPROVED,
postgres,842,2026-08-25T15:24:30.883328+00:00,2026-08-25T15:24:30.895579+00:00,12.240942000062205,APPROVED,
voltdb,842,2026-08-25T15:24:30.895623+00:00,2026-08-25T15:24:30.921343+00:00,25.713328999700025,APPROVED,
postgres,844,2026-08-25T15:24:30.921466+00:00,2026-08-25T15:24:30.933887+00:00,12.40986300035729,APPROVED,
voltdb,844,2026-08-25T15:24:30.933925+00:00,2026-08-25T15:24:30.979227+00:00,45.29429499962134,APPROVED,
postgres,846,2026-08-25T15:24:30.979308+00:00,2026-08-25T15:24:30.992624+00:00,13.305648000823567,APPROVED,
voltdb,846,2026-08-25T15:24:30.992662+00:00,2026-08-25T15:24:31.032528+00:00,39.85585199916386,APPROVED,
postgres,848,2026-08-25T15:24:31.032709+00:00,2026-08-25T15:24:31.046152+00:00,13.431167000817368,REVIEW,
voltdb,848,2026-08-25T15:24:31.046192+00:00,2026-08-25T15:24:31.113756+00:00,67.55669899939676,REVIEW,
postgres,849,2026-08-25T15:24:31.113891+00:00,2026-08-25T15:24:31.126566+00:00,12.63751600345131,APPROVED,
voltdb,849,2026-08-25T15:24:31.126606+00:00,2026-08-25T15:24:31.160511+00:00,33.89780200086534,APPROVED,
postgres,850,2026-08-25T15:24:31.160614+00:00,2026-08-25T15:24:31.172324+00:00,11.70084800105542,REVIEW,
voltdb,850,2026-08-25T15:24:31.172362+00:00,2026-08-25T15:24:31.206007+00:00,33.63887000159593,REVIEW,
postgres,851,2026-08-25T15:24:31.206094+00:00,2026-08-25T15:24:31.216878+00:00,10.773624002467841,APPROVED,
voltdb,851,2026-08-25T15:24:31.216916+00:00,2026-08-25T15:24:31.243883+00:00,26.960217001033016,APPROVED,
postgres,852,2026-08-25T15:24:31.243966+00:00,2026-08-25T15:24:31.254636+00:00,10.658956001861952,APPROVED,
voltdb,852,2026-08-25T15:24:31.254673+00:00,2026-08-25T15:24:31.282966+00:00,28.286117001698585,APPROVED,
postgres,853,2026-08-25T15:24:31.283047+00:00,2026-08-25T15:24:31.295183+00:00,12.12619899888523,REVIEW,
voltdb,853,2026-08-25T15:24:31.295221+00:00,2026-08-25T15:24:31.329035+00:00,33.807145002356265,REVIEW,
postgres,854,2026-08-25T15:24:31.329119+00:00,2026-08-25T15:24:31.343233+00:00,14.102630000706995,APPROVED,
voltdb,854,2026-08-25T15:24:31.343273+00:00,2026-08-25T15:24:31.371666+00:00,28.385654997691745,APPROVED,
postgres,855,2026-08-25T15:24:31.371797+00:00,2026-08-25T15:24:31.386506+00:00,14.697231999889482,REVIEW,
voltdb,855,2026-08-25T15:24:31.386544+00:00,2026-08-25T15:24:31.421018+00:00,34.46740800063708,REVIEW,
postgres,856,2026-08-25T15:24:31.421156+00:00,2026-08-25T15:24:31.432037+00:00,10.864471998502268,APPROVED,
voltdb,856,2026-08-25T15:24:31.432077+00:00,2026-08-25T15:24:31.458881+00:00,26.79732700198656,APPROVED,
postgres,857,2026-08-25T15:24:31.458964+00:00,2026-08-25T15:24:31.474322+00:00,15.347030999691924,APPROVED,
voltdb,857,2026-08-25T15:24:31.474362+00:00,2026-08-25T15:24:31.535093+00:00,60.724069000571035,APPROVED,
postgres,858,2026-08-25T15:24:31.535171+00:00,2026-08-25T15:24:31.546545+00:00,11.36372800101526,APPROVED,
voltdb,858,2026-08-25T15:24:31.546583+00:00,2026-08-25T15:24:31.569499+00:00,22.910030002094572,APPROVED,
postgres,860,2026-08-25T15:24:31.569675+00:00,2026-08-25T15:24:31.582936+00:00,13.244269997812808,APPROVED,
voltdb,860,2026-08-25T15:24:31.582976+00:00,2026-08-25T15:24:31.607850+00:00,24.86747199873207,APPROVED,
postgres,861,2026-08-25T15:24:31.607995+00:00,2026-08-25T15:24:31.615198+00:00,7.19216500147013,APPROVED,
voltdb,861,2026-08-25T15:24:31.615237+00:00,2026-08-25T15:24:31.639177+00:00,23.932960000820458,APPROVED,
postgres,862,2026-08-25T15:24:31.639377+00:00,2026-08-25T15:24:31.654602+00:00,15.210784000373678,APPROVED,
voltdb,862,2026-08-25T15:24:31.654666+00:00,2026-08-25T15:24:31.693789+00:00,39.11559100015438,APPROVED,
postgres,863,2026-08-25T15:24:31.693869+00:00,2026-08-25T15:24:31.706295+00:00,12.415118999342667,APPROVED,
voltdb,863,2026-08-25T15:24:31.706333+00:00,2026-08-25T15:24:31.738494+00:00,32.15421699860599,APPROVED,
postgres,864,2026-08-25T15:24:31.738574+00:00,2026-08-25T15:24:31.749134+00:00,10.54980099797831,APPROVED,
voltdb,864,2026-08-25T15:24:31.749173+00:00,2026-08-25T15:24:31.775891+00:00,26.700660997448722,APPROVED,
postgres,866,2026-08-25T15:24:31.776171+00:00,2026-08-25T15:24:31.786825+00:00,10.631597000610782,APPROVED,
voltdb,866,2026-08-25T15:24:31.786862+00:00,2026-08-25T15:24:31.817112+00:00,30.243312001402956,APPROVED,
postgres,867,2026-08-25T15:24:31.817226+00:00,2026-08-25T15:24:31.833578+00:00,16.339799996785587,REVIEW,
voltdb,867,2026-08-25T15:24:31.833619+00:00,2026-08-25T15:24:31.870361+00:00,36.73513199828449,REVIEW,
postgres,868,2026-08-25T15:24:31.870508+00:00,2026-08-25T15:24:31.881503+00:00,10.980970000673551,APPROVED,
voltdb,868,2026-08-25T15:24:31.881545+00:00,2026-08-25T15:24:31.912221+00:00,30.66426599980332,APPROVED,
postgres,871,2026-08-25T15:24:31.912372+00:00,2026-08-25T15:24:31.927928+00:00,15.539862000878202,APPROVED,
voltdb,871,2026-08-25T15:24:31.927996+00:00,2026-08-25T15:24:31.963932+00:00,35.92916699926718,APPROVED,
postgres,872,2026-08-25T15:24:31.964024+00:00,2026-08-25T15:24:31.980823+00:00,16.78866599831963,APPROVED,
voltdb,872,2026-08-25T15:24:31.980860+00:00,2026-08-25T15:24:32.007007+00:00,26.134443000046303,APPROVED,
postgres,873,2026-08-25T15:24:32.007161+00:00,2026-08-25T15:24:32.017051+00:00,9.877478001726558,APPROVED,
voltdb,873,2026-08-25T15:24:32.017088+00:00,2026-08-25T15:24:32.043057+00:00,25.962929001252633,APPROVED,
postgres,874,2026-08-25T15:24:32.043135+00:00,2026-08-25T15:24:32.055804+00:00,12.658921001275303,APPROVED,
voltdb,874,2026-08-25T15:24:32.055866+00:00,2026-08-25T15:24:32.083869+00:00,27.99593300005654,APPROVED,
postgres,875,2026-08-25T15:24:32.083947+00:00,2026-08-25T15:24:32.097182+00:00,13.22528599848738,APPROVED,
voltdb,875,2026-08-25T15:24:32.097221+00:00,2026-08-25T15:24:32.126637+00:00,29.41036500124028,APPROVED,
postgres,876,2026-08-25T15:24:32.126716+00:00,2026-08-25T15:24:32.137310+00:00,10.582874001556775,APPROVED,
voltdb,876,2026-08-25T15:24:32.137348+00:00,2026-08-25T15:24:32.164350+00:00,26.995935000741156,APPROVED,
postgres,877,2026-08-25T15:24:32.164529+00:00,2026-08-25T15:24:32.175142+00:00,10.583922998193884,APPROVED,
voltdb,877,2026-08-25T15:24:32.175184+00:00,2026-08-25T15:24:32.201004+00:00,25.812844000029145,APPROVED,
postgres,878,2026-08-25T15:24:32.201089+00:00,2026-08-25T15:24:32.220597+00:00,19.4950160002918,BLOCKED,
voltdb,878,2026-08-25T15:24:32.220639+00:00,2026-08-25T15:24:32.262100+00:00,41.45292800239986,BLOCKED,
postgres,879,2026-08-25T15:24:32.262278+00:00,2026-08-25T15:24:32.279570+00:00,17.248612999537727,APPROVED,
voltdb,879,2026-08-25T15:24:32.279674+00:00,2026-08-25T15:24:32.315725+00:00,36.03612000006251,APPROVED,
postgres,880,2026-08-25T15:24:32.315857+00:00,2026-08-25T15:24:32.340551+00:00,24.67932600120548,APPROVED,
voltdb,880,2026-08-25T15:24:32.340588+00:00,2026-08-25T15:24:32.372746+00:00,32.147224999789614,APPROVED,
postgres,882,2026-08-25T15:24:32.372847+00:00,2026-08-25T15:24:32.397144+00:00,24.286482999741565,APPROVED,
voltdb,882,2026-08-25T15:24:32.397199+00:00,2026-08-25T15:24:32.429881+00:00,32.67461800351157,APPROVED,
postgres,886,2026-08-25T15:24:32.429989+00:00,2026-08-25T15:24:32.443780+00:00,13.778792999801226,APPROVED,
voltdb,886,2026-08-25T15:24:32.443818+00:00,2026-08-25T15:24:32.467935+00:00,24.105503998725908,APPROVED,
postgres,887,2026-08-25T15:24:32.468117+00:00,2026-08-25T15:24:32.481201+00:00,13.068293999822345,APPROVED,
voltdb,887,2026-08-25T15:24:32.481238+00:00,2026-08-25T15:24:32.508074+00:00,26.82866399845807,APPROVED,
postgres,888,2026-08-25T15:24:32.508179+00:00,2026-08-25T15:24:32.520020+00:00,11.787116000050446,APPROVED,
voltdb,888,2026-08-25T15:24:32.520087+00:00,2026-08-25T15:24:32.546562+00:00,26.462327001354424,APPROVED,
postgres,889,2026-08-25T15:24:32.546829+00:00,2026-08-25T15:24:32.561857+00:00,14.998812999692746,APPROVED,
voltdb,889,2026-08-25T15:24:32.561895+00:00,2026-08-25T15:24:32.597800+00:00,35.89547800220316,APPROVED,
postgres,890,2026-08-25T15:24:32.597920+00:00,2026-08-25T15:24:32.612098+00:00,14.15890000134823,APPROVED,
voltdb,890,2026-08-25T15:24:32.612149+00:00,2026-08-25T15:24:32.640823+00:00,28.667301001405576,APPROVED,
postgres,891,2026-08-25T15:24:32.641032+00:00,2026-08-25T15:24:32.654951+00:00,13.753136001469102,APPROVED,
voltdb,891,2026-08-25T15:24:32.654990+00:00,2026-08-25T15:24:32.689942+00:00,34.94486799900187,APPROVED,
postgres,892,2026-08-25T15:24:32.690083+00:00,2026-08-25T15:24:32.703199+00:00,13.099021998641547,APPROVED,
voltdb,892,2026-08-25T15:24:32.703249+00:00,2026-08-25T15:24:32.722361+00:00,19.10566500009736,APPROVED,
postgres,893,2026-08-25T15:24:32.722447+00:00,2026-08-25T15:24:32.737314+00:00,14.856251000310294,APPROVED,
voltdb,893,2026-08-25T15:24:32.737365+00:00,2026-08-25T15:24:32.766382+00:00,29.0074540025671,APPROVED,
postgres,894,2026-08-25T15:24:32.766465+00:00,2026-08-25T15:24:32.781713+00:00,15.236317998642335,APPROVED,
voltdb,894,2026-08-25T15:24:32.781754+00:00,2026-08-25T15:24:32.810568+00:00,28.807466002035653,APPROVED,
postgres,895,2026-08-25T15:24:32.810665+00:00,2026-08-25T15:24:32.820362+00:00,9.685396998975193,APPROVED,
voltdb,895,2026-08-25T15:24:32.820400+00:00,2026-08-25T15:24:32.848194+00:00,27.78772300007404,APPROVED,
postgres,896,2026-08-25T15:24:32.848273+00:00,2026-08-25T15:24:32.861739+00:00,13.456019998557167,APPROVED,
voltdb,896,2026-08-25T15:24:32.861777+00:00,2026-08-25T15:24:32.891605+00:00,29.820977000781568,APPROVED,
postgres,897,2026-08-25T15:24:32.891686+00:00,2026-08-25T15:24:32.907140+00:00,15.44427300177631,APPROVED,
voltdb,897,2026-08-25T15:24:32.907179+00:00,2026-08-25T15:24:32.943059+00:00,35.87284099921817,APPROVED,
postgres,898,2026-08-25T15:24:32.943145+00:00,2026-08-25T15:24:33.012056+00:00,68.8994640004239,BLOCKED,
voltdb,898,2026-08-25T15:24:33.012095+00:00,2026-08-25T15:24:33.056277+00:00,44.15876400162233,BLOCKED,
postgres,899,2026-08-25T15:24:33.056421+00:00,2026-08-25T15:24:33.072244+00:00,15.806357998371823,APPROVED,
voltdb,899,2026-08-25T15:24:33.072285+00:00,2026-08-25T15:24:33.096219+00:00,23.926871002913686,APPROVED,
postgres,900,2026-08-25T15:24:33.096341+00:00,2026-08-25T15:24:33.109636+00:00,13.277483001729706,APPROVED,
voltdb,900,2026-08-25T15:24:33.109672+00:00,2026-08-25T15:24:33.140657+00:00,30.97731600064435,APPROVED,
postgres,901,2026-08-25T15:24:33.140748+00:00,2026-08-25T15:24:33.160915+00:00,20.156812999630347,APPROVED,
voltdb,901,2026-08-25T15:24:33.160952+00:00,2026-08-25T15:24:33.195381+00:00,34.38705100052175,APPROVED,
postgres,902,2026-08-25T15:24:33.195461+00:00,2026-08-25T15:24:33.209265+00:00,13.791903998935595,APPROVED,
voltdb,902,2026-08-25T15:24:33.209315+00:00,2026-08-25T15:24:33.236479+00:00,27.154841998708434,APPROVED,
postgres,903,2026-08-25T15:24:33.236560+00:00,2026-08-25T15:24:33.247169+00:00,10.598384000331862,APPROVED,
voltdb,903,2026-08-25T15:24:33.247206+00:00,2026-08-25T15:24:33.275331+00:00,28.11898899744847,APPROVED,
postgres,904,2026-08-25T15:24:33.275440+00:00,2026-08-25T15:24:33.288063+00:00,12.612942002306227,REVIEW,
voltdb,904,2026-08-25T15:24:33.288104+00:00,2026-08-25T15:24:33.327574+00:00,39.46208599882084,REVIEW,
postgres,905,2026-08-25T15:24:33.327670+00:00,2026-08-25T15:24:33.341317+00:00,13.636684998346027,APPROVED,
voltdb,905,2026-08-25T15:24:33.341356+00:00,2026-08-25T15:24:33.368718+00:00,27.353298999514664,APPROVED,
postgres,906,2026-08-25T15:24:33.368841+00:00,2026-08-25T15:24:33.385672+00:00,16.81861999895773,APPROVED,
voltdb,906,2026-08-25T15:24:33.385710+00:00,2026-08-25T15:24:33.419458+00:00,33.742084000550676,APPROVED,
postgres,909,2026-08-25T15:24:33.419539+00:00,2026-08-25T15:24:33.431823+00:00,12.27451500017196,APPROVED,
voltdb,909,2026-08-25T15:24:33.431861+00:00,2026-08-25T15:24:33.468055+00:00,36.18676000041887,APPROVED,
postgres,910,2026-08-25T15:24:33.468138+00:00,2026-08-25T15:24:33.480053+00:00,11.906489002285525,APPROVED,
voltdb,910,2026-08-25T15:24:33.480091+00:00,2026-08-25T15:24:33.506234+00:00,26.13610700063873,APPROVED,
postgres,911,2026-08-25T15:24:33.506324+00:00,2026-08-25T15:24:33.517829+00:00,11.494217000290519,APPROVED,
voltdb,911,2026-08-25T15:24:33.517863+00:00,2026-08-25T15:24:33.543977+00:00,26.10443899902748,APPROVED,
postgres,913,2026-08-25T15:24:33.544197+00:00,2026-08-25T15:24:33.560610+00:00,16.38438100053463,APPROVED,
voltdb,913,2026-08-25T15:24:33.560648+00:00,2026-08-25T15:24:33.585863+00:00,25.20633399763028,APPROVED,
postgres,914,2026-08-25T15:24:33.585993+00:00,2026-08-25T15:24:33.601498+00:00,15.4954829995404,APPROVED,
voltdb,914,2026-08-25T15:24:33.601537+00:00,2026-08-25T15:24:33.630621+00:00,29.077286999381613,APPROVED,
postgres,915,2026-08-25T15:24:33.630704+00:00,2026-08-25T15:24:33.645198+00:00,14.48413999969489,APPROVED,
voltdb,915,2026-08-25T15:24:33.645235+00:00,2026-08-25T15:24:33.677443+00:00,32.20151200002874,APPROVED,
postgres,916,2026-08-25T15:24:33.677527+00:00,2026-08-25T15:24:33.695138+00:00,17.59925700025633,APPROVED,
voltdb,916,2026-08-25T15:24:33.695179+00:00,2026-08-25T15:24:33.726495+00:00,31.309322999732103,APPROVED,
postgres,918,2026-08-25T15:24:33.726647+00:00,2026-08-25T15:24:33.739424+00:00,12.760644000081811,APPROVED,
voltdb,918,2026-08-25T15:24:33.739463+00:00,2026-08-25T15:24:33.772525+00:00,33.05441699922085,APPROVED,
postgres,921,2026-08-25T15:24:33.772673+00:00,2026-08-25T15:24:33.787273+00:00,14.583792999474099,APPROVED,
voltdb,921,2026-08-25T15:24:33.787310+00:00,2026-08-25T15:24:33.816866+00:00,29.549094000685727,APPROVED,
postgres,922,2026-08-25T15:24:33.817010+00:00,2026-08-25T15:24:33.831335+00:00,14.310733997263014,APPROVED,
voltdb,922,2026-08-25T15:24:33.831387+00:00,2026-08-25T15:24:33.871707+00:00,40.31247799866833,APPROVED,
postgres,924,2026-08-25T15:24:33.871843+00:00,2026-08-25T15:24:33.889207+00:00,17.346511001960607,APPROVED,
voltdb,924,2026-08-25T15:24:33.889308+00:00,2026-08-25T15:24:33.924299+00:00,34.984255999006564,APPROVED,
postgres,925,2026-08-25T15:24:33.924417+00:00,2026-08-25T15:24:33.936040+00:00,11.612714999500895,APPROVED,
voltdb,925,2026-08-25T15:24:33.936077+00:00,2026-08-25T15:24:33.962688+00:00,26.604204998875502,APPROVED,
postgres,926,2026-08-25T15:24:33.962778+00:00,2026-08-25T15:24:33.974200+00:00,11.41216099858866,APPROVED,
voltdb,926,2026-08-25T15:24:33.974237+00:00,2026-08-25T15:24:34.001263+00:00,27.019754001230467,APPROVED,
postgres,928,2026-08-25T15:24:34.001345+00:00,2026-08-25T15:24:34.014077+00:00,12.721945000521373,APPROVED,
voltdb,928,2026-08-25T15:24:34.014113+00:00,2026-08-25T15:24:34.044724+00:00,30.604055002186215,APPROVED,
postgres,929,2026-08-25T15:24:34.044829+00:00,2026-08-25T15:24:34.059165+00:00,14.326561002235394,APPROVED,
voltdb,929,2026-08-25T15:24:34.059204+00:00,2026-08-25T15:24:34.084799+00:00,25.588829998014262,APPROVED,
postgres,931,2026-08-25T15:24:34.084884+00:00,2026-08-25T15:24:34.096617+00:00,11.722198003553785,APPROVED,
voltdb,931,2026-08-25T15:24:34.096655+00:00,2026-08-25T15:24:34.123935+00:00,27.272044997516787,APPROVED,
postgres,932,2026-08-25T15:24:34.124020+00:00,2026-08-25T15:24:34.136919+00:00,12.888691999251023,APPROVED,
voltdb,932,2026-08-25T15:24:34.136983+00:00,2026-08-25T15:24:34.165350+00:00,28.35928700005752,APPROVED,
postgres,933,2026-08-25T15:24:34.165462+00:00,2026-08-25T15:24:34.179090+00:00,13.61793999967631,REVIEW,
voltdb,933,2026-08-25T15:24:34.179127+00:00,2026-08-25T15:24:34.217618+00:00,38.484306998725515,REVIEW,
postgres,938,2026-08-25T15:24:34.217705+00:00,2026-08-25T15:24:34.228893+00:00,11.178443997778231,APPROVED,
voltdb,938,2026-08-25T15:24:34.228930+00:00,2026-08-25T15:24:34.259357+00:00,30.420451003010385,APPROVED,
postgres,940,2026-08-25T15:24:34.259467+00:00,2026-08-25T15:24:34.272893+00:00,13.410076000582194,APPROVED,
voltdb,940,2026-08-25T15:24:34.272930+00:00,2026-08-25T15:24:34.307168+00:00,34.231571000418626,APPROVED,
postgres,941,2026-08-25T15:24:34.307362+00:00,2026-08-25T15:24:34.321818+00:00,14.369958000315819,APPROVED,
voltdb,941,2026-08-25T15:24:34.321856+00:00,2026-08-25T15:24:34.354300+00:00,32.437311001558555,APPROVED,
postgres,942,2026-08-25T15:24:34.354425+00:00,2026-08-25T15:24:34.370632+00:00,16.177121000509942,APPROVED,
voltdb,942,2026-08-25T15:24:34.370669+00:00,2026-08-25T15:24:34.432885+00:00,62.20788700011326,APPROVED,
postgres,943,2026-08-25T15:24:34.432973+00:00,2026-08-25T15:24:34.445874+00:00,12.890340000012657,APPROVED,
voltdb,943,2026-08-25T15:24:34.445911+00:00,2026-08-25T15:24:34.467133+00:00,21.215766999375774,APPROVED,
postgres,944,2026-08-25T15:24:34.467267+00:00,2026-08-25T15:24:34.479042+00:00,11.757868000131566,APPROVED,
voltdb,944,2026-08-25T15:24:34.479081+00:00,2026-08-25T15:24:34.501995+00:00,22.907650996785378,APPROVED,
postgres,945,2026-08-25T15:24:34.502104+00:00,2026-08-25T15:24:34.513963+00:00,11.843722000776324,APPROVED,
voltdb,945,2026-08-25T15:24:34.514002+00:00,2026-08-25T15:24:34.539256+00:00,25.247530000342522,APPROVED,
postgres,946,2026-08-25T15:24:34.539384+00:00,2026-08-25T15:24:34.552693+00:00,13.293801002873806,APPROVED,
voltdb,946,2026-08-25T15:24:34.552731+00:00,2026-08-25T15:24:34.579640+00:00,26.90202899975702,APPROVED,
postgres,947,2026-08-25T15:24:34.579812+00:00,2026-08-25T15:24:34.593933+00:00,14.104630001384066,APPROVED,
voltdb,947,2026-08-25T15:24:34.593970+00:00,2026-08-25T15:24:34.619179+00:00,25.175186001433758,APPROVED,
postgres,949,2026-08-25T15:24:34.619326+00:00,2026-08-25T15:24:34.632534+00:00,13.191181998990942,APPROVED,
voltdb,949,2026-08-25T15:24:34.632574+00:00,2026-08-25T15:24:34.659657+00:00,27.077103000920033,APPROVED,
postgres,950,2026-08-25T15:24:34.659797+00:00,2026-08-25T15:24:34.679315+00:00,19.502724000631133,APPROVED,
voltdb,950,2026-08-25T15:24:34.679378+00:00,2026-08-25T15:24:34.713395+00:00,34.00540400252794,APPROVED,
postgres,951,2026-08-25T15:24:34.713547+00:00,2026-08-25T15:24:34.724218+00:00,10.658701001375448,APPROVED,
voltdb,951,2026-08-25T15:24:34.724253+00:00,2026-08-25T15:24:34.746279+00:00,22.018274998117704,APPROVED,
postgres,952,2026-08-25T15:24:34.746430+00:00,2026-08-25T15:24:34.761639+00:00,15.190060999884736,APPROVED,
voltdb,952,2026-08-25T15:24:34.761686+00:00,2026-08-25T15:24:34.788736+00:00,27.042761001212057,APPROVED,
postgres,954,2026-08-25T15:24:34.788877+00:00,2026-08-25T15:24:34.799804+00:00,10.904506001679692,APPROVED,
voltdb,954,2026-08-25T15:24:34.799843+00:00,2026-08-25T15:24:34.826956+00:00,27.10684999692603,APPROVED,
postgres,955,2026-08-25T15:24:34.827036+00:00,2026-08-25T15:24:34.838622+00:00,11.575537002499914,APPROVED,
voltdb,955,2026-08-25T15:24:34.838660+00:00,2026-08-25T15:24:34.868703+00:00,30.03641599934781,APPROVED,
postgres,956,2026-08-25T15:24:34.868788+00:00,2026-08-25T15:24:34.881779+00:00,12.979914998140885,APPROVED,
voltdb,956,2026-08-25T15:24:34.881818+00:00,2026-08-25T15:24:34.911106+00:00,29.279628000949742,APPROVED,
postgres,957,2026-08-25T15:24:34.911218+00:00,2026-08-25T15:24:34.927352+00:00,16.119888998218812,REVIEW,
voltdb,957,2026-08-25T15:24:34.927395+00:00,2026-08-25T15:24:34.959685+00:00,32.28092800054583,REVIEW,
postgres,958,2026-08-25T15:24:34.959810+00:00,2026-08-25T15:24:34.971934+00:00,12.111809002817608,APPROVED,
voltdb,958,2026-08-25T15:24:34.971973+00:00,2026-08-25T15:24:35.016376+00:00,44.3951150009525,APPROVED,
postgres,959,2026-08-25T15:24:35.016501+00:00,2026-08-25T15:24:35.028857+00:00,12.323385999479797,APPROVED,
voltdb,959,2026-08-25T15:24:35.028896+00:00,2026-08-25T15:24:35.057017+00:00,28.11375600140309,APPROVED,
postgres,960,2026-08-25T15:24:35.057187+00:00,2026-08-25T15:24:35.072240+00:00,15.035989999887533,APPROVED,
voltdb,960,2026-08-25T15:24:35.072279+00:00,2026-08-25T15:24:35.100898+00:00,28.61150700118742,APPROVED,
postgres,961,2026-08-25T15:24:35.101116+00:00,2026-08-25T15:24:35.122401+00:00,21.26747199872625,REVIEW,
voltdb,961,2026-08-25T15:24:35.122440+00:00,2026-08-25T15:24:35.161584+00:00,39.13645400098176,REVIEW,
postgres,964,2026-08-25T15:24:35.161671+00:00,2026-08-25T15:24:35.176295+00:00,14.614635998441372,APPROVED,
voltdb,964,2026-08-25T15:24:35.176334+00:00,2026-08-25T15:24:35.206007+00:00,29.666177000763128,APPROVED,
postgres,965,2026-08-25T15:24:35.206129+00:00,2026-08-25T15:24:35.224245+00:00,18.076970998663455,APPROVED,
voltdb,965,2026-08-25T15:24:35.224282+00:00,2026-08-25T15:24:35.251184+00:00,26.894407001236686,APPROVED,
postgres,966,2026-08-25T15:24:35.251333+00:00,2026-08-25T15:24:35.269078+00:00,17.73103600135073,APPROVED,
voltdb,966,2026-08-25T15:24:35.269118+00:00,2026-08-25T15:24:35.300167+00:00,31.0420960013289,APPROVED,
postgres,969,2026-08-25T15:24:35.300251+00:00,2026-08-25T15:24:35.312753+00:00,12.491888999647927,BLOCKED,
voltdb,969,2026-08-25T15:24:35.312792+00:00,2026-08-25T15:24:35.346909+00:00,34.110966000298504,BLOCKED,
postgres,970,2026-08-25T15:24:35.346997+00:00,2026-08-25T15:24:35.360389+00:00,13.379772997723194,APPROVED,
voltdb,970,2026-08-25T15:24:35.360425+00:00,2026-08-25T15:24:35.385695+00:00,25.2620389983349,APPROVED,
postgres,971,2026-08-25T15:24:35.385856+00:00,2026-08-25T15:24:35.396781+00:00,10.914339000009932,APPROVED,
voltdb,971,2026-08-25T15:24:35.396821+00:00,2026-08-25T15:24:35.425494+00:00,28.665878999163397,APPROVED,
postgres,972,2026-08-25T15:24:35.425575+00:00,2026-08-25T15:24:35.437290+00:00,11.704111999279121,APPROVED,
voltdb,972,2026-08-25T15:24:35.437331+00:00,2026-08-25T15:24:35.462378+00:00,25.039890002517495,APPROVED,
postgres,973,2026-08-25T15:24:35.462497+00:00,2026-08-25T15:24:35.476067+00:00,13.558496000769082,APPROVED,
voltdb,973,2026-08-25T15:24:35.476109+00:00,2026-08-25T15:24:35.502020+00:00,25.902440000209026,APPROVED,
postgres,975,2026-08-25T15:24:35.502188+00:00,2026-08-25T15:24:35.514316+00:00,12.114360000850866,APPROVED,
voltdb,975,2026-08-25T15:24:35.514354+00:00,2026-08-25T15:24:35.542732+00:00,28.37141499912832,APPROVED,
postgres,976,2026-08-25T15:24:35.543007+00:00,2026-08-25T15:24:35.557584+00:00,14.559795999957714,APPROVED,
voltdb,976,2026-08-25T15:24:35.557621+00:00,2026-08-25T15:24:35.591271+00:00,33.64243900068686,APPROVED,
postgres,977,2026-08-25T15:24:35.591434+00:00,2026-08-25T15:24:35.604859+00:00,13.408661998255411,APPROVED,
voltdb,977,2026-08-25T15:24:35.604896+00:00,2026-08-25T15:24:35.636542+00:00,31.637183001294034,APPROVED,
postgres,979,2026-08-25T15:24:35.636656+00:00,2026-08-25T15:24:35.650098+00:00,13.424921002297197,APPROVED,
voltdb,979,2026-08-25T15:24:35.650138+00:00,2026-08-25T15:24:35.683069+00:00,32.90838899920345,APPROVED,
postgres,980,2026-08-25T15:24:35.683194+00:00,2026-08-25T15:24:35.703114+00:00,19.907554000383243,BLOCKED,
voltdb,980,2026-08-25T15:24:35.703154+00:00,2026-08-25T15:24:35.730555+00:00,27.39333299905411,BLOCKED,
postgres,981,2026-08-25T15:24:35.730712+00:00,2026-08-25T15:24:35.746410+00:00,15.659910000977106,APPROVED,
voltdb,981,2026-08-25T15:24:35.746484+00:00,2026-08-25T15:24:35.780557+00:00,34.06296899993322,APPROVED,
postgres,983,2026-08-25T15:24:35.780743+00:00,2026-08-25T15:24:35.795409+00:00,14.649796998128295,APPROVED,
voltdb,983,2026-08-25T15:24:35.795446+00:00,2026-08-25T15:24:35.822001+00:00,26.54779300064547,APPROVED,
postgres,984,2026-08-25T15:24:35.822206+00:00,2026-08-25T15:24:35.836791+00:00,14.561410000169417,APPROVED,
voltdb,984,2026-08-25T15:24:35.836829+00:00,2026-08-25T15:24:35.867625+00:00,30.789633998210775,APPROVED,
postgres,985,2026-08-25T15:24:35.867704+00:00,2026-08-25T15:24:35.911998+00:00,44.28344700136222,APPROVED,
voltdb,985,2026-08-25T15:24:35.912035+00:00,2026-08-25T15:24:35.938915+00:00,26.873431997955777,APPROVED,
postgres,986,2026-08-25T15:24:35.939063+00:00,2026-08-25T15:24:35.951451+00:00,12.372459001198877,APPROVED,
voltdb,986,2026-08-25T15:24:35.951493+00:00,2026-08-25T15:24:35.983434+00:00,31.933944999764208,APPROVED,
postgres,987,2026-08-25T15:24:35.983519+00:00,2026-08-25T15:24:35.994796+00:00,11.226572998566553,APPROVED,
voltdb,987,2026-08-25T15:24:35.994838+00:00,2026-08-25T15:24:36.022165+00:00,27.319487002387177,APPROVED,
postgres,989,2026-08-25T15:24:36.022320+00:00,2026-08-25T15:24:36.035896+00:00,13.556021000113105,APPROVED,
voltdb,989,2026-08-25T15:24:36.035953+00:00,2026-08-25T15:24:36.059925+00:00,23.96552100253757,APPROVED,
postgres,990,2026-08-25T15:24:36.060010+00:00,2026-08-25T15:24:36.068502+00:00,8.481662996928208,APPROVED,
voltdb,990,2026-08-25T15:24:36.068539+00:00,2026-08-25T15:24:36.098714+00:00,30.168328998115612,APPROVED,
postgres,991,2026-08-25T15:24:36.098919+00:00,2026-08-25T15:24:36.113417+00:00,14.398880000953795,APPROVED,
voltdb,991,2026-08-25T15:24:36.113459+00:00,2026-08-25T15:24:36.140561+00:00,27.095703000668436,APPROVED,
postgres,992,2026-08-25T15:24:36.140646+00:00,2026-08-25T15:24:36.158916+00:00,18.250270000862656,BLOCKED,
voltdb,992,2026-08-25T15:24:36.159030+00:00,2026-08-25T15:24:36.192877+00:00,33.833248999144416,BLOCKED,
postgres,993,2026-08-25T15:24:36.192954+00:00,2026-08-25T15:24:36.202465+00:00,9.500895997916814,APPROVED,
voltdb,993,2026-08-25T15:24:36.202503+00:00,2026-08-25T15:24:36.228168+00:00,25.65862800111063,APPROVED,
postgres,995,2026-08-25T15:24:36.228250+00:00,2026-08-25T15:24:36.240101+00:00,11.840826999105047,APPROVED,
voltdb,995,2026-08-25T15:24:36.240138+00:00,2026-08-25T15:24:36.262825+00:00,22.67972700065002,APPROVED,
postgres,996,2026-08-25T15:24:36.262909+00:00,2026-08-25T15:24:36.277287+00:00,14.364754999405704,APPROVED,
voltdb,996,2026-08-25T15:24:36.277351+00:00,2026-08-25T15:24:36.304852+00:00,27.49301000221749,APPROVED,
postgres,997,2026-08-25T15:24:36.305072+00:00,2026-08-25T15:24:36.319005+00:00,13.916210002207663,APPROVED,
voltdb,997,2026-08-25T15:24:36.319044+00:00,2026-08-25T15:24:36.348631+00:00,29.57966100075282,APPROVED,
postgres,999,2026-08-25T15:24:36.348718+00:00,2026-08-25T15:24:36.361607+00:00,12.878975001513027,APPROVED,
voltdb,999,2026-08-25T15:24:36.361645+00:00,2026-08-25T15:24:36.389214+00:00,27.563332001591334,APPROVED,
postgres,1001,2026-08-25T15:24:36.389313+00:00,2026-08-25T15:24:36.402517+00:00,13.192118000006303,APPROVED,
voltdb,1001,2026-08-25T15:24:36.402562+00:00,2026-08-25T15:24:36.428304+00:00,25.733820999448653,APPROVED,
postgres,1003,2026-08-25T15:24:36.428412+00:00,2026-08-25T15:24:36.442591+00:00,14.16812300158199,APPROVED,
voltdb,1003,2026-08-25T15:24:36.442629+00:00,2026-08-25T15:24:36.467728+00:00,25.093817999731982,APPROVED,
postgres,1004,2026-08-25T15:24:36.467819+00:00,2026-08-25T15:24:36.480120+00:00,12.291545001062332,APPROVED,
voltdb,1004,2026-08-25T15:24:36.480159+00:00,2026-08-25T15:24:36.505834+00:00,25.65310800127918,APPROVED,
postgres,1007,2026-08-25T15:24:36.505934+00:00,2026-08-25T15:24:36.518666+00:00,12.720375001663342,APPROVED,
voltdb,1007,2026-08-25T15:24:36.518703+00:00,2026-08-25T15:24:36.544354+00:00,25.643204997322755,APPROVED,
postgres,1008,2026-08-25T15:24:36.544441+00:00,2026-08-25T15:24:36.556701+00:00,12.249260002135998,APPROVED,
voltdb,1008,2026-08-25T15:24:36.556739+00:00,2026-08-25T15:24:36.581099+00:00,24.35349799998221,APPROVED,
postgres,1011,2026-08-25T15:24:36.581194+00:00,2026-08-25T15:24:36.594630+00:00,13.424957996903686,APPROVED,
voltdb,1011,2026-08-25T15:24:36.594670+00:00,2026-08-25T15:24:36.623487+00:00,28.809708001062972,APPROVED,
postgres,1012,2026-08-25T15:24:36.623570+00:00,2026-08-25T15:24:36.633660+00:00,10.080841999297263,APPROVED,
voltdb,1012,2026-08-25T15:24:36.633697+00:00,2026-08-25T15:24:36.662448+00:00,28.74344699739595,APPROVED,
postgres,1013,2026-08-25T15:24:36.662566+00:00,2026-08-25T15:24:36.679827+00:00,17.21362700118334,APPROVED,
voltdb,1013,2026-08-25T15:24:36.679866+00:00,2026-08-25T15:24:36.714027+00:00,34.153664997575106,APPROVED,
postgres,1017,2026-08-25T15:24:36.714228+00:00,2026-08-25T15:24:36.727717+00:00,13.469587000145111,APPROVED,
voltdb,1017,2026-08-25T15:24:36.727760+00:00,2026-08-25T15:24:36.757394+00:00,29.627259998960653,APPROVED,
postgres,1019,2026-08-25T15:24:36.757478+00:00,2026-08-25T15:24:36.772050+00:00,14.558613998815417,APPROVED,
voltdb,1019,2026-08-25T15:24:36.772088+00:00,2026-08-25T15:24:36.805111+00:00,33.01618900150061,APPROVED,
postgres,1021,2026-08-25T15:24:36.805284+00:00,2026-08-25T15:24:36.818465+00:00,13.163944000552874,REVIEW,
voltdb,1021,2026-08-25T15:24:36.818501+00:00,2026-08-25T15:24:36.861201+00:00,42.693614999734564,REVIEW,
postgres,1022,2026-08-25T15:24:36.861352+00:00,2026-08-25T15:24:36.871372+00:00,10.003121999034192,APPROVED,
voltdb,1022,2026-08-25T15:24:36.871409+00:00,2026-08-25T15:24:36.901688+00:00,30.2718079983606,APPROVED,
postgres,1023,2026-08-25T15:24:36.901766+00:00,2026-08-25T15:24:36.912335+00:00,10.558781999861822,APPROVED,
voltdb,1023,2026-08-25T15:24:36.912373+00:00,2026-08-25T15:24:36.941077+00:00,28.696900000795722,APPROVED,
postgres,1025,2026-08-25T15:24:36.941165+00:00,2026-08-25T15:24:36.951945+00:00,10.770905999379465,APPROVED,
voltdb,1025,2026-08-25T15:24:36.951984+00:00,2026-08-25T15:24:36.981350+00:00,29.358217001572484,APPROVED,
postgres,1027,2026-08-25T15:24:36.981428+00:00,2026-08-25T15:24:36.994473+00:00,13.03443000142579,REVIEW,
voltdb,1027,2026-08-25T15:24:36.994509+00:00,2026-08-25T15:24:37.027515+00:00,32.99974299807218,REVIEW,
postgres,1028,2026-08-25T15:24:37.027643+00:00,2026-08-25T15:24:37.039275+00:00,11.61508400036837,APPROVED,
voltdb,1028,2026-08-25T15:24:37.039392+00:00,2026-08-25T15:24:37.068541+00:00,29.13558200089028,APPROVED,
postgres,1031,2026-08-25T15:24:37.068926+00:00,2026-08-25T15:24:37.086080+00:00,17.130000996985473,APPROVED,
voltdb,1031,2026-08-25T15:24:37.086118+00:00,2026-08-25T15:24:37.116413+00:00,30.288523998024175,APPROVED,
postgres,1032,2026-08-25T15:24:37.116628+00:00,2026-08-25T15:24:37.132415+00:00,15.76853499864228,APPROVED,
voltdb,1032,2026-08-25T15:24:37.132490+00:00,2026-08-25T15:24:37.162647+00:00,30.147489000228234,APPROVED,
postgres,1033,2026-08-25T15:24:37.162808+00:00,2026-08-25T15:24:37.178566+00:00,15.74254100341932,APPROVED,
voltdb,1033,2026-08-25T15:24:37.178603+00:00,2026-08-25T15:24:37.208997+00:00,30.386905000341358,APPROVED,
postgres,1034,2026-08-25T15:24:37.209172+00:00,2026-08-25T15:24:37.225022+00:00,15.833976001886185,APPROVED,
voltdb,1034,2026-08-25T15:24:37.225061+00:00,2026-08-25T15:24:37.256499+00:00,31.43090400044457,APPROVED,
postgres,1035,2026-08-25T15:24:37.256813+00:00,2026-08-25T15:24:37.274145+00:00,17.236132000107318,APPROVED,
voltdb,1035,2026-08-25T15:24:37.274181+00:00,2026-08-25T15:24:37.303675+00:00,29.486909999832278,APPROVED,
postgres,1036,2026-08-25T15:24:37.303807+00:00,2026-08-25T15:24:37.369899+00:00,66.07482899926254,REVIEW,
voltdb,1036,2026-08-25T15:24:37.369935+00:00,2026-08-25T15:24:37.406157+00:00,36.214878997270716,REVIEW,
postgres,1038,2026-08-25T15:24:37.406236+00:00,2026-08-25T15:24:37.427481+00:00,21.232467999652727,APPROVED,
voltdb,1038,2026-08-25T15:24:37.427529+00:00,2026-08-25T15:24:37.454678+00:00,27.141653998114634,APPROVED,
postgres,1040,2026-08-25T15:24:37.454777+00:00,2026-08-25T15:24:37.468730+00:00,13.94176800022251,APPROVED,
voltdb,1040,2026-08-25T15:24:37.468811+00:00,2026-08-25T15:24:37.494512+00:00,25.67198900214862,APPROVED,
postgres,1043,2026-08-25T15:24:37.494609+00:00,2026-08-25T15:24:37.509682+00:00,15.027607001684373,REVIEW,
voltdb,1043,2026-08-25T15:24:37.509722+00:00,2026-08-25T15:24:37.545255+00:00,35.526543000742095,REVIEW,
postgres,1044,2026-08-25T15:24:37.545353+00:00,2026-08-25T15:24:37.559199+00:00,13.835069999913685,APPROVED,
voltdb,1044,2026-08-25T15:24:37.559237+00:00,2026-08-25T15:24:37.585176+00:00,25.932934000593377,APPROVED,
postgres,1047,2026-08-25T15:24:37.585256+00:00,2026-08-25T15:24:37.595402+00:00,10.135586002434138,APPROVED,
voltdb,1047,2026-08-25T15:24:37.595442+00:00,2026-08-25T15:24:37.625504+00:00,30.05524299805984,APPROVED,
postgres,1048,2026-08-25T15:24:37.625581+00:00,2026-08-25T15:24:37.639514+00:00,13.923353999416577,APPROVED,
voltdb,1048,2026-08-25T15:24:37.639552+00:00,2026-08-25T15:24:37.666481+00:00,26.92232499975944,APPROVED,
postgres,1050,2026-08-25T15:24:37.666566+00:00,2026-08-25T15:24:37.677961+00:00,11.384031000488903,APPROVED,
voltdb,1050,2026-08-25T15:24:37.678026+00:00,2026-08-25T15:24:37.707540+00:00,29.507163002563175,APPROVED,
postgres,1051,2026-08-25T15:24:37.707633+00:00,2026-08-25T15:24:37.720678+00:00,13.033453997195465,APPROVED,
voltdb,1051,2026-08-25T15:24:37.720719+00:00,2026-08-25T15:24:37.750132+00:00,29.405328001303133,APPROVED,
postgres,1052,2026-08-25T15:24:37.750216+00:00,2026-08-25T15:24:37.762577+00:00,12.35016400096356,APPROVED,
voltdb,1052,2026-08-25T15:24:37.762615+00:00,2026-08-25T15:24:37.794360+00:00,31.73670600153855,APPROVED,
postgres,1053,2026-08-25T15:24:37.794443+00:00,2026-08-25T15:24:37.811747+00:00,17.293954002525425,REVIEW,
voltdb,1053,2026-08-25T15:24:37.811823+00:00,2026-08-25T15:24:37.854154+00:00,42.323387002397794,REVIEW,
postgres,1054,2026-08-25T15:24:37.854235+00:00,2026-08-25T15:24:37.869626+00:00,15.380496999569004,APPROVED,
voltdb,1054,2026-08-25T15:24:37.869665+00:00,2026-08-25T15:24:37.901877+00:00,32.206185001996346,APPROVED,
postgres,1055,2026-08-25T15:24:37.901996+00:00,2026-08-25T15:24:37.915372+00:00,13.361878001887817,APPROVED,
voltdb,1055,2026-08-25T15:24:37.915445+00:00,2026-08-25T15:24:37.944256+00:00,28.802308999729576,APPROVED,
postgres,1056,2026-08-25T15:24:37.944415+00:00,2026-08-25T15:24:37.957231+00:00,12.799689000530634,APPROVED,
voltdb,1056,2026-08-25T15:24:37.957289+00:00,2026-08-25T15:24:37.983817+00:00,26.511529002164025,APPROVED,
postgres,1057,2026-08-25T15:24:37.984003+00:00,2026-08-25T15:24:37.997460+00:00,13.440672999422532,APPROVED,
voltdb,1057,2026-08-25T15:24:37.997547+00:00,2026-08-25T15:24:38.029379+00:00,31.793139001820236,APPROVED,
postgres,1061,2026-08-25T15:24:38.029635+00:00,2026-08-25T15:24:38.047266+00:00,17.613627001992427,REVIEW,
voltdb,1061,2026-08-25T15:24:38.047305+00:00,2026-08-25T15:24:38.085580+00:00,38.266903000476304,REVIEW,
postgres,1062,2026-08-25T15:24:38.085695+00:00,2026-08-25T15:24:38.101030+00:00,15.319244001148036,APPROVED,
voltdb,1062,2026-08-25T15:24:38.101068+00:00,2026-08-25T15:24:38.132028+00:00,30.95259600013378,APPROVED,
postgres,1065,2026-08-25T15:24:38.132297+00:00,2026-08-25T15:24:38.151656+00:00,19.34196299771429,REVIEW,
voltdb,1065,2026-08-25T15:24:38.151694+00:00,2026-08-25T15:24:38.194277+00:00,42.574816001433646,REVIEW,
postgres,1066,2026-08-25T15:24:38.194372+00:00,2026-08-25T15:24:38.205336+00:00,10.953553999570431,APPROVED,
voltdb,1066,2026-08-25T15:24:38.205375+00:00,2026-08-25T15:24:38.232837+00:00,27.45519800009788,APPROVED,
postgres,1068,2026-08-25T15:24:38.232919+00:00,2026-08-25T15:24:38.246526+00:00,13.504972001101123,APPROVED,
voltdb,1068,2026-08-25T15:24:38.246563+00:00,2026-08-25T15:24:38.274770+00:00,28.199601998494472,APPROVED,
postgres,1069,2026-08-25T15:24:38.274850+00:00,2026-08-25T15:24:38.286228+00:00,11.368110001058085,APPROVED,
voltdb,1069,2026-08-25T15:24:38.286266+00:00,2026-08-25T15:24:38.329172+00:00,42.898176001472166,APPROVED,
postgres,1070,2026-08-25T15:24:38.329262+00:00,2026-08-25T15:24:38.351640+00:00,22.367142999428324,APPROVED,
voltdb,1070,2026-08-25T15:24:38.351678+00:00,2026-08-25T15:24:38.383762+00:00,32.0773490020656,APPROVED,
postgres,1072,2026-08-25T15:24:38.383844+00:00,2026-08-25T15:24:38.395413+00:00,11.558086996956263,APPROVED,
voltdb,1072,2026-08-25T15:24:38.395450+00:00,2026-08-25T15:24:38.429900+00:00,34.44197900171275,APPROVED,
postgres,1073,2026-08-25T15:24:38.429990+00:00,2026-08-25T15:24:38.448329+00:00,18.32623600057559,APPROVED,
voltdb,1073,2026-08-25T15:24:38.448373+00:00,2026-08-25T15:24:38.474459+00:00,26.07910399819957,APPROVED,
postgres,1074,2026-08-25T15:24:38.474537+00:00,2026-08-25T15:24:38.492340+00:00,17.741698000463657,APPROVED,
voltdb,1074,2026-08-25T15:24:38.492380+00:00,2026-08-25T15:24:38.527242+00:00,34.85530900070444,APPROVED,
postgres,1075,2026-08-25T15:24:38.527394+00:00,2026-08-25T15:24:38.542945+00:00,15.53663999948185,APPROVED,
voltdb,1075,2026-08-25T15:24:38.542983+00:00,2026-08-25T15:24:38.571463+00:00,28.474058999563567,APPROVED,
postgres,1077,2026-08-25T15:24:38.571551+00:00,2026-08-25T15:24:38.590178+00:00,18.617892001202563,REVIEW,
voltdb,1077,2026-08-25T15:24:38.590216+00:00,2026-08-25T15:24:38.626514+00:00,36.290886000642786,REVIEW,
postgres,1078,2026-08-25T15:24:38.626697+00:00,2026-08-25T15:24:38.643874+00:00,17.164936998597113,APPROVED,
voltdb,1078,2026-08-25T15:24:38.643912+00:00,2026-08-25T15:24:38.676466+00:00,32.54650400049286,APPROVED,
postgres,1081,2026-08-25T15:24:38.676547+00:00,2026-08-25T15:24:38.699035+00:00,22.445918002631515,REVIEW,
voltdb,1081,2026-08-25T15:24:38.699180+00:00,2026-08-25T15:24:38.735132+00:00,35.93621699837968,REVIEW,
postgres,1083,2026-08-25T15:24:38.735208+00:00,2026-08-25T15:24:38.744681+00:00,9.463141999731306,APPROVED,
voltdb,1083,2026-08-25T15:24:38.744720+00:00,2026-08-25T15:24:38.773863+00:00,29.135122000297997,APPROVED,
postgres,1084,2026-08-25T15:24:38.773972+00:00,2026-08-25T15:24:38.786325+00:00,12.342738998995628,APPROVED,
voltdb,1084,2026-08-25T15:24:38.786362+00:00,2026-08-25T15:24:38.874035+00:00,87.66479599944432,APPROVED,
postgres,1086,2026-08-25T15:24:38.874116+00:00,2026-08-25T15:24:38.889387+00:00,15.2595379986451,APPROVED,
voltdb,1086,2026-08-25T15:24:38.889424+00:00,2026-08-25T15:24:38.911412+00:00,21.980956000334118,APPROVED,
postgres,1087,2026-08-25T15:24:38.911582+00:00,2026-08-25T15:24:38.928126+00:00,16.504253002494806,APPROVED,
voltdb,1087,2026-08-25T15:24:38.928177+00:00,2026-08-25T15:24:38.965572+00:00,37.3879990002024,APPROVED,
postgres,1089,2026-08-25T15:24:38.965784+00:00,2026-08-25T15:24:38.982994+00:00,17.1941840017098,APPROVED,
voltdb,1089,2026-08-25T15:24:38.983034+00:00,2026-08-25T15:24:39.001553+00:00,18.512749000365147,APPROVED,
postgres,1090,2026-08-25T15:24:39.001653+00:00,2026-08-25T15:24:39.014636+00:00,12.971824002306676,APPROVED,
voltdb,1090,2026-08-25T15:24:39.014674+00:00,2026-08-25T15:24:39.042630+00:00,27.949182000156725,APPROVED,
postgres,1094,2026-08-25T15:24:39.042712+00:00,2026-08-25T15:24:39.055477+00:00,12.754612002026988,APPROVED,
voltdb,1094,2026-08-25T15:24:39.055521+00:00,2026-08-25T15:24:39.081166+00:00,25.638082002842566,APPROVED,
postgres,1096,2026-08-25T15:24:39.081299+00:00,2026-08-25T15:24:39.093964+00:00,12.649822001549182,APPROVED,
voltdb,1096,2026-08-25T15:24:39.094002+00:00,2026-08-25T15:24:39.122318+00:00,28.309637997153914,APPROVED,
postgres,1097,2026-08-25T15:24:39.122409+00:00,2026-08-25T15:24:39.132254+00:00,9.834344000410056,APPROVED,
voltdb,1097,2026-08-25T15:24:39.132293+00:00,2026-08-25T15:24:39.170620+00:00,38.319324998155935,APPROVED,
postgres,1098,2026-08-25T15:24:39.170870+00:00,2026-08-25T15:24:39.184878+00:00,13.991124000312993,APPROVED,
voltdb,1098,2026-08-25T15:24:39.184918+00:00,2026-08-25T15:24:39.212059+00:00,27.133944000524934,APPROVED,
postgres,1099,2026-08-25T15:24:39.212199+00:00,2026-08-25T15:24:39.229749+00:00,17.536626997753046,APPROVED,
voltdb,1099,2026-08-25T15:24:39.229786+00:00,2026-08-25T15:24:39.257560+00:00,27.76766099850647,APPROVED,
postgres,1100,2026-08-25T15:24:39.257806+00:00,2026-08-25T15:24:39.270356+00:00,12.530683001386933,APPROVED,
voltdb,1100,2026-08-25T15:24:39.270393+00:00,2026-08-25T15:24:39.304949+00:00,34.54908500134479,APPROVED,
postgres,1101,2026-08-25T15:24:39.305065+00:00,2026-08-25T15:24:39.321142+00:00,16.0665160001372,APPROVED,
voltdb,1101,2026-08-25T15:24:39.321179+00:00,2026-08-25T15:24:39.353136+00:00,31.949374999385327,APPROVED,
postgres,1105,2026-08-25T15:24:39.353269+00:00,2026-08-25T15:24:39.366863+00:00,13.582661998952972,REVIEW,
voltdb,1105,2026-08-25T15:24:39.366902+00:00,2026-08-25T15:24:39.411530+00:00,44.620813001529314,REVIEW,
postgres,1106,2026-08-25T15:24:39.411711+00:00,2026-08-25T15:24:39.430648+00:00,18.9230010000756,APPROVED,
voltdb,1106,2026-08-25T15:24:39.430687+00:00,2026-08-25T15:24:39.469718+00:00,39.024268997309264,APPROVED,
postgres,1107,2026-08-25T15:24:39.469880+00:00,2026-08-25T15:24:39.478833+00:00,8.937943999626441,APPROVED,
voltdb,1107,2026-08-25T15:24:39.478873+00:00,2026-08-25T15:24:39.511670+00:00,32.790051998745184,APPROVED,
postgres,1109,2026-08-25T15:24:39.511805+00:00,2026-08-25T15:24:39.528362+00:00,16.541549000976374,APPROVED,
voltdb,1109,2026-08-25T15:24:39.528400+00:00,2026-08-25T15:24:39.561075+00:00,32.667932002368616,APPROVED,
postgres,1111,2026-08-25T15:24:39.561170+00:00,2026-08-25T15:24:39.575372+00:00,14.190519999829121,APPROVED,
voltdb,1111,2026-08-25T15:24:39.575410+00:00,2026-08-25T15:24:39.605728+00:00,30.31144900160143,APPROVED,
postgres,1113,2026-08-25T15:24:39.605868+00:00,2026-08-25T15:24:39.621109+00:00,15.223002999846358,APPROVED,
voltdb,1113,2026-08-25T15:24:39.621162+00:00,2026-08-25T15:24:39.657554+00:00,36.3851389993215,APPROVED,
postgres,1115,2026-08-25T15:24:39.657648+00:00,2026-08-25T15:24:39.667720+00:00,10.062549998110626,APPROVED,
voltdb,1115,2026-08-25T15:24:39.667756+00:00,2026-08-25T15:24:39.692513+00:00,24.749961998168146,APPROVED,
postgres,1117,2026-08-25T15:24:39.692599+00:00,2026-08-25T15:24:39.709099+00:00,16.487731998495292,BLOCKED,
voltdb,1117,2026-08-25T15:24:39.709136+00:00,2026-08-25T15:24:39.744448+00:00,35.30648300147732,BLOCKED,
postgres,1118,2026-08-25T15:24:39.744529+00:00,2026-08-25T15:24:39.758773+00:00,14.23369999974966,APPROVED,
voltdb,1118,2026-08-25T15:24:39.758813+00:00,2026-08-25T15:24:39.788679+00:00,29.85966800042661,APPROVED,
postgres,1120,2026-08-25T15:24:39.788929+00:00,2026-08-25T15:24:39.802111+00:00,13.168874000257347,APPROVED,
voltdb,1120,2026-08-25T15:24:39.802149+00:00,2026-08-25T15:24:39.835364+00:00,33.20863199769519,APPROVED,
postgres,1122,2026-08-25T15:24:39.835675+00:00,2026-08-25T15:24:39.852486+00:00,16.75858299859101,APPROVED,
voltdb,1122,2026-08-25T15:24:39.852523+00:00,2026-08-25T15:24:39.884500+00:00,31.969985000614543,APPROVED,
postgres,1123,2026-08-25T15:24:39.884612+00:00,2026-08-25T15:24:39.900071+00:00,15.44917299906956,APPROVED,
voltdb,1123,2026-08-25T15:24:39.900108+00:00,2026-08-25T15:24:39.939615+00:00,39.47472200161428,APPROVED,
postgres,1124,2026-08-25T15:24:39.939726+00:00,2026-08-25T15:24:39.950170+00:00,10.43422599832411,APPROVED,
voltdb,1124,2026-08-25T15:24:39.950208+00:00,2026-08-25T15:24:39.983860+00:00,33.64599300039117,APPROVED,
postgres,1125,2026-08-25T15:24:39.983936+00:00,2026-08-25T15:24:39.993808+00:00,9.863617000519298,APPROVED,
voltdb,1125,2026-08-25T15:24:39.993844+00:00,2026-08-25T15:24:40.013568+00:00,19.716879000043264,APPROVED,
postgres,1126,2026-08-25T15:24:40.013655+00:00,2026-08-25T15:24:40.029658+00:00,15.991526997822803,APPROVED,
voltdb,1126,2026-08-25T15:24:40.029694+00:00,2026-08-25T15:24:40.060665+00:00,30.963691999204457,APPROVED,
postgres,1127,2026-08-25T15:24:40.060745+00:00,2026-08-25T15:24:40.075962+00:00,15.20671500111348,APPROVED,
voltdb,1127,2026-08-25T15:24:40.076001+00:00,2026-08-25T15:24:40.106850+00:00,30.842042997392127,APPROVED,
postgres,1128,2026-08-25T15:24:40.106928+00:00,2026-08-25T15:24:40.122078+00:00,15.14039399989997,APPROVED,
voltdb,1128,2026-08-25T15:24:40.122117+00:00,2026-08-25T15:24:40.149792+00:00,27.66921399961575,APPROVED,
postgres,1129,2026-08-25T15:24:40.149900+00:00,2026-08-25T15:24:40.164854+00:00,14.939951000997098,APPROVED,
voltdb,1129,2026-08-25T15:24:40.164892+00:00,2026-08-25T15:24:40.185862+00:00,20.96275299845729,APPROVED,
postgres,1131,2026-08-25T15:24:40.185950+00:00,2026-08-25T15:24:40.195095+00:00,9.135072999924887,APPROVED,
voltdb,1131,2026-08-25T15:24:40.195131+00:00,2026-08-25T15:24:40.229582+00:00,34.44387600029586,APPROVED,
postgres,1134,2026-08-25T15:24:40.229714+00:00,2026-08-25T15:24:40.243588+00:00,13.854421998985345,APPROVED,
voltdb,1134,2026-08-25T15:24:40.243627+00:00,2026-08-25T15:24:40.298528+00:00,54.89297099848045,APPROVED,
postgres,1135,2026-08-25T15:24:40.298720+00:00,2026-08-25T15:24:40.313774+00:00,15.02130199878593,APPROVED,
voltdb,1135,2026-08-25T15:24:40.313810+00:00,2026-08-25T15:24:40.335625+00:00,21.807032000651816,APPROVED,
postgres,1136,2026-08-25T15:24:40.335749+00:00,2026-08-25T15:24:40.345607+00:00,9.841564002272207,APPROVED,
voltdb,1136,2026-08-25T15:24:40.345645+00:00,2026-08-25T15:24:40.370925+00:00,25.272228001995245,APPROVED,
postgres,1137,2026-08-25T15:24:40.371037+00:00,2026-08-25T15:24:40.384362+00:00,13.310398997418815,APPROVED,
voltdb,1137,2026-08-25T15:24:40.384399+00:00,2026-08-25T15:24:40.404739+00:00,20.333307998953387,APPROVED,
postgres,1138,2026-08-25T15:24:40.404832+00:00,2026-08-25T15:24:40.413991+00:00,9.140655998635339,APPROVED,
voltdb,1138,2026-08-25T15:24:40.414108+00:00,2026-08-25T15:24:40.441315+00:00,26.667049001844134,APPROVED,
postgres,1142,2026-08-25T15:24:40.443242+00:00,2026-08-25T15:24:40.456447+00:00,13.168059002055088,APPROVED,
voltdb,1142,2026-08-25T15:24:40.456486+00:00,2026-08-25T15:24:40.481529+00:00,25.0356409997039,APPROVED,
postgres,1144,2026-08-25T15:24:40.481606+00:00,2026-08-25T15:24:40.490198+00:00,8.582680002291454,APPROVED,
voltdb,1144,2026-08-25T15:24:40.490235+00:00,2026-08-25T15:24:40.520095+00:00,29.852534000383457,APPROVED,
postgres,1146,2026-08-25T15:24:40.520174+00:00,2026-08-25T15:24:40.532952+00:00,12.762529000610812,APPROVED,
voltdb,1146,2026-08-25T15:24:40.533026+00:00,2026-08-25T15:24:40.561300+00:00,28.264702999877045,APPROVED,
postgres,1148,2026-08-25T15:24:40.561428+00:00,2026-08-25T15:24:40.576730+00:00,15.290583000023616,APPROVED,
voltdb,1148,2026-08-25T15:24:40.576767+00:00,2026-08-25T15:24:40.610733+00:00,33.92321000137599,APPROVED,
postgres,1151,2026-08-25T15:24:40.610965+00:00,2026-08-25T15:24:40.625210+00:00,14.22816999911447,APPROVED,
voltdb,1151,2026-08-25T15:24:40.625246+00:00,2026-08-25T15:24:40.655260+00:00,30.007539000507677,APPROVED,
postgres,1153,2026-08-25T15:24:40.655340+00:00,2026-08-25T15:24:40.668927+00:00,13.568914000643417,APPROVED,
voltdb,1153,2026-08-25T15:24:40.668972+00:00,2026-08-25T15:24:40.701430+00:00,32.44303799874615,APPROVED,
postgres,1154,2026-08-25T15:24:40.701892+00:00,2026-08-25T15:24:40.720042+00:00,18.128859002899844,APPROVED,
voltdb,1154,2026-08-25T15:24:40.720081+00:00,2026-08-25T15:24:40.750938+00:00,30.84969699921203,APPROVED,
postgres,1157,2026-08-25T15:24:40.751110+00:00,2026-08-25T15:24:40.766679+00:00,15.552827997453278,REVIEW,
voltdb,1157,2026-08-25T15:24:40.766719+00:00,2026-08-25T15:24:40.806029+00:00,39.30276300161495,REVIEW,
postgres,1158,2026-08-25T15:24:40.806113+00:00,2026-08-25T15:24:40.820513+00:00,14.389742998901056,APPROVED,
voltdb,1158,2026-08-25T15:24:40.820562+00:00,2026-08-25T15:24:40.849774+00:00,29.205228998762323,APPROVED,
postgres,1159,2026-08-25T15:24:40.849868+00:00,2026-08-25T15:24:40.861063+00:00,11.1847129992384,APPROVED,
voltdb,1159,2026-08-25T15:24:40.861100+00:00,2026-08-25T15:24:40.892042+00:00,30.935145001421915,APPROVED,
postgres,1160,2026-08-25T15:24:40.892122+00:00,2026-08-25T15:24:40.903008+00:00,10.875937001401326,APPROVED,
voltdb,1160,2026-08-25T15:24:40.903044+00:00,2026-08-25T15:24:40.931617+00:00,28.566740002133884,APPROVED,
postgres,1161,2026-08-25T15:24:40.931696+00:00,2026-08-25T15:24:40.943285+00:00,11.579000998608535,APPROVED,
voltdb,1161,2026-08-25T15:24:40.943323+00:00,2026-08-25T15:24:40.990479+00:00,47.149242000159575,APPROVED,
postgres,1162,2026-08-25T15:24:40.990709+00:00,2026-08-25T15:24:41.003218+00:00,12.492238001868827,APPROVED,
voltdb,1162,2026-08-25T15:24:41.003257+00:00,2026-08-25T15:24:41.042289+00:00,39.02466300132801,APPROVED,
postgres,1164,2026-08-25T15:24:41.042475+00:00,2026-08-25T15:24:41.057277+00:00,14.78336800209945,APPROVED,
voltdb,1164,2026-08-25T15:24:41.057314+00:00,2026-08-25T15:24:41.090649+00:00,33.328403002087725,APPROVED,
postgres,1165,2026-08-25T15:24:41.090822+00:00,2026-08-25T15:24:41.105558+00:00,14.722940999490675,APPROVED,
voltdb,1165,2026-08-25T15:24:41.105596+00:00,2026-08-25T15:24:41.137414+00:00,31.811259999813046,APPROVED,
postgres,1166,2026-08-25T15:24:41.137491+00:00,2026-08-25T15:24:41.150913+00:00,13.38154099721578,APPROVED,
voltdb,1166,2026-08-25T15:24:41.150951+00:00,2026-08-25T15:24:41.178592+00:00,27.634817000944167,APPROVED,
postgres,1168,2026-08-25T15:24:41.178672+00:00,2026-08-25T15:24:41.191172+00:00,12.490621000324609,APPROVED,
voltdb,1168,2026-08-25T15:24:41.191211+00:00,2026-08-25T15:24:41.218449+00:00,27.228023998759454,APPROVED,
postgres,1171,2026-08-25T15:24:41.218542+00:00,2026-08-25T15:24:41.233387+00:00,14.83456900314195,APPROVED,
voltdb,1171,2026-08-25T15:24:41.233428+00:00,2026-08-25T15:24:41.257516+00:00,24.080762999801664,APPROVED,
postgres,1172,2026-08-25T15:24:41.257603+00:00,2026-08-25T15:24:41.272392+00:00,14.778715001739329,REVIEW,
voltdb,1172,2026-08-25T15:24:41.272432+00:00,2026-08-25T15:24:41.304239+00:00,31.800513999769464,REVIEW,
postgres,1173,2026-08-25T15:24:41.304321+00:00,2026-08-25T15:24:41.318005+00:00,13.673336001374992,APPROVED,
voltdb,1173,2026-08-25T15:24:41.318041+00:00,2026-08-25T15:24:41.342159+00:00,24.11124100035522,APPROVED,
postgres,1175,2026-08-25T15:24:41.342242+00:00,2026-08-25T15:24:41.353231+00:00,10.978830003296025,APPROVED,
voltdb,1175,2026-08-25T15:24:41.353269+00:00,2026-08-25T15:24:41.378271+00:00,24.99306700337911,APPROVED,
postgres,1177,2026-08-25T15:24:41.378352+00:00,2026-08-25T15:24:41.389920+00:00,11.557775000255788,APPROVED,
voltdb,1177,2026-08-25T15:24:41.389956+00:00,2026-08-25T15:24:41.417583+00:00,27.619909997156356,APPROVED,
postgres,1178,2026-08-25T15:24:41.417698+00:00,2026-08-25T15:24:41.431778+00:00,14.067901000089478,APPROVED,
voltdb,1178,2026-08-25T15:24:41.431829+00:00,2026-08-25T15:24:41.452182+00:00,20.34657900003367,APPROVED,
postgres,1179,2026-08-25T15:24:41.452359+00:00,2026-08-25T15:24:41.465963+00:00,13.587936999101657,APPROVED,
voltdb,1179,2026-08-25T15:24:41.466013+00:00,2026-08-25T15:24:41.490269+00:00,24.246208999102237,APPROVED,
postgres,1181,2026-08-25T15:24:41.490408+00:00,2026-08-25T15:24:41.502979+00:00,12.559107002743986,APPROVED,
voltdb,1181,2026-08-25T15:24:41.503016+00:00,2026-08-25T15:24:41.530311+00:00,27.288291999866487,APPROVED,
postgres,1182,2026-08-25T15:24:41.530392+00:00,2026-08-25T15:24:41.540578+00:00,10.175841001910158,APPROVED,
voltdb,1182,2026-08-25T15:24:41.540614+00:00,2026-08-25T15:24:41.567916+00:00,27.289399000437697,APPROVED,
postgres,1183,2026-08-25T15:24:41.567995+00:00,2026-08-25T15:24:41.579754+00:00,11.749170000257436,APPROVED,
voltdb,1183,2026-08-25T15:24:41.579838+00:00,2026-08-25T15:24:41.602295+00:00,22.444043002906255,APPROVED,
postgres,1185,2026-08-25T15:24:41.602406+00:00,2026-08-25T15:24:41.610665+00:00,8.24845299939625,APPROVED,
voltdb,1185,2026-08-25T15:24:41.610703+00:00,2026-08-25T15:24:41.627390+00:00,16.680933000316145,APPROVED,
postgres,1186,2026-08-25T15:24:41.627468+00:00,2026-08-25T15:24:41.636161+00:00,8.683469997777138,APPROVED,
voltdb,1186,2026-08-25T15:24:41.636197+00:00,2026-08-25T15:24:41.657857+00:00,21.653291001712205,APPROVED,
postgres,1187,2026-08-25T15:24:41.657942+00:00,2026-08-25T15:24:41.669001+00:00,11.049461998482002,APPROVED,
voltdb,1187,2026-08-25T15:24:41.669038+00:00,2026-08-25T15:24:41.690645+00:00,21.60016899870243,APPROVED,
postgres,1188,2026-08-25T15:24:41.690744+00:00,2026-08-25T15:24:41.700770+00:00,10.015042000304675,APPROVED,
voltdb,1188,2026-08-25T15:24:41.700810+00:00,2026-08-25T15:24:41.728502+00:00,27.68529799868702,APPROVED,
postgres,1191,2026-08-25T15:24:41.728578+00:00,2026-08-25T15:24:41.737823+00:00,9.234193999873241,APPROVED,
voltdb,1191,2026-08-25T15:24:41.737862+00:00,2026-08-25T15:24:41.762084+00:00,24.215174998971634,APPROVED,
postgres,1192,2026-08-25T15:24:41.762170+00:00,2026-08-25T15:24:41.776470+00:00,14.280933999543777,APPROVED,
voltdb,1192,2026-08-25T15:24:41.776529+00:00,2026-08-25T15:24:41.849319+00:00,72.78137000321294,APPROVED,
postgres,1193,2026-08-25T15:24:41.849397+00:00,2026-08-25T15:24:41.861133+00:00,11.726862998330034,APPROVED,
voltdb,1193,2026-08-25T15:24:41.861170+00:00,2026-08-25T15:24:41.881731+00:00,20.55365799969877,APPROVED,
postgres,1194,2026-08-25T15:24:41.881811+00:00,2026-08-25T15:24:41.893122+00:00,11.301333997835172,APPROVED,
voltdb,1194,2026-08-25T15:24:41.893161+00:00,2026-08-25T15:24:41.943436+00:00,50.266635000298265,APPROVED,
postgres,1195,2026-08-25T15:24:41.943557+00:00,2026-08-25T15:24:41.962343+00:00,18.774173000565497,APPROVED,
voltdb,1195,2026-08-25T15:24:41.962381+00:00,2026-08-25T15:24:41.992788+00:00,30.400153998925816,APPROVED,
postgres,1197,2026-08-25T15:24:41.992881+00:00,2026-08-25T15:24:42.006890+00:00,13.997660000313772,APPROVED,
voltdb,1197,2026-08-25T15:24:42.006929+00:00,2026-08-25T15:24:42.035085+00:00,28.149449000920868,APPROVED,
postgres,1198,2026-08-25T15:24:42.035167+00:00,2026-08-25T15:24:42.053301+00:00,18.123308000213,REVIEW,
voltdb,1198,2026-08-25T15:24:42.053340+00:00,2026-08-25T15:24:42.087107+00:00,33.760207999876,REVIEW,
postgres,1199,2026-08-25T15:24:42.087189+00:00,2026-08-25T15:24:42.101836+00:00,14.63620099821128,APPROVED,
voltdb,1199,2026-08-25T15:24:42.101881+00:00,2026-08-25T15:24:42.130020+00:00,28.132110001024557,APPROVED,
postgres,1200,2026-08-25T15:24:42.130095+00:00,2026-08-25T15:24:42.145640+00:00,15.535642000031658,APPROVED,
voltdb,1200,2026-08-25T15:24:42.145680+00:00,2026-08-25T15:24:42.179879+00:00,34.19237300113309,APPROVED,
postgres,1201,2026-08-25T15:24:42.180028+00:00,2026-08-25T15:24:42.198931+00:00,18.888969996623928,APPROVED,
voltdb,1201,2026-08-25T15:24:42.198969+00:00,2026-08-25T15:24:42.229514+00:00,30.538482998963445,APPROVED,
postgres,1202,2026-08-25T15:24:42.229683+00:00,2026-08-25T15:24:42.247648+00:00,17.948336997505976,APPROVED,
voltdb,1202,2026-08-25T15:24:42.247686+00:00,2026-08-25T15:24:42.283051+00:00,35.35789500165265,APPROVED,
postgres,1203,2026-08-25T15:24:42.283221+00:00,2026-08-25T15:24:42.304196+00:00,20.95219299735618,APPROVED,
voltdb,1203,2026-08-25T15:24:42.304248+00:00,2026-08-25T15:24:42.329053+00:00,24.798557999019977,APPROVED,
postgres,1204,2026-08-25T15:24:42.329185+00:00,2026-08-25T15:24:42.348758+00:00,19.556385999749182,APPROVED,
voltdb,1204,2026-08-25T15:24:42.348795+00:00,2026-08-25T15:24:42.390855+00:00,42.05251599705662,APPROVED,
postgres,1205,2026-08-25T15:24:42.390966+00:00,2026-08-25T15:24:42.411313+00:00,20.335740002337843,APPROVED,
voltdb,1205,2026-08-25T15:24:42.411379+00:00,2026-08-25T15:24:42.437261+00:00,25.87624300213065,APPROVED,
postgres,1206,2026-08-25T15:24:42.437342+00:00,2026-08-25T15:24:42.452799+00:00,15.446312001586193,APPROVED,
voltdb,1206,2026-08-25T15:24:42.452841+00:00,2026-08-25T15:24:42.484670+00:00,31.82215899869334,APPROVED,
postgres,1207,2026-08-25T15:24:42.484780+00:00,2026-08-25T15:24:42.499330+00:00,14.536196998960804,APPROVED,
voltdb,1207,2026-08-25T15:24:42.499375+00:00,2026-08-25T15:24:42.525008+00:00,25.625509002566105,APPROVED,
postgres,1208,2026-08-25T15:24:42.525106+00:00,2026-08-25T15:24:42.537194+00:00,12.077110000973335,APPROVED,
voltdb,1208,2026-08-25T15:24:42.537232+00:00,2026-08-25T15:24:42.563182+00:00,25.943540000298526,APPROVED,
postgres,1209,2026-08-25T15:24:42.563274+00:00,2026-08-25T15:24:42.574836+00:00,11.552452000614721,REVIEW,
voltdb,1209,2026-08-25T15:24:42.574872+00:00,2026-08-25T15:24:42.609023+00:00,34.14494000026025,REVIEW,
postgres,1210,2026-08-25T15:24:42.609105+00:00,2026-08-25T15:24:42.623481+00:00,14.36495799862314,REVIEW,
voltdb,1210,2026-08-25T15:24:42.623518+00:00,2026-08-25T15:24:42.655459+00:00,31.934667997120414,REVIEW,
postgres,1211,2026-08-25T15:24:42.655624+00:00,2026-08-25T15:24:42.669250+00:00,13.611335998575669,APPROVED,
voltdb,1211,2026-08-25T15:24:42.669288+00:00,2026-08-25T15:24:42.697512+00:00,28.21686000243062,APPROVED,
postgres,1212,2026-08-25T15:24:42.697669+00:00,2026-08-25T15:24:42.711898+00:00,14.211143003194593,APPROVED,
voltdb,1212,2026-08-25T15:24:42.711940+00:00,2026-08-25T15:24:42.744660+00:00,32.64985900023021,APPROVED,
postgres,1213,2026-08-25T15:24:42.744807+00:00,2026-08-25T15:24:42.753826+00:00,9.002994000184117,APPROVED,
voltdb,1213,2026-08-25T15:24:42.753863+00:00,2026-08-25T15:24:42.784263+00:00,30.392811000638176,APPROVED,
postgres,1214,2026-08-25T15:24:42.784351+00:00,2026-08-25T15:24:42.800040+00:00,15.678731000662083,BLOCKED,
voltdb,1214,2026-08-25T15:24:42.800080+00:00,2026-08-25T15:24:42.833962+00:00,33.87396600010106,BLOCKED,
postgres,1216,2026-08-25T15:24:42.834078+00:00,2026-08-25T15:24:42.848766+00:00,14.673131001472939,APPROVED,
voltdb,1216,2026-08-25T15:24:42.848827+00:00,2026-08-25T15:24:42.877217+00:00,28.38306800185819,APPROVED,
postgres,1217,2026-08-25T15:24:42.877522+00:00,2026-08-25T15:24:42.891518+00:00,13.97811999777332,APPROVED,
voltdb,1217,2026-08-25T15:24:42.891556+00:00,2026-08-25T15:24:42.918952+00:00,27.389069000491872,APPROVED,
postgres,1218,2026-08-25T15:24:42.919038+00:00,2026-08-25T15:24:42.932534+00:00,13.485576000675792,APPROVED,
voltdb,1218,2026-08-25T15:24:42.932572+00:00,2026-08-25T15:24:42.963295+00:00,30.715758999576792,APPROVED,
postgres,1219,2026-08-25T15:24:42.963387+00:00,2026-08-25T15:24:42.975147+00:00,11.749049997888505,REVIEW,
voltdb,1219,2026-08-25T15:24:42.975184+00:00,2026-08-25T15:24:43.008979+00:00,33.78862099998514,REVIEW,
postgres,1220,2026-08-25T15:24:43.009059+00:00,2026-08-25T15:24:43.021062+00:00,11.99243600058253,APPROVED,
voltdb,1220,2026-08-25T15:24:43.021102+00:00,2026-08-25T15:24:43.047711+00:00,26.601826000842266,APPROVED,
postgres,1221,2026-08-25T15:24:43.047833+00:00,2026-08-25T15:24:43.060523+00:00,12.648961001104908,APPROVED,
voltdb,1221,2026-08-25T15:24:43.060561+00:00,2026-08-25T15:24:43.091950+00:00,31.38227499948698,APPROVED,
postgres,1222,2026-08-25T15:24:43.092162+00:00,2026-08-25T15:24:43.106174+00:00,13.994196997373365,APPROVED,
voltdb,1222,2026-08-25T15:24:43.106214+00:00,2026-08-25T15:24:43.135256+00:00,29.03540799889015,APPROVED,
postgres,1226,2026-08-25T15:24:43.135443+00:00,2026-08-25T15:24:43.151562+00:00,16.032341001846362,APPROVED,
voltdb,1226,2026-08-25T15:24:43.151601+00:00,2026-08-25T15:24:43.180072+00:00,28.464733997680014,APPROVED,
postgres,1227,2026-08-25T15:24:43.180188+00:00,2026-08-25T15:24:43.193790+00:00,13.588074998551747,APPROVED,
voltdb,1227,2026-08-25T15:24:43.193827+00:00,2026-08-25T15:24:43.226430+00:00,32.59474999867962,APPROVED,
postgres,1228,2026-08-25T15:24:43.226509+00:00,2026-08-25T15:24:43.258601+00:00,32.08159299902036,APPROVED,
voltdb,1228,2026-08-25T15:24:43.258640+00:00,2026-08-25T15:24:43.286413+00:00,27.765157999965595,APPROVED,
postgres,1229,2026-08-25T15:24:43.286493+00:00,2026-08-25T15:24:43.298469+00:00,11.96652299768175,APPROVED,
voltdb,1229,2026-08-25T15:24:43.298506+00:00,2026-08-25T15:24:43.327037+00:00,28.524289999040775,APPROVED,
postgres,1230,2026-08-25T15:24:43.327118+00:00,2026-08-25T15:24:43.338533+00:00,11.405684999772348,APPROVED,
voltdb,1230,2026-08-25T15:24:43.338571+00:00,2026-08-25T15:24:43.365029+00:00,26.450253997609252,APPROVED,
postgres,1231,2026-08-25T15:24:43.365115+00:00,2026-08-25T15:24:43.376244+00:00,11.118143000203418,APPROVED,
voltdb,1231,2026-08-25T15:24:43.376282+00:00,2026-08-25T15:24:43.407161+00:00,30.871924001985462,APPROVED,
postgres,1233,2026-08-25T15:24:43.407241+00:00,2026-08-25T15:24:43.419341+00:00,12.090195003111148,APPROVED,
voltdb,1233,2026-08-25T15:24:43.419380+00:00,2026-08-25T15:24:43.449340+00:00,29.953588000353193,APPROVED,
postgres,1234,2026-08-25T15:24:43.449446+00:00,2026-08-25T15:24:43.464110+00:00,14.654238999355584,APPROVED,
voltdb,1234,2026-08-25T15:24:43.464148+00:00,2026-08-25T15:24:43.490666+00:00,26.510196999879554,APPROVED,
postgres,1235,2026-08-25T15:24:43.490760+00:00,2026-08-25T15:24:43.505919+00:00,15.146093002840644,APPROVED,
voltdb,1235,2026-08-25T15:24:43.505977+00:00,2026-08-25T15:24:43.533777+00:00,27.793444001872558,APPROVED,
postgres,1236,2026-08-25T15:24:43.533856+00:00,2026-08-25T15:24:43.548535+00:00,14.652746001956984,APPROVED,
voltdb,1236,2026-08-25T15:24:43.548571+00:00,2026-08-25T15:24:43.576530+00:00,27.95322599922656,APPROVED,
postgres,1237,2026-08-25T15:24:43.576611+00:00,2026-08-25T15:24:43.589672+00:00,13.046561998635298,APPROVED,
voltdb,1237,2026-08-25T15:24:43.589723+00:00,2026-08-25T15:24:43.617823+00:00,28.09350600000471,APPROVED,
postgres,1239,2026-08-25T15:24:43.618094+00:00,2026-08-25T15:24:43.632810+00:00,14.669890002551256,APPROVED,
voltdb,1239,2026-08-25T15:24:43.632848+00:00,2026-08-25T15:24:43.666107+00:00,33.25170700190938,APPROVED,
postgres,1240,2026-08-25T15:24:43.666281+00:00,2026-08-25T15:24:43.683233+00:00,16.93780699861236,APPROVED,
voltdb,1240,2026-08-25T15:24:43.683273+00:00,2026-08-25T15:24:43.707031+00:00,23.752091998176184,APPROVED,
postgres,1241,2026-08-25T15:24:43.707260+00:00,2026-08-25T15:24:43.720409+00:00,13.132800999301253,APPROVED,
voltdb,1241,2026-08-25T15:24:43.720447+00:00,2026-08-25T15:24:43.752150+00:00,31.696050999016734,APPROVED,
postgres,1242,2026-08-25T15:24:43.752481+00:00,2026-08-25T15:24:43.766462+00:00,13.965120000648312,APPROVED,
voltdb,1242,2026-08-25T15:24:43.766501+00:00,2026-08-25T15:24:43.797765+00:00,31.258049999451032,APPROVED,
postgres,1243,2026-08-25T15:24:43.797841+00:00,2026-08-25T15:24:43.813816+00:00,15.964967999025248,APPROVED,
voltdb,1243,2026-08-25T15:24:43.813856+00:00,2026-08-25T15:24:43.845995+00:00,32.13159099686891,APPROVED,
postgres,1244,2026-08-25T15:24:43.846088+00:00,2026-08-25T15:24:43.859878+00:00,13.779026998236077,APPROVED,
voltdb,1244,2026-08-25T15:24:43.859916+00:00,2026-08-25T15:24:43.895386+00:00,35.462125997582916,APPROVED,
postgres,1245,2026-08-25T15:24:43.895541+00:00,2026-08-25T15:24:43.908352+00:00,12.795415001164656,APPROVED,
voltdb,1245,2026-08-25T15:24:43.908389+00:00,2026-08-25T15:24:43.949570+00:00,41.172635999828344,APPROVED,
postgres,1246,2026-08-25T15:24:43.949714+00:00,2026-08-25T15:24:43.964151+00:00,14.42129299903172,APPROVED,
voltdb,1246,2026-08-25T15:24:43.964187+00:00,2026-08-25T15:24:43.990267+00:00,26.073414999700617,APPROVED,
postgres,1248,2026-08-25T15:24:43.992017+00:00,2026-08-25T15:24:44.006364+00:00,14.323280000098748,APPROVED,
voltdb,1248,2026-08-25T15:24:44.006405+00:00,2026-08-25T15:24:44.035485+00:00,29.073002999211894,APPROVED,
postgres,1249,2026-08-25T15:24:44.035637+00:00,2026-08-25T15:24:44.051070+00:00,15.415072000905639,APPROVED,
voltdb,1249,2026-08-25T15:24:44.051109+00:00,2026-08-25T15:24:44.083232+00:00,32.11625699987053,APPROVED,
postgres,1250,2026-08-25T15:24:44.083424+00:00,2026-08-25T15:24:44.098316+00:00,14.871834999212297,APPROVED,
voltdb,1250,2026-08-25T15:24:44.098355+00:00,2026-08-25T15:24:44.127139+00:00,28.777127001376357,APPROVED,
postgres,1251,2026-08-25T15:24:44.127367+00:00,2026-08-25T15:24:44.147477+00:00,20.08438199845841,APPROVED,
voltdb,1251,2026-08-25T15:24:44.147559+00:00,2026-08-25T15:24:44.179724+00:00,32.15814100258285,APPROVED,
postgres,1252,2026-08-25T15:24:44.179812+00:00,2026-08-25T15:24:44.201063+00:00,21.239685000182362,APPROVED,
voltdb,1252,2026-08-25T15:24:44.201136+00:00,2026-08-25T15:24:44.233391+00:00,32.24952500022482,APPROVED,
postgres,1255,2026-08-25T15:24:44.233477+00:00,2026-08-25T15:24:44.247059+00:00,13.572705000115093,REVIEW,
voltdb,1255,2026-08-25T15:24:44.247096+00:00,2026-08-25T15:24:44.280053+00:00,32.94946499954676,REVIEW,
postgres,1256,2026-08-25T15:24:44.280151+00:00,2026-08-25T15:24:44.291952+00:00,11.79071099977591,APPROVED,
voltdb,1256,2026-08-25T15:24:44.291990+00:00,2026-08-25T15:24:44.316332+00:00,24.33522399951471,APPROVED,
postgres,1257,2026-08-25T15:24:44.316415+00:00,2026-08-25T15:24:44.330058+00:00,13.632508998853154,APPROVED,
voltdb,1257,2026-08-25T15:24:44.330094+00:00,2026-08-25T15:24:44.354877+00:00,24.77321900005336,APPROVED,
postgres,1258,2026-08-25T15:24:44.355051+00:00,2026-08-25T15:24:44.365464+00:00,10.400849998404738,APPROVED,
voltdb,1258,2026-08-25T15:24:44.365498+00:00,2026-08-25T15:24:44.394694+00:00,29.189275999669917,APPROVED,
postgres,1259,2026-08-25T15:24:44.394777+00:00,2026-08-25T15:24:44.410612+00:00,15.824058998987311,APPROVED,
voltdb,1259,2026-08-25T15:24:44.410650+00:00,2026-08-25T15:24:44.444519+00:00,33.86253300050157,APPROVED,
postgres,1260,2026-08-25T15:24:44.444596+00:00,2026-08-25T15:24:44.459314+00:00,14.70843900096952,APPROVED,
voltdb,1260,2026-08-25T15:24:44.459352+00:00,2026-08-25T15:24:44.492040+00:00,32.68080099951476,APPROVED,
postgres,1261,2026-08-25T15:24:44.492115+00:00,2026-08-25T15:24:44.507214+00:00,15.089324999280507,BLOCKED,
voltdb,1261,2026-08-25T15:24:44.507252+00:00,2026-08-25T15:24:44.542697+00:00,35.43758900195826,BLOCKED,
postgres,1262,2026-08-25T15:24:44.542777+00:00,2026-08-25T15:24:44.558670+00:00,15.882096002314938,APPROVED,
voltdb,1262,2026-08-25T15:24:44.558707+00:00,2026-08-25T15:24:44.590954+00:00,32.240042000921676,APPROVED,
postgres,1265,2026-08-25T15:24:44.591032+00:00,2026-08-25T15:24:44.605217+00:00,14.173347000905778,APPROVED,
voltdb,1265,2026-08-25T15:24:44.605259+00:00,2026-08-25T15:24:44.633669+00:00,28.402341002220055,APPROVED,
postgres,1266,2026-08-25T15:24:44.633750+00:00,2026-08-25T15:24:44.648879+00:00,15.118600997084286,APPROVED,
voltdb,1266,2026-08-25T15:24:44.648915+00:00,2026-08-25T15:24:44.679532+00:00,30.61116099706851,APPROVED,
postgres,1267,2026-08-25T15:24:44.679608+00:00,2026-08-25T15:24:44.738811+00:00,59.19060499945772,APPROVED,
voltdb,1267,2026-08-25T15:24:44.738849+00:00,2026-08-25T15:24:44.769582+00:00,30.700849001732422,APPROVED,
postgres,1269,2026-08-25T15:24:44.770202+00:00,2026-08-25T15:24:44.785432+00:00,15.208607997919898,APPROVED,
voltdb,1269,2026-08-25T15:24:44.785472+00:00,2026-08-25T15:24:44.811340+00:00,25.86186099870247,APPROVED,
postgres,1270,2026-08-25T15:24:44.811428+00:00,2026-08-25T15:24:44.828102+00:00,16.6161170018313,APPROVED,
voltdb,1270,2026-08-25T15:24:44.828140+00:00,2026-08-25T15:24:44.857457+00:00,29.309883000678383,APPROVED,
postgres,1271,2026-08-25T15:24:44.857597+00:00,2026-08-25T15:24:44.873317+00:00,15.706894002505578,APPROVED,
voltdb,1271,2026-08-25T15:24:44.873354+00:00,2026-08-25T15:24:44.898786+00:00,25.425096002436476,APPROVED,
postgres,1272,2026-08-25T15:24:44.898865+00:00,2026-08-25T15:24:44.912931+00:00,14.05522899949574,APPROVED,
voltdb,1272,2026-08-25T15:24:44.912968+00:00,2026-08-25T15:24:44.939602+00:00,26.62631400016835,APPROVED,
postgres,1273,2026-08-25T15:24:44.939692+00:00,2026-08-25T15:24:44.955681+00:00,15.978153001924511,APPROVED,
voltdb,1273,2026-08-25T15:24:44.955720+00:00,2026-08-25T15:24:44.982794+00:00,27.064339999924414,APPROVED,
postgres,1274,2026-08-25T15:24:44.982879+00:00,2026-08-25T15:24:44.997632+00:00,14.74155200048699,APPROVED,
voltdb,1274,2026-08-25T15:24:44.997670+00:00,2026-08-25T15:24:45.027555+00:00,29.878662000555778,APPROVED,
postgres,1275,2026-08-25T15:24:45.027670+00:00,2026-08-25T15:24:45.042702+00:00,15.021528000943363,REVIEW,
voltdb,1275,2026-08-25T15:24:45.042740+00:00,2026-08-25T15:24:45.074891+00:00,32.14433099856251,REVIEW,
postgres,1278,2026-08-25T15:24:45.075053+00:00,2026-08-25T15:24:45.089795+00:00,14.724125001521315,APPROVED,
voltdb,1278,2026-08-25T15:24:45.089833+00:00,2026-08-25T15:24:45.118198+00:00,28.359235999232624,APPROVED,
postgres,1279,2026-08-25T15:24:45.118519+00:00,2026-08-25T15:24:45.132544+00:00,14.007231999130454,APPROVED,
voltdb,1279,2026-08-25T15:24:45.132639+00:00,2026-08-25T15:24:45.159531+00:00,26.884648999839555,APPROVED,
postgres,1280,2026-08-25T15:24:45.159617+00:00,2026-08-25T15:24:45.174319+00:00,14.690538999275304,APPROVED,
voltdb,1280,2026-08-25T15:24:45.174361+00:00,2026-08-25T15:24:45.206612+00:00,32.24414799842634,APPROVED,
postgres,1281,2026-08-25T15:24:45.206843+00:00,2026-08-25T15:24:45.220624+00:00,13.764082003035583,APPROVED,
voltdb,1281,2026-08-25T15:24:45.220664+00:00,2026-08-25T15:24:45.251561+00:00,30.857657999149524,APPROVED,
postgres,1282,2026-08-25T15:24:45.251756+00:00,2026-08-25T15:24:45.267245+00:00,15.47403200311237,REVIEW,
voltdb,1282,2026-08-25T15:24:45.267283+00:00,2026-08-25T15:24:45.302267+00:00,34.97774499919615,REVIEW,
postgres,1284,2026-08-25T15:24:45.302353+00:00,2026-08-25T15:24:45.314256+00:00,11.892200000147568,APPROVED,
voltdb,1284,2026-08-25T15:24:45.314291+00:00,2026-08-25T15:24:45.342690+00:00,28.391747000569012,APPROVED,
postgres,1286,2026-08-25T15:24:45.342767+00:00,2026-08-25T15:24:45.356392+00:00,13.614385999972,APPROVED,
voltdb,1286,2026-08-25T15:24:45.356430+00:00,2026-08-25T15:24:45.385079+00:00,28.642125998885604,APPROVED,
postgres,1288,2026-08-25T15:24:45.385158+00:00,2026-08-25T15:24:45.399545+00:00,14.376180002727779,APPROVED,
voltdb,1288,2026-08-25T15:24:45.399584+00:00,2026-08-25T15:24:45.428198+00:00,28.607546002604067,APPROVED,
postgres,1289,2026-08-25T15:24:45.428307+00:00,2026-08-25T15:24:45.438206+00:00,9.888660999422427,APPROVED,
voltdb,1289,2026-08-25T15:24:45.438246+00:00,2026-08-25T15:24:45.465889+00:00,27.635709000605857,APPROVED,
postgres,1290,2026-08-25T15:24:45.465973+00:00,2026-08-25T15:24:45.481045+00:00,15.062402999319602,REVIEW,
voltdb,1290,2026-08-25T15:24:45.481082+00:00,2026-08-25T15:24:45.515845+00:00,34.75633999914862,REVIEW,
postgres,1292,2026-08-25T15:24:45.515929+00:00,2026-08-25T15:24:45.530667+00:00,14.728432000993052,APPROVED,
voltdb,1292,2026-08-25T15:24:45.530708+00:00,2026-08-25T15:24:45.559139+00:00,28.42391299782321,APPROVED,
postgres,1293,2026-08-25T15:24:45.559293+00:00,2026-08-25T15:24:45.575074+00:00,15.764275001856731,APPROVED,
voltdb,1293,2026-08-25T15:24:45.575111+00:00,2026-08-25T15:24:45.605753+00:00,30.634545000793878,APPROVED,
postgres,1294,2026-08-25T15:24:45.605939+00:00,2026-08-25T15:24:45.619220+00:00,13.247137998405378,REVIEW,
voltdb,1294,2026-08-25T15:24:45.619259+00:00,2026-08-25T15:24:45.657388+00:00,38.12205000212998,REVIEW,
postgres,1295,2026-08-25T15:24:45.657468+00:00,2026-08-25T15:24:45.673884+00:00,16.40663800208131,APPROVED,
voltdb,1295,2026-08-25T15:24:45.673947+00:00,2026-08-25T15:24:45.705430+00:00,31.472391998249805,APPROVED,
postgres,1296,2026-08-25T15:24:45.705511+00:00,2026-08-25T15:24:45.716963+00:00,11.443452996900305,APPROVED,
voltdb,1296,2026-08-25T15:24:45.717003+00:00,2026-08-25T15:24:45.748162+00:00,31.150917999184458,APPROVED,
postgres,1298,2026-08-25T15:24:45.748463+00:00,2026-08-25T15:24:45.765295+00:00,16.799972996523138,APPROVED,
voltdb,1298,2026-08-25T15:24:45.765333+00:00,2026-08-25T15:24:45.796152+00:00,30.811721000645775,APPROVED,
postgres,1299,2026-08-25T15:24:45.796229+00:00,2026-08-25T15:24:45.808331+00:00,12.09199400182115,APPROVED,
voltdb,1299,2026-08-25T15:24:45.808370+00:00,2026-08-25T15:24:45.832250+00:00,23.873242000263417,APPROVED,
postgres,1300,2026-08-25T15:24:45.832335+00:00,2026-08-25T15:24:45.846553+00:00,14.207717002136633,BLOCKED,
voltdb,1300,2026-08-25T15:24:45.846588+00:00,2026-08-25T15:24:45.879801+00:00,33.20663599879481,BLOCKED,
postgres,1301,2026-08-25T15:24:45.879880+00:00,2026-08-25T15:24:45.892348+00:00,12.458616998628713,APPROVED,
voltdb,1301,2026-08-25T15:24:45.892388+00:00,2026-08-25T15:24:45.923457+00:00,31.061773999681463,APPROVED,
postgres,1302,2026-08-25T15:24:45.923538+00:00,2026-08-25T15:24:45.939190+00:00,15.641366997442674,APPROVED,
voltdb,1302,2026-08-25T15:24:45.939251+00:00,2026-08-25T15:24:45.965766+00:00,26.50816300229053,APPROVED,
postgres,1303,2026-08-25T15:24:45.965851+00:00,2026-08-25T15:24:45.979724+00:00,13.862480001989752,APPROVED,
voltdb,1303,2026-08-25T15:24:45.979758+00:00,2026-08-25T15:24:46.007159+00:00,27.394303000619402,APPROVED,
postgres,1307,2026-08-25T15:24:46.007254+00:00,2026-08-25T15:24:46.020501+00:00,13.2356170033745,APPROVED,
voltdb,1307,2026-08-25T15:24:46.020561+00:00,2026-08-25T15:24:46.048475+00:00,27.90538399858633,APPROVED,
postgres,1308,2026-08-25T15:24:46.048562+00:00,2026-08-25T15:24:46.063583+00:00,15.010063998488476,APPROVED,
voltdb,1308,2026-08-25T15:24:46.063621+00:00,2026-08-25T15:24:46.133097+00:00,69.46863499979372,APPROVED,
postgres,1309,2026-08-25T15:24:46.133178+00:00,2026-08-25T15:24:46.143434+00:00,10.237620997941121,APPROVED,
voltdb,1309,2026-08-25T15:24:46.143536+00:00,2026-08-25T15:24:46.170490+00:00,26.937978000205476,APPROVED,
postgres,1311,2026-08-25T15:24:46.170572+00:00,2026-08-25T15:24:46.182549+00:00,11.96763499683584,APPROVED,
voltdb,1311,2026-08-25T15:24:46.182618+00:00,2026-08-25T15:24:46.205248+00:00,22.623821001616307,APPROVED,
postgres,1312,2026-08-25T15:24:46.205329+00:00,2026-08-25T15:24:46.217635+00:00,12.295712000195635,APPROVED,
voltdb,1312,2026-08-25T15:24:46.217687+00:00,2026-08-25T15:24:46.243855+00:00,26.160428998991847,APPROVED,
postgres,1313,2026-08-25T15:24:46.243943+00:00,2026-08-25T15:24:46.257135+00:00,13.182414000766585,APPROVED,
voltdb,1313,2026-08-25T15:24:46.257175+00:00,2026-08-25T15:24:46.285890+00:00,28.684835000603925,APPROVED,
postgres,1314,2026-08-25T15:24:46.286053+00:00,2026-08-25T15:24:46.302285+00:00,16.215984000155004,APPROVED,
voltdb,1314,2026-08-25T15:24:46.302322+00:00,2026-08-25T15:24:46.334431+00:00,32.09906600022805,APPROVED,
postgres,1315,2026-08-25T15:24:46.334584+00:00,2026-08-25T15:24:46.348733+00:00,14.130972002021736,APPROVED,
voltdb,1315,2026-08-25T15:24:46.348800+00:00,2026-08-25T15:24:46.382512+00:00,33.701733002089895,APPROVED,
postgres,1317,2026-08-25T15:24:46.382627+00:00,2026-08-25T15:24:46.396300+00:00,13.654796002811054,APPROVED,
voltdb,1317,2026-08-25T15:24:46.396338+00:00,2026-08-25T15:24:46.445686+00:00,49.33457899824134,APPROVED,
postgres,1318,2026-08-25T15:24:46.445956+00:00,2026-08-25T15:24:46.472999+00:00,27.028446998883737,APPROVED,
voltdb,1318,2026-08-25T15:24:46.473037+00:00,2026-08-25T15:24:46.504712+00:00,31.667659000959247,APPROVED,
postgres,1320,2026-08-25T15:24:46.504795+00:00,2026-08-25T15:24:46.515360+00:00,10.54995000231429,APPROVED,
voltdb,1320,2026-08-25T15:24:46.515398+00:00,2026-08-25T15:24:46.546664+00:00,31.259893999958877,APPROVED,
postgres,1321,2026-08-25T15:24:46.546752+00:00,2026-08-25T15:24:46.562012+00:00,15.246464001393178,APPROVED,
voltdb,1321,2026-08-25T15:24:46.562064+00:00,2026-08-25T15:24:46.590721+00:00,28.65036900038831,APPROVED,
postgres,1322,2026-08-25T15:24:46.590832+00:00,2026-08-25T15:24:46.605903+00:00,15.060056000947952,APPROVED,
voltdb,1322,2026-08-25T15:24:46.605940+00:00,2026-08-25T15:24:46.640504+00:00,34.557984999992186,APPROVED,
postgres,1323,2026-08-25T15:24:46.640583+00:00,2026-08-25T15:24:46.654288+00:00,13.695672998437658,APPROVED,
voltdb,1323,2026-08-25T15:24:46.654328+00:00,2026-08-25T15:24:46.689274+00:00,34.93895499923383,APPROVED,
postgres,1324,2026-08-25T15:24:46.689372+00:00,2026-08-25T15:24:46.704106+00:00,14.723488999152323,APPROVED,
voltdb,1324,2026-08-25T15:24:46.704145+00:00,2026-08-25T15:24:46.735228+00:00,31.07658800217905,APPROVED,
postgres,1325,2026-08-25T15:24:46.735313+00:00,2026-08-25T15:24:46.748941+00:00,13.616424999781884,APPROVED,
voltdb,1325,2026-08-25T15:24:46.748978+00:00,2026-08-25T15:24:46.780646+00:00,31.66112300095847,APPROVED,
postgres,1328,2026-08-25T15:24:46.780817+00:00,2026-08-25T15:24:46.796061+00:00,15.207187996566063,APPROVED,
voltdb,1328,2026-08-25T15:24:46.796107+00:00,2026-08-25T15:24:46.824573+00:00,28.45983299994259,APPROVED,
postgres,1329,2026-08-25T15:24:46.824788+00:00,2026-08-25T15:24:46.840145+00:00,15.337913999246666,APPROVED,
voltdb,1329,2026-08-25T15:24:46.840183+00:00,2026-08-25T15:24:46.879141+00:00,38.95013899818878,APPROVED,
postgres,1330,2026-08-25T15:24:46.879432+00:00,2026-08-25T15:24:46.895552+00:00,16.06882099804352,APPROVED,
voltdb,1330,2026-08-25T15:24:46.895591+00:00,2026-08-25T15:24:46.928431+00:00,32.83295800065389,APPROVED,
postgres,1331,2026-08-25T15:24:46.928510+00:00,2026-08-25T15:24:46.938527+00:00,10.007244000007631,APPROVED,
voltdb,1331,2026-08-25T15:24:46.938565+00:00,2026-08-25T15:24:46.966633+00:00,28.061813001841074,APPROVED,
postgres,1332,2026-08-25T15:24:46.966712+00:00,2026-08-25T15:24:46.980625+00:00,13.90048200119054,APPROVED,
voltdb,1332,2026-08-25T15:24:46.980663+00:00,2026-08-25T15:24:47.007991+00:00,27.321675999701256,APPROVED,
postgres,1334,2026-08-25T15:24:47.008091+00:00,2026-08-25T15:24:47.021082+00:00,12.98020399917732,APPROVED,
voltdb,1334,2026-08-25T15:24:47.021119+00:00,2026-08-25T15:24:47.053192+00:00,32.06736699939938,APPROVED,
postgres,1336,2026-08-25T15:24:47.053270+00:00,2026-08-25T15:24:47.070262+00:00,16.981621000013547,REVIEW,
voltdb,1336,2026-08-25T15:24:47.070324+00:00,2026-08-25T15:24:47.104606+00:00,34.2747539980337,REVIEW,
postgres,1339,2026-08-25T15:24:47.104692+00:00,2026-08-25T15:24:47.115750+00:00,11.04245700116735,APPROVED,
voltdb,1339,2026-08-25T15:24:47.115789+00:00,2026-08-25T15:24:47.141007+00:00,25.21011700082454,APPROVED,
postgres,1340,2026-08-25T15:24:47.141091+00:00,2026-08-25T15:24:47.153484+00:00,12.381728000036674,APPROVED,
voltdb,1340,2026-08-25T15:24:47.153520+00:00,2026-08-25T15:24:47.182815+00:00,29.288456997164758,APPROVED,
postgres,1343,2026-08-25T15:24:47.182899+00:00,2026-08-25T15:24:47.198760+00:00,15.839951000089059,APPROVED,
voltdb,1343,2026-08-25T15:24:47.198797+00:00,2026-08-25T15:24:47.227181+00:00,28.340986998955486,APPROVED,
postgres,1345,2026-08-25T15:24:47.227282+00:00,2026-08-25T15:24:47.244873+00:00,17.5698659986665,APPROVED,
voltdb,1345,2026-08-25T15:24:47.244935+00:00,2026-08-25T15:24:47.274195+00:00,29.252375999931246,APPROVED,
postgres,1346,2026-08-25T15:24:47.274279+00:00,2026-08-25T15:24:47.299693+00:00,25.402383998880396,APPROVED,
voltdb,1346,2026-08-25T15:24:47.299731+00:00,2026-08-25T15:24:47.327222+00:00,27.483136000228114,APPROVED,
postgres,1347,2026-08-25T15:24:47.327398+00:00,2026-08-25T15:24:47.347774+00:00,20.348665002529742,APPROVED,
voltdb,1347,2026-08-25T15:24:47.347810+00:00,2026-08-25T15:24:47.388837+00:00,41.02010700080427,APPROVED,
postgres,1349,2026-08-25T15:24:47.389005+00:00,2026-08-25T15:24:47.409623+00:00,20.60156999868923,APPROVED,
voltdb,1349,2026-08-25T15:24:47.409661+00:00,2026-08-25T15:24:47.442490+00:00,32.821628999954555,APPROVED,
postgres,1351,2026-08-25T15:24:47.442774+00:00,2026-08-25T15:24:47.457362+00:00,14.570646002539434,REVIEW,
voltdb,1351,2026-08-25T15:24:47.457397+00:00,2026-08-25T15:24:47.483927+00:00,26.523051001277054,REVIEW,
postgres,1352,2026-08-25T15:24:47.484090+00:00,2026-08-25T15:24:47.500165+00:00,16.05824400030542,APPROVED,
voltdb,1352,2026-08-25T15:24:47.500202+00:00,2026-08-25T15:24:47.529865+00:00,29.656008002348244,APPROVED,
postgres,1353,2026-08-25T15:24:47.529961+00:00,2026-08-25T15:24:47.542754+00:00,12.782281999534462,APPROVED,
voltdb,1353,2026-08-25T15:24:47.542791+00:00,2026-08-25T15:24:47.565600+00:00,22.801990999141708,APPROVED,
postgres,1354,2026-08-25T15:24:47.565682+00:00,2026-08-25T15:24:47.612360+00:00,46.66708600052516,APPROVED,
voltdb,1354,2026-08-25T15:24:47.612399+00:00,2026-08-25T15:24:47.649954+00:00,37.54842000125791,APPROVED,
postgres,1356,2026-08-25T15:24:47.650114+00:00,2026-08-25T15:24:47.672719+00:00,22.58557499953895,APPROVED,
voltdb,1356,2026-08-25T15:24:47.672757+00:00,2026-08-25T15:24:47.698630+00:00,25.850106998404954,APPROVED,
postgres,1357,2026-08-25T15:24:47.698751+00:00,2026-08-25T15:24:47.711733+00:00,12.945170001330553,APPROVED,
voltdb,1357,2026-08-25T15:24:47.711771+00:00,2026-08-25T15:24:47.737359+00:00,25.58083800249733,APPROVED,
postgres,1358,2026-08-25T15:24:47.737540+00:00,2026-08-25T15:24:47.751881+00:00,14.322859002277255,APPROVED,
voltdb,1358,2026-08-25T15:24:47.751921+00:00,2026-08-25T15:24:47.782738+00:00,30.806594997557113,APPROVED,
postgres,1359,2026-08-25T15:24:47.782871+00:00,2026-08-25T15:24:47.795410+00:00,12.526684000476962,APPROVED,
voltdb,1359,2026-08-25T15:24:47.795447+00:00,2026-08-25T15:24:47.821624+00:00,26.170624998485437,APPROVED,
postgres,1360,2026-08-25T15:24:47.821736+00:00,2026-08-25T15:24:47.836937+00:00,15.188500998192467,APPROVED,
voltdb,1360,2026-08-25T15:24:47.836975+00:00,2026-08-25T15:24:47.869735+00:00,32.7532160008559,APPROVED,
postgres,1361,2026-08-25T15:24:47.869816+00:00,2026-08-25T15:24:47.882885+00:00,13.059660999715561,APPROVED,
voltdb,1361,2026-08-25T15:24:47.882924+00:00,2026-08-25T15:24:47.914977+00:00,32.047037999291206,APPROVED,
postgres,1362,2026-08-25T15:24:47.915119+00:00,2026-08-25T15:24:47.929043+00:00,13.91081700057839,APPROVED,
voltdb,1362,2026-08-25T15:24:47.929083+00:00,2026-08-25T15:24:47.956623+00:00,27.53290800319519,APPROVED,
postgres,1363,2026-08-25T15:24:47.956793+00:00,2026-08-25T15:24:47.970887+00:00,14.078697000513785,APPROVED,
voltdb,1363,2026-08-25T15:24:47.970926+00:00,2026-08-25T15:24:48.002766+00:00,31.829977997404058,APPROVED,
postgres,1365,2026-08-25T15:24:48.005257+00:00,2026-08-25T15:24:48.023827+00:00,18.528930999309523,REVIEW,
voltdb,1365,2026-08-25T15:24:48.023865+00:00,2026-08-25T15:24:48.061920+00:00,38.02450399962254,REVIEW,
postgres,1366,2026-08-25T15:24:48.062053+00:00,2026-08-25T15:24:48.073618+00:00,11.54908699754742,APPROVED,
voltdb,1366,2026-08-25T15:24:48.073656+00:00,2026-08-25T15:24:48.105241+00:00,31.578652997268364,APPROVED,
postgres,1367,2026-08-25T15:24:48.105398+00:00,2026-08-25T15:24:48.119611+00:00,14.196243999322178,APPROVED,
voltdb,1367,2026-08-25T15:24:48.119648+00:00,2026-08-25T15:24:48.146888+00:00,27.233671997237252,APPROVED,
postgres,1368,2026-08-25T15:24:48.147048+00:00,2026-08-25T15:24:48.161268+00:00,14.203448001353536,APPROVED,
voltdb,1368,2026-08-25T15:24:48.161322+00:00,2026-08-25T15:24:48.188577+00:00,27.248324997344753,APPROVED,
postgres,1371,2026-08-25T15:24:48.188749+00:00,2026-08-25T15:24:48.205036+00:00,16.270740001345985,APPROVED,
voltdb,1371,2026-08-25T15:24:48.205076+00:00,2026-08-25T15:24:48.234848+00:00,29.765049999696203,APPROVED,
postgres,1373,2026-08-25T15:24:48.235554+00:00,2026-08-25T15:24:48.248874+00:00,13.298909001605352,APPROVED,
voltdb,1373,2026-08-25T15:24:48.248911+00:00,2026-08-25T15:24:48.278865+00:00,29.947987000923604,APPROVED,
postgres,1374,2026-08-25T15:24:48.278944+00:00,2026-08-25T15:24:48.293704+00:00,14.750010002899216,APPROVED,
voltdb,1374,2026-08-25T15:24:48.293742+00:00,2026-08-25T15:24:48.348238+00:00,54.489160000230186,APPROVED,
postgres,1375,2026-08-25T15:24:48.348323+00:00,2026-08-25T15:24:48.366028+00:00,17.69197799876565,BLOCKED,
voltdb,1375,2026-08-25T15:24:48.366066+00:00,2026-08-25T15:24:48.414829+00:00,48.75375999836251,BLOCKED,
postgres,1376,2026-08-25T15:24:48.415126+00:00,2026-08-25T15:24:48.435381+00:00,20.22679999936372,APPROVED,
voltdb,1376,2026-08-25T15:24:48.435421+00:00,2026-08-25T15:24:48.472005+00:00,36.5768659976311,APPROVED,
postgres,1377,2026-08-25T15:24:48.472094+00:00,2026-08-25T15:24:48.486636+00:00,14.53071799915051,REVIEW,
voltdb,1377,2026-08-25T15:24:48.486674+00:00,2026-08-25T15:24:48.608441+00:00,121.75824199948693,REVIEW,
postgres,1378,2026-08-25T15:24:48.608525+00:00,2026-08-25T15:24:48.628227+00:00,19.69149899741751,APPROVED,
voltdb,1378,2026-08-25T15:24:48.628264+00:00,2026-08-25T15:24:48.678344+00:00,50.07202900014818,APPROVED,
postgres,1379,2026-08-25T15:24:48.678427+00:00,2026-08-25T15:24:48.725362+00:00,46.92033699757303,APPROVED,
voltdb,1379,2026-08-25T15:24:48.725405+00:00,2026-08-25T15:24:48.770992+00:00,45.57761599789956,APPROVED,
postgres,1381,2026-08-25T15:24:48.771116+00:00,2026-08-25T15:24:48.791085+00:00,19.956250001996523,APPROVED,
voltdb,1381,2026-08-25T15:24:48.791122+00:00,2026-08-25T15:24:48.831852+00:00,40.72186000121292,APPROVED,
postgres,1383,2026-08-25T15:24:48.832187+00:00,2026-08-25T15:24:48.842615+00:00,10.408755999378627,APPROVED,
voltdb,1383,2026-08-25T15:24:48.842652+00:00,2026-08-25T15:24:48.888787+00:00,46.08096700030728,APPROVED,
postgres,1386,2026-08-25T15:24:48.888993+00:00,2026-08-25T15:24:48.904328+00:00,15.321309998398647,APPROVED,
voltdb,1386,2026-08-25T15:24:48.904366+00:00,2026-08-25T15:24:48.935968+00:00,31.595816999470117,APPROVED,
postgres,1389,2026-08-25T15:24:48.936050+00:00,2026-08-25T15:24:48.947370+00:00,11.309997000353178,APPROVED,
voltdb,1389,2026-08-25T15:24:48.947407+00:00,2026-08-25T15:24:48.978588+00:00,31.173911000223598,APPROVED,
postgres,1390,2026-08-25T15:24:48.978674+00:00,2026-08-25T15:24:48.993926+00:00,15.2395080003771,APPROVED,
voltdb,1390,2026-08-25T15:24:48.993964+00:00,2026-08-25T15:24:49.031632+00:00,37.66020799957914,APPROVED,
postgres,1391,2026-08-25T15:24:49.031726+00:00,2026-08-25T15:24:49.052464+00:00,20.725378999486566,APPROVED,
voltdb,1391,2026-08-25T15:24:49.052500+00:00,2026-08-25T15:24:49.085744+00:00,33.23604300021543,APPROVED,
postgres,1392,2026-08-25T15:24:49.085827+00:00,2026-08-25T15:24:49.099594+00:00,13.757713997620158,APPROVED,
voltdb,1392,2026-08-25T15:24:49.099659+00:00,2026-08-25T15:24:49.132006+00:00,32.34005499689374,APPROVED,
postgres,1393,2026-08-25T15:24:49.132094+00:00,2026-08-25T15:24:49.147769+00:00,15.664618000300834,APPROVED,
voltdb,1393,2026-08-25T15:24:49.147806+00:00,2026-08-25T15:24:49.201927+00:00,54.1132939979434,APPROVED,
postgres,1397,2026-08-25T15:24:49.202009+00:00,2026-08-25T15:24:49.232035+00:00,30.01582800061442,APPROVED,
voltdb,1397,2026-08-25T15:24:49.232072+00:00,2026-08-25T15:24:49.277748+00:00,45.66939199867193,APPROVED,
postgres,1398,2026-08-25T15:24:49.277957+00:00,2026-08-25T15:24:49.294726+00:00,16.752771000028588,APPROVED,
voltdb,1398,2026-08-25T15:24:49.294764+00:00,2026-08-25T15:24:49.318495+00:00,23.724568000034196,APPROVED,
postgres,1399,2026-08-25T15:24:49.318628+00:00,2026-08-25T15:24:49.331947+00:00,13.302624000061769,APPROVED,
voltdb,1399,2026-08-25T15:24:49.331985+00:00,2026-08-25T15:24:49.366868+00:00,34.876426001574146,APPROVED,
