target,transaction_id,fraud_label,start_time,end_time,latency_ms,status,error
postgres,1,0,2026-08-28T15:46:25.844159+00:00,2026-08-28T15:46:25.889715+00:00,45.51884799730033,APPROVED,
voltdb,1,0,2026-08-28T15:46:25.889829+00:00,2026-08-28T15:46:26.227874+00:00,338.03073498711456,APPROVED,
postgres,2,0,2026-08-28T15:46:26.227999+00:00,2026-08-28T15:46:26.232572+00:00,4.560529996524565,APPROVED,
voltdb,2,0,2026-08-28T15:46:26.232671+00:00,2026-08-28T15:46:26.266562+00:00,33.88192599231843,APPROVED,
postgres,5,0,2026-08-28T15:46:26.266692+00:00,2026-08-28T15:46:26.272459+00:00,5.753614997956902,APPROVED,
voltdb,5,0,2026-08-28T15:46:26.272557+00:00,2026-08-28T15:46:26.306251+00:00,33.68509501160588,APPROVED,
postgres,6,0,2026-08-28T15:46:26.306581+00:00,2026-08-28T15:46:26.311924+00:00,5.327100996510126,APPROVED,
voltdb,6,0,2026-08-28T15:46:26.312012+00:00,2026-08-28T15:46:26.341880+00:00,29.855685992515646,APPROVED,
postgres,7,0,2026-08-28T15:46:26.342015+00:00,2026-08-28T15:46:26.347333+00:00,5.30087600054685,APPROVED,
voltdb,7,0,2026-08-28T15:46:26.347527+00:00,2026-08-28T15:46:26.377278+00:00,29.738205994362943,APPROVED,
postgres,8,0,2026-08-28T15:46:26.377412+00:00,2026-08-28T15:46:26.383813+00:00,6.256901993765496,APPROVED,
voltdb,8,0,2026-08-28T15:46:26.383894+00:00,2026-08-28T15:46:26.423150+00:00,39.24719100177754,APPROVED,
postgres,10,0,2026-08-28T15:46:26.423263+00:00,2026-08-28T15:46:26.429203+00:00,5.925172008574009,APPROVED,
voltdb,10,0,2026-08-28T15:46:26.429281+00:00,2026-08-28T15:46:26.459211+00:00,29.878254994400777,APPROVED,
postgres,13,0,2026-08-28T15:46:26.459307+00:00,2026-08-28T15:46:26.464722+00:00,5.404353010817431,APPROVED,
voltdb,13,0,2026-08-28T15:46:26.464820+00:00,2026-08-28T15:46:26.495242+00:00,30.412157997488976,APPROVED,
postgres,16,0,2026-08-28T15:46:26.495634+00:00,2026-08-28T15:46:26.501676+00:00,6.015748003846966,APPROVED,
voltdb,16,0,2026-08-28T15:46:26.501893+00:00,2026-08-28T15:46:26.531020+00:00,29.10940498986747,APPROVED,
postgres,17,1,2026-08-28T15:46:26.531128+00:00,2026-08-28T15:46:26.537816+00:00,6.674717995338142,BLOCKED,
voltdb,17,1,2026-08-28T15:46:26.537921+00:00,2026-08-28T15:46:26.583758+00:00,45.82573700463399,BLOCKED,
postgres,18,0,2026-08-28T15:46:26.583850+00:00,2026-08-28T15:46:26.590646+00:00,6.783988996176049,APPROVED,
voltdb,18,0,2026-08-28T15:46:26.590726+00:00,2026-08-28T15:46:26.618641+00:00,27.905627997824922,APPROVED,
postgres,20,0,2026-08-28T15:46:26.618763+00:00,2026-08-28T15:46:26.623350+00:00,4.574517006403767,APPROVED,
voltdb,20,0,2026-08-28T15:46:26.623427+00:00,2026-08-28T15:46:26.652854+00:00,29.41813900542911,APPROVED,
postgres,23,0,2026-08-28T15:46:26.652952+00:00,2026-08-28T15:46:26.657233+00:00,4.270320991054177,APPROVED,
voltdb,23,0,2026-08-28T15:46:26.657311+00:00,2026-08-28T15:46:26.684688+00:00,27.36833499511704,APPROVED,
postgres,25,0,2026-08-28T15:46:26.684835+00:00,2026-08-28T15:46:26.690925+00:00,6.066525005735457,APPROVED,
voltdb,25,0,2026-08-28T15:46:26.691024+00:00,2026-08-28T15:46:26.719070+00:00,28.037741998559795,APPROVED,
postgres,26,0,2026-08-28T15:46:26.719192+00:00,2026-08-28T15:46:26.724622+00:00,5.417245003627613,APPROVED,
voltdb,26,0,2026-08-28T15:46:26.724698+00:00,2026-08-28T15:46:26.755646+00:00,30.93537100357935,APPROVED,
postgres,27,0,2026-08-28T15:46:26.755790+00:00,2026-08-28T15:46:26.760465+00:00,4.663633997552097,APPROVED,
voltdb,27,0,2026-08-28T15:46:26.760551+00:00,2026-08-28T15:46:26.789881+00:00,29.318537999643013,APPROVED,
postgres,28,0,2026-08-28T15:46:26.790044+00:00,2026-08-28T15:46:26.796056+00:00,5.994932012981735,APPROVED,
voltdb,28,0,2026-08-28T15:46:26.796139+00:00,2026-08-28T15:46:26.823668+00:00,27.51806400192436,APPROVED,
postgres,29,0,2026-08-28T15:46:26.823763+00:00,2026-08-28T15:46:26.828082+00:00,4.3048629886470735,APPROVED,
voltdb,29,0,2026-08-28T15:46:26.828164+00:00,2026-08-28T15:46:26.858183+00:00,30.009403999429196,APPROVED,
postgres,30,0,2026-08-28T15:46:26.858280+00:00,2026-08-28T15:46:26.862822+00:00,4.529161000391468,APPROVED,
voltdb,30,0,2026-08-28T15:46:26.862901+00:00,2026-08-28T15:46:26.891550+00:00,28.63872300076764,APPROVED,
postgres,31,0,2026-08-28T15:46:26.891688+00:00,2026-08-28T15:46:26.897701+00:00,5.99814900488127,REVIEW,
voltdb,31,0,2026-08-28T15:46:26.897783+00:00,2026-08-28T15:46:26.939861+00:00,42.0690050086705,REVIEW,
postgres,32,0,2026-08-28T15:46:26.940196+00:00,2026-08-28T15:46:26.947512+00:00,7.288680993951857,APPROVED,
voltdb,32,0,2026-08-28T15:46:26.947656+00:00,2026-08-28T15:46:26.990791+00:00,43.04304099059664,APPROVED,
postgres,33,0,2026-08-28T15:46:26.990966+00:00,2026-08-28T15:46:26.996609+00:00,5.616887996438891,APPROVED,
voltdb,33,0,2026-08-28T15:46:26.996730+00:00,2026-08-28T15:46:27.024715+00:00,27.971304996754043,APPROVED,
postgres,34,0,2026-08-28T15:46:27.024808+00:00,2026-08-28T15:46:27.028820+00:00,3.9993730024434626,APPROVED,
voltdb,34,0,2026-08-28T15:46:27.029075+00:00,2026-08-28T15:46:27.058359+00:00,29.274693006300367,APPROVED,
postgres,35,0,2026-08-28T15:46:27.058473+00:00,2026-08-28T15:46:27.063799+00:00,5.290909000905231,APPROVED,
voltdb,35,0,2026-08-28T15:46:27.063892+00:00,2026-08-28T15:46:27.090994+00:00,27.090192001196556,APPROVED,
postgres,36,0,2026-08-28T15:46:27.091087+00:00,2026-08-28T15:46:27.096779+00:00,5.677663008100353,APPROVED,
voltdb,36,0,2026-08-28T15:46:27.096889+00:00,2026-08-28T15:46:27.124393+00:00,27.49119099462405,APPROVED,
postgres,37,0,2026-08-28T15:46:27.124578+00:00,2026-08-28T15:46:27.129916+00:00,5.325189995346591,APPROVED,
voltdb,37,0,2026-08-28T15:46:27.129994+00:00,2026-08-28T15:46:27.159094+00:00,29.06074599013664,APPROVED,
postgres,38,0,2026-08-28T15:46:27.159188+00:00,2026-08-28T15:46:27.163425+00:00,4.22507400799077,APPROVED,
voltdb,38,0,2026-08-28T15:46:27.163504+00:00,2026-08-28T15:46:27.191125+00:00,27.610296005150303,APPROVED,
postgres,39,0,2026-08-28T15:46:27.191255+00:00,2026-08-28T15:46:27.197093+00:00,5.820432998007163,APPROVED,
voltdb,39,0,2026-08-28T15:46:27.197190+00:00,2026-08-28T15:46:27.222213+00:00,25.00640800280962,APPROVED,
postgres,41,0,2026-08-28T15:46:27.222693+00:00,2026-08-28T15:46:27.227503+00:00,4.784702992765233,APPROVED,
voltdb,41,0,2026-08-28T15:46:27.227638+00:00,2026-08-28T15:46:27.257335+00:00,29.682395004783757,APPROVED,
postgres,44,0,2026-08-28T15:46:27.257437+00:00,2026-08-28T15:46:27.261868+00:00,4.074775992194191,APPROVED,
voltdb,44,0,2026-08-28T15:46:27.262029+00:00,2026-08-28T15:46:27.286753+00:00,24.701820002519526,APPROVED,
postgres,45,0,2026-08-28T15:46:27.286901+00:00,2026-08-28T15:46:27.292533+00:00,5.612648994429037,APPROVED,
voltdb,45,0,2026-08-28T15:46:27.292650+00:00,2026-08-28T15:46:27.319622+00:00,26.95866300200578,APPROVED,
postgres,46,0,2026-08-28T15:46:27.319745+00:00,2026-08-28T15:46:27.325370+00:00,5.610043997876346,REVIEW,
voltdb,46,0,2026-08-28T15:46:27.325472+00:00,2026-08-28T15:46:27.363773+00:00,38.28988199529704,REVIEW,
postgres,47,0,2026-08-28T15:46:27.363886+00:00,2026-08-28T15:46:27.368000+00:00,4.095554002560675,APPROVED,
voltdb,47,0,2026-08-28T15:46:27.368094+00:00,2026-08-28T15:46:27.402841+00:00,34.7324030008167,APPROVED,
postgres,49,0,2026-08-28T15:46:27.403182+00:00,2026-08-28T15:46:27.408255+00:00,5.05183900531847,APPROVED,
voltdb,49,0,2026-08-28T15:46:27.408368+00:00,2026-08-28T15:46:27.450759+00:00,42.37679598736577,APPROVED,
postgres,50,0,2026-08-28T15:46:27.450914+00:00,2026-08-28T15:46:27.455130+00:00,4.202537995297462,APPROVED,
voltdb,50,0,2026-08-28T15:46:27.455209+00:00,2026-08-28T15:46:27.480488+00:00,25.270873011322692,APPROVED,
postgres,52,0,2026-08-28T15:46:27.480600+00:00,2026-08-28T15:46:27.485465+00:00,4.850636003538966,APPROVED,
voltdb,52,0,2026-08-28T15:46:27.485541+00:00,2026-08-28T15:46:27.514480+00:00,28.92739200615324,APPROVED,
postgres,53,0,2026-08-28T15:46:27.514804+00:00,2026-08-28T15:46:27.522731+00:00,7.907092003733851,APPROVED,
voltdb,53,0,2026-08-28T15:46:27.522823+00:00,2026-08-28T15:46:27.549864+00:00,27.02912398672197,APPROVED,
postgres,54,1,2026-08-28T15:46:27.549968+00:00,2026-08-28T15:46:27.554799+00:00,4.818235000129789,REVIEW,
voltdb,54,1,2026-08-28T15:46:27.555003+00:00,2026-08-28T15:46:27.588856+00:00,33.811403991421685,REVIEW,
postgres,56,0,2026-08-28T15:46:27.589004+00:00,2026-08-28T15:46:27.592842+00:00,3.821566002443433,APPROVED,
voltdb,56,0,2026-08-28T15:46:27.592916+00:00,2026-08-28T15:46:27.618953+00:00,26.027368992799893,APPROVED,
postgres,58,0,2026-08-28T15:46:27.619055+00:00,2026-08-28T15:46:27.625309+00:00,6.241991999559104,APPROVED,
voltdb,58,0,2026-08-28T15:46:27.625423+00:00,2026-08-28T15:46:27.652742+00:00,27.309191995300353,APPROVED,
postgres,59,0,2026-08-28T15:46:27.652835+00:00,2026-08-28T15:46:27.657358+00:00,4.51289999182336,APPROVED,
voltdb,59,0,2026-08-28T15:46:27.657438+00:00,2026-08-28T15:46:27.683079+00:00,25.631846991018392,APPROVED,
postgres,61,0,2026-08-28T15:46:27.683221+00:00,2026-08-28T15:46:27.687867+00:00,4.629200004274026,APPROVED,
voltdb,61,0,2026-08-28T15:46:27.688019+00:00,2026-08-28T15:46:27.718183+00:00,30.143851996399462,APPROVED,
postgres,62,0,2026-08-28T15:46:27.718516+00:00,2026-08-28T15:46:27.722893+00:00,4.3539070029510185,APPROVED,
voltdb,62,0,2026-08-28T15:46:27.722977+00:00,2026-08-28T15:46:27.749187+00:00,26.200738997431472,APPROVED,
postgres,63,0,2026-08-28T15:46:27.749476+00:00,2026-08-28T15:46:27.753990+00:00,4.420441997353919,APPROVED,
voltdb,63,0,2026-08-28T15:46:27.754081+00:00,2026-08-28T15:46:27.778841+00:00,24.74885700212326,APPROVED,
postgres,64,0,2026-08-28T15:46:27.778934+00:00,2026-08-28T15:46:27.784292+00:00,5.345985002350062,APPROVED,
voltdb,64,0,2026-08-28T15:46:27.784464+00:00,2026-08-28T15:46:27.808736+00:00,24.258596007712185,APPROVED,
postgres,66,0,2026-08-28T15:46:27.808867+00:00,2026-08-28T15:46:27.814944+00:00,6.063618013286032,REVIEW,
voltdb,66,0,2026-08-28T15:46:27.815054+00:00,2026-08-28T15:46:27.847945+00:00,32.879222999326885,REVIEW,
postgres,67,0,2026-08-28T15:46:27.848084+00:00,2026-08-28T15:46:27.853308+00:00,5.208934991969727,APPROVED,
voltdb,67,0,2026-08-28T15:46:27.853380+00:00,2026-08-28T15:46:27.882073+00:00,28.68348199990578,APPROVED,
postgres,68,0,2026-08-28T15:46:27.882278+00:00,2026-08-28T15:46:27.886806+00:00,4.488909995416179,APPROVED,
voltdb,68,0,2026-08-28T15:46:27.886882+00:00,2026-08-28T15:46:27.923935+00:00,37.04179999476764,APPROVED,
postgres,69,0,2026-08-28T15:46:27.924209+00:00,2026-08-28T15:46:27.928730+00:00,4.497737987549044,APPROVED,
voltdb,69,0,2026-08-28T15:46:27.928867+00:00,2026-08-28T15:46:27.958489+00:00,29.607915988890454,APPROVED,
postgres,70,0,2026-08-28T15:46:27.958625+00:00,2026-08-28T15:46:27.964705+00:00,6.062632004613988,REVIEW,
voltdb,70,0,2026-08-28T15:46:27.964806+00:00,2026-08-28T15:46:28.000138+00:00,35.31940899847541,REVIEW,
postgres,72,0,2026-08-28T15:46:28.000269+00:00,2026-08-28T15:46:28.006019+00:00,5.734631005907431,APPROVED,
voltdb,72,0,2026-08-28T15:46:28.006116+00:00,2026-08-28T15:46:28.039797+00:00,33.668333999230526,APPROVED,
postgres,73,0,2026-08-28T15:46:28.039886+00:00,2026-08-28T15:46:28.045574+00:00,5.674971005646512,APPROVED,
voltdb,73,0,2026-08-28T15:46:28.045678+00:00,2026-08-28T15:46:28.077058+00:00,31.366715993499383,APPROVED,
postgres,76,0,2026-08-28T15:46:28.077168+00:00,2026-08-28T15:46:28.081732+00:00,4.548865996184759,APPROVED,
voltdb,76,0,2026-08-28T15:46:28.081978+00:00,2026-08-28T15:46:28.107508+00:00,25.509954008157365,APPROVED,
postgres,77,0,2026-08-28T15:46:28.107650+00:00,2026-08-28T15:46:28.112249+00:00,4.584886992233805,APPROVED,
voltdb,77,0,2026-08-28T15:46:28.112326+00:00,2026-08-28T15:46:28.138605+00:00,26.269447000231594,APPROVED,
postgres,78,1,2026-08-28T15:46:28.138696+00:00,2026-08-28T15:46:28.144724+00:00,6.015859995386563,REVIEW,
voltdb,78,1,2026-08-28T15:46:28.144822+00:00,2026-08-28T15:46:28.178746+00:00,33.911637001438066,REVIEW,
postgres,79,0,2026-08-28T15:46:28.178841+00:00,2026-08-28T15:46:28.185787+00:00,6.933679003850557,APPROVED,
voltdb,79,0,2026-08-28T15:46:28.185890+00:00,2026-08-28T15:46:28.216532+00:00,30.623729006038047,APPROVED,
postgres,80,0,2026-08-28T15:46:28.216666+00:00,2026-08-28T15:46:28.220616+00:00,3.9342639938695356,APPROVED,
voltdb,80,0,2026-08-28T15:46:28.220699+00:00,2026-08-28T15:46:28.265685+00:00,44.97651600104291,APPROVED,
postgres,81,0,2026-08-28T15:46:28.265802+00:00,2026-08-28T15:46:28.270420+00:00,4.60417200520169,APPROVED,
voltdb,81,0,2026-08-28T15:46:28.270658+00:00,2026-08-28T15:46:28.297251+00:00,26.577236989396624,APPROVED,
postgres,82,1,2026-08-28T15:46:28.297350+00:00,2026-08-28T15:46:28.301957+00:00,4.593671998009086,REVIEW,
voltdb,82,1,2026-08-28T15:46:28.302145+00:00,2026-08-28T15:46:28.333149+00:00,30.98280700214673,REVIEW,
postgres,83,0,2026-08-28T15:46:28.333246+00:00,2026-08-28T15:46:28.337642+00:00,4.385302003356628,APPROVED,
voltdb,83,0,2026-08-28T15:46:28.337715+00:00,2026-08-28T15:46:28.363058+00:00,25.33021999988705,APPROVED,
postgres,84,0,2026-08-28T15:46:28.363199+00:00,2026-08-28T15:46:28.367731+00:00,4.517328998190351,APPROVED,
voltdb,84,0,2026-08-28T15:46:28.367811+00:00,2026-08-28T15:46:28.397037+00:00,29.214314999990165,APPROVED,
postgres,86,0,2026-08-28T15:46:28.397144+00:00,2026-08-28T15:46:28.401043+00:00,3.8865289970999584,APPROVED,
voltdb,86,0,2026-08-28T15:46:28.401121+00:00,2026-08-28T15:46:28.432292+00:00,31.16242699616123,APPROVED,
postgres,87,0,2026-08-28T15:46:28.432402+00:00,2026-08-28T15:46:28.438647+00:00,6.233950000023469,REVIEW,
voltdb,87,0,2026-08-28T15:46:28.438727+00:00,2026-08-28T15:46:28.473232+00:00,34.49384399573319,REVIEW,
postgres,89,0,2026-08-28T15:46:28.473506+00:00,2026-08-28T15:46:28.478698+00:00,5.175396989216097,APPROVED,
voltdb,89,0,2026-08-28T15:46:28.478791+00:00,2026-08-28T15:46:28.503891+00:00,25.089510992984287,APPROVED,
postgres,90,0,2026-08-28T15:46:28.503982+00:00,2026-08-28T15:46:28.508364+00:00,4.371226008515805,APPROVED,
voltdb,90,0,2026-08-28T15:46:28.508478+00:00,2026-08-28T15:46:28.536572+00:00,28.07967500120867,APPROVED,
postgres,92,0,2026-08-28T15:46:28.536728+00:00,2026-08-28T15:46:28.541238+00:00,4.4913580059073865,APPROVED,
voltdb,92,0,2026-08-28T15:46:28.542174+00:00,2026-08-28T15:46:28.569929+00:00,27.68414501042571,APPROVED,
postgres,93,0,2026-08-28T15:46:28.570035+00:00,2026-08-28T15:46:28.575833+00:00,5.782378008007072,APPROVED,
voltdb,93,0,2026-08-28T15:46:28.575912+00:00,2026-08-28T15:46:28.600360+00:00,24.4381969969254,APPROVED,
postgres,94,0,2026-08-28T15:46:28.600423+00:00,2026-08-28T15:46:28.605745+00:00,5.3131879976717755,APPROVED,
voltdb,94,0,2026-08-28T15:46:28.605820+00:00,2026-08-28T15:46:28.630493+00:00,24.664477998157963,APPROVED,
postgres,96,0,2026-08-28T15:46:28.630608+00:00,2026-08-28T15:46:28.633940+00:00,3.317829003208317,APPROVED,
voltdb,96,0,2026-08-28T15:46:28.634010+00:00,2026-08-28T15:46:28.654325+00:00,20.30600501166191,APPROVED,
postgres,98,0,2026-08-28T15:46:28.654503+00:00,2026-08-28T15:46:28.658949+00:00,4.430653993040323,APPROVED,
voltdb,98,0,2026-08-28T15:46:28.659021+00:00,2026-08-28T15:46:28.679684+00:00,20.6529849965591,APPROVED,
postgres,101,0,2026-08-28T15:46:28.679781+00:00,2026-08-28T15:46:28.685428+00:00,5.635791007080115,APPROVED,
voltdb,101,0,2026-08-28T15:46:28.685506+00:00,2026-08-28T15:46:28.711201+00:00,25.684554988401942,APPROVED,
postgres,103,0,2026-08-28T15:46:28.711293+00:00,2026-08-28T15:46:28.715960+00:00,4.6554069995181635,APPROVED,
voltdb,103,0,2026-08-28T15:46:28.716039+00:00,2026-08-28T15:46:28.743818+00:00,27.767923995270394,APPROVED,
postgres,104,0,2026-08-28T15:46:28.743968+00:00,2026-08-28T15:46:28.749286+00:00,5.302816003677435,APPROVED,
voltdb,104,0,2026-08-28T15:46:28.749431+00:00,2026-08-28T15:46:28.778222+00:00,28.718241010210477,APPROVED,
postgres,105,0,2026-08-28T15:46:28.778320+00:00,2026-08-28T15:46:28.782450+00:00,4.115966992685571,APPROVED,
voltdb,105,0,2026-08-28T15:46:28.782594+00:00,2026-08-28T15:46:28.808282+00:00,25.577181004337035,APPROVED,
postgres,107,0,2026-08-28T15:46:28.808420+00:00,2026-08-28T15:46:28.814299+00:00,5.7755489979172125,APPROVED,
voltdb,107,0,2026-08-28T15:46:28.814381+00:00,2026-08-28T15:46:28.842235+00:00,27.84374800103251,APPROVED,
postgres,109,0,2026-08-28T15:46:28.842550+00:00,2026-08-28T15:46:28.848937+00:00,6.3627089984947816,APPROVED,
voltdb,109,0,2026-08-28T15:46:28.849093+00:00,2026-08-28T15:46:28.878199+00:00,29.08788199420087,APPROVED,
postgres,110,0,2026-08-28T15:46:28.878364+00:00,2026-08-28T15:46:28.883623+00:00,5.2472739916993305,APPROVED,
voltdb,110,0,2026-08-28T15:46:28.883701+00:00,2026-08-28T15:46:28.915145+00:00,31.432326999492943,APPROVED,
postgres,113,0,2026-08-28T15:46:28.915329+00:00,2026-08-28T15:46:28.919606+00:00,4.230793012538925,APPROVED,
voltdb,113,0,2026-08-28T15:46:28.919693+00:00,2026-08-28T15:46:28.952151+00:00,32.41161900223233,APPROVED,
postgres,114,0,2026-08-28T15:46:28.952253+00:00,2026-08-28T15:46:28.958695+00:00,6.429304994526319,APPROVED,
voltdb,114,0,2026-08-28T15:46:28.958803+00:00,2026-08-28T15:46:28.988749+00:00,29.903628004831262,APPROVED,
postgres,115,0,2026-08-28T15:46:28.988880+00:00,2026-08-28T15:46:28.993427+00:00,4.529928992269561,APPROVED,
voltdb,115,0,2026-08-28T15:46:28.993535+00:00,2026-08-28T15:46:29.021586+00:00,28.041408993885852,APPROVED,
postgres,116,0,2026-08-28T15:46:29.021903+00:00,2026-08-28T15:46:29.026927+00:00,4.994753995561041,APPROVED,
voltdb,116,0,2026-08-28T15:46:29.027006+00:00,2026-08-28T15:46:29.048317+00:00,21.30222599953413,APPROVED,
postgres,117,0,2026-08-28T15:46:29.048540+00:00,2026-08-28T15:46:29.055764+00:00,7.196702994406223,APPROVED,
voltdb,117,0,2026-08-28T15:46:29.055888+00:00,2026-08-28T15:46:29.079403+00:00,23.505525998189114,APPROVED,
postgres,118,0,2026-08-28T15:46:29.079497+00:00,2026-08-28T15:46:29.082891+00:00,3.3820940006989986,APPROVED,
voltdb,118,0,2026-08-28T15:46:29.082978+00:00,2026-08-28T15:46:29.106661+00:00,23.673602001508698,APPROVED,
postgres,119,0,2026-08-28T15:46:29.106783+00:00,2026-08-28T15:46:29.112089+00:00,5.294945003697649,APPROVED,
voltdb,119,0,2026-08-28T15:46:29.112197+00:00,2026-08-28T15:46:29.138493+00:00,26.285918997018598,APPROVED,
postgres,120,0,2026-08-28T15:46:29.138600+00:00,2026-08-28T15:46:29.144862+00:00,6.250851001823321,APPROVED,
voltdb,120,0,2026-08-28T15:46:29.144942+00:00,2026-08-28T15:46:29.167758+00:00,22.805075990618207,APPROVED,
postgres,122,0,2026-08-28T15:46:29.167892+00:00,2026-08-28T15:46:29.172078+00:00,4.1543760016793385,APPROVED,
voltdb,122,0,2026-08-28T15:46:29.172145+00:00,2026-08-28T15:46:29.194034+00:00,21.880101994611323,APPROVED,
postgres,123,0,2026-08-28T15:46:29.194139+00:00,2026-08-28T15:46:29.199396+00:00,5.246931992587633,APPROVED,
voltdb,123,0,2026-08-28T15:46:29.199505+00:00,2026-08-28T15:46:29.221368+00:00,21.853790996829048,APPROVED,
postgres,124,0,2026-08-28T15:46:29.221710+00:00,2026-08-28T15:46:29.228746+00:00,7.0127119979588315,REVIEW,
voltdb,124,0,2026-08-28T15:46:29.228827+00:00,2026-08-28T15:46:29.258719+00:00,29.882360991905443,REVIEW,
postgres,125,0,2026-08-28T15:46:29.258817+00:00,2026-08-28T15:46:29.263883+00:00,5.054349996498786,APPROVED,
voltdb,125,0,2026-08-28T15:46:29.263991+00:00,2026-08-28T15:46:29.286315+00:00,22.313736990327016,APPROVED,
postgres,126,0,2026-08-28T15:46:29.286514+00:00,2026-08-28T15:46:29.291659+00:00,5.097172994283028,APPROVED,
voltdb,126,0,2026-08-28T15:46:29.291765+00:00,2026-08-28T15:46:29.311984+00:00,20.209922004141845,APPROVED,
postgres,127,0,2026-08-28T15:46:29.312082+00:00,2026-08-28T15:46:29.315347+00:00,3.2528029987588525,APPROVED,
voltdb,127,0,2026-08-28T15:46:29.315569+00:00,2026-08-28T15:46:29.334905+00:00,19.320349005283788,APPROVED,
postgres,128,0,2026-08-28T15:46:29.335063+00:00,2026-08-28T15:46:29.338428+00:00,3.348605998326093,APPROVED,
voltdb,128,0,2026-08-28T15:46:29.338497+00:00,2026-08-28T15:46:29.357802+00:00,19.296453989227302,APPROVED,
postgres,130,0,2026-08-28T15:46:29.357904+00:00,2026-08-28T15:46:29.360658+00:00,2.7452070062281564,APPROVED,
voltdb,130,0,2026-08-28T15:46:29.360722+00:00,2026-08-28T15:46:29.379291+00:00,18.55981799599249,APPROVED,
postgres,131,0,2026-08-28T15:46:29.379456+00:00,2026-08-28T15:46:29.382928+00:00,3.455479003605433,APPROVED,
voltdb,131,0,2026-08-28T15:46:29.383102+00:00,2026-08-28T15:46:29.404048+00:00,20.929838996380568,APPROVED,
postgres,132,0,2026-08-28T15:46:29.404162+00:00,2026-08-28T15:46:29.407478+00:00,3.304215002572164,APPROVED,
voltdb,132,0,2026-08-28T15:46:29.407552+00:00,2026-08-28T15:46:29.433730+00:00,26.1697490059305,APPROVED,
postgres,135,0,2026-08-28T15:46:29.433829+00:00,2026-08-28T15:46:29.439172+00:00,5.33160800114274,APPROVED,
voltdb,135,0,2026-08-28T15:46:29.439272+00:00,2026-08-28T15:46:29.458496+00:00,19.215914988308214,APPROVED,
postgres,136,0,2026-08-28T15:46:29.458610+00:00,2026-08-28T15:46:29.461366+00:00,2.746091005974449,APPROVED,
voltdb,136,0,2026-08-28T15:46:29.461412+00:00,2026-08-28T15:46:29.480167+00:00,18.744850996881723,APPROVED,
postgres,137,0,2026-08-28T15:46:29.480264+00:00,2026-08-28T15:46:29.484239+00:00,3.964155010180548,APPROVED,
voltdb,137,0,2026-08-28T15:46:29.484311+00:00,2026-08-28T15:46:29.501949+00:00,17.626108005060814,APPROVED,
postgres,139,0,2026-08-28T15:46:29.502173+00:00,2026-08-28T15:46:29.505859+00:00,3.6692669964395463,APPROVED,
voltdb,139,0,2026-08-28T15:46:29.505925+00:00,2026-08-28T15:46:29.524648+00:00,18.714136007474735,APPROVED,
postgres,140,0,2026-08-28T15:46:29.524741+00:00,2026-08-28T15:46:29.527752+00:00,2.999631004058756,APPROVED,
voltdb,140,0,2026-08-28T15:46:29.527846+00:00,2026-08-28T15:46:29.546956+00:00,19.0938589948928,APPROVED,
postgres,141,0,2026-08-28T15:46:29.547070+00:00,2026-08-28T15:46:29.551490+00:00,4.4090949959354475,APPROVED,
voltdb,141,0,2026-08-28T15:46:29.551566+00:00,2026-08-28T15:46:29.569934+00:00,18.358803004957736,APPROVED,
postgres,142,0,2026-08-28T15:46:29.570091+00:00,2026-08-28T15:46:29.573465+00:00,3.356645000167191,APPROVED,
voltdb,142,0,2026-08-28T15:46:29.573530+00:00,2026-08-28T15:46:29.593086+00:00,19.547530988347717,APPROVED,
postgres,143,0,2026-08-28T15:46:29.593182+00:00,2026-08-28T15:46:29.596525+00:00,3.330872001242824,APPROVED,
voltdb,143,0,2026-08-28T15:46:29.596609+00:00,2026-08-28T15:46:29.615149+00:00,18.530876011936925,APPROVED,
postgres,144,0,2026-08-28T15:46:29.615248+00:00,2026-08-28T15:46:29.618425+00:00,3.1668659939896315,APPROVED,
voltdb,144,0,2026-08-28T15:46:29.618491+00:00,2026-08-28T15:46:29.638525+00:00,20.024828001623973,APPROVED,
postgres,146,0,2026-08-28T15:46:29.638617+00:00,2026-08-28T15:46:29.641486+00:00,2.8586379921762273,APPROVED,
voltdb,146,0,2026-08-28T15:46:29.641560+00:00,2026-08-28T15:46:29.660480+00:00,18.911292994744144,APPROVED,
postgres,147,0,2026-08-28T15:46:29.660731+00:00,2026-08-28T15:46:29.665078+00:00,4.333720993599854,APPROVED,
voltdb,147,0,2026-08-28T15:46:29.665147+00:00,2026-08-28T15:46:29.683297+00:00,18.14079399628099,APPROVED,
postgres,149,0,2026-08-28T15:46:29.683463+00:00,2026-08-28T15:46:29.686412+00:00,2.937600002042018,APPROVED,
voltdb,149,0,2026-08-28T15:46:29.686479+00:00,2026-08-28T15:46:29.705795+00:00,19.307693000882864,APPROVED,
postgres,150,0,2026-08-28T15:46:29.705900+00:00,2026-08-28T15:46:29.708983+00:00,3.072855994105339,APPROVED,
voltdb,150,0,2026-08-28T15:46:29.709076+00:00,2026-08-28T15:46:29.727875+00:00,18.780433005304076,APPROVED,
postgres,153,0,2026-08-28T15:46:29.728035+00:00,2026-08-28T15:46:29.732406+00:00,4.353203999926336,APPROVED,
voltdb,153,0,2026-08-28T15:46:29.732483+00:00,2026-08-28T15:46:29.750318+00:00,17.820171007770114,APPROVED,
postgres,154,0,2026-08-28T15:46:29.750476+00:00,2026-08-28T15:46:29.753465+00:00,2.978596996399574,APPROVED,
voltdb,154,0,2026-08-28T15:46:29.753530+00:00,2026-08-28T15:46:29.772880+00:00,19.340480997925624,APPROVED,
postgres,157,0,2026-08-28T15:46:29.772984+00:00,2026-08-28T15:46:29.777494+00:00,4.49851700977888,APPROVED,
voltdb,157,0,2026-08-28T15:46:29.777575+00:00,2026-08-28T15:46:29.800288+00:00,22.704344999510795,APPROVED,
postgres,158,0,2026-08-28T15:46:29.800384+00:00,2026-08-28T15:46:29.805174+00:00,4.780382994795218,APPROVED,
voltdb,158,0,2026-08-28T15:46:29.805274+00:00,2026-08-28T15:46:29.823721+00:00,18.43790098791942,APPROVED,
postgres,159,0,2026-08-28T15:46:29.823824+00:00,2026-08-28T15:46:29.827094+00:00,3.2598970137769356,APPROVED,
voltdb,159,0,2026-08-28T15:46:29.827163+00:00,2026-08-28T15:46:29.845432+00:00,18.26002899906598,APPROVED,
postgres,160,0,2026-08-28T15:46:29.845527+00:00,2026-08-28T15:46:29.848538+00:00,2.9996810044394806,APPROVED,
voltdb,160,0,2026-08-28T15:46:29.848692+00:00,2026-08-28T15:46:29.866602+00:00,17.894531993079,APPROVED,
postgres,161,0,2026-08-28T15:46:29.866697+00:00,2026-08-28T15:46:29.870188+00:00,3.4800670109689236,APPROVED,
voltdb,161,0,2026-08-28T15:46:29.870269+00:00,2026-08-28T15:46:29.887664+00:00,17.385801998898387,APPROVED,
postgres,162,0,2026-08-28T15:46:29.887765+00:00,2026-08-28T15:46:29.892058+00:00,4.281275003449991,APPROVED,
voltdb,162,0,2026-08-28T15:46:29.892129+00:00,2026-08-28T15:46:29.910455+00:00,18.314068001927808,APPROVED,
postgres,163,0,2026-08-28T15:46:29.910558+00:00,2026-08-28T15:46:29.913569+00:00,3.0011869966983795,APPROVED,
voltdb,163,0,2026-08-28T15:46:29.913633+00:00,2026-08-28T15:46:29.933090+00:00,19.44837300106883,APPROVED,
postgres,164,0,2026-08-28T15:46:29.933190+00:00,2026-08-28T15:46:29.937550+00:00,4.349440001533367,APPROVED,
voltdb,164,0,2026-08-28T15:46:29.937651+00:00,2026-08-28T15:46:29.956033+00:00,18.371979997027665,APPROVED,
postgres,166,0,2026-08-28T15:46:29.956248+00:00,2026-08-28T15:46:29.959646+00:00,3.378541994607076,APPROVED,
voltdb,166,0,2026-08-28T15:46:29.959714+00:00,2026-08-28T15:46:29.977351+00:00,17.628244997467846,APPROVED,
postgres,167,0,2026-08-28T15:46:29.977490+00:00,2026-08-28T15:46:29.980775+00:00,3.271731999120675,APPROVED,
voltdb,167,0,2026-08-28T15:46:29.980849+00:00,2026-08-28T15:46:30.004640+00:00,23.78213100018911,APPROVED,
postgres,168,0,2026-08-28T15:46:30.004745+00:00,2026-08-28T15:46:30.008025+00:00,3.269781998824328,APPROVED,
voltdb,168,0,2026-08-28T15:46:30.008100+00:00,2026-08-28T15:46:30.027608+00:00,19.49830399826169,APPROVED,
postgres,169,0,2026-08-28T15:46:30.027709+00:00,2026-08-28T15:46:30.031186+00:00,3.4664410050027072,APPROVED,
voltdb,169,0,2026-08-28T15:46:30.031257+00:00,2026-08-28T15:46:30.048036+00:00,16.769741996540688,APPROVED,
postgres,170,1,2026-08-28T15:46:30.048155+00:00,2026-08-28T15:46:30.052298+00:00,4.128841988858767,REVIEW,
voltdb,170,1,2026-08-28T15:46:30.052362+00:00,2026-08-28T15:46:30.079417+00:00,27.045616996474564,REVIEW,
postgres,171,0,2026-08-28T15:46:30.079531+00:00,2026-08-28T15:46:30.083462+00:00,3.8132670015329495,APPROVED,
voltdb,171,0,2026-08-28T15:46:30.083552+00:00,2026-08-28T15:46:30.106845+00:00,23.284019000129774,APPROVED,
postgres,172,0,2026-08-28T15:46:30.106943+00:00,2026-08-28T15:46:30.112383+00:00,5.428240998298861,APPROVED,
voltdb,172,0,2026-08-28T15:46:30.112501+00:00,2026-08-28T15:46:30.135376+00:00,22.8653310041409,APPROVED,
postgres,173,0,2026-08-28T15:46:30.135617+00:00,2026-08-28T15:46:30.140128+00:00,4.49425500119105,APPROVED,
voltdb,173,0,2026-08-28T15:46:30.140200+00:00,2026-08-28T15:46:30.165880+00:00,25.67131500109099,APPROVED,
postgres,174,0,2026-08-28T15:46:30.165983+00:00,2026-08-28T15:46:30.173886+00:00,7.892006993643008,APPROVED,
voltdb,174,0,2026-08-28T15:46:30.174027+00:00,2026-08-28T15:46:30.197149+00:00,23.112707989639603,APPROVED,
postgres,176,0,2026-08-28T15:46:30.197250+00:00,2026-08-28T15:46:30.201775+00:00,4.514282991294749,APPROVED,
voltdb,176,0,2026-08-28T15:46:30.201857+00:00,2026-08-28T15:46:30.227668+00:00,25.798123999265954,APPROVED,
postgres,177,0,2026-08-28T15:46:30.227841+00:00,2026-08-28T15:46:30.232762+00:00,4.907580994768068,APPROVED,
voltdb,177,0,2026-08-28T15:46:30.232879+00:00,2026-08-28T15:46:30.255117+00:00,22.228451998671517,APPROVED,
postgres,178,0,2026-08-28T15:46:30.255222+00:00,2026-08-28T15:46:30.260666+00:00,5.433123995317146,REVIEW,
voltdb,178,0,2026-08-28T15:46:30.260742+00:00,2026-08-28T15:46:30.288944+00:00,28.192131998366676,REVIEW,
postgres,179,0,2026-08-28T15:46:30.289213+00:00,2026-08-28T15:46:30.294427+00:00,5.159109990927391,APPROVED,
voltdb,179,0,2026-08-28T15:46:30.294530+00:00,2026-08-28T15:46:30.316760+00:00,22.220236001885496,APPROVED,
postgres,180,0,2026-08-28T15:46:30.316879+00:00,2026-08-28T15:46:30.321441+00:00,4.547541990177706,APPROVED,
voltdb,180,0,2026-08-28T15:46:30.321520+00:00,2026-08-28T15:46:30.344099+00:00,22.57096600078512,APPROVED,
postgres,181,0,2026-08-28T15:46:30.344201+00:00,2026-08-28T15:46:30.349120+00:00,4.909274997771718,REVIEW,
voltdb,181,0,2026-08-28T15:46:30.349211+00:00,2026-08-28T15:46:30.377399+00:00,28.179265995277092,REVIEW,
postgres,182,0,2026-08-28T15:46:30.377546+00:00,2026-08-28T15:46:30.382180+00:00,4.619537008693442,APPROVED,
voltdb,182,0,2026-08-28T15:46:30.382371+00:00,2026-08-28T15:46:30.402983+00:00,20.591526990756392,APPROVED,
postgres,183,0,2026-08-28T15:46:30.403205+00:00,2026-08-28T15:46:30.407018+00:00,3.7913859996479005,APPROVED,
voltdb,183,0,2026-08-28T15:46:30.407100+00:00,2026-08-28T15:46:30.426936+00:00,19.825815994408913,APPROVED,
postgres,185,0,2026-08-28T15:46:30.427080+00:00,2026-08-28T15:46:30.432712+00:00,5.6173969933297485,APPROVED,
voltdb,185,0,2026-08-28T15:46:30.432788+00:00,2026-08-28T15:46:30.455909+00:00,23.110042995540425,APPROVED,
postgres,187,0,2026-08-28T15:46:30.456072+00:00,2026-08-28T15:46:30.460056+00:00,3.970525009208359,APPROVED,
voltdb,187,0,2026-08-28T15:46:30.460130+00:00,2026-08-28T15:46:30.480824+00:00,20.684300005086698,APPROVED,
postgres,188,0,2026-08-28T15:46:30.480955+00:00,2026-08-28T15:46:30.486198+00:00,5.23071299539879,APPROVED,
voltdb,188,0,2026-08-28T15:46:30.486277+00:00,2026-08-28T15:46:30.507036+00:00,20.74976400763262,APPROVED,
postgres,189,0,2026-08-28T15:46:30.507128+00:00,2026-08-28T15:46:30.511248+00:00,4.109638000954874,APPROVED,
voltdb,189,0,2026-08-28T15:46:30.511332+00:00,2026-08-28T15:46:30.530865+00:00,19.459205999737605,APPROVED,
postgres,190,0,2026-08-28T15:46:30.530966+00:00,2026-08-28T15:46:30.534206+00:00,3.230061993235722,REVIEW,
voltdb,190,0,2026-08-28T15:46:30.534276+00:00,2026-08-28T15:46:30.558860+00:00,24.575390008976683,REVIEW,
postgres,192,0,2026-08-28T15:46:30.558953+00:00,2026-08-28T15:46:30.561869+00:00,2.9047639982309192,APPROVED,
voltdb,192,0,2026-08-28T15:46:30.561951+00:00,2026-08-28T15:46:30.579670+00:00,17.709371997625567,APPROVED,
postgres,193,0,2026-08-28T15:46:30.579784+00:00,2026-08-28T15:46:30.584592+00:00,4.791637999005616,APPROVED,
voltdb,193,0,2026-08-28T15:46:30.584667+00:00,2026-08-28T15:46:30.601790+00:00,17.111200009821914,APPROVED,
postgres,194,0,2026-08-28T15:46:30.601927+00:00,2026-08-28T15:46:30.605478+00:00,3.5357989982003346,APPROVED,
voltdb,194,0,2026-08-28T15:46:30.605545+00:00,2026-08-28T15:46:30.623884+00:00,18.330008009797893,APPROVED,
postgres,195,0,2026-08-28T15:46:30.623994+00:00,2026-08-28T15:46:30.626966+00:00,2.9626789910253137,APPROVED,
voltdb,195,0,2026-08-28T15:46:30.627031+00:00,2026-08-28T15:46:30.644180+00:00,17.140214011305943,APPROVED,
postgres,196,0,2026-08-28T15:46:30.644275+00:00,2026-08-28T15:46:30.647367+00:00,3.0824349960312247,APPROVED,
voltdb,196,0,2026-08-28T15:46:30.647436+00:00,2026-08-28T15:46:30.665239+00:00,17.79426100256387,APPROVED,
postgres,197,0,2026-08-28T15:46:30.665345+00:00,2026-08-28T15:46:30.668603+00:00,3.2459020003443584,APPROVED,
voltdb,197,0,2026-08-28T15:46:30.668677+00:00,2026-08-28T15:46:30.686710+00:00,18.023126001935452,APPROVED,
postgres,198,0,2026-08-28T15:46:30.686812+00:00,2026-08-28T15:46:30.691757+00:00,4.929643997456878,APPROVED,
voltdb,198,0,2026-08-28T15:46:30.691836+00:00,2026-08-28T15:46:30.711910+00:00,20.06499099661596,APPROVED,
postgres,201,0,2026-08-28T15:46:30.712008+00:00,2026-08-28T15:46:30.714928+00:00,2.910633003921248,APPROVED,
voltdb,201,0,2026-08-28T15:46:30.714992+00:00,2026-08-28T15:46:30.733875+00:00,18.87308800360188,APPROVED,
postgres,204,0,2026-08-28T15:46:30.733974+00:00,2026-08-28T15:46:30.739362+00:00,5.376941000577062,REVIEW,
voltdb,204,0,2026-08-28T15:46:30.739448+00:00,2026-08-28T15:46:30.768186+00:00,28.727379991323687,REVIEW,
postgres,205,0,2026-08-28T15:46:30.768309+00:00,2026-08-28T15:46:30.773513+00:00,5.193315009819344,APPROVED,
voltdb,205,0,2026-08-28T15:46:30.773588+00:00,2026-08-28T15:46:30.793385+00:00,19.787697994615883,APPROVED,
postgres,206,0,2026-08-28T15:46:30.793479+00:00,2026-08-28T15:46:30.798456+00:00,4.966822001733817,APPROVED,
voltdb,206,0,2026-08-28T15:46:30.798533+00:00,2026-08-28T15:46:30.819663+00:00,21.12047300033737,APPROVED,
postgres,207,0,2026-08-28T15:46:30.819867+00:00,2026-08-28T15:46:30.824099+00:00,4.220044007524848,APPROVED,
voltdb,207,0,2026-08-28T15:46:30.824177+00:00,2026-08-28T15:46:30.840840+00:00,16.65441200020723,APPROVED,
postgres,208,0,2026-08-28T15:46:30.840954+00:00,2026-08-28T15:46:30.846506+00:00,5.536037991987541,REVIEW,
voltdb,208,0,2026-08-28T15:46:30.846576+00:00,2026-08-28T15:46:30.870338+00:00,23.751743996399455,REVIEW,
postgres,209,0,2026-08-28T15:46:30.870665+00:00,2026-08-28T15:46:30.874270+00:00,3.587885992601514,APPROVED,
voltdb,209,0,2026-08-28T15:46:30.874344+00:00,2026-08-28T15:46:30.897321+00:00,22.967098993831314,APPROVED,
postgres,212,0,2026-08-28T15:46:30.897514+00:00,2026-08-28T15:46:30.902393+00:00,4.860788001678884,APPROVED,
voltdb,212,0,2026-08-28T15:46:30.902610+00:00,2026-08-28T15:46:30.925686+00:00,23.05717099807225,APPROVED,
postgres,214,0,2026-08-28T15:46:30.925783+00:00,2026-08-28T15:46:30.930431+00:00,4.636223005945794,APPROVED,
voltdb,214,0,2026-08-28T15:46:30.930518+00:00,2026-08-28T15:46:30.952900+00:00,22.371369996108115,APPROVED,
postgres,216,0,2026-08-28T15:46:30.952997+00:00,2026-08-28T15:46:30.957635+00:00,4.619557992555201,APPROVED,
voltdb,216,0,2026-08-28T15:46:30.957733+00:00,2026-08-28T15:46:30.978070+00:00,20.322694996139035,APPROVED,
postgres,217,0,2026-08-28T15:46:30.978180+00:00,2026-08-28T15:46:30.981284+00:00,3.092469007242471,REVIEW,
voltdb,217,0,2026-08-28T15:46:30.981349+00:00,2026-08-28T15:46:31.002858+00:00,21.49938599904999,REVIEW,
postgres,218,0,2026-08-28T15:46:31.003020+00:00,2026-08-28T15:46:31.006224+00:00,3.1875059939920902,APPROVED,
voltdb,218,0,2026-08-28T15:46:31.006289+00:00,2026-08-28T15:46:31.025064+00:00,18.76606400765013,APPROVED,
postgres,219,0,2026-08-28T15:46:31.025249+00:00,2026-08-28T15:46:31.027925+00:00,2.6660769945010543,APPROVED,
voltdb,219,0,2026-08-28T15:46:31.027993+00:00,2026-08-28T15:46:31.045274+00:00,17.272833007154986,APPROVED,
postgres,220,0,2026-08-28T15:46:31.045451+00:00,2026-08-28T15:46:31.048274+00:00,2.8123980009695515,APPROVED,
voltdb,220,0,2026-08-28T15:46:31.048464+00:00,2026-08-28T15:46:31.065886+00:00,17.407495994120836,APPROVED,
postgres,221,0,2026-08-28T15:46:31.065984+00:00,2026-08-28T15:46:31.068694+00:00,2.7005899901269004,APPROVED,
voltdb,221,0,2026-08-28T15:46:31.068766+00:00,2026-08-28T15:46:31.085880+00:00,17.104957994888537,APPROVED,
postgres,223,0,2026-08-28T15:46:31.085990+00:00,2026-08-28T15:46:31.088875+00:00,2.8729850018862635,APPROVED,
voltdb,223,0,2026-08-28T15:46:31.089034+00:00,2026-08-28T15:46:31.107565+00:00,18.517722011893056,APPROVED,
postgres,225,0,2026-08-28T15:46:31.107654+00:00,2026-08-28T15:46:31.111699+00:00,4.030191994388588,APPROVED,
voltdb,225,0,2026-08-28T15:46:31.111771+00:00,2026-08-28T15:46:31.133981+00:00,22.200504987267777,APPROVED,
postgres,226,0,2026-08-28T15:46:31.134090+00:00,2026-08-28T15:46:31.138700+00:00,4.594974001520313,APPROVED,
voltdb,226,0,2026-08-28T15:46:31.138774+00:00,2026-08-28T15:46:31.157355+00:00,18.572706991108134,APPROVED,
postgres,228,0,2026-08-28T15:46:31.157500+00:00,2026-08-28T15:46:31.160423+00:00,2.912976997322403,APPROVED,
voltdb,228,0,2026-08-28T15:46:31.160490+00:00,2026-08-28T15:46:31.178133+00:00,17.633958006626926,APPROVED,
postgres,229,0,2026-08-28T15:46:31.178229+00:00,2026-08-28T15:46:31.181071+00:00,2.8327210020506755,APPROVED,
voltdb,229,0,2026-08-28T15:46:31.181137+00:00,2026-08-28T15:46:31.200136+00:00,18.989685995620675,APPROVED,
postgres,230,0,2026-08-28T15:46:31.200232+00:00,2026-08-28T15:46:31.204172+00:00,3.9285519887926057,REVIEW,
voltdb,230,0,2026-08-28T15:46:31.204251+00:00,2026-08-28T15:46:31.227782+00:00,23.522880001110025,REVIEW,
postgres,232,0,2026-08-28T15:46:31.227880+00:00,2026-08-28T15:46:31.231638+00:00,3.74685600399971,APPROVED,
voltdb,232,0,2026-08-28T15:46:31.231711+00:00,2026-08-28T15:46:31.253023+00:00,21.30242199928034,APPROVED,
postgres,233,0,2026-08-28T15:46:31.253136+00:00,2026-08-28T15:46:31.257603+00:00,4.4536689965752885,APPROVED,
voltdb,233,0,2026-08-28T15:46:31.257683+00:00,2026-08-28T15:46:31.274864+00:00,17.17244798783213,APPROVED,
postgres,234,0,2026-08-28T15:46:31.274963+00:00,2026-08-28T15:46:31.279125+00:00,4.150224005570635,APPROVED,
voltdb,234,0,2026-08-28T15:46:31.279197+00:00,2026-08-28T15:46:31.300035+00:00,20.829681001487188,APPROVED,
postgres,235,0,2026-08-28T15:46:31.300176+00:00,2026-08-28T15:46:31.305871+00:00,5.680936999851838,APPROVED,
voltdb,235,0,2026-08-28T15:46:31.305945+00:00,2026-08-28T15:46:31.325088+00:00,19.13416900788434,APPROVED,
postgres,236,0,2026-08-28T15:46:31.325190+00:00,2026-08-28T15:46:31.328216+00:00,3.0160310125211254,APPROVED,
voltdb,236,0,2026-08-28T15:46:31.328282+00:00,2026-08-28T15:46:31.346302+00:00,18.011077991104685,APPROVED,
postgres,237,0,2026-08-28T15:46:31.346464+00:00,2026-08-28T15:46:31.350511+00:00,4.034295998280868,APPROVED,
voltdb,237,0,2026-08-28T15:46:31.350638+00:00,2026-08-28T15:46:31.367114+00:00,16.461172999697737,APPROVED,
postgres,238,0,2026-08-28T15:46:31.367223+00:00,2026-08-28T15:46:31.371022+00:00,3.7874100089538842,APPROVED,
voltdb,238,0,2026-08-28T15:46:31.371099+00:00,2026-08-28T15:46:31.389210+00:00,18.10061899595894,APPROVED,
postgres,239,0,2026-08-28T15:46:31.389530+00:00,2026-08-28T15:46:31.392945+00:00,3.391888996702619,APPROVED,
voltdb,239,0,2026-08-28T15:46:31.393014+00:00,2026-08-28T15:46:31.412022+00:00,18.998180006747134,APPROVED,
postgres,245,0,2026-08-28T15:46:31.412196+00:00,2026-08-28T15:46:31.414955+00:00,2.746588987065479,APPROVED,
voltdb,245,0,2026-08-28T15:46:31.415079+00:00,2026-08-28T15:46:31.432536+00:00,17.445161007344723,APPROVED,
postgres,246,0,2026-08-28T15:46:31.432662+00:00,2026-08-28T15:46:31.435511+00:00,2.8353770030662417,APPROVED,
voltdb,246,0,2026-08-28T15:46:31.435600+00:00,2026-08-28T15:46:31.455285+00:00,19.675891002407297,APPROVED,
postgres,247,0,2026-08-28T15:46:31.455468+00:00,2026-08-28T15:46:31.458961+00:00,3.4769729973049834,APPROVED,
voltdb,247,0,2026-08-28T15:46:31.459033+00:00,2026-08-28T15:46:31.476981+00:00,17.937098993570544,APPROVED,
postgres,248,0,2026-08-28T15:46:31.477187+00:00,2026-08-28T15:46:31.480788+00:00,3.583443001843989,APPROVED,
voltdb,248,0,2026-08-28T15:46:31.480855+00:00,2026-08-28T15:46:31.499764+00:00,18.89989299525041,APPROVED,
postgres,249,0,2026-08-28T15:46:31.499859+00:00,2026-08-28T15:46:31.503864+00:00,3.9900720003060997,APPROVED,
voltdb,249,0,2026-08-28T15:46:31.503945+00:00,2026-08-28T15:46:31.520496+00:00,16.541624994715676,APPROVED,
postgres,250,0,2026-08-28T15:46:31.520660+00:00,2026-08-28T15:46:31.524557+00:00,3.885380006977357,APPROVED,
voltdb,250,0,2026-08-28T15:46:31.524668+00:00,2026-08-28T15:46:31.542320+00:00,17.63737700821366,APPROVED,
postgres,251,0,2026-08-28T15:46:31.542630+00:00,2026-08-28T15:46:31.547444+00:00,4.7953620087355375,APPROVED,
voltdb,251,0,2026-08-28T15:46:31.547518+00:00,2026-08-28T15:46:31.567177+00:00,19.64901899918914,APPROVED,
postgres,253,0,2026-08-28T15:46:31.567272+00:00,2026-08-28T15:46:31.572238+00:00,4.955240001436323,APPROVED,
voltdb,253,0,2026-08-28T15:46:31.572314+00:00,2026-08-28T15:46:31.599173+00:00,26.849958987440914,APPROVED,
postgres,254,0,2026-08-28T15:46:31.599305+00:00,2026-08-28T15:46:31.604093+00:00,4.770259009092115,APPROVED,
voltdb,254,0,2026-08-28T15:46:31.604170+00:00,2026-08-28T15:46:31.626092+00:00,21.9123179995222,APPROVED,
postgres,256,0,2026-08-28T15:46:31.626191+00:00,2026-08-28T15:46:31.630454+00:00,4.247380988090299,APPROVED,
voltdb,256,0,2026-08-28T15:46:31.630558+00:00,2026-08-28T15:46:31.651638+00:00,21.064828004455194,APPROVED,
postgres,257,0,2026-08-28T15:46:31.651731+00:00,2026-08-28T15:46:31.655829+00:00,4.056473000673577,APPROVED,
voltdb,257,0,2026-08-28T15:46:31.655938+00:00,2026-08-28T15:46:31.674357+00:00,18.404661997919902,APPROVED,
postgres,258,0,2026-08-28T15:46:31.674564+00:00,2026-08-28T15:46:31.679298+00:00,4.717812989838421,APPROVED,
voltdb,258,0,2026-08-28T15:46:31.679405+00:00,2026-08-28T15:46:31.702239+00:00,22.82256599573884,APPROVED,
postgres,259,0,2026-08-28T15:46:31.702405+00:00,2026-08-28T15:46:31.709894+00:00,7.460063003236428,APPROVED,
voltdb,259,0,2026-08-28T15:46:31.709958+00:00,2026-08-28T15:46:31.733753+00:00,23.787056998116896,APPROVED,
postgres,260,0,2026-08-28T15:46:31.733872+00:00,2026-08-28T15:46:31.738616+00:00,4.73020899516996,APPROVED,
voltdb,260,0,2026-08-28T15:46:31.738694+00:00,2026-08-28T15:46:31.760134+00:00,21.431599001516588,APPROVED,
postgres,261,0,2026-08-28T15:46:31.760247+00:00,2026-08-28T15:46:31.763722+00:00,3.4610839938977733,APPROVED,
voltdb,261,0,2026-08-28T15:46:31.763851+00:00,2026-08-28T15:46:31.780206+00:00,16.33977699384559,APPROVED,
postgres,262,0,2026-08-28T15:46:31.780300+00:00,2026-08-28T15:46:31.784233+00:00,3.9204219938255847,APPROVED,
voltdb,262,0,2026-08-28T15:46:31.784568+00:00,2026-08-28T15:46:31.802715+00:00,18.12531700124964,APPROVED,
postgres,263,0,2026-08-28T15:46:31.802872+00:00,2026-08-28T15:46:31.807082+00:00,4.194410008494742,APPROVED,
voltdb,263,0,2026-08-28T15:46:31.807157+00:00,2026-08-28T15:46:31.829761+00:00,22.592021996388212,APPROVED,
postgres,264,0,2026-08-28T15:46:31.829914+00:00,2026-08-28T15:46:31.834618+00:00,4.687698005000129,APPROVED,
voltdb,264,0,2026-08-28T15:46:31.834693+00:00,2026-08-28T15:46:31.857125+00:00,22.422625988838263,APPROVED,
postgres,265,0,2026-08-28T15:46:31.857455+00:00,2026-08-28T15:46:31.864146+00:00,6.670426999335177,REVIEW,
voltdb,265,0,2026-08-28T15:46:31.864245+00:00,2026-08-28T15:46:31.891540+00:00,27.280972004518844,REVIEW,
postgres,267,0,2026-08-28T15:46:31.891718+00:00,2026-08-28T15:46:31.896330+00:00,4.539529996691272,APPROVED,
voltdb,267,0,2026-08-28T15:46:31.896491+00:00,2026-08-28T15:46:31.921684+00:00,25.13436299341265,APPROVED,
postgres,268,0,2026-08-28T15:46:31.921926+00:00,2026-08-28T15:46:31.927917+00:00,5.97343199478928,APPROVED,
voltdb,268,0,2026-08-28T15:46:31.928001+00:00,2026-08-28T15:46:31.949984+00:00,21.968957997160032,APPROVED,
postgres,269,0,2026-08-28T15:46:31.950117+00:00,2026-08-28T15:46:31.954732+00:00,4.597377992467955,APPROVED,
voltdb,269,0,2026-08-28T15:46:31.954833+00:00,2026-08-28T15:46:31.979952+00:00,25.107700988883153,APPROVED,
postgres,270,0,2026-08-28T15:46:31.980098+00:00,2026-08-28T15:46:31.985775+00:00,5.65731999813579,APPROVED,
voltdb,270,0,2026-08-28T15:46:31.985998+00:00,2026-08-28T15:46:32.015881+00:00,29.843933996744454,APPROVED,
postgres,271,0,2026-08-28T15:46:32.016012+00:00,2026-08-28T15:46:32.022100+00:00,6.069369992474094,APPROVED,
voltdb,271,0,2026-08-28T15:46:32.022209+00:00,2026-08-28T15:46:32.048097+00:00,25.8700959966518,APPROVED,
postgres,272,0,2026-08-28T15:46:32.048225+00:00,2026-08-28T15:46:32.055606+00:00,7.365527999354526,APPROVED,
voltdb,272,0,2026-08-28T15:46:32.055711+00:00,2026-08-28T15:46:32.084648+00:00,28.922705998411402,APPROVED,
postgres,273,0,2026-08-28T15:46:32.084813+00:00,2026-08-28T15:46:32.090418+00:00,5.585760009125806,APPROVED,
voltdb,273,0,2026-08-28T15:46:32.090524+00:00,2026-08-28T15:46:32.113268+00:00,22.7331219939515,APPROVED,
postgres,274,0,2026-08-28T15:46:32.113517+00:00,2026-08-28T15:46:32.117607+00:00,4.0741279954090714,APPROVED,
voltdb,274,0,2026-08-28T15:46:32.117716+00:00,2026-08-28T15:46:32.136352+00:00,18.622816001879983,APPROVED,
postgres,276,0,2026-08-28T15:46:32.136496+00:00,2026-08-28T15:46:32.141158+00:00,4.645953988074325,APPROVED,
voltdb,276,0,2026-08-28T15:46:32.141238+00:00,2026-08-28T15:46:32.164895+00:00,23.647723006433807,APPROVED,
postgres,279,1,2026-08-28T15:46:32.165055+00:00,2026-08-28T15:46:32.169667+00:00,4.598419996909797,BLOCKED,
voltdb,279,1,2026-08-28T15:46:32.169747+00:00,2026-08-28T15:46:32.196159+00:00,26.366581005277112,BLOCKED,
postgres,281,0,2026-08-28T15:46:32.196352+00:00,2026-08-28T15:46:32.200991+00:00,4.554457002086565,APPROVED,
voltdb,281,0,2026-08-28T15:46:32.201057+00:00,2026-08-28T15:46:32.218951+00:00,17.885199005831964,APPROVED,
postgres,282,0,2026-08-28T15:46:32.219070+00:00,2026-08-28T15:46:32.224061+00:00,4.975258998456411,APPROVED,
voltdb,282,0,2026-08-28T15:46:32.224142+00:00,2026-08-28T15:46:32.241088+00:00,16.937320993747562,APPROVED,
postgres,283,0,2026-08-28T15:46:32.241194+00:00,2026-08-28T15:46:32.244698+00:00,3.493602998787537,APPROVED,
voltdb,283,0,2026-08-28T15:46:32.244774+00:00,2026-08-28T15:46:32.261197+00:00,16.41418199869804,APPROVED,
postgres,284,0,2026-08-28T15:46:32.261293+00:00,2026-08-28T15:46:32.266090+00:00,4.78490001114551,APPROVED,
voltdb,284,0,2026-08-28T15:46:32.266168+00:00,2026-08-28T15:46:32.282142+00:00,15.96386099117808,APPROVED,
postgres,285,0,2026-08-28T15:46:32.282261+00:00,2026-08-28T15:46:32.286254+00:00,3.9802989922463894,APPROVED,
voltdb,285,0,2026-08-28T15:46:32.286331+00:00,2026-08-28T15:46:32.306636+00:00,20.29402799962554,APPROVED,
postgres,286,0,2026-08-28T15:46:32.306759+00:00,2026-08-28T15:46:32.312053+00:00,5.276480995235033,APPROVED,
voltdb,286,0,2026-08-28T15:46:32.312140+00:00,2026-08-28T15:46:32.337255+00:00,25.078184000449255,APPROVED,
postgres,287,0,2026-08-28T15:46:32.337437+00:00,2026-08-28T15:46:32.340423+00:00,2.971327005070634,APPROVED,
voltdb,287,0,2026-08-28T15:46:32.340487+00:00,2026-08-28T15:46:32.358199+00:00,17.70343900716398,APPROVED,
postgres,289,0,2026-08-28T15:46:32.358303+00:00,2026-08-28T15:46:32.361089+00:00,2.776501001790166,APPROVED,
voltdb,289,0,2026-08-28T15:46:32.361152+00:00,2026-08-28T15:46:32.378310+00:00,17.146676997072063,APPROVED,
postgres,290,0,2026-08-28T15:46:32.378594+00:00,2026-08-28T15:46:32.381808+00:00,3.2020349899539724,APPROVED,
voltdb,290,0,2026-08-28T15:46:32.381886+00:00,2026-08-28T15:46:32.405327+00:00,23.432208996382542,APPROVED,
postgres,291,0,2026-08-28T15:46:32.405491+00:00,2026-08-28T15:46:32.409763+00:00,4.25548899511341,APPROVED,
voltdb,291,0,2026-08-28T15:46:32.409867+00:00,2026-08-28T15:46:32.430711+00:00,20.830015986575745,APPROVED,
postgres,292,0,2026-08-28T15:46:32.430857+00:00,2026-08-28T15:46:32.434378+00:00,3.50263700238429,REVIEW,
voltdb,292,0,2026-08-28T15:46:32.434450+00:00,2026-08-28T15:46:32.461194+00:00,26.730302997748367,REVIEW,
postgres,293,0,2026-08-28T15:46:32.461266+00:00,2026-08-28T15:46:32.466471+00:00,5.19265299953986,APPROVED,
voltdb,293,0,2026-08-28T15:46:32.466544+00:00,2026-08-28T15:46:32.485532+00:00,18.97785600158386,APPROVED,
postgres,294,0,2026-08-28T15:46:32.485595+00:00,2026-08-28T15:46:32.488263+00:00,2.6611450011841953,APPROVED,
voltdb,294,0,2026-08-28T15:46:32.488327+00:00,2026-08-28T15:46:32.508379+00:00,20.043075011926703,APPROVED,
postgres,296,0,2026-08-28T15:46:32.508541+00:00,2026-08-28T15:46:32.512748+00:00,4.192799999145791,APPROVED,
voltdb,296,0,2026-08-28T15:46:32.512828+00:00,2026-08-28T15:46:32.531781+00:00,18.943597009638324,APPROVED,
postgres,297,0,2026-08-28T15:46:32.531900+00:00,2026-08-28T15:46:32.536478+00:00,4.563333990518004,APPROVED,
voltdb,297,0,2026-08-28T15:46:32.536590+00:00,2026-08-28T15:46:32.556852+00:00,20.248946006176993,APPROVED,
postgres,298,0,2026-08-28T15:46:32.557044+00:00,2026-08-28T15:46:32.561651+00:00,4.561804002150893,APPROVED,
voltdb,298,0,2026-08-28T15:46:32.561722+00:00,2026-08-28T15:46:32.581068+00:00,19.303768989630044,APPROVED,
postgres,299,0,2026-08-28T15:46:32.581162+00:00,2026-08-28T15:46:32.585558+00:00,4.386939006508328,APPROVED,
voltdb,299,0,2026-08-28T15:46:32.585625+00:00,2026-08-28T15:46:32.601086+00:00,15.451307001058012,APPROVED,
postgres,302,0,2026-08-28T15:46:32.601181+00:00,2026-08-28T15:46:32.604801+00:00,3.6090639914618805,APPROVED,
voltdb,302,0,2026-08-28T15:46:32.604876+00:00,2026-08-28T15:46:32.620500+00:00,15.612096001859754,APPROVED,
postgres,303,0,2026-08-28T15:46:32.620602+00:00,2026-08-28T15:46:32.624167+00:00,3.5529870074242353,APPROVED,
voltdb,303,0,2026-08-28T15:46:32.624578+00:00,2026-08-28T15:46:32.641837+00:00,17.2350969951367,APPROVED,
postgres,304,0,2026-08-28T15:46:32.641927+00:00,2026-08-28T15:46:32.647838+00:00,5.899153999052942,APPROVED,
voltdb,304,0,2026-08-28T15:46:32.647923+00:00,2026-08-28T15:46:32.671295+00:00,23.357626996585168,APPROVED,
postgres,307,0,2026-08-28T15:46:32.671569+00:00,2026-08-28T15:46:32.676073+00:00,4.485156998271123,APPROVED,
voltdb,307,0,2026-08-28T15:46:32.676346+00:00,2026-08-28T15:46:32.698039+00:00,21.67037600884214,APPROVED,
postgres,308,0,2026-08-28T15:46:32.698158+00:00,2026-08-28T15:46:32.701678+00:00,3.5074799961876124,APPROVED,
voltdb,308,0,2026-08-28T15:46:32.701757+00:00,2026-08-28T15:46:32.724115+00:00,22.34642299299594,APPROVED,
postgres,310,0,2026-08-28T15:46:32.724294+00:00,2026-08-28T15:46:32.728726+00:00,4.416280993609689,APPROVED,
voltdb,310,0,2026-08-28T15:46:32.728799+00:00,2026-08-28T15:46:32.749377+00:00,20.56927399826236,APPROVED,
postgres,311,0,2026-08-28T15:46:32.749623+00:00,2026-08-28T15:46:32.754597+00:00,4.95442800456658,APPROVED,
voltdb,311,0,2026-08-28T15:46:32.754674+00:00,2026-08-28T15:46:32.774717+00:00,20.03297999908682,APPROVED,
postgres,313,0,2026-08-28T15:46:32.774822+00:00,2026-08-28T15:46:32.780176+00:00,5.343212993466295,APPROVED,
voltdb,313,0,2026-08-28T15:46:32.780254+00:00,2026-08-28T15:46:32.801355+00:00,21.09219199337531,APPROVED,
postgres,316,0,2026-08-28T15:46:32.801519+00:00,2026-08-28T15:46:32.807131+00:00,5.600393997156061,APPROVED,
voltdb,316,0,2026-08-28T15:46:32.807249+00:00,2026-08-28T15:46:32.825295+00:00,18.037005997030064,APPROVED,
postgres,318,0,2026-08-28T15:46:32.825434+00:00,2026-08-28T15:46:32.828375+00:00,2.9314890125533566,APPROVED,
voltdb,318,0,2026-08-28T15:46:32.828439+00:00,2026-08-28T15:46:32.844832+00:00,16.384037007810548,APPROVED,
postgres,319,0,2026-08-28T15:46:32.844929+00:00,2026-08-28T15:46:32.847657+00:00,2.718356001423672,APPROVED,
voltdb,319,0,2026-08-28T15:46:32.847731+00:00,2026-08-28T15:46:32.864753+00:00,17.011654999805614,APPROVED,
postgres,323,0,2026-08-28T15:46:32.865036+00:00,2026-08-28T15:46:32.868212+00:00,3.1514979928033426,APPROVED,
voltdb,323,0,2026-08-28T15:46:32.868288+00:00,2026-08-28T15:46:32.887124+00:00,18.824323997250758,APPROVED,
postgres,324,0,2026-08-28T15:46:32.887243+00:00,2026-08-28T15:46:32.892773+00:00,5.516481993254274,APPROVED,
voltdb,324,0,2026-08-28T15:46:32.892876+00:00,2026-08-28T15:46:32.910847+00:00,17.96062200446613,APPROVED,
postgres,325,0,2026-08-28T15:46:32.910989+00:00,2026-08-28T15:46:32.914006+00:00,3.0041999998502433,APPROVED,
voltdb,325,0,2026-08-28T15:46:32.914082+00:00,2026-08-28T15:46:32.929956+00:00,15.86326899996493,APPROVED,
postgres,326,0,2026-08-28T15:46:32.930094+00:00,2026-08-28T15:46:32.933865+00:00,3.7532989954343066,APPROVED,
voltdb,326,0,2026-08-28T15:46:32.933946+00:00,2026-08-28T15:46:32.952185+00:00,18.229146997327916,APPROVED,
postgres,327,0,2026-08-28T15:46:32.952287+00:00,2026-08-28T15:46:32.955963+00:00,3.663006005808711,APPROVED,
voltdb,327,0,2026-08-28T15:46:32.956106+00:00,2026-08-28T15:46:32.973175+00:00,17.042209990904666,APPROVED,
postgres,328,0,2026-08-28T15:46:32.973270+00:00,2026-08-28T15:46:32.976459+00:00,3.1780950084794313,APPROVED,
voltdb,328,0,2026-08-28T15:46:32.976609+00:00,2026-08-28T15:46:32.993357+00:00,16.736368997953832,APPROVED,
postgres,331,0,2026-08-28T15:46:32.993473+00:00,2026-08-28T15:46:32.997049+00:00,3.4816479892469943,APPROVED,
voltdb,331,0,2026-08-28T15:46:32.997137+00:00,2026-08-28T15:46:33.013584+00:00,16.436878009699285,APPROVED,
postgres,334,0,2026-08-28T15:46:33.013695+00:00,2026-08-28T15:46:33.017149+00:00,3.4384689934086055,APPROVED,
voltdb,334,0,2026-08-28T15:46:33.017297+00:00,2026-08-28T15:46:33.033787+00:00,16.481019993079826,APPROVED,
postgres,335,0,2026-08-28T15:46:33.033893+00:00,2026-08-28T15:46:33.037628+00:00,3.7227040011202917,APPROVED,
voltdb,335,0,2026-08-28T15:46:33.037737+00:00,2026-08-28T15:46:33.053557+00:00,15.808668002136983,APPROVED,
postgres,336,0,2026-08-28T15:46:33.053650+00:00,2026-08-28T15:46:33.056593+00:00,2.932733012130484,APPROVED,
voltdb,336,0,2026-08-28T15:46:33.056684+00:00,2026-08-28T15:46:33.074816+00:00,18.12039699871093,APPROVED,
postgres,338,0,2026-08-28T15:46:33.074972+00:00,2026-08-28T15:46:33.080719+00:00,5.7258540036855265,APPROVED,
voltdb,338,0,2026-08-28T15:46:33.080826+00:00,2026-08-28T15:46:33.101346+00:00,20.507298002485186,APPROVED,
postgres,340,0,2026-08-28T15:46:33.101542+00:00,2026-08-28T15:46:33.107598+00:00,6.041713000740856,APPROVED,
voltdb,340,0,2026-08-28T15:46:33.107670+00:00,2026-08-28T15:46:33.123949+00:00,16.26973999373149,APPROVED,
postgres,341,0,2026-08-28T15:46:33.124068+00:00,2026-08-28T15:46:33.127094+00:00,3.0155009881127626,APPROVED,
voltdb,341,0,2026-08-28T15:46:33.127162+00:00,2026-08-28T15:46:33.143858+00:00,16.627942997729406,APPROVED,
postgres,342,0,2026-08-28T15:46:33.144020+00:00,2026-08-28T15:46:33.147646+00:00,3.6054910015081987,APPROVED,
voltdb,342,0,2026-08-28T15:46:33.147713+00:00,2026-08-28T15:46:33.162878+00:00,15.155738001340069,APPROVED,
postgres,344,0,2026-08-28T15:46:33.163010+00:00,2026-08-28T15:46:33.166427+00:00,3.3993850083788857,APPROVED,
voltdb,344,0,2026-08-28T15:46:33.166505+00:00,2026-08-28T15:46:33.182517+00:00,16.00231100746896,APPROVED,
postgres,345,0,2026-08-28T15:46:33.182619+00:00,2026-08-28T15:46:33.187287+00:00,4.652907999115996,APPROVED,
voltdb,345,0,2026-08-28T15:46:33.187419+00:00,2026-08-28T15:46:33.203117+00:00,15.68810000026133,APPROVED,
postgres,346,0,2026-08-28T15:46:33.203254+00:00,2026-08-28T15:46:33.206940+00:00,3.672577004181221,APPROVED,
voltdb,346,0,2026-08-28T15:46:33.207014+00:00,2026-08-28T15:46:33.222984+00:00,15.961131997755729,APPROVED,
postgres,348,0,2026-08-28T15:46:33.223161+00:00,2026-08-28T15:46:33.227389+00:00,4.2101840081159025,APPROVED,
voltdb,348,0,2026-08-28T15:46:33.227461+00:00,2026-08-28T15:46:33.245174+00:00,17.703757010167465,APPROVED,
postgres,349,0,2026-08-28T15:46:33.245355+00:00,2026-08-28T15:46:33.248512+00:00,3.016728995135054,APPROVED,
voltdb,349,0,2026-08-28T15:46:33.248594+00:00,2026-08-28T15:46:33.265501+00:00,16.898343004868366,APPROVED,
postgres,350,0,2026-08-28T15:46:33.265597+00:00,2026-08-28T15:46:33.268438+00:00,2.832308004144579,APPROVED,
voltdb,350,0,2026-08-28T15:46:33.268518+00:00,2026-08-28T15:46:33.284358+00:00,15.830949996598065,APPROVED,
postgres,351,0,2026-08-28T15:46:33.284594+00:00,2026-08-28T15:46:33.287488+00:00,2.8792930097552016,APPROVED,
voltdb,351,0,2026-08-28T15:46:33.287554+00:00,2026-08-28T15:46:33.303352+00:00,15.787833006470464,APPROVED,
postgres,352,0,2026-08-28T15:46:33.303796+00:00,2026-08-28T15:46:33.306978+00:00,3.1561669893562794,APPROVED,
voltdb,352,0,2026-08-28T15:46:33.307041+00:00,2026-08-28T15:46:33.322981+00:00,15.930383990053087,APPROVED,
postgres,353,0,2026-08-28T15:46:33.323103+00:00,2026-08-28T15:46:33.326413+00:00,3.2924289989750832,APPROVED,
voltdb,353,0,2026-08-28T15:46:33.326599+00:00,2026-08-28T15:46:33.342137+00:00,15.527765994193032,APPROVED,
postgres,354,0,2026-08-28T15:46:33.342290+00:00,2026-08-28T15:46:33.346230+00:00,3.923508003936149,APPROVED,
voltdb,354,0,2026-08-28T15:46:33.346299+00:00,2026-08-28T15:46:33.363031+00:00,16.722184998798184,APPROVED,
postgres,355,0,2026-08-28T15:46:33.363164+00:00,2026-08-28T15:46:33.366423+00:00,3.2436290057376027,APPROVED,
voltdb,355,0,2026-08-28T15:46:33.366494+00:00,2026-08-28T15:46:33.381940+00:00,15.435991997946985,APPROVED,
postgres,356,0,2026-08-28T15:46:33.382046+00:00,2026-08-28T15:46:33.386059+00:00,4.001231005531736,APPROVED,
voltdb,356,0,2026-08-28T15:46:33.386134+00:00,2026-08-28T15:46:33.402213+00:00,16.069617005996406,APPROVED,
postgres,357,0,2026-08-28T15:46:33.402368+00:00,2026-08-28T15:46:33.405854+00:00,3.3649730030447245,APPROVED,
voltdb,357,0,2026-08-28T15:46:33.405922+00:00,2026-08-28T15:46:33.421421+00:00,15.489084005821496,APPROVED,
postgres,358,0,2026-08-28T15:46:33.421593+00:00,2026-08-28T15:46:33.426344+00:00,4.73398101166822,APPROVED,
voltdb,358,0,2026-08-28T15:46:33.426459+00:00,2026-08-28T15:46:33.444684+00:00,18.208993002190255,APPROVED,
postgres,359,0,2026-08-28T15:46:33.444841+00:00,2026-08-28T15:46:33.449302+00:00,4.450745997019112,APPROVED,
voltdb,359,0,2026-08-28T15:46:33.449372+00:00,2026-08-28T15:46:33.469664+00:00,20.282693003537133,APPROVED,
postgres,360,0,2026-08-28T15:46:33.469789+00:00,2026-08-28T15:46:33.474711+00:00,4.909582989057526,REVIEW,
voltdb,360,0,2026-08-28T15:46:33.474816+00:00,2026-08-28T15:46:33.496751+00:00,21.924854008830152,REVIEW,
postgres,361,0,2026-08-28T15:46:33.496850+00:00,2026-08-28T15:46:33.500667+00:00,3.8012769946362823,APPROVED,
voltdb,361,0,2026-08-28T15:46:33.500772+00:00,2026-08-28T15:46:33.520060+00:00,19.270624994533136,APPROVED,
postgres,362,0,2026-08-28T15:46:33.520188+00:00,2026-08-28T15:46:33.523409+00:00,3.2085089915199205,APPROVED,
voltdb,362,0,2026-08-28T15:46:33.523505+00:00,2026-08-28T15:46:33.540215+00:00,16.693928992026486,APPROVED,
postgres,364,0,2026-08-28T15:46:33.540342+00:00,2026-08-28T15:46:33.545011+00:00,4.654244999983348,APPROVED,
voltdb,364,0,2026-08-28T15:46:33.545089+00:00,2026-08-28T15:46:33.561158+00:00,16.059468005551025,APPROVED,
postgres,365,0,2026-08-28T15:46:33.561257+00:00,2026-08-28T15:46:33.564852+00:00,3.584218997275457,APPROVED,
voltdb,365,0,2026-08-28T15:46:33.564927+00:00,2026-08-28T15:46:33.580985+00:00,16.048560006311163,APPROVED,
postgres,366,0,2026-08-28T15:46:33.581105+00:00,2026-08-28T15:46:33.585644+00:00,4.5236610021675006,APPROVED,
voltdb,366,0,2026-08-28T15:46:33.585716+00:00,2026-08-28T15:46:33.606362+00:00,20.63720699516125,APPROVED,
postgres,367,0,2026-08-28T15:46:33.606484+00:00,2026-08-28T15:46:33.610918+00:00,4.378062003524974,APPROVED,
voltdb,367,0,2026-08-28T15:46:33.611130+00:00,2026-08-28T15:46:33.629058+00:00,17.91152601072099,APPROVED,
postgres,369,0,2026-08-28T15:46:33.629269+00:00,2026-08-28T15:46:33.632804+00:00,3.52034300158266,APPROVED,
voltdb,369,0,2026-08-28T15:46:33.632873+00:00,2026-08-28T15:46:33.654722+00:00,21.840850997250527,APPROVED,
postgres,372,0,2026-08-28T15:46:33.654844+00:00,2026-08-28T15:46:33.659888+00:00,5.0009199912892655,APPROVED,
voltdb,372,0,2026-08-28T15:46:33.659930+00:00,2026-08-28T15:46:33.676274+00:00,16.337887005647644,APPROVED,
postgres,374,0,2026-08-28T15:46:33.676501+00:00,2026-08-28T15:46:33.679969+00:00,3.446150993113406,APPROVED,
voltdb,374,0,2026-08-28T15:46:33.680035+00:00,2026-08-28T15:46:33.700745+00:00,20.696559993666597,APPROVED,
postgres,375,0,2026-08-28T15:46:33.700877+00:00,2026-08-28T15:46:33.706711+00:00,5.821753991767764,APPROVED,
voltdb,375,0,2026-08-28T15:46:33.706884+00:00,2026-08-28T15:46:33.726371+00:00,19.470215993351303,APPROVED,
postgres,378,0,2026-08-28T15:46:33.726558+00:00,2026-08-28T15:46:33.730464+00:00,3.869397012749687,APPROVED,
voltdb,378,0,2026-08-28T15:46:33.730624+00:00,2026-08-28T15:46:33.762082+00:00,31.441637998796068,APPROVED,
postgres,379,0,2026-08-28T15:46:33.762151+00:00,2026-08-28T15:46:33.768236+00:00,6.076499004848301,APPROVED,
voltdb,379,0,2026-08-28T15:46:33.768314+00:00,2026-08-28T15:46:33.792375+00:00,24.050064996117726,APPROVED,
postgres,380,1,2026-08-28T15:46:33.792564+00:00,2026-08-28T15:46:33.799772+00:00,7.1845359925646335,REVIEW,
voltdb,380,1,2026-08-28T15:46:33.799892+00:00,2026-08-28T15:46:33.827999+00:00,28.09564399649389,REVIEW,
postgres,382,0,2026-08-28T15:46:33.828094+00:00,2026-08-28T15:46:33.833018+00:00,4.912765987683088,APPROVED,
voltdb,382,0,2026-08-28T15:46:33.833098+00:00,2026-08-28T15:46:33.859515+00:00,26.404322998132557,APPROVED,
postgres,383,0,2026-08-28T15:46:33.859607+00:00,2026-08-28T15:46:33.863805+00:00,4.185038997093216,APPROVED,
voltdb,383,0,2026-08-28T15:46:33.863983+00:00,2026-08-28T15:46:33.882794+00:00,18.7960600014776,APPROVED,
postgres,384,0,2026-08-28T15:46:33.882899+00:00,2026-08-28T15:46:33.887490+00:00,4.575227998429909,APPROVED,
voltdb,384,0,2026-08-28T15:46:33.887567+00:00,2026-08-28T15:46:33.908726+00:00,21.1508380016312,APPROVED,
postgres,386,0,2026-08-28T15:46:33.908884+00:00,2026-08-28T15:46:33.913617+00:00,4.72256301145535,APPROVED,
voltdb,386,0,2026-08-28T15:46:33.913704+00:00,2026-08-28T15:46:33.931814+00:00,18.10132600076031,APPROVED,
postgres,388,0,2026-08-28T15:46:33.931911+00:00,2026-08-28T15:46:33.934495+00:00,2.571128003182821,APPROVED,
voltdb,388,0,2026-08-28T15:46:33.934557+00:00,2026-08-28T15:46:33.958512+00:00,23.9446119958302,APPROVED,
postgres,389,0,2026-08-28T15:46:33.958596+00:00,2026-08-28T15:46:33.962154+00:00,3.5485160042298958,APPROVED,
voltdb,389,0,2026-08-28T15:46:33.962227+00:00,2026-08-28T15:46:33.978316+00:00,16.079868990345858,APPROVED,
postgres,390,0,2026-08-28T15:46:33.978521+00:00,2026-08-28T15:46:33.981149+00:00,2.6132940110983327,APPROVED,
voltdb,390,0,2026-08-28T15:46:33.981215+00:00,2026-08-28T15:46:34.003836+00:00,22.61090200045146,APPROVED,
postgres,391,0,2026-08-28T15:46:34.003958+00:00,2026-08-28T15:46:34.007963+00:00,3.9901160052977502,APPROVED,
voltdb,391,0,2026-08-28T15:46:34.008029+00:00,2026-08-28T15:46:34.025689+00:00,17.65097699535545,APPROVED,
postgres,393,0,2026-08-28T15:46:34.025794+00:00,2026-08-28T15:46:34.028680+00:00,2.859170999727212,APPROVED,
voltdb,393,0,2026-08-28T15:46:34.028750+00:00,2026-08-28T15:46:34.047109+00:00,18.350245998590253,APPROVED,
postgres,397,0,2026-08-28T15:46:34.047213+00:00,2026-08-28T15:46:34.052999+00:00,5.775301004177891,APPROVED,
voltdb,397,0,2026-08-28T15:46:34.053109+00:00,2026-08-28T15:46:34.070104+00:00,16.985801004921086,APPROVED,
postgres,399,0,2026-08-28T15:46:34.070205+00:00,2026-08-28T15:46:34.073808+00:00,3.5920310037909076,REVIEW,
voltdb,399,0,2026-08-28T15:46:34.073878+00:00,2026-08-28T15:46:34.099209+00:00,25.321034001535736,REVIEW,
postgres,401,0,2026-08-28T15:46:34.099325+00:00,2026-08-28T15:46:34.104004+00:00,4.666848995839246,APPROVED,
voltdb,401,0,2026-08-28T15:46:34.104115+00:00,2026-08-28T15:46:34.121995+00:00,17.86846799950581,APPROVED,
postgres,402,0,2026-08-28T15:46:34.122102+00:00,2026-08-28T15:46:34.126316+00:00,4.2029340111184865,APPROVED,
voltdb,402,0,2026-08-28T15:46:34.126387+00:00,2026-08-28T15:46:34.148846+00:00,22.451286000432447,APPROVED,
postgres,404,0,2026-08-28T15:46:34.148944+00:00,2026-08-28T15:46:34.153672+00:00,4.714369002613239,APPROVED,
voltdb,404,0,2026-08-28T15:46:34.153741+00:00,2026-08-28T15:46:34.174000+00:00,20.249631998012774,APPROVED,
postgres,406,0,2026-08-28T15:46:34.174120+00:00,2026-08-28T15:46:34.178190+00:00,4.057626996655017,APPROVED,
voltdb,406,0,2026-08-28T15:46:34.178271+00:00,2026-08-28T15:46:34.198583+00:00,20.295540991355665,APPROVED,
postgres,407,0,2026-08-28T15:46:34.198724+00:00,2026-08-28T15:46:34.204604+00:00,5.831699992995709,REVIEW,
voltdb,407,0,2026-08-28T15:46:34.204748+00:00,2026-08-28T15:46:34.228584+00:00,23.805703007383272,REVIEW,
postgres,408,0,2026-08-28T15:46:34.228699+00:00,2026-08-28T15:46:34.232199+00:00,3.4851839882321656,APPROVED,
voltdb,408,0,2026-08-28T15:46:34.232267+00:00,2026-08-28T15:46:34.252488+00:00,20.211725000990555,APPROVED,
postgres,409,0,2026-08-28T15:46:34.252600+00:00,2026-08-28T15:46:34.256530+00:00,3.9146330091170967,APPROVED,
voltdb,409,0,2026-08-28T15:46:34.256627+00:00,2026-08-28T15:46:34.281806+00:00,25.16687700699549,APPROVED,
postgres,410,0,2026-08-28T15:46:34.281915+00:00,2026-08-28T15:46:34.286791+00:00,4.865832990617491,APPROVED,
voltdb,410,0,2026-08-28T15:46:34.286866+00:00,2026-08-28T15:46:34.309312+00:00,22.436972009018064,APPROVED,
postgres,414,0,2026-08-28T15:46:34.309587+00:00,2026-08-28T15:46:34.313994+00:00,4.392594011733308,APPROVED,
voltdb,414,0,2026-08-28T15:46:34.314062+00:00,2026-08-28T15:46:34.330270+00:00,16.197118995478377,APPROVED,
postgres,415,0,2026-08-28T15:46:34.330563+00:00,2026-08-28T15:46:34.333767+00:00,3.183969995006919,APPROVED,
voltdb,415,0,2026-08-28T15:46:34.333836+00:00,2026-08-28T15:46:34.355661+00:00,21.815515006892383,APPROVED,
postgres,417,0,2026-08-28T15:46:34.355790+00:00,2026-08-28T15:46:34.361068+00:00,5.267688000458293,APPROVED,
voltdb,417,0,2026-08-28T15:46:34.361141+00:00,2026-08-28T15:46:34.380183+00:00,19.033143995329738,APPROVED,
postgres,419,0,2026-08-28T15:46:34.380295+00:00,2026-08-28T15:46:34.384264+00:00,3.9558200078317896,APPROVED,
voltdb,419,0,2026-08-28T15:46:34.384464+00:00,2026-08-28T15:46:34.405816+00:00,21.33794900146313,APPROVED,
postgres,420,0,2026-08-28T15:46:34.405950+00:00,2026-08-28T15:46:34.409708+00:00,3.747069989913143,APPROVED,
voltdb,420,0,2026-08-28T15:46:34.409865+00:00,2026-08-28T15:46:34.428280+00:00,18.3985009934986,APPROVED,
postgres,422,0,2026-08-28T15:46:34.428421+00:00,2026-08-28T15:46:34.432194+00:00,3.761697997106239,APPROVED,
voltdb,422,0,2026-08-28T15:46:34.432268+00:00,2026-08-28T15:46:34.456752+00:00,24.475275000440888,APPROVED,
postgres,423,0,2026-08-28T15:46:34.456845+00:00,2026-08-28T15:46:34.461472+00:00,4.6172980073606595,APPROVED,
voltdb,423,0,2026-08-28T15:46:34.461585+00:00,2026-08-28T15:46:34.478600+00:00,17.002075008349493,APPROVED,
postgres,424,0,2026-08-28T15:46:34.478799+00:00,2026-08-28T15:46:34.481829+00:00,2.948943991214037,APPROVED,
voltdb,424,0,2026-08-28T15:46:34.481899+00:00,2026-08-28T15:46:34.502397+00:00,20.48943200497888,APPROVED,
postgres,425,0,2026-08-28T15:46:34.502545+00:00,2026-08-28T15:46:34.507686+00:00,5.12924900976941,APPROVED,
voltdb,425,0,2026-08-28T15:46:34.507758+00:00,2026-08-28T15:46:34.526410+00:00,18.576937989564613,APPROVED,
postgres,426,0,2026-08-28T15:46:34.526506+00:00,2026-08-28T15:46:34.529433+00:00,2.919000995461829,APPROVED,
voltdb,426,0,2026-08-28T15:46:34.529601+00:00,2026-08-28T15:46:34.551818+00:00,22.156503997393884,APPROVED,
postgres,427,0,2026-08-28T15:46:34.551922+00:00,2026-08-28T15:46:34.556546+00:00,4.614281002432108,REVIEW,
voltdb,427,0,2026-08-28T15:46:34.556619+00:00,2026-08-28T15:46:34.580870+00:00,24.242047991720028,REVIEW,
postgres,428,0,2026-08-28T15:46:34.580965+00:00,2026-08-28T15:46:34.584307+00:00,3.329134007799439,APPROVED,
voltdb,428,0,2026-08-28T15:46:34.584548+00:00,2026-08-28T15:46:34.608208+00:00,23.64730299450457,APPROVED,
postgres,430,0,2026-08-28T15:46:34.608349+00:00,2026-08-28T15:46:34.613475+00:00,5.111162012326531,APPROVED,
voltdb,430,0,2026-08-28T15:46:34.613554+00:00,2026-08-28T15:46:34.631719+00:00,18.155351004679687,APPROVED,
postgres,431,0,2026-08-28T15:46:34.631832+00:00,2026-08-28T15:46:34.635444+00:00,3.6017099919263273,REVIEW,
voltdb,431,0,2026-08-28T15:46:34.635532+00:00,2026-08-28T15:46:34.662507+00:00,26.96550899418071,REVIEW,
postgres,432,0,2026-08-28T15:46:34.662627+00:00,2026-08-28T15:46:34.668025+00:00,5.383874988183379,APPROVED,
voltdb,432,0,2026-08-28T15:46:34.668094+00:00,2026-08-28T15:46:34.683661+00:00,15.557509992504492,APPROVED,
postgres,433,0,2026-08-28T15:46:34.683763+00:00,2026-08-28T15:46:34.688351+00:00,4.577112995320931,APPROVED,
voltdb,433,0,2026-08-28T15:46:34.688428+00:00,2026-08-28T15:46:34.710668+00:00,22.231059992918745,APPROVED,
postgres,435,0,2026-08-28T15:46:34.710878+00:00,2026-08-28T15:46:34.715229+00:00,4.333422999479808,APPROVED,
voltdb,435,0,2026-08-28T15:46:34.715324+00:00,2026-08-28T15:46:34.732091+00:00,16.694135003490373,APPROVED,
postgres,437,0,2026-08-28T15:46:34.732238+00:00,2026-08-28T15:46:34.736638+00:00,4.341246007243171,APPROVED,
voltdb,437,0,2026-08-28T15:46:34.736842+00:00,2026-08-28T15:46:34.758875+00:00,22.021375989424996,APPROVED,
postgres,438,0,2026-08-28T15:46:34.758995+00:00,2026-08-28T15:46:34.762627+00:00,3.6208550009177998,APPROVED,
voltdb,438,0,2026-08-28T15:46:34.762729+00:00,2026-08-28T15:46:34.780732+00:00,17.963053993298672,APPROVED,
postgres,439,0,2026-08-28T15:46:34.780833+00:00,2026-08-28T15:46:34.785420+00:00,4.568560005282052,APPROVED,
voltdb,439,0,2026-08-28T15:46:34.785511+00:00,2026-08-28T15:46:34.807150+00:00,21.629711001878604,APPROVED,
postgres,440,0,2026-08-28T15:46:34.807274+00:00,2026-08-28T15:46:34.811579+00:00,4.236851003952324,APPROVED,
voltdb,440,0,2026-08-28T15:46:34.811663+00:00,2026-08-28T15:46:34.829308+00:00,17.635561001952738,APPROVED,
postgres,441,0,2026-08-28T15:46:34.829401+00:00,2026-08-28T15:46:34.834728+00:00,5.241027000010945,REVIEW,
voltdb,441,0,2026-08-28T15:46:34.834845+00:00,2026-08-28T15:46:34.861553+00:00,26.698454006691463,REVIEW,
postgres,443,0,2026-08-28T15:46:34.861675+00:00,2026-08-28T15:46:34.866784+00:00,5.093549989396706,APPROVED,
voltdb,443,0,2026-08-28T15:46:34.866857+00:00,2026-08-28T15:46:34.881691+00:00,14.82545399630908,APPROVED,
postgres,444,0,2026-08-28T15:46:34.881799+00:00,2026-08-28T15:46:34.886458+00:00,4.644862012355588,APPROVED,
voltdb,444,0,2026-08-28T15:46:34.886535+00:00,2026-08-28T15:46:34.908044+00:00,21.499622002011165,APPROVED,
postgres,445,0,2026-08-28T15:46:34.908171+00:00,2026-08-28T15:46:34.912377+00:00,4.193692002445459,APPROVED,
voltdb,445,0,2026-08-28T15:46:34.912455+00:00,2026-08-28T15:46:34.928054+00:00,15.590064009302296,APPROVED,
postgres,447,0,2026-08-28T15:46:34.928150+00:00,2026-08-28T15:46:34.931835+00:00,3.674310995847918,APPROVED,
voltdb,447,0,2026-08-28T15:46:34.931917+00:00,2026-08-28T15:46:34.952130+00:00,20.203075007884763,APPROVED,
postgres,448,1,2026-08-28T15:46:34.952223+00:00,2026-08-28T15:46:34.957028+00:00,4.793611995410174,BLOCKED,
voltdb,448,1,2026-08-28T15:46:34.957110+00:00,2026-08-28T15:46:34.979720+00:00,22.59766099450644,BLOCKED,
postgres,449,0,2026-08-28T15:46:34.979826+00:00,2026-08-28T15:46:34.982846+00:00,3.008472005603835,APPROVED,
voltdb,449,0,2026-08-28T15:46:34.982948+00:00,2026-08-28T15:46:35.005100+00:00,22.14166500198189,APPROVED,
postgres,451,0,2026-08-28T15:46:35.005391+00:00,2026-08-28T15:46:35.011027+00:00,5.6076860055327415,APPROVED,
voltdb,451,0,2026-08-28T15:46:35.011201+00:00,2026-08-28T15:46:35.029183+00:00,17.941383994184434,APPROVED,
postgres,452,0,2026-08-28T15:46:35.029284+00:00,2026-08-28T15:46:35.032742+00:00,3.4482629998819903,APPROVED,
voltdb,452,0,2026-08-28T15:46:35.032819+00:00,2026-08-28T15:46:35.052490+00:00,19.66091500071343,APPROVED,
postgres,453,0,2026-08-28T15:46:35.052671+00:00,2026-08-28T15:46:35.056583+00:00,3.8989549939287826,APPROVED,
voltdb,453,0,2026-08-28T15:46:35.056706+00:00,2026-08-28T15:46:35.075684+00:00,18.90001200081315,APPROVED,
postgres,455,0,2026-08-28T15:46:35.075779+00:00,2026-08-28T15:46:35.080211+00:00,4.422294994583353,REVIEW,
voltdb,455,0,2026-08-28T15:46:35.080277+00:00,2026-08-28T15:46:35.108687+00:00,28.39960799610708,REVIEW,
postgres,459,0,2026-08-28T15:46:35.108750+00:00,2026-08-28T15:46:35.114522+00:00,5.7629760121926665,APPROVED,
voltdb,459,0,2026-08-28T15:46:35.114603+00:00,2026-08-28T15:46:35.134006+00:00,19.39332600159105,APPROVED,
postgres,460,0,2026-08-28T15:46:35.134148+00:00,2026-08-28T15:46:35.139002+00:00,4.821071997866966,APPROVED,
voltdb,460,0,2026-08-28T15:46:35.139159+00:00,2026-08-28T15:46:35.160497+00:00,21.325298002921045,APPROVED,
postgres,462,0,2026-08-28T15:46:35.160592+00:00,2026-08-28T15:46:35.164980+00:00,4.376149998279288,APPROVED,
voltdb,462,0,2026-08-28T15:46:35.165082+00:00,2026-08-28T15:46:35.184661+00:00,19.567461000406183,APPROVED,
postgres,464,0,2026-08-28T15:46:35.184847+00:00,2026-08-28T15:46:35.189325+00:00,4.462231998331845,APPROVED,
voltdb,464,0,2026-08-28T15:46:35.189516+00:00,2026-08-28T15:46:35.208731+00:00,19.202559007680975,APPROVED,
postgres,467,0,2026-08-28T15:46:35.208888+00:00,2026-08-28T15:46:35.214707+00:00,5.809390000649728,APPROVED,
voltdb,467,0,2026-08-28T15:46:35.214774+00:00,2026-08-28T15:46:35.231567+00:00,16.782974998932332,APPROVED,
postgres,468,0,2026-08-28T15:46:35.231675+00:00,2026-08-28T15:46:35.234487+00:00,2.8022129990858957,APPROVED,
voltdb,468,0,2026-08-28T15:46:35.234552+00:00,2026-08-28T15:46:35.258788+00:00,24.227404996054247,APPROVED,
postgres,469,0,2026-08-28T15:46:35.259010+00:00,2026-08-28T15:46:35.262782+00:00,3.7578629999188706,APPROVED,
voltdb,469,0,2026-08-28T15:46:35.262859+00:00,2026-08-28T15:46:35.278731+00:00,15.863275999436155,APPROVED,
postgres,470,0,2026-08-28T15:46:35.278833+00:00,2026-08-28T15:46:35.281608+00:00,2.763441007118672,APPROVED,
voltdb,470,0,2026-08-28T15:46:35.281678+00:00,2026-08-28T15:46:35.303973+00:00,22.28500299679581,APPROVED,
postgres,472,0,2026-08-28T15:46:35.304191+00:00,2026-08-28T15:46:35.309035+00:00,4.785123004694469,APPROVED,
voltdb,472,0,2026-08-28T15:46:35.309104+00:00,2026-08-28T15:46:35.326231+00:00,17.118445990490727,APPROVED,
postgres,473,0,2026-08-28T15:46:35.326340+00:00,2026-08-28T15:46:35.329471+00:00,3.1188599969027564,APPROVED,
voltdb,473,0,2026-08-28T15:46:35.329562+00:00,2026-08-28T15:46:35.348640+00:00,19.068390000029467,APPROVED,
postgres,474,0,2026-08-28T15:46:35.348742+00:00,2026-08-28T15:46:35.353822+00:00,5.069908002042212,APPROVED,
voltdb,474,0,2026-08-28T15:46:35.353893+00:00,2026-08-28T15:46:35.372495+00:00,18.592060994706117,APPROVED,
postgres,475,0,2026-08-28T15:46:35.372594+00:00,2026-08-28T15:46:35.375386+00:00,2.780914001050405,APPROVED,
voltdb,475,0,2026-08-28T15:46:35.375455+00:00,2026-08-28T15:46:35.395263+00:00,19.79895299882628,APPROVED,
postgres,477,0,2026-08-28T15:46:35.395385+00:00,2026-08-28T15:46:35.402273+00:00,6.873690988868475,APPROVED,
voltdb,477,0,2026-08-28T15:46:35.402471+00:00,2026-08-28T15:46:35.421384+00:00,18.903123011114076,APPROVED,
postgres,479,0,2026-08-28T15:46:35.421635+00:00,2026-08-28T15:46:35.427670+00:00,6.015654988004826,APPROVED,
voltdb,479,0,2026-08-28T15:46:35.427747+00:00,2026-08-28T15:46:35.449316+00:00,21.559055006946437,APPROVED,
postgres,482,0,2026-08-28T15:46:35.449622+00:00,2026-08-28T15:46:35.455417+00:00,5.765521011198871,APPROVED,
voltdb,482,0,2026-08-28T15:46:35.455524+00:00,2026-08-28T15:46:35.473302+00:00,17.76989300560672,APPROVED,
postgres,483,0,2026-08-28T15:46:35.473422+00:00,2026-08-28T15:46:35.476057+00:00,2.623612992465496,APPROVED,
voltdb,483,0,2026-08-28T15:46:35.476129+00:00,2026-08-28T15:46:35.495743+00:00,19.604777990025468,APPROVED,
postgres,484,0,2026-08-28T15:46:35.495849+00:00,2026-08-28T15:46:35.502290+00:00,6.4302509999834,APPROVED,
voltdb,484,0,2026-08-28T15:46:35.502468+00:00,2026-08-28T15:46:35.522196+00:00,19.712827997864224,APPROVED,
postgres,486,0,2026-08-28T15:46:35.522293+00:00,2026-08-28T15:46:35.526283+00:00,3.97898000665009,APPROVED,
voltdb,486,0,2026-08-28T15:46:35.526389+00:00,2026-08-28T15:46:35.548083+00:00,21.684400999220088,APPROVED,
postgres,489,0,2026-08-28T15:46:35.548204+00:00,2026-08-28T15:46:35.554032+00:00,5.814324991661124,APPROVED,
voltdb,489,0,2026-08-28T15:46:35.554136+00:00,2026-08-28T15:46:35.577249+00:00,23.103630999685265,APPROVED,
postgres,491,0,2026-08-28T15:46:35.577367+00:00,2026-08-28T15:46:35.581303+00:00,3.9245180087164044,APPROVED,
voltdb,491,0,2026-08-28T15:46:35.581431+00:00,2026-08-28T15:46:35.604397+00:00,22.95692999905441,APPROVED,
postgres,493,0,2026-08-28T15:46:35.604617+00:00,2026-08-28T15:46:35.609210+00:00,4.575748011120595,APPROVED,
voltdb,493,0,2026-08-28T15:46:35.609283+00:00,2026-08-28T15:46:35.632872+00:00,23.57951099111233,APPROVED,
postgres,496,0,2026-08-28T15:46:35.632982+00:00,2026-08-28T15:46:35.638103+00:00,5.108084005769342,APPROVED,
voltdb,496,0,2026-08-28T15:46:35.638474+00:00,2026-08-28T15:46:35.662752+00:00,24.25550301268231,APPROVED,
postgres,499,0,2026-08-28T15:46:35.662869+00:00,2026-08-28T15:46:35.670093+00:00,7.209896997665055,REVIEW,
voltdb,499,0,2026-08-28T15:46:35.670177+00:00,2026-08-28T15:46:35.699088+00:00,28.90004999062512,REVIEW,
postgres,500,0,2026-08-28T15:46:35.699248+00:00,2026-08-28T15:46:35.704649+00:00,5.37356999120675,APPROVED,
voltdb,500,0,2026-08-28T15:46:35.704764+00:00,2026-08-28T15:46:35.726538+00:00,21.758435992524028,APPROVED,
postgres,501,0,2026-08-28T15:46:35.726657+00:00,2026-08-28T15:46:35.733597+00:00,6.925150009919889,APPROVED,
voltdb,501,0,2026-08-28T15:46:35.733648+00:00,2026-08-28T15:46:35.760745+00:00,27.091363997897133,APPROVED,
postgres,502,0,2026-08-28T15:46:35.760892+00:00,2026-08-28T15:46:35.765680+00:00,4.776838002726436,APPROVED,
voltdb,502,0,2026-08-28T15:46:35.765770+00:00,2026-08-28T15:46:35.783000+00:00,17.219462009961717,APPROVED,
postgres,503,0,2026-08-28T15:46:35.783150+00:00,2026-08-28T15:46:35.789759+00:00,6.594985999981873,APPROVED,
voltdb,503,0,2026-08-28T15:46:35.790092+00:00,2026-08-28T15:46:35.814143+00:00,24.039077004999854,APPROVED,
postgres,507,0,2026-08-28T15:46:35.814267+00:00,2026-08-28T15:46:35.817691+00:00,3.4146899997722358,APPROVED,
voltdb,507,0,2026-08-28T15:46:35.817779+00:00,2026-08-28T15:46:35.834034+00:00,16.246676997980103,APPROVED,
postgres,508,0,2026-08-28T15:46:35.834141+00:00,2026-08-28T15:46:35.840318+00:00,6.165926999528892,APPROVED,
voltdb,508,0,2026-08-28T15:46:35.840517+00:00,2026-08-28T15:46:35.860764+00:00,20.23703900340479,APPROVED,
postgres,509,1,2026-08-28T15:46:35.860869+00:00,2026-08-28T15:46:35.865347+00:00,4.467949009267613,BLOCKED,
voltdb,509,1,2026-08-28T15:46:35.865479+00:00,2026-08-28T15:46:35.884483+00:00,18.98494499619119,BLOCKED,
postgres,510,0,2026-08-28T15:46:35.884732+00:00,2026-08-28T15:46:35.888885+00:00,4.1365180077264085,APPROVED,
voltdb,510,0,2026-08-28T15:46:35.888959+00:00,2026-08-28T15:46:35.909404+00:00,20.43589401000645,APPROVED,
postgres,511,0,2026-08-28T15:46:35.909599+00:00,2026-08-28T15:46:35.914113+00:00,4.500972994719632,APPROVED,
voltdb,511,0,2026-08-28T15:46:35.914184+00:00,2026-08-28T15:46:35.931783+00:00,17.58915999380406,APPROVED,
postgres,512,0,2026-08-28T15:46:35.931963+00:00,2026-08-28T15:46:35.936495+00:00,4.515895008808002,REVIEW,
voltdb,512,0,2026-08-28T15:46:35.936568+00:00,2026-08-28T15:46:35.961370+00:00,24.75919599237386,REVIEW,
postgres,513,0,2026-08-28T15:46:35.961629+00:00,2026-08-28T15:46:35.965984+00:00,4.338332000770606,APPROVED,
voltdb,513,0,2026-08-28T15:46:35.966062+00:00,2026-08-28T15:46:35.981018+00:00,14.947411997127347,APPROVED,
postgres,514,0,2026-08-28T15:46:35.981124+00:00,2026-08-28T15:46:35.984858+00:00,3.7208230060059577,APPROVED,
voltdb,514,0,2026-08-28T15:46:35.984988+00:00,2026-08-28T15:46:36.006373+00:00,21.368816000176594,APPROVED,
postgres,515,0,2026-08-28T15:46:36.006559+00:00,2026-08-28T15:46:36.010804+00:00,4.1856489988276735,APPROVED,
voltdb,515,0,2026-08-28T15:46:36.011031+00:00,2026-08-28T15:46:36.029541+00:00,18.49226700142026,APPROVED,
postgres,516,0,2026-08-28T15:46:36.029712+00:00,2026-08-28T15:46:36.033250+00:00,3.525610998622142,APPROVED,
voltdb,516,0,2026-08-28T15:46:36.033323+00:00,2026-08-28T15:46:36.056698+00:00,23.36669500800781,APPROVED,
postgres,517,0,2026-08-28T15:46:36.056864+00:00,2026-08-28T15:46:36.061421+00:00,4.5377170026768,APPROVED,
voltdb,517,0,2026-08-28T15:46:36.061538+00:00,2026-08-28T15:46:36.078203+00:00,16.654114006087184,APPROVED,
postgres,518,0,2026-08-28T15:46:36.078502+00:00,2026-08-28T15:46:36.082613+00:00,4.090114001883194,APPROVED,
voltdb,518,0,2026-08-28T15:46:36.082695+00:00,2026-08-28T15:46:36.103739+00:00,21.032882999861613,APPROVED,
postgres,519,0,2026-08-28T15:46:36.103989+00:00,2026-08-28T15:46:36.108964+00:00,4.953864001436159,APPROVED,
voltdb,519,0,2026-08-28T15:46:36.109031+00:00,2026-08-28T15:46:36.127316+00:00,18.275819995324127,APPROVED,
postgres,520,0,2026-08-28T15:46:36.127515+00:00,2026-08-28T15:46:36.130524+00:00,2.9965950088808313,APPROVED,
voltdb,520,0,2026-08-28T15:46:36.130681+00:00,2026-08-28T15:46:36.149849+00:00,19.154289009748027,APPROVED,
postgres,521,0,2026-08-28T15:46:36.149990+00:00,2026-08-28T15:46:36.154631+00:00,4.591043005348183,APPROVED,
voltdb,521,0,2026-08-28T15:46:36.154699+00:00,2026-08-28T15:46:36.172818+00:00,18.109085998730734,APPROVED,
postgres,522,0,2026-08-28T15:46:36.172910+00:00,2026-08-28T15:46:36.175659+00:00,2.7402449923101813,APPROVED,
voltdb,522,0,2026-08-28T15:46:36.175725+00:00,2026-08-28T15:46:36.195611+00:00,19.876569000189193,APPROVED,
postgres,523,0,2026-08-28T15:46:36.195714+00:00,2026-08-28T15:46:36.202030+00:00,6.279118009842932,APPROVED,
voltdb,523,0,2026-08-28T15:46:36.202164+00:00,2026-08-28T15:46:36.221187+00:00,19.01047700084746,APPROVED,
postgres,524,0,2026-08-28T15:46:36.221298+00:00,2026-08-28T15:46:36.225751+00:00,4.439041003934108,APPROVED,
voltdb,524,0,2026-08-28T15:46:36.225835+00:00,2026-08-28T15:46:36.244247+00:00,18.4035690035671,APPROVED,
postgres,525,0,2026-08-28T15:46:36.244518+00:00,2026-08-28T15:46:36.248961+00:00,4.4269919890211895,APPROVED,
voltdb,525,0,2026-08-28T15:46:36.249059+00:00,2026-08-28T15:46:36.267177+00:00,18.075447995215654,APPROVED,
postgres,526,1,2026-08-28T15:46:36.267288+00:00,2026-08-28T15:46:36.270382+00:00,3.0832799966447055,REVIEW,
voltdb,526,1,2026-08-28T15:46:36.270451+00:00,2026-08-28T15:46:36.289644+00:00,19.184125994797796,REVIEW,
postgres,527,0,2026-08-28T15:46:36.289768+00:00,2026-08-28T15:46:36.295833+00:00,6.053124001482502,REVIEW,
voltdb,527,0,2026-08-28T15:46:36.295904+00:00,2026-08-28T15:46:36.316839+00:00,20.925674005411565,REVIEW,
postgres,528,0,2026-08-28T15:46:36.316939+00:00,2026-08-28T15:46:36.321897+00:00,4.946643006405793,BLOCKED,
voltdb,528,0,2026-08-28T15:46:36.321974+00:00,2026-08-28T15:46:36.347109+00:00,25.120891004917212,BLOCKED,
postgres,529,0,2026-08-28T15:46:36.347213+00:00,2026-08-28T15:46:36.351302+00:00,4.07772499602288,APPROVED,
voltdb,529,0,2026-08-28T15:46:36.351453+00:00,2026-08-28T15:46:36.370235+00:00,18.74292199499905,APPROVED,
postgres,530,0,2026-08-28T15:46:36.370596+00:00,2026-08-28T15:46:36.375728+00:00,5.0537030037958175,APPROVED,
voltdb,530,0,2026-08-28T15:46:36.375905+00:00,2026-08-28T15:46:36.394068+00:00,18.153575001633726,APPROVED,
postgres,531,0,2026-08-28T15:46:36.394194+00:00,2026-08-28T15:46:36.399004+00:00,4.793808999238536,APPROVED,
voltdb,531,0,2026-08-28T15:46:36.399112+00:00,2026-08-28T15:46:36.415871+00:00,16.748081005061977,APPROVED,
postgres,532,0,2026-08-28T15:46:36.415971+00:00,2026-08-28T15:46:36.419040+00:00,3.0579820013372228,APPROVED,
voltdb,532,0,2026-08-28T15:46:36.419119+00:00,2026-08-28T15:46:36.434670+00:00,15.541814995231107,APPROVED,
postgres,533,0,2026-08-28T15:46:36.434766+00:00,2026-08-28T15:46:36.440875+00:00,6.095909004216082,APPROVED,
voltdb,533,0,2026-08-28T15:46:36.440959+00:00,2026-08-28T15:46:36.465131+00:00,24.161933004506864,APPROVED,
postgres,535,0,2026-08-28T15:46:36.465311+00:00,2026-08-28T15:46:36.469218+00:00,3.8909129943931475,APPROVED,
voltdb,535,0,2026-08-28T15:46:36.469294+00:00,2026-08-28T15:46:36.488037+00:00,18.734729004791006,APPROVED,
postgres,536,0,2026-08-28T15:46:36.488131+00:00,2026-08-28T15:46:36.492635+00:00,4.478950999327935,APPROVED,
voltdb,536,0,2026-08-28T15:46:36.492724+00:00,2026-08-28T15:46:36.513177+00:00,20.443499000975862,APPROVED,
postgres,538,0,2026-08-28T15:46:36.513298+00:00,2026-08-28T15:46:36.516165+00:00,2.8586759872268885,APPROVED,
voltdb,538,0,2026-08-28T15:46:36.516230+00:00,2026-08-28T15:46:36.530770+00:00,14.53183899866417,APPROVED,
postgres,539,0,2026-08-28T15:46:36.530983+00:00,2026-08-28T15:46:36.534439+00:00,3.4376859985059127,APPROVED,
voltdb,539,0,2026-08-28T15:46:36.534503+00:00,2026-08-28T15:46:36.549588+00:00,15.076486000907607,APPROVED,
postgres,542,0,2026-08-28T15:46:36.549843+00:00,2026-08-28T15:46:36.554790+00:00,4.929071001242846,APPROVED,
voltdb,542,0,2026-08-28T15:46:36.554861+00:00,2026-08-28T15:46:36.569689+00:00,14.818316994933411,APPROVED,
postgres,543,0,2026-08-28T15:46:36.569806+00:00,2026-08-28T15:46:36.573703+00:00,3.885062993504107,APPROVED,
voltdb,543,0,2026-08-28T15:46:36.573770+00:00,2026-08-28T15:46:36.589761+00:00,15.981130010914057,APPROVED,
postgres,544,0,2026-08-28T15:46:36.589895+00:00,2026-08-28T15:46:36.594802+00:00,4.891197997494601,APPROVED,
voltdb,544,0,2026-08-28T15:46:36.594879+00:00,2026-08-28T15:46:36.614893+00:00,20.00576999853365,APPROVED,
postgres,545,0,2026-08-28T15:46:36.614990+00:00,2026-08-28T15:46:36.618738+00:00,3.7366889882832766,APPROVED,
voltdb,545,0,2026-08-28T15:46:36.618829+00:00,2026-08-28T15:46:36.633098+00:00,14.259746996685863,APPROVED,
postgres,546,0,2026-08-28T15:46:36.633207+00:00,2026-08-28T15:46:36.636089+00:00,2.8725570009555668,APPROVED,
voltdb,546,0,2026-08-28T15:46:36.636159+00:00,2026-08-28T15:46:36.652232+00:00,16.06310899660457,APPROVED,
postgres,547,0,2026-08-28T15:46:36.652492+00:00,2026-08-28T15:46:36.656383+00:00,3.876622999086976,REVIEW,
voltdb,547,0,2026-08-28T15:46:36.656449+00:00,2026-08-28T15:46:36.673932+00:00,17.47373800026253,REVIEW,
postgres,548,0,2026-08-28T15:46:36.674032+00:00,2026-08-28T15:46:36.676788+00:00,2.742942000622861,APPROVED,
voltdb,548,0,2026-08-28T15:46:36.676853+00:00,2026-08-28T15:46:36.692323+00:00,15.461877002962865,APPROVED,
postgres,549,0,2026-08-28T15:46:36.692589+00:00,2026-08-28T15:46:36.696586+00:00,3.977159009082243,APPROVED,
voltdb,549,0,2026-08-28T15:46:36.696661+00:00,2026-08-28T15:46:36.712586+00:00,15.91607199225109,APPROVED,
postgres,550,0,2026-08-28T15:46:36.712686+00:00,2026-08-28T15:46:36.715571+00:00,2.8761979920091107,APPROVED,
voltdb,550,0,2026-08-28T15:46:36.715635+00:00,2026-08-28T15:46:36.729897+00:00,14.2535759950988,APPROVED,
postgres,551,1,2026-08-28T15:46:36.729999+00:00,2026-08-28T15:46:36.734502+00:00,4.49279899476096,BLOCKED,
voltdb,551,1,2026-08-28T15:46:36.734579+00:00,2026-08-28T15:46:36.755960+00:00,21.37226400373038,BLOCKED,
postgres,553,0,2026-08-28T15:46:36.756065+00:00,2026-08-28T15:46:36.760226+00:00,4.150702006882057,APPROVED,
voltdb,553,0,2026-08-28T15:46:36.760299+00:00,2026-08-28T15:46:36.774936+00:00,14.627552998717874,APPROVED,
postgres,554,0,2026-08-28T15:46:36.775033+00:00,2026-08-28T15:46:36.777928+00:00,2.885166002670303,APPROVED,
voltdb,554,0,2026-08-28T15:46:36.778001+00:00,2026-08-28T15:46:36.793023+00:00,15.012823001598008,APPROVED,
postgres,555,1,2026-08-28T15:46:36.793122+00:00,2026-08-28T15:46:36.796679+00:00,3.5465079999994487,BLOCKED,
voltdb,555,1,2026-08-28T15:46:36.796752+00:00,2026-08-28T15:46:36.816679+00:00,19.90915898932144,BLOCKED,
postgres,557,0,2026-08-28T15:46:36.816782+00:00,2026-08-28T15:46:36.820052+00:00,3.2587589957984164,APPROVED,
voltdb,557,0,2026-08-28T15:46:36.820126+00:00,2026-08-28T15:46:36.834892+00:00,14.75121900148224,APPROVED,
postgres,560,0,2026-08-28T15:46:36.835035+00:00,2026-08-28T15:46:36.839038+00:00,3.9900859992485493,APPROVED,
voltdb,560,0,2026-08-28T15:46:36.839119+00:00,2026-08-28T15:46:36.857808+00:00,18.67920499353204,APPROVED,
postgres,561,0,2026-08-28T15:46:36.857917+00:00,2026-08-28T15:46:36.862399+00:00,4.466262995265424,REVIEW,
voltdb,561,0,2026-08-28T15:46:36.862488+00:00,2026-08-28T15:46:36.882141+00:00,19.6432570082834,REVIEW,
postgres,562,0,2026-08-28T15:46:36.882257+00:00,2026-08-28T15:46:36.886215+00:00,3.943008996429853,APPROVED,
voltdb,562,0,2026-08-28T15:46:36.886297+00:00,2026-08-28T15:46:36.904430+00:00,18.12314499693457,APPROVED,
postgres,565,0,2026-08-28T15:46:36.904848+00:00,2026-08-28T15:46:36.909060+00:00,4.190606996417046,APPROVED,
voltdb,565,0,2026-08-28T15:46:36.909129+00:00,2026-08-28T15:46:36.923369+00:00,14.231435998226516,APPROVED,
postgres,566,0,2026-08-28T15:46:36.923539+00:00,2026-08-28T15:46:36.927594+00:00,4.044097004225478,REVIEW,
voltdb,566,0,2026-08-28T15:46:36.927664+00:00,2026-08-28T15:46:36.948452+00:00,20.779305006726645,REVIEW,
postgres,568,0,2026-08-28T15:46:36.948513+00:00,2026-08-28T15:46:36.952938+00:00,4.415176998008974,APPROVED,
voltdb,568,0,2026-08-28T15:46:36.953016+00:00,2026-08-28T15:46:36.968058+00:00,15.032041002996266,APPROVED,
postgres,571,0,2026-08-28T15:46:36.968152+00:00,2026-08-28T15:46:36.972069+00:00,3.9052220090525225,APPROVED,
voltdb,571,0,2026-08-28T15:46:36.972150+00:00,2026-08-28T15:46:36.990585+00:00,18.423936009639874,APPROVED,
postgres,572,0,2026-08-28T15:46:36.990744+00:00,2026-08-28T15:46:36.996137+00:00,5.3765589982504025,APPROVED,
voltdb,572,0,2026-08-28T15:46:36.996217+00:00,2026-08-28T15:46:37.015549+00:00,19.32183699682355,APPROVED,
postgres,573,0,2026-08-28T15:46:37.015673+00:00,2026-08-28T15:46:37.020852+00:00,5.161403008969501,APPROVED,
voltdb,573,0,2026-08-28T15:46:37.020931+00:00,2026-08-28T15:46:37.038882+00:00,17.940826990525238,APPROVED,
postgres,574,0,2026-08-28T15:46:37.039101+00:00,2026-08-28T15:46:37.043299+00:00,4.1792389965849,APPROVED,
voltdb,574,0,2026-08-28T15:46:37.043378+00:00,2026-08-28T15:46:37.062162+00:00,18.77504200092517,APPROVED,
postgres,575,0,2026-08-28T15:46:37.062266+00:00,2026-08-28T15:46:37.067795+00:00,5.517396988580003,REVIEW,
voltdb,575,0,2026-08-28T15:46:37.067876+00:00,2026-08-28T15:46:37.090992+00:00,23.10586199746467,REVIEW,
postgres,578,0,2026-08-28T15:46:37.091250+00:00,2026-08-28T15:46:37.095818+00:00,4.536622000159696,APPROVED,
voltdb,578,0,2026-08-28T15:46:37.095894+00:00,2026-08-28T15:46:37.114752+00:00,18.848806008463725,APPROVED,
postgres,579,0,2026-08-28T15:46:37.114864+00:00,2026-08-28T15:46:37.117785+00:00,2.9099099920131266,APPROVED,
voltdb,579,0,2026-08-28T15:46:37.117872+00:00,2026-08-28T15:46:37.133793+00:00,15.911391004920006,APPROVED,
postgres,582,0,2026-08-28T15:46:37.133900+00:00,2026-08-28T15:46:37.138030+00:00,4.111750007723458,APPROVED,
voltdb,582,0,2026-08-28T15:46:37.138113+00:00,2026-08-28T15:46:37.158248+00:00,20.12368400755804,APPROVED,
postgres,583,0,2026-08-28T15:46:37.158670+00:00,2026-08-28T15:46:37.161973+00:00,3.2813870056997985,APPROVED,
voltdb,583,0,2026-08-28T15:46:37.162048+00:00,2026-08-28T15:46:37.176210+00:00,14.152456002193503,APPROVED,
postgres,587,0,2026-08-28T15:46:37.176308+00:00,2026-08-28T15:46:37.179756+00:00,3.437131003011018,APPROVED,
voltdb,587,0,2026-08-28T15:46:37.179827+00:00,2026-08-28T15:46:37.194712+00:00,14.875591004965827,APPROVED,
postgres,588,0,2026-08-28T15:46:37.194808+00:00,2026-08-28T15:46:37.199101+00:00,4.2815549968509,APPROVED,
voltdb,588,0,2026-08-28T15:46:37.199289+00:00,2026-08-28T15:46:37.214496+00:00,15.185212992946617,APPROVED,
postgres,589,0,2026-08-28T15:46:37.214644+00:00,2026-08-28T15:46:37.217545+00:00,2.8839550068369135,APPROVED,
voltdb,589,0,2026-08-28T15:46:37.217620+00:00,2026-08-28T15:46:37.235734+00:00,18.105499009834602,APPROVED,
postgres,590,0,2026-08-28T15:46:37.235837+00:00,2026-08-28T15:46:37.240295+00:00,4.445570011739619,APPROVED,
voltdb,590,0,2026-08-28T15:46:37.240370+00:00,2026-08-28T15:46:37.259845+00:00,19.46584798861295,APPROVED,
postgres,591,0,2026-08-28T15:46:37.259942+00:00,2026-08-28T15:46:37.263178+00:00,3.2251839875243604,APPROVED,
voltdb,591,0,2026-08-28T15:46:37.263252+00:00,2026-08-28T15:46:37.277161+00:00,13.899637007853016,APPROVED,
postgres,593,0,2026-08-28T15:46:37.277258+00:00,2026-08-28T15:46:37.281147+00:00,3.8798340101493523,APPROVED,
voltdb,593,0,2026-08-28T15:46:37.281215+00:00,2026-08-28T15:46:37.298285+00:00,17.06103100150358,APPROVED,
postgres,594,0,2026-08-28T15:46:37.298511+00:00,2026-08-28T15:46:37.303285+00:00,4.73562499973923,APPROVED,
voltdb,594,0,2026-08-28T15:46:37.303504+00:00,2026-08-28T15:46:37.320729+00:00,17.211992002557963,APPROVED,
postgres,595,0,2026-08-28T15:46:37.320826+00:00,2026-08-28T15:46:37.324509+00:00,3.671872997074388,APPROVED,
voltdb,595,0,2026-08-28T15:46:37.324583+00:00,2026-08-28T15:46:37.340685+00:00,16.09273000212852,APPROVED,
postgres,596,0,2026-08-28T15:46:37.340794+00:00,2026-08-28T15:46:37.345648+00:00,4.841232002945617,APPROVED,
voltdb,596,0,2026-08-28T15:46:37.345795+00:00,2026-08-28T15:46:37.364406+00:00,18.595026995171793,APPROVED,
postgres,598,0,2026-08-28T15:46:37.364568+00:00,2026-08-28T15:46:37.368171+00:00,3.591675005736761,APPROVED,
voltdb,598,0,2026-08-28T15:46:37.368239+00:00,2026-08-28T15:46:37.381706+00:00,13.458422996336594,APPROVED,
postgres,599,0,2026-08-28T15:46:37.381818+00:00,2026-08-28T15:46:37.385769+00:00,3.9341539959423244,APPROVED,
voltdb,599,0,2026-08-28T15:46:37.385854+00:00,2026-08-28T15:46:37.405802+00:00,19.937660996220075,APPROVED,
postgres,600,0,2026-08-28T15:46:37.405900+00:00,2026-08-28T15:46:37.410053+00:00,4.14216099306941,APPROVED,
voltdb,600,0,2026-08-28T15:46:37.410127+00:00,2026-08-28T15:46:37.427215+00:00,17.07756001269445,APPROVED,
postgres,601,0,2026-08-28T15:46:37.427366+00:00,2026-08-28T15:46:37.430225+00:00,2.8475580038502812,APPROVED,
voltdb,601,0,2026-08-28T15:46:37.430295+00:00,2026-08-28T15:46:37.449496+00:00,19.192443010979332,APPROVED,
postgres,602,0,2026-08-28T15:46:37.449601+00:00,2026-08-28T15:46:37.454871+00:00,5.253085008007474,APPROVED,
voltdb,602,0,2026-08-28T15:46:37.454971+00:00,2026-08-28T15:46:37.470830+00:00,15.85038800840266,APPROVED,
postgres,605,0,2026-08-28T15:46:37.470927+00:00,2026-08-28T15:46:37.474461+00:00,3.508748995955102,APPROVED,
voltdb,605,0,2026-08-28T15:46:37.474526+00:00,2026-08-28T15:46:37.491395+00:00,16.859868002939038,APPROVED,
postgres,606,0,2026-08-28T15:46:37.491699+00:00,2026-08-28T15:46:37.496273+00:00,4.551154997898266,APPROVED,
voltdb,606,0,2026-08-28T15:46:37.496350+00:00,2026-08-28T15:46:37.515141+00:00,18.78252500318922,APPROVED,
postgres,607,0,2026-08-28T15:46:37.515236+00:00,2026-08-28T15:46:37.519970+00:00,4.7220870037563145,APPROVED,
voltdb,607,0,2026-08-28T15:46:37.520051+00:00,2026-08-28T15:46:37.536502+00:00,16.441511004813947,APPROVED,
postgres,609,0,2026-08-28T15:46:37.536601+00:00,2026-08-28T15:46:37.541481+00:00,4.869769996730611,APPROVED,
voltdb,609,0,2026-08-28T15:46:37.541559+00:00,2026-08-28T15:46:37.560470+00:00,18.90053400711622,APPROVED,
postgres,610,0,2026-08-28T15:46:37.560658+00:00,2026-08-28T15:46:37.564982+00:00,4.311528013204224,APPROVED,
voltdb,610,0,2026-08-28T15:46:37.565071+00:00,2026-08-28T15:46:37.581939+00:00,16.851774009410292,APPROVED,
postgres,611,0,2026-08-28T15:46:37.582062+00:00,2026-08-28T15:46:37.587143+00:00,5.066426994744688,APPROVED,
voltdb,611,0,2026-08-28T15:46:37.587221+00:00,2026-08-28T15:46:37.607172+00:00,19.941602993640117,APPROVED,
postgres,612,0,2026-08-28T15:46:37.607265+00:00,2026-08-28T15:46:37.611770+00:00,4.493134998483583,APPROVED,
voltdb,612,0,2026-08-28T15:46:37.611950+00:00,2026-08-28T15:46:37.627475+00:00,15.492497012019157,APPROVED,
postgres,613,0,2026-08-28T15:46:37.627584+00:00,2026-08-28T15:46:37.630377+00:00,2.782236988423392,APPROVED,
voltdb,613,0,2026-08-28T15:46:37.630448+00:00,2026-08-28T15:46:37.648725+00:00,18.269110994879156,APPROVED,
postgres,614,0,2026-08-28T15:46:37.648855+00:00,2026-08-28T15:46:37.653377+00:00,4.5081249991199,APPROVED,
voltdb,614,0,2026-08-28T15:46:37.653460+00:00,2026-08-28T15:46:37.670777+00:00,17.30767400295008,APPROVED,
postgres,617,0,2026-08-28T15:46:37.670873+00:00,2026-08-28T15:46:37.674623+00:00,3.738982995855622,APPROVED,
voltdb,617,0,2026-08-28T15:46:37.674695+00:00,2026-08-28T15:46:37.694261+00:00,19.556143000954762,APPROVED,
postgres,618,0,2026-08-28T15:46:37.694410+00:00,2026-08-28T15:46:37.699273+00:00,4.847532996791415,APPROVED,
voltdb,618,0,2026-08-28T15:46:37.699359+00:00,2026-08-28T15:46:37.718849+00:00,19.479022987070493,APPROVED,
postgres,619,0,2026-08-28T15:46:37.719029+00:00,2026-08-28T15:46:37.723194+00:00,4.149082989897579,APPROVED,
voltdb,619,0,2026-08-28T15:46:37.723286+00:00,2026-08-28T15:46:37.743178+00:00,19.880817009834573,APPROVED,
postgres,620,0,2026-08-28T15:46:37.743430+00:00,2026-08-28T15:46:37.749250+00:00,5.800457991426811,APPROVED,
voltdb,620,0,2026-08-28T15:46:37.749329+00:00,2026-08-28T15:46:37.768762+00:00,19.42385800066404,APPROVED,
postgres,621,0,2026-08-28T15:46:37.768881+00:00,2026-08-28T15:46:37.774630+00:00,5.73809900379274,REVIEW,
voltdb,621,0,2026-08-28T15:46:37.774719+00:00,2026-08-28T15:46:37.796734+00:00,22.005250997608528,REVIEW,
postgres,622,0,2026-08-28T15:46:37.796838+00:00,2026-08-28T15:46:37.802238+00:00,5.389358993852511,APPROVED,
voltdb,622,0,2026-08-28T15:46:37.802313+00:00,2026-08-28T15:46:37.820504+00:00,18.18140799878165,APPROVED,
postgres,623,0,2026-08-28T15:46:37.820603+00:00,2026-08-28T15:46:37.824043+00:00,3.430028009461239,APPROVED,
voltdb,623,0,2026-08-28T15:46:37.824117+00:00,2026-08-28T15:46:37.842090+00:00,17.963963007787243,APPROVED,
postgres,626,0,2026-08-28T15:46:37.842209+00:00,2026-08-28T15:46:37.848064+00:00,5.843006991199218,APPROVED,
voltdb,626,0,2026-08-28T15:46:37.848139+00:00,2026-08-28T15:46:37.866608+00:00,18.4591220022412,APPROVED,
postgres,629,0,2026-08-28T15:46:37.866701+00:00,2026-08-28T15:46:37.869797+00:00,3.0859789985697716,APPROVED,
voltdb,629,0,2026-08-28T15:46:37.869869+00:00,2026-08-28T15:46:37.884115+00:00,14.23649898788426,APPROVED,
postgres,630,0,2026-08-28T15:46:37.884223+00:00,2026-08-28T15:46:37.888180+00:00,3.947328994399868,APPROVED,
voltdb,630,0,2026-08-28T15:46:37.888255+00:00,2026-08-28T15:46:37.906065+00:00,17.800401008571498,APPROVED,
postgres,633,0,2026-08-28T15:46:37.906258+00:00,2026-08-28T15:46:37.909732+00:00,3.462677006609738,APPROVED,
voltdb,633,0,2026-08-28T15:46:37.909803+00:00,2026-08-28T15:46:37.924211+00:00,14.399213003343903,APPROVED,
postgres,634,0,2026-08-28T15:46:37.924305+00:00,2026-08-28T15:46:37.927977+00:00,3.6627200024668127,APPROVED,
voltdb,634,0,2026-08-28T15:46:37.928042+00:00,2026-08-28T15:46:37.944021+00:00,15.970210006344132,APPROVED,
postgres,635,0,2026-08-28T15:46:37.944114+00:00,2026-08-28T15:46:37.949956+00:00,5.83128300786484,APPROVED,
voltdb,635,0,2026-08-28T15:46:37.950054+00:00,2026-08-28T15:46:37.968432+00:00,18.368411998380907,APPROVED,
postgres,636,0,2026-08-28T15:46:37.968526+00:00,2026-08-28T15:46:37.973426+00:00,4.822186005185358,APPROVED,
voltdb,636,0,2026-08-28T15:46:37.973506+00:00,2026-08-28T15:46:37.989145+00:00,15.630447000148706,APPROVED,
postgres,637,0,2026-08-28T15:46:37.989247+00:00,2026-08-28T15:46:37.994414+00:00,5.15581299259793,APPROVED,
voltdb,637,0,2026-08-28T15:46:37.994491+00:00,2026-08-28T15:46:38.013964+00:00,19.462594005744904,APPROVED,
postgres,638,0,2026-08-28T15:46:38.014061+00:00,2026-08-28T15:46:38.018722+00:00,4.642077998141758,APPROVED,
voltdb,638,0,2026-08-28T15:46:38.018865+00:00,2026-08-28T15:46:38.033864+00:00,14.985157002229244,APPROVED,
postgres,639,0,2026-08-28T15:46:38.033961+00:00,2026-08-28T15:46:38.037407+00:00,3.4359720011707395,APPROVED,
voltdb,639,0,2026-08-28T15:46:38.037478+00:00,2026-08-28T15:46:38.057047+00:00,19.559998996555805,APPROVED,
postgres,640,0,2026-08-28T15:46:38.057171+00:00,2026-08-28T15:46:38.062085+00:00,4.904364992398769,REVIEW,
voltdb,640,0,2026-08-28T15:46:38.062157+00:00,2026-08-28T15:46:38.080702+00:00,18.504684005165473,REVIEW,
postgres,641,0,2026-08-28T15:46:38.080809+00:00,2026-08-28T15:46:38.083815+00:00,2.99573500524275,APPROVED,
voltdb,641,0,2026-08-28T15:46:38.083892+00:00,2026-08-28T15:46:38.101839+00:00,17.93673899373971,APPROVED,
postgres,642,0,2026-08-28T15:46:38.101951+00:00,2026-08-28T15:46:38.105038+00:00,3.075091997743584,APPROVED,
voltdb,642,0,2026-08-28T15:46:38.105134+00:00,2026-08-28T15:46:38.119687+00:00,14.511896995827556,APPROVED,
postgres,643,0,2026-08-28T15:46:38.119786+00:00,2026-08-28T15:46:38.122792+00:00,2.994693990331143,APPROVED,
voltdb,643,0,2026-08-28T15:46:38.122868+00:00,2026-08-28T15:46:38.136627+00:00,13.75072200607974,APPROVED,
postgres,645,0,2026-08-28T15:46:38.136745+00:00,2026-08-28T15:46:38.140687+00:00,3.9288690022658557,REVIEW,
voltdb,645,0,2026-08-28T15:46:38.140757+00:00,2026-08-28T15:46:38.162093+00:00,21.32723099202849,REVIEW,
postgres,646,0,2026-08-28T15:46:38.162208+00:00,2026-08-28T15:46:38.166852+00:00,4.630620998796076,APPROVED,
voltdb,646,0,2026-08-28T15:46:38.166932+00:00,2026-08-28T15:46:38.183808+00:00,16.865233992575668,APPROVED,
postgres,647,0,2026-08-28T15:46:38.183930+00:00,2026-08-28T15:46:38.188077+00:00,4.136543007916771,APPROVED,
voltdb,647,0,2026-08-28T15:46:38.188160+00:00,2026-08-28T15:46:38.202667+00:00,14.497700991341844,APPROVED,
postgres,648,0,2026-08-28T15:46:38.202777+00:00,2026-08-28T15:46:38.206151+00:00,3.361383991432376,APPROVED,
voltdb,648,0,2026-08-28T15:46:38.206228+00:00,2026-08-28T15:46:38.220271+00:00,14.033542000106536,APPROVED,
postgres,649,0,2026-08-28T15:46:38.220497+00:00,2026-08-28T15:46:38.223867+00:00,3.353131003677845,APPROVED,
voltdb,649,0,2026-08-28T15:46:38.223941+00:00,2026-08-28T15:46:38.239997+00:00,16.046510005253367,APPROVED,
postgres,650,0,2026-08-28T15:46:38.240100+00:00,2026-08-28T15:46:38.242850+00:00,2.739530988037586,APPROVED,
voltdb,650,0,2026-08-28T15:46:38.242924+00:00,2026-08-28T15:46:38.256684+00:00,13.75154200650286,APPROVED,
postgres,651,0,2026-08-28T15:46:38.256783+00:00,2026-08-28T15:46:38.260059+00:00,3.2645999890519306,APPROVED,
voltdb,651,0,2026-08-28T15:46:38.260145+00:00,2026-08-28T15:46:38.274539+00:00,14.38558600784745,APPROVED,
postgres,653,0,2026-08-28T15:46:38.274657+00:00,2026-08-28T15:46:38.277396+00:00,2.7294869942124933,APPROVED,
voltdb,653,0,2026-08-28T15:46:38.277461+00:00,2026-08-28T15:46:38.291919+00:00,14.44924299721606,APPROVED,
postgres,658,0,2026-08-28T15:46:38.292092+00:00,2026-08-28T15:46:38.295216+00:00,3.1069249962456524,APPROVED,
voltdb,658,0,2026-08-28T15:46:38.295281+00:00,2026-08-28T15:46:38.309935+00:00,14.643114001955837,APPROVED,
postgres,659,1,2026-08-28T15:46:38.310121+00:00,2026-08-28T15:46:38.314171+00:00,4.0362800064031035,REVIEW,
voltdb,659,1,2026-08-28T15:46:38.314246+00:00,2026-08-28T15:46:38.332088+00:00,17.83191700815223,REVIEW,
postgres,660,0,2026-08-28T15:46:38.332233+00:00,2026-08-28T15:46:38.335956+00:00,3.70757000928279,APPROVED,
voltdb,660,0,2026-08-28T15:46:38.336034+00:00,2026-08-28T15:46:38.350689+00:00,14.644880997366272,APPROVED,
postgres,661,0,2026-08-28T15:46:38.350784+00:00,2026-08-28T15:46:38.354750+00:00,3.9539160061394796,APPROVED,
voltdb,661,0,2026-08-28T15:46:38.354826+00:00,2026-08-28T15:46:38.368910+00:00,14.07569101138506,APPROVED,
postgres,662,0,2026-08-28T15:46:38.369008+00:00,2026-08-28T15:46:38.372193+00:00,3.1724410073366016,APPROVED,
voltdb,662,0,2026-08-28T15:46:38.372280+00:00,2026-08-28T15:46:38.386605+00:00,14.314244996057823,APPROVED,
postgres,663,0,2026-08-28T15:46:38.386738+00:00,2026-08-28T15:46:38.389500+00:00,2.7512099914019927,APPROVED,
voltdb,663,0,2026-08-28T15:46:38.389573+00:00,2026-08-28T15:46:38.403998+00:00,14.415665005799383,APPROVED,
postgres,664,0,2026-08-28T15:46:38.404125+00:00,2026-08-28T15:46:38.407599+00:00,3.464013003394939,APPROVED,
voltdb,664,0,2026-08-28T15:46:38.407667+00:00,2026-08-28T15:46:38.421554+00:00,13.878305006073788,APPROVED,
postgres,665,0,2026-08-28T15:46:38.421665+00:00,2026-08-28T15:46:38.425743+00:00,4.061883999384008,APPROVED,
voltdb,665,0,2026-08-28T15:46:38.425880+00:00,2026-08-28T15:46:38.440333+00:00,14.43569800176192,APPROVED,
postgres,666,0,2026-08-28T15:46:38.440662+00:00,2026-08-28T15:46:38.443858+00:00,3.1777870026417077,APPROVED,
voltdb,666,0,2026-08-28T15:46:38.443931+00:00,2026-08-28T15:46:38.457749+00:00,13.809456999297254,APPROVED,
postgres,667,0,2026-08-28T15:46:38.457846+00:00,2026-08-28T15:46:38.461146+00:00,3.2900480000535026,APPROVED,
voltdb,667,0,2026-08-28T15:46:38.461216+00:00,2026-08-28T15:46:38.475487+00:00,14.261984004406258,APPROVED,
postgres,668,0,2026-08-28T15:46:38.475580+00:00,2026-08-28T15:46:38.478734+00:00,3.143292007734999,APPROVED,
voltdb,668,0,2026-08-28T15:46:38.478831+00:00,2026-08-28T15:46:38.493495+00:00,14.651435994892381,APPROVED,
postgres,669,0,2026-08-28T15:46:38.493593+00:00,2026-08-28T15:46:38.496695+00:00,3.0916649993741885,APPROVED,
voltdb,669,0,2026-08-28T15:46:38.496766+00:00,2026-08-28T15:46:38.511635+00:00,14.85929699265398,APPROVED,
postgres,670,0,2026-08-28T15:46:38.511757+00:00,2026-08-28T15:46:38.515741+00:00,3.968322998844087,APPROVED,
voltdb,670,0,2026-08-28T15:46:38.515817+00:00,2026-08-28T15:46:38.532670+00:00,16.842971002915874,APPROVED,
postgres,671,0,2026-08-28T15:46:38.533028+00:00,2026-08-28T15:46:38.536976+00:00,3.9237279997905716,APPROVED,
voltdb,671,0,2026-08-28T15:46:38.537071+00:00,2026-08-28T15:46:38.553684+00:00,16.60428600735031,APPROVED,
postgres,673,0,2026-08-28T15:46:38.553782+00:00,2026-08-28T15:46:38.556551+00:00,2.760304996627383,APPROVED,
voltdb,673,0,2026-08-28T15:46:38.556616+00:00,2026-08-28T15:46:38.570754+00:00,14.129480987321585,APPROVED,
postgres,674,0,2026-08-28T15:46:38.570865+00:00,2026-08-28T15:46:38.575152+00:00,4.272966005373746,APPROVED,
voltdb,674,0,2026-08-28T15:46:38.575225+00:00,2026-08-28T15:46:38.589277+00:00,14.04311100486666,APPROVED,
postgres,675,0,2026-08-28T15:46:38.589440+00:00,2026-08-28T15:46:38.592566+00:00,3.114045990514569,APPROVED,
voltdb,675,0,2026-08-28T15:46:38.592691+00:00,2026-08-28T15:46:38.607104+00:00,14.403745997697115,APPROVED,
postgres,676,0,2026-08-28T15:46:38.607219+00:00,2026-08-28T15:46:38.610029+00:00,2.7996710123261437,APPROVED,
voltdb,676,0,2026-08-28T15:46:38.610098+00:00,2026-08-28T15:46:38.624116+00:00,14.008885002112947,APPROVED,
postgres,678,0,2026-08-28T15:46:38.624223+00:00,2026-08-28T15:46:38.627869+00:00,3.6354399926494807,APPROVED,
voltdb,678,0,2026-08-28T15:46:38.627936+00:00,2026-08-28T15:46:38.642298+00:00,14.353415986988693,APPROVED,
postgres,680,0,2026-08-28T15:46:38.642498+00:00,2026-08-28T15:46:38.645503+00:00,2.9872190061723813,APPROVED,
voltdb,680,0,2026-08-28T15:46:38.645579+00:00,2026-08-28T15:46:38.659513+00:00,13.92414300062228,APPROVED,
postgres,681,0,2026-08-28T15:46:38.659620+00:00,2026-08-28T15:46:38.662519+00:00,2.8873609990114346,APPROVED,
voltdb,681,0,2026-08-28T15:46:38.662600+00:00,2026-08-28T15:46:38.676043+00:00,13.432866006041877,APPROVED,
postgres,682,0,2026-08-28T15:46:38.676141+00:00,2026-08-28T15:46:38.679048+00:00,2.895000987336971,APPROVED,
voltdb,682,0,2026-08-28T15:46:38.679151+00:00,2026-08-28T15:46:38.694193+00:00,15.029950998723507,APPROVED,
postgres,683,0,2026-08-28T15:46:38.694353+00:00,2026-08-28T15:46:38.697774+00:00,3.410547011299059,APPROVED,
voltdb,683,0,2026-08-28T15:46:38.697850+00:00,2026-08-28T15:46:38.714925+00:00,17.065867999917828,APPROVED,
postgres,685,1,2026-08-28T15:46:38.715025+00:00,2026-08-28T15:46:38.719587+00:00,4.551068996079266,BLOCKED,
voltdb,685,1,2026-08-28T15:46:38.719670+00:00,2026-08-28T15:46:38.737143+00:00,17.436554000596516,BLOCKED,
postgres,686,0,2026-08-28T15:46:38.737240+00:00,2026-08-28T15:46:38.740896+00:00,3.6457550013437867,APPROVED,
voltdb,686,0,2026-08-28T15:46:38.740967+00:00,2026-08-28T15:46:38.755074+00:00,14.098254992859438,APPROVED,
postgres,687,0,2026-08-28T15:46:38.755176+00:00,2026-08-28T15:46:38.757933+00:00,2.74775100115221,APPROVED,
voltdb,687,0,2026-08-28T15:46:38.757997+00:00,2026-08-28T15:46:38.777724+00:00,19.717167000635527,APPROVED,
postgres,688,0,2026-08-28T15:46:38.777909+00:00,2026-08-28T15:46:38.781089+00:00,3.167918010149151,APPROVED,
voltdb,688,0,2026-08-28T15:46:38.781155+00:00,2026-08-28T15:46:38.794926+00:00,13.760845002252609,APPROVED,
postgres,689,0,2026-08-28T15:46:38.795034+00:00,2026-08-28T15:46:38.797711+00:00,2.6674160035327077,APPROVED,
voltdb,689,0,2026-08-28T15:46:38.797780+00:00,2026-08-28T15:46:38.812279+00:00,14.488007000181824,APPROVED,
postgres,691,0,2026-08-28T15:46:38.812724+00:00,2026-08-28T15:46:38.816171+00:00,3.429234988288954,APPROVED,
voltdb,691,0,2026-08-28T15:46:38.816237+00:00,2026-08-28T15:46:38.829588+00:00,13.342211008421145,APPROVED,
postgres,692,0,2026-08-28T15:46:38.829687+00:00,2026-08-28T15:46:38.832887+00:00,3.1880889873718843,APPROVED,
voltdb,692,0,2026-08-28T15:46:38.832998+00:00,2026-08-28T15:46:38.847131+00:00,14.122039996436797,APPROVED,
postgres,693,0,2026-08-28T15:46:38.847232+00:00,2026-08-28T15:46:38.850073+00:00,2.8316810057731345,APPROVED,
voltdb,693,0,2026-08-28T15:46:38.850145+00:00,2026-08-28T15:46:38.864245+00:00,14.090969008975662,APPROVED,
postgres,695,0,2026-08-28T15:46:38.864342+00:00,2026-08-28T15:46:38.868013+00:00,3.662425995571539,APPROVED,
voltdb,695,0,2026-08-28T15:46:38.868081+00:00,2026-08-28T15:46:38.882146+00:00,14.056637010071427,APPROVED,
postgres,696,0,2026-08-28T15:46:38.882243+00:00,2026-08-28T15:46:38.885443+00:00,3.1476070143980905,APPROVED,
voltdb,696,0,2026-08-28T15:46:38.885532+00:00,2026-08-28T15:46:38.900418+00:00,14.87718999851495,APPROVED,
postgres,697,0,2026-08-28T15:46:38.900513+00:00,2026-08-28T15:46:38.903807+00:00,3.2843759981915355,REVIEW,
voltdb,697,0,2026-08-28T15:46:38.903879+00:00,2026-08-28T15:46:38.921612+00:00,17.723586002830416,REVIEW,
postgres,698,0,2026-08-28T15:46:38.921712+00:00,2026-08-28T15:46:38.924818+00:00,3.0941459990572184,APPROVED,
voltdb,698,0,2026-08-28T15:46:38.924891+00:00,2026-08-28T15:46:38.939462+00:00,14.555452988133766,APPROVED,
postgres,700,0,2026-08-28T15:46:38.939577+00:00,2026-08-28T15:46:38.942803+00:00,3.2145959994522855,REVIEW,
voltdb,700,0,2026-08-28T15:46:38.942883+00:00,2026-08-28T15:46:38.961616+00:00,18.724583002040163,REVIEW,
postgres,701,0,2026-08-28T15:46:38.961713+00:00,2026-08-28T15:46:38.964672+00:00,2.946527994936332,APPROVED,
voltdb,701,0,2026-08-28T15:46:38.964738+00:00,2026-08-28T15:46:38.978757+00:00,14.009324004291557,APPROVED,
postgres,704,0,2026-08-28T15:46:38.978878+00:00,2026-08-28T15:46:38.982091+00:00,3.20063199615106,APPROVED,
voltdb,704,0,2026-08-28T15:46:38.982172+00:00,2026-08-28T15:46:38.995780+00:00,13.598763005575165,APPROVED,
postgres,705,0,2026-08-28T15:46:38.995872+00:00,2026-08-28T15:46:38.998901+00:00,3.018809002242051,APPROVED,
voltdb,705,0,2026-08-28T15:46:38.999099+00:00,2026-08-28T15:46:39.013079+00:00,13.964155004941858,APPROVED,
postgres,706,0,2026-08-28T15:46:39.013197+00:00,2026-08-28T15:46:39.016333+00:00,3.123225993476808,APPROVED,
voltdb,706,0,2026-08-28T15:46:39.016469+00:00,2026-08-28T15:46:39.030855+00:00,14.376325998455286,APPROVED,
postgres,707,0,2026-08-28T15:46:39.030947+00:00,2026-08-28T15:46:39.034557+00:00,3.5990050091641024,APPROVED,
voltdb,707,0,2026-08-28T15:46:39.034626+00:00,2026-08-28T15:46:39.048688+00:00,14.052793994778767,APPROVED,
postgres,709,0,2026-08-28T15:46:39.048784+00:00,2026-08-28T15:46:39.051723+00:00,2.9273430118337274,APPROVED,
voltdb,709,0,2026-08-28T15:46:39.051810+00:00,2026-08-28T15:46:39.066210+00:00,14.386765004019253,APPROVED,
postgres,710,0,2026-08-28T15:46:39.066315+00:00,2026-08-28T15:46:39.069522+00:00,3.1956349994288757,APPROVED,
voltdb,710,0,2026-08-28T15:46:39.069590+00:00,2026-08-28T15:46:39.083037+00:00,13.438270005281083,APPROVED,
postgres,711,0,2026-08-28T15:46:39.083156+00:00,2026-08-28T15:46:39.086044+00:00,2.876686994568445,APPROVED,
voltdb,711,0,2026-08-28T15:46:39.086175+00:00,2026-08-28T15:46:39.099416+00:00,13.231253004050814,APPROVED,
postgres,712,0,2026-08-28T15:46:39.099775+00:00,2026-08-28T15:46:39.102540+00:00,2.7469140040921047,APPROVED,
voltdb,712,0,2026-08-28T15:46:39.102616+00:00,2026-08-28T15:46:39.116426+00:00,13.743496005190536,APPROVED,
postgres,713,0,2026-08-28T15:46:39.116520+00:00,2026-08-28T15:46:39.120477+00:00,3.9449600008083507,REVIEW,
voltdb,713,0,2026-08-28T15:46:39.120569+00:00,2026-08-28T15:46:39.137589+00:00,17.01079000486061,REVIEW,
postgres,714,0,2026-08-28T15:46:39.137685+00:00,2026-08-28T15:46:39.141194+00:00,3.4982509969267994,APPROVED,
voltdb,714,0,2026-08-28T15:46:39.141271+00:00,2026-08-28T15:46:39.155570+00:00,14.28941400081385,APPROVED,
postgres,715,0,2026-08-28T15:46:39.155673+00:00,2026-08-28T15:46:39.158349+00:00,2.666004002094269,APPROVED,
voltdb,715,0,2026-08-28T15:46:39.158413+00:00,2026-08-28T15:46:39.178697+00:00,20.2743929985445,APPROVED,
postgres,716,0,2026-08-28T15:46:39.178799+00:00,2026-08-28T15:46:39.182550+00:00,3.7390099896583706,APPROVED,
voltdb,716,0,2026-08-28T15:46:39.182626+00:00,2026-08-28T15:46:39.196652+00:00,14.017398003488779,APPROVED,
postgres,717,0,2026-08-28T15:46:39.196744+00:00,2026-08-28T15:46:39.199895+00:00,3.1401439919136465,APPROVED,
voltdb,717,0,2026-08-28T15:46:39.200035+00:00,2026-08-28T15:46:39.213828+00:00,13.777668005786836,APPROVED,
postgres,718,0,2026-08-28T15:46:39.213921+00:00,2026-08-28T15:46:39.216546+00:00,2.6155110099352896,APPROVED,
voltdb,718,0,2026-08-28T15:46:39.216608+00:00,2026-08-28T15:46:39.230382+00:00,13.765041992883198,APPROVED,
postgres,719,0,2026-08-28T15:46:39.230472+00:00,2026-08-28T15:46:39.234117+00:00,3.6346349952509627,APPROVED,
voltdb,719,0,2026-08-28T15:46:39.234190+00:00,2026-08-28T15:46:39.248243+00:00,14.044135008589365,APPROVED,
postgres,720,0,2026-08-28T15:46:39.248337+00:00,2026-08-28T15:46:39.251041+00:00,2.6949789898935705,APPROVED,
voltdb,720,0,2026-08-28T15:46:39.251108+00:00,2026-08-28T15:46:39.264867+00:00,13.748848999966867,APPROVED,
postgres,721,0,2026-08-28T15:46:39.265043+00:00,2026-08-28T15:46:39.269026+00:00,3.961226000683382,APPROVED,
voltdb,721,0,2026-08-28T15:46:39.269097+00:00,2026-08-28T15:46:39.283123+00:00,14.017765002790838,APPROVED,
postgres,723,0,2026-08-28T15:46:39.283234+00:00,2026-08-28T15:46:39.286387+00:00,3.1417309946846217,APPROVED,
voltdb,723,0,2026-08-28T15:46:39.286466+00:00,2026-08-28T15:46:39.300009+00:00,13.534598008845933,APPROVED,
postgres,724,0,2026-08-28T15:46:39.300113+00:00,2026-08-28T15:46:39.303012+00:00,2.8876089927507564,APPROVED,
voltdb,724,0,2026-08-28T15:46:39.303086+00:00,2026-08-28T15:46:39.317031+00:00,13.934254995547235,APPROVED,
postgres,725,0,2026-08-28T15:46:39.317122+00:00,2026-08-28T15:46:39.320984+00:00,3.8523269904544577,APPROVED,
voltdb,725,0,2026-08-28T15:46:39.321053+00:00,2026-08-28T15:46:39.334860+00:00,13.798209998640232,APPROVED,
postgres,727,0,2026-08-28T15:46:39.334955+00:00,2026-08-28T15:46:39.337708+00:00,2.7433020004536957,APPROVED,
voltdb,727,0,2026-08-28T15:46:39.337771+00:00,2026-08-28T15:46:39.352219+00:00,14.439242004300468,APPROVED,
postgres,728,0,2026-08-28T15:46:39.352332+00:00,2026-08-28T15:46:39.355433+00:00,3.0054320086492226,APPROVED,
voltdb,728,0,2026-08-28T15:46:39.355506+00:00,2026-08-28T15:46:39.369689+00:00,14.173393996316008,APPROVED,
postgres,729,0,2026-08-28T15:46:39.369831+00:00,2026-08-28T15:46:39.373067+00:00,3.2191339996643364,APPROVED,
voltdb,729,0,2026-08-28T15:46:39.373220+00:00,2026-08-28T15:46:39.386473+00:00,13.235353995696642,APPROVED,
postgres,730,0,2026-08-28T15:46:39.386759+00:00,2026-08-28T15:46:39.390725+00:00,3.9432170015061274,APPROVED,
voltdb,730,0,2026-08-28T15:46:39.390800+00:00,2026-08-28T15:46:39.405617+00:00,14.808038002229296,APPROVED,
postgres,732,0,2026-08-28T15:46:39.405716+00:00,2026-08-28T15:46:39.408999+00:00,3.2729369995649904,APPROVED,
voltdb,732,0,2026-08-28T15:46:39.409066+00:00,2026-08-28T15:46:39.423461+00:00,14.385930000571534,APPROVED,
postgres,733,0,2026-08-28T15:46:39.423585+00:00,2026-08-28T15:46:39.429309+00:00,5.704248003894463,APPROVED,
voltdb,733,0,2026-08-28T15:46:39.429491+00:00,2026-08-28T15:46:39.445119+00:00,15.614099000231363,APPROVED,
postgres,734,0,2026-08-28T15:46:39.445214+00:00,2026-08-28T15:46:39.448726+00:00,3.5020950017496943,APPROVED,
voltdb,734,0,2026-08-28T15:46:39.448792+00:00,2026-08-28T15:46:39.462743+00:00,13.941395009169355,APPROVED,
postgres,735,0,2026-08-28T15:46:39.462868+00:00,2026-08-28T15:46:39.465862+00:00,2.9809129919158295,APPROVED,
voltdb,735,0,2026-08-28T15:46:39.465948+00:00,2026-08-28T15:46:39.480924+00:00,14.913245002389885,APPROVED,
postgres,736,0,2026-08-28T15:46:39.481054+00:00,2026-08-28T15:46:39.484407+00:00,3.340275987284258,APPROVED,
voltdb,736,0,2026-08-28T15:46:39.484495+00:00,2026-08-28T15:46:39.499810+00:00,15.301580002414994,APPROVED,
postgres,737,0,2026-08-28T15:46:39.499938+00:00,2026-08-28T15:46:39.503235+00:00,3.2838729966897517,APPROVED,
voltdb,737,0,2026-08-28T15:46:39.503307+00:00,2026-08-28T15:46:39.517080+00:00,13.763491995632648,APPROVED,
postgres,738,0,2026-08-28T15:46:39.517187+00:00,2026-08-28T15:46:39.521898+00:00,4.698520002420992,APPROVED,
voltdb,738,0,2026-08-28T15:46:39.521986+00:00,2026-08-28T15:46:39.537611+00:00,15.613550989655778,APPROVED,
postgres,739,0,2026-08-28T15:46:39.537711+00:00,2026-08-28T15:46:39.541553+00:00,3.832615999272093,REVIEW,
voltdb,739,0,2026-08-28T15:46:39.541657+00:00,2026-08-28T15:46:39.560218+00:00,18.546432998846285,REVIEW,
postgres,740,0,2026-08-28T15:46:39.560448+00:00,2026-08-28T15:46:39.564111+00:00,3.646402998128906,APPROVED,
voltdb,740,0,2026-08-28T15:46:39.564180+00:00,2026-08-28T15:46:39.577780+00:00,13.591809998615645,APPROVED,
postgres,741,0,2026-08-28T15:46:39.577876+00:00,2026-08-28T15:46:39.581625+00:00,3.73854000645224,APPROVED,
voltdb,741,0,2026-08-28T15:46:39.581706+00:00,2026-08-28T15:46:39.598412+00:00,16.69624898931943,APPROVED,
postgres,743,0,2026-08-28T15:46:39.598681+00:00,2026-08-28T15:46:39.604543+00:00,5.838698009029031,APPROVED,
voltdb,743,0,2026-08-28T15:46:39.604619+00:00,2026-08-28T15:46:39.622814+00:00,18.11843700124882,APPROVED,
postgres,746,0,2026-08-28T15:46:39.622946+00:00,2026-08-28T15:46:39.627153+00:00,4.189701008726843,APPROVED,
voltdb,746,0,2026-08-28T15:46:39.627367+00:00,2026-08-28T15:46:39.645362+00:00,17.976987990550697,APPROVED,
postgres,747,0,2026-08-28T15:46:39.645494+00:00,2026-08-28T15:46:39.649975+00:00,4.465466001420282,APPROVED,
voltdb,747,0,2026-08-28T15:46:39.650055+00:00,2026-08-28T15:46:39.668358+00:00,18.29109899699688,APPROVED,
postgres,749,0,2026-08-28T15:46:39.668633+00:00,2026-08-28T15:46:39.673153+00:00,4.505067990976386,APPROVED,
voltdb,749,0,2026-08-28T15:46:39.673233+00:00,2026-08-28T15:46:39.690920+00:00,17.677537005511113,APPROVED,
postgres,750,0,2026-08-28T15:46:39.691017+00:00,2026-08-28T15:46:39.696525+00:00,5.496090991073288,APPROVED,
voltdb,750,0,2026-08-28T15:46:39.696606+00:00,2026-08-28T15:46:39.717935+00:00,21.32005999737885,APPROVED,
postgres,753,0,2026-08-28T15:46:39.718078+00:00,2026-08-28T15:46:39.726380+00:00,8.283262999611907,REVIEW,
voltdb,753,0,2026-08-28T15:46:39.726494+00:00,2026-08-28T15:46:39.755689+00:00,29.1806320019532,REVIEW,
postgres,754,0,2026-08-28T15:46:39.755839+00:00,2026-08-28T15:46:39.762065+00:00,6.205826997756958,APPROVED,
voltdb,754,0,2026-08-28T15:46:39.762154+00:00,2026-08-28T15:46:39.781908+00:00,19.744204997550696,APPROVED,
postgres,755,0,2026-08-28T15:46:39.782048+00:00,2026-08-28T15:46:39.786388+00:00,4.319619998568669,APPROVED,
voltdb,755,0,2026-08-28T15:46:39.786625+00:00,2026-08-28T15:46:39.807254+00:00,20.61580900044646,APPROVED,
postgres,758,0,2026-08-28T15:46:39.807375+00:00,2026-08-28T15:46:39.811294+00:00,3.905996010871604,APPROVED,
voltdb,758,0,2026-08-28T15:46:39.811372+00:00,2026-08-28T15:46:39.884447+00:00,73.06393100589048,APPROVED,
postgres,759,0,2026-08-28T15:46:39.884677+00:00,2026-08-28T15:46:39.890483+00:00,5.787717993371189,APPROVED,
voltdb,759,0,2026-08-28T15:46:39.890571+00:00,2026-08-28T15:46:39.940128+00:00,49.54474500846118,APPROVED,
postgres,760,0,2026-08-28T15:46:39.940261+00:00,2026-08-28T15:46:39.946779+00:00,6.499690003693104,APPROVED,
voltdb,760,0,2026-08-28T15:46:39.946885+00:00,2026-08-28T15:46:39.970404+00:00,23.506960002123378,APPROVED,
postgres,761,0,2026-08-28T15:46:39.970499+00:00,2026-08-28T15:46:39.975678+00:00,5.167884010006674,APPROVED,
voltdb,761,0,2026-08-28T15:46:39.975757+00:00,2026-08-28T15:46:39.991031+00:00,15.263909008353949,APPROVED,
postgres,762,0,2026-08-28T15:46:39.991135+00:00,2026-08-28T15:46:39.995346+00:00,4.199353003059514,APPROVED,
voltdb,762,0,2026-08-28T15:46:39.995425+00:00,2026-08-28T15:46:40.012995+00:00,17.55997999862302,APPROVED,
postgres,763,0,2026-08-28T15:46:40.013132+00:00,2026-08-28T15:46:40.018121+00:00,4.974082999979146,APPROVED,
voltdb,763,0,2026-08-28T15:46:40.018350+00:00,2026-08-28T15:46:40.038440+00:00,20.07552499708254,APPROVED,
postgres,764,0,2026-08-28T15:46:40.038658+00:00,2026-08-28T15:46:40.044048+00:00,5.369004997191951,APPROVED,
voltdb,764,0,2026-08-28T15:46:40.044127+00:00,2026-08-28T15:46:40.060351+00:00,16.214085000683554,APPROVED,
postgres,765,0,2026-08-28T15:46:40.060462+00:00,2026-08-28T15:46:40.064363+00:00,3.8895799953024834,APPROVED,
voltdb,765,0,2026-08-28T15:46:40.064442+00:00,2026-08-28T15:46:40.082209+00:00,17.757515000994317,APPROVED,
postgres,766,0,2026-08-28T15:46:40.082339+00:00,2026-08-28T15:46:40.086073+00:00,3.719863001606427,APPROVED,
voltdb,766,0,2026-08-28T15:46:40.086171+00:00,2026-08-28T15:46:40.103149+00:00,16.966858005616814,APPROVED,
postgres,767,0,2026-08-28T15:46:40.103247+00:00,2026-08-28T15:46:40.107579+00:00,4.320093008573167,APPROVED,
voltdb,767,0,2026-08-28T15:46:40.107664+00:00,2026-08-28T15:46:40.123663+00:00,15.989339997759089,APPROVED,
postgres,769,0,2026-08-28T15:46:40.123764+00:00,2026-08-28T15:46:40.126760+00:00,2.983304002555087,APPROVED,
voltdb,769,0,2026-08-28T15:46:40.126837+00:00,2026-08-28T15:46:40.140363+00:00,13.514630001736805,APPROVED,
postgres,770,0,2026-08-28T15:46:40.140459+00:00,2026-08-28T15:46:40.143495+00:00,3.020315009052865,APPROVED,
voltdb,770,0,2026-08-28T15:46:40.143572+00:00,2026-08-28T15:46:40.157712+00:00,14.131007003015839,APPROVED,
postgres,772,0,2026-08-28T15:46:40.157812+00:00,2026-08-28T15:46:40.161894+00:00,4.070852999575436,APPROVED,
voltdb,772,0,2026-08-28T15:46:40.161980+00:00,2026-08-28T15:46:40.175796+00:00,13.803800000459887,APPROVED,
postgres,773,0,2026-08-28T15:46:40.175891+00:00,2026-08-28T15:46:40.178789+00:00,2.8876230062451214,APPROVED,
voltdb,773,0,2026-08-28T15:46:40.178855+00:00,2026-08-28T15:46:40.193427+00:00,14.561987001798116,APPROVED,
postgres,774,0,2026-08-28T15:46:40.193626+00:00,2026-08-28T15:46:40.196525+00:00,2.885826994315721,APPROVED,
voltdb,774,0,2026-08-28T15:46:40.196589+00:00,2026-08-28T15:46:40.210692+00:00,14.094414000282995,APPROVED,
postgres,775,0,2026-08-28T15:46:40.210806+00:00,2026-08-28T15:46:40.214687+00:00,3.8716949929948896,APPROVED,
voltdb,775,0,2026-08-28T15:46:40.214759+00:00,2026-08-28T15:46:40.228549+00:00,13.780662993667647,APPROVED,
postgres,776,0,2026-08-28T15:46:40.228904+00:00,2026-08-28T15:46:40.231736+00:00,2.817867003614083,APPROVED,
voltdb,776,0,2026-08-28T15:46:40.231802+00:00,2026-08-28T15:46:40.246314+00:00,14.50293100788258,APPROVED,
postgres,778,0,2026-08-28T15:46:40.246528+00:00,2026-08-28T15:46:40.249533+00:00,2.9917100036982447,APPROVED,
voltdb,778,0,2026-08-28T15:46:40.249596+00:00,2026-08-28T15:46:40.263775+00:00,14.16997000342235,APPROVED,
postgres,779,0,2026-08-28T15:46:40.263875+00:00,2026-08-28T15:46:40.267549+00:00,3.6619580059777945,APPROVED,
voltdb,779,0,2026-08-28T15:46:40.267648+00:00,2026-08-28T15:46:40.281996+00:00,14.337055996293202,APPROVED,
postgres,781,0,2026-08-28T15:46:40.282106+00:00,2026-08-28T15:46:40.285121+00:00,3.0012299976078793,APPROVED,
voltdb,781,0,2026-08-28T15:46:40.285188+00:00,2026-08-28T15:46:40.301788+00:00,16.591592007898726,APPROVED,
postgres,782,0,2026-08-28T15:46:40.301892+00:00,2026-08-28T15:46:40.304991+00:00,3.0888970068190247,APPROVED,
voltdb,782,0,2026-08-28T15:46:40.305068+00:00,2026-08-28T15:46:40.319894+00:00,14.815267000813037,APPROVED,
postgres,783,0,2026-08-28T15:46:40.320042+00:00,2026-08-28T15:46:40.323425+00:00,3.3667230018181726,APPROVED,
voltdb,783,0,2026-08-28T15:46:40.323498+00:00,2026-08-28T15:46:40.337330+00:00,13.822876004269347,APPROVED,
postgres,784,0,2026-08-28T15:46:40.337508+00:00,2026-08-28T15:46:40.340975+00:00,3.456277001532726,APPROVED,
voltdb,784,0,2026-08-28T15:46:40.341044+00:00,2026-08-28T15:46:40.355922+00:00,14.868208003463224,APPROVED,
postgres,785,1,2026-08-28T15:46:40.356018+00:00,2026-08-28T15:46:40.359475+00:00,3.4445360070094466,BLOCKED,
voltdb,785,1,2026-08-28T15:46:40.359581+00:00,2026-08-28T15:46:40.381024+00:00,21.429198008263484,BLOCKED,
postgres,788,0,2026-08-28T15:46:40.381131+00:00,2026-08-28T15:46:40.385335+00:00,4.192503009107895,REVIEW,
voltdb,788,0,2026-08-28T15:46:40.385461+00:00,2026-08-28T15:46:40.406770+00:00,21.29408200562466,REVIEW,
postgres,789,0,2026-08-28T15:46:40.406918+00:00,2026-08-28T15:46:40.410471+00:00,3.537976008374244,APPROVED,
voltdb,789,0,2026-08-28T15:46:40.410544+00:00,2026-08-28T15:46:40.425024+00:00,14.47067700792104,APPROVED,
postgres,791,0,2026-08-28T15:46:40.425138+00:00,2026-08-28T15:46:40.429350+00:00,4.201239004032686,APPROVED,
voltdb,791,0,2026-08-28T15:46:40.429425+00:00,2026-08-28T15:46:40.445337+00:00,15.903311999863945,APPROVED,
postgres,792,0,2026-08-28T15:46:40.445560+00:00,2026-08-28T15:46:40.449276+00:00,3.697223000926897,APPROVED,
voltdb,792,0,2026-08-28T15:46:40.449359+00:00,2026-08-28T15:46:40.464613+00:00,15.245052010868676,APPROVED,
postgres,793,0,2026-08-28T15:46:40.464716+00:00,2026-08-28T15:46:40.468669+00:00,3.9430480101145804,APPROVED,
voltdb,793,0,2026-08-28T15:46:40.468735+00:00,2026-08-28T15:46:40.482952+00:00,14.207319996785372,APPROVED,
postgres,795,0,2026-08-28T15:46:40.483097+00:00,2026-08-28T15:46:40.486247+00:00,3.1365939939860255,APPROVED,
voltdb,795,0,2026-08-28T15:46:40.486322+00:00,2026-08-28T15:46:40.500370+00:00,14.037465996807441,APPROVED,
postgres,797,0,2026-08-28T15:46:40.500587+00:00,2026-08-28T15:46:40.503855+00:00,3.25489099486731,APPROVED,
voltdb,797,0,2026-08-28T15:46:40.503937+00:00,2026-08-28T15:46:40.518002+00:00,14.05602099839598,APPROVED,
postgres,798,0,2026-08-28T15:46:40.518101+00:00,2026-08-28T15:46:40.522773+00:00,4.6619500062661245,APPROVED,
voltdb,798,0,2026-08-28T15:46:40.522853+00:00,2026-08-28T15:46:40.536827+00:00,13.96484300494194,APPROVED,
postgres,799,0,2026-08-28T15:46:40.536924+00:00,2026-08-28T15:46:40.539848+00:00,2.9074140038574114,APPROVED,
voltdb,799,0,2026-08-28T15:46:40.539923+00:00,2026-08-28T15:46:40.555308+00:00,15.376224997453392,APPROVED,
postgres,801,0,2026-08-28T15:46:40.555492+00:00,2026-08-28T15:46:40.558096+00:00,2.5929769908543676,APPROVED,
voltdb,801,0,2026-08-28T15:46:40.558170+00:00,2026-08-28T15:46:40.572650+00:00,14.471285001491196,APPROVED,
postgres,803,0,2026-08-28T15:46:40.572773+00:00,2026-08-28T15:46:40.576070+00:00,3.284316000645049,APPROVED,
voltdb,803,0,2026-08-28T15:46:40.576135+00:00,2026-08-28T15:46:40.590570+00:00,14.426253008423373,APPROVED,
postgres,805,0,2026-08-28T15:46:40.590669+00:00,2026-08-28T15:46:40.593840+00:00,3.159832995152101,APPROVED,
voltdb,805,0,2026-08-28T15:46:40.593918+00:00,2026-08-28T15:46:40.607716+00:00,13.789024000288919,APPROVED,
postgres,806,0,2026-08-28T15:46:40.607810+00:00,2026-08-28T15:46:40.610639+00:00,2.820399997290224,APPROVED,
voltdb,806,0,2026-08-28T15:46:40.610705+00:00,2026-08-28T15:46:40.624064+00:00,13.349011991522275,APPROVED,
postgres,807,0,2026-08-28T15:46:40.624159+00:00,2026-08-28T15:46:40.627753+00:00,3.5827860119752586,APPROVED,
voltdb,807,0,2026-08-28T15:46:40.627833+00:00,2026-08-28T15:46:40.642264+00:00,14.420973995584063,APPROVED,
postgres,809,0,2026-08-28T15:46:40.642382+00:00,2026-08-28T15:46:40.645369+00:00,2.973017006297596,APPROVED,
voltdb,809,0,2026-08-28T15:46:40.645504+00:00,2026-08-28T15:46:40.659007+00:00,13.492176003637724,APPROVED,
postgres,810,0,2026-08-28T15:46:40.659119+00:00,2026-08-28T15:46:40.662531+00:00,3.399969995371066,APPROVED,
voltdb,810,0,2026-08-28T15:46:40.662612+00:00,2026-08-28T15:46:40.676978+00:00,14.35628000763245,APPROVED,
postgres,811,0,2026-08-28T15:46:40.677081+00:00,2026-08-28T15:46:40.681165+00:00,4.073575997608714,REVIEW,
voltdb,811,0,2026-08-28T15:46:40.681240+00:00,2026-08-28T15:46:40.698816+00:00,17.566661001183093,REVIEW,
postgres,812,0,2026-08-28T15:46:40.698932+00:00,2026-08-28T15:46:40.702382+00:00,3.435342005104758,APPROVED,
voltdb,812,0,2026-08-28T15:46:40.702542+00:00,2026-08-28T15:46:40.716922+00:00,14.369008000358008,APPROVED,
postgres,814,0,2026-08-28T15:46:40.717031+00:00,2026-08-28T15:46:40.721417+00:00,4.375600008643232,APPROVED,
voltdb,814,0,2026-08-28T15:46:40.721493+00:00,2026-08-28T15:46:40.738873+00:00,17.37057400168851,APPROVED,
postgres,816,0,2026-08-28T15:46:40.739130+00:00,2026-08-28T15:46:40.743886+00:00,4.740242991829291,APPROVED,
voltdb,816,0,2026-08-28T15:46:40.743962+00:00,2026-08-28T15:46:40.762504+00:00,18.523839986301027,APPROVED,
postgres,817,0,2026-08-28T15:46:40.762624+00:00,2026-08-28T15:46:40.765545+00:00,2.9101300024194643,APPROVED,
voltdb,817,0,2026-08-28T15:46:40.765611+00:00,2026-08-28T15:46:40.779814+00:00,14.194778996170498,APPROVED,
postgres,822,0,2026-08-28T15:46:40.780051+00:00,2026-08-28T15:46:40.783551+00:00,3.468858005362563,REVIEW,
voltdb,822,0,2026-08-28T15:46:40.783645+00:00,2026-08-28T15:46:40.805096+00:00,21.439671007101424,REVIEW,
postgres,823,0,2026-08-28T15:46:40.805319+00:00,2026-08-28T15:46:40.809787+00:00,4.454237001482397,APPROVED,
voltdb,823,0,2026-08-28T15:46:40.809862+00:00,2026-08-28T15:46:40.823718+00:00,13.847903988789767,APPROVED,
postgres,824,0,2026-08-28T15:46:40.823821+00:00,2026-08-28T15:46:40.827652+00:00,3.8194859953364357,APPROVED,
voltdb,824,0,2026-08-28T15:46:40.827727+00:00,2026-08-28T15:46:40.841242+00:00,13.50553400698118,APPROVED,
postgres,825,0,2026-08-28T15:46:40.841374+00:00,2026-08-28T15:46:40.845659+00:00,4.2719670018414035,APPROVED,
voltdb,825,0,2026-08-28T15:46:40.845738+00:00,2026-08-28T15:46:40.862044+00:00,16.295970999635756,APPROVED,
postgres,826,0,2026-08-28T15:46:40.862137+00:00,2026-08-28T15:46:40.865264+00:00,3.117584012215957,APPROVED,
voltdb,826,0,2026-08-28T15:46:40.865334+00:00,2026-08-28T15:46:40.880187+00:00,14.843487995676696,APPROVED,
postgres,828,0,2026-08-28T15:46:40.880303+00:00,2026-08-28T15:46:40.883334+00:00,2.9809620027663186,APPROVED,
voltdb,828,0,2026-08-28T15:46:40.883465+00:00,2026-08-28T15:46:40.898955+00:00,15.480201996979304,APPROVED,
postgres,831,0,2026-08-28T15:46:40.899068+00:00,2026-08-28T15:46:40.903321+00:00,4.241881993948482,APPROVED,
voltdb,831,0,2026-08-28T15:46:40.903399+00:00,2026-08-28T15:46:40.917095+00:00,13.687211991054937,APPROVED,
postgres,832,0,2026-08-28T15:46:40.917192+00:00,2026-08-28T15:46:40.920657+00:00,3.4537590108811855,APPROVED,
voltdb,832,0,2026-08-28T15:46:40.920734+00:00,2026-08-28T15:46:40.934315+00:00,13.570915994932875,APPROVED,
postgres,835,0,2026-08-28T15:46:40.934491+00:00,2026-08-28T15:46:40.937883+00:00,3.378705005161464,APPROVED,
voltdb,835,0,2026-08-28T15:46:40.937951+00:00,2026-08-28T15:46:40.952046+00:00,14.086223003687337,APPROVED,
postgres,837,0,2026-08-28T15:46:40.952141+00:00,2026-08-28T15:46:40.955916+00:00,3.7633850006386638,APPROVED,
voltdb,837,0,2026-08-28T15:46:40.955992+00:00,2026-08-28T15:46:40.974371+00:00,18.37074001377914,APPROVED,
postgres,838,0,2026-08-28T15:46:40.974723+00:00,2026-08-28T15:46:40.977883+00:00,3.1410270021297038,APPROVED,
voltdb,838,0,2026-08-28T15:46:40.977954+00:00,2026-08-28T15:46:40.991758+00:00,13.794328988296911,APPROVED,
postgres,839,0,2026-08-28T15:46:40.991918+00:00,2026-08-28T15:46:40.995311+00:00,3.3780810044845566,APPROVED,
voltdb,839,0,2026-08-28T15:46:40.995384+00:00,2026-08-28T15:46:41.009960+00:00,14.5669839985203,APPROVED,
postgres,841,0,2026-08-28T15:46:41.010079+00:00,2026-08-28T15:46:41.013083+00:00,2.991403001942672,APPROVED,
voltdb,841,0,2026-08-28T15:46:41.013213+00:00,2026-08-28T15:46:41.028208+00:00,14.943584988941438,APPROVED,
postgres,842,0,2026-08-28T15:46:41.028323+00:00,2026-08-28T15:46:41.031144+00:00,2.807045995723456,APPROVED,
voltdb,842,0,2026-08-28T15:46:41.031211+00:00,2026-08-28T15:46:41.044442+00:00,13.183089002268389,APPROVED,
postgres,844,0,2026-08-28T15:46:41.044533+00:00,2026-08-28T15:46:41.047786+00:00,3.2411069987574592,APPROVED,
voltdb,844,0,2026-08-28T15:46:41.047863+00:00,2026-08-28T15:46:41.061668+00:00,13.796665996778756,APPROVED,
postgres,846,0,2026-08-28T15:46:41.061785+00:00,2026-08-28T15:46:41.064619+00:00,2.822972004651092,APPROVED,
voltdb,846,0,2026-08-28T15:46:41.064684+00:00,2026-08-28T15:46:41.078980+00:00,14.287259997217916,APPROVED,
postgres,848,0,2026-08-28T15:46:41.079089+00:00,2026-08-28T15:46:41.083565+00:00,4.465657999389805,REVIEW,
voltdb,848,0,2026-08-28T15:46:41.083701+00:00,2026-08-28T15:46:41.100829+00:00,17.118281000875868,REVIEW,
postgres,849,0,2026-08-28T15:46:41.100943+00:00,2026-08-28T15:46:41.103872+00:00,2.9170329944463447,APPROVED,
voltdb,849,0,2026-08-28T15:46:41.103942+00:00,2026-08-28T15:46:41.117612+00:00,13.661406002938747,APPROVED,
postgres,850,0,2026-08-28T15:46:41.117739+00:00,2026-08-28T15:46:41.121564+00:00,3.813699004240334,REVIEW,
voltdb,850,0,2026-08-28T15:46:41.121641+00:00,2026-08-28T15:46:41.138172+00:00,16.522254009032622,REVIEW,
postgres,851,0,2026-08-28T15:46:41.138265+00:00,2026-08-28T15:46:41.142005+00:00,3.7282629928085953,APPROVED,
voltdb,851,0,2026-08-28T15:46:41.142081+00:00,2026-08-28T15:46:41.156153+00:00,14.063254013308324,APPROVED,
postgres,852,0,2026-08-28T15:46:41.156253+00:00,2026-08-28T15:46:41.159067+00:00,2.8010670066578314,APPROVED,
voltdb,852,0,2026-08-28T15:46:41.159213+00:00,2026-08-28T15:46:41.173713+00:00,14.486286992905661,APPROVED,
postgres,853,0,2026-08-28T15:46:41.173954+00:00,2026-08-28T15:46:41.177216+00:00,3.2455789914820343,REVIEW,
voltdb,853,0,2026-08-28T15:46:41.177282+00:00,2026-08-28T15:46:41.197068+00:00,19.776879998971708,REVIEW,
postgres,854,0,2026-08-28T15:46:41.197162+00:00,2026-08-28T15:46:41.200075+00:00,2.900348001276143,APPROVED,
voltdb,854,0,2026-08-28T15:46:41.200168+00:00,2026-08-28T15:46:41.214156+00:00,13.974091998534277,APPROVED,
postgres,855,0,2026-08-28T15:46:41.214251+00:00,2026-08-28T15:46:41.217137+00:00,2.877507999073714,REVIEW,
voltdb,855,0,2026-08-28T15:46:41.217201+00:00,2026-08-28T15:46:41.235217+00:00,18.005657009780407,REVIEW,
postgres,856,0,2026-08-28T15:46:41.235329+00:00,2026-08-28T15:46:41.238197+00:00,2.8583139937836677,APPROVED,
voltdb,856,0,2026-08-28T15:46:41.238263+00:00,2026-08-28T15:46:41.251860+00:00,13.588568006525747,APPROVED,
postgres,857,0,2026-08-28T15:46:41.251976+00:00,2026-08-28T15:46:41.255764+00:00,3.777577992877923,APPROVED,
voltdb,857,0,2026-08-28T15:46:41.255832+00:00,2026-08-28T15:46:41.270128+00:00,14.286888996139169,APPROVED,
postgres,858,0,2026-08-28T15:46:41.270247+00:00,2026-08-28T15:46:41.273000+00:00,2.741924996371381,APPROVED,
voltdb,858,0,2026-08-28T15:46:41.273082+00:00,2026-08-28T15:46:41.286600+00:00,13.50877400545869,APPROVED,
postgres,860,0,2026-08-28T15:46:41.286700+00:00,2026-08-28T15:46:41.289815+00:00,3.1045709911268204,APPROVED,
voltdb,860,0,2026-08-28T15:46:41.289885+00:00,2026-08-28T15:46:41.303840+00:00,13.945817001513205,APPROVED,
postgres,861,0,2026-08-28T15:46:41.303938+00:00,2026-08-28T15:46:41.307343+00:00,3.3947489864658564,APPROVED,
voltdb,861,0,2026-08-28T15:46:41.307486+00:00,2026-08-28T15:46:41.320712+00:00,13.21004300552886,APPROVED,
postgres,862,0,2026-08-28T15:46:41.320907+00:00,2026-08-28T15:46:41.324113+00:00,3.191437994246371,APPROVED,
voltdb,862,0,2026-08-28T15:46:41.324192+00:00,2026-08-28T15:46:41.337287+00:00,13.08689100551419,APPROVED,
postgres,863,0,2026-08-28T15:46:41.337392+00:00,2026-08-28T15:46:41.340835+00:00,3.4320210106670856,APPROVED,
voltdb,863,0,2026-08-28T15:46:41.340916+00:00,2026-08-28T15:46:41.355240+00:00,14.308067999081686,APPROVED,
postgres,864,0,2026-08-28T15:46:41.355348+00:00,2026-08-28T15:46:41.358229+00:00,2.870341995730996,APPROVED,
voltdb,864,0,2026-08-28T15:46:41.358293+00:00,2026-08-28T15:46:41.371945+00:00,13.643144004163332,APPROVED,
postgres,866,0,2026-08-28T15:46:41.372057+00:00,2026-08-28T15:46:41.375990+00:00,3.9228200039360672,APPROVED,
voltdb,866,0,2026-08-28T15:46:41.376058+00:00,2026-08-28T15:46:41.390036+00:00,13.968624989502132,APPROVED,
postgres,867,1,2026-08-28T15:46:41.390141+00:00,2026-08-28T15:46:41.393706+00:00,3.553656002623029,REVIEW,
voltdb,867,1,2026-08-28T15:46:41.393796+00:00,2026-08-28T15:46:41.410901+00:00,17.09577499423176,REVIEW,
postgres,868,0,2026-08-28T15:46:41.411004+00:00,2026-08-28T15:46:41.414470+00:00,3.454007994150743,APPROVED,
voltdb,868,0,2026-08-28T15:46:41.414548+00:00,2026-08-28T15:46:41.430063+00:00,15.506237003137358,APPROVED,
postgres,871,0,2026-08-28T15:46:41.430176+00:00,2026-08-28T15:46:41.433699+00:00,3.5036659974139184,APPROVED,
voltdb,871,0,2026-08-28T15:46:41.433873+00:00,2026-08-28T15:46:41.448744+00:00,14.858570008073002,APPROVED,
postgres,872,0,2026-08-28T15:46:41.448852+00:00,2026-08-28T15:46:41.451456+00:00,2.5936730089597404,APPROVED,
voltdb,872,0,2026-08-28T15:46:41.451526+00:00,2026-08-28T15:46:41.465353+00:00,13.818104998790659,APPROVED,
postgres,873,0,2026-08-28T15:46:41.465615+00:00,2026-08-28T15:46:41.469292+00:00,3.6642180057242513,APPROVED,
voltdb,873,0,2026-08-28T15:46:41.469358+00:00,2026-08-28T15:46:41.483318+00:00,13.950519991340116,APPROVED,
postgres,874,0,2026-08-28T15:46:41.483499+00:00,2026-08-28T15:46:41.486338+00:00,2.826624011504464,APPROVED,
voltdb,874,0,2026-08-28T15:46:41.486482+00:00,2026-08-28T15:46:41.499921+00:00,13.424382006633095,APPROVED,
postgres,875,0,2026-08-28T15:46:41.500045+00:00,2026-08-28T15:46:41.503768+00:00,3.7095150037202984,APPROVED,
voltdb,875,0,2026-08-28T15:46:41.503841+00:00,2026-08-28T15:46:41.517790+00:00,13.940120988991112,APPROVED,
postgres,876,0,2026-08-28T15:46:41.517893+00:00,2026-08-28T15:46:41.521955+00:00,4.052043004776351,APPROVED,
voltdb,876,0,2026-08-28T15:46:41.522038+00:00,2026-08-28T15:46:41.535799+00:00,13.751609993050806,APPROVED,
postgres,877,0,2026-08-28T15:46:41.535895+00:00,2026-08-28T15:46:41.538681+00:00,2.7764849946834147,APPROVED,
voltdb,877,0,2026-08-28T15:46:41.538789+00:00,2026-08-28T15:46:41.552919+00:00,14.120535008260049,APPROVED,
postgres,878,1,2026-08-28T15:46:41.552995+00:00,2026-08-28T15:46:41.556786+00:00,3.775883000344038,BLOCKED,
voltdb,878,1,2026-08-28T15:46:41.556854+00:00,2026-08-28T15:46:41.574526+00:00,17.66248600324616,BLOCKED,
postgres,879,0,2026-08-28T15:46:41.574622+00:00,2026-08-28T15:46:41.577355+00:00,2.723052995861508,APPROVED,
voltdb,879,0,2026-08-28T15:46:41.577471+00:00,2026-08-28T15:46:41.590936+00:00,13.455948006594554,APPROVED,
postgres,880,0,2026-08-28T15:46:41.591028+00:00,2026-08-28T15:46:41.594218+00:00,3.179332008585334,APPROVED,
voltdb,880,0,2026-08-28T15:46:41.594299+00:00,2026-08-28T15:46:41.608099+00:00,13.790574987069704,APPROVED,
postgres,882,0,2026-08-28T15:46:41.608193+00:00,2026-08-28T15:46:41.610879+00:00,2.6765539951156825,APPROVED,
voltdb,882,0,2026-08-28T15:46:41.610954+00:00,2026-08-28T15:46:41.624727+00:00,13.764018003712408,APPROVED,
postgres,886,0,2026-08-28T15:46:41.624823+00:00,2026-08-28T15:46:41.628693+00:00,3.8606490124948323,APPROVED,
voltdb,886,0,2026-08-28T15:46:41.628782+00:00,2026-08-28T15:46:41.644199+00:00,15.406352991703898,APPROVED,
postgres,887,0,2026-08-28T15:46:41.644299+00:00,2026-08-28T15:46:41.648000+00:00,3.6903690051985905,APPROVED,
voltdb,887,0,2026-08-28T15:46:41.648079+00:00,2026-08-28T15:46:41.664975+00:00,16.886191995581612,APPROVED,
postgres,888,0,2026-08-28T15:46:41.665088+00:00,2026-08-28T15:46:41.670004+00:00,4.903296998236328,APPROVED,
voltdb,888,0,2026-08-28T15:46:41.670091+00:00,2026-08-28T15:46:41.688316+00:00,18.21368899254594,APPROVED,
postgres,889,0,2026-08-28T15:46:41.688425+00:00,2026-08-28T15:46:41.693301+00:00,4.862431000219658,APPROVED,
voltdb,889,0,2026-08-28T15:46:41.693409+00:00,2026-08-28T15:46:41.715037+00:00,21.61589999741409,APPROVED,
postgres,890,0,2026-08-28T15:46:41.715132+00:00,2026-08-28T15:46:41.718646+00:00,3.5043300013057888,APPROVED,
voltdb,890,0,2026-08-28T15:46:41.718716+00:00,2026-08-28T15:46:41.734958+00:00,16.232488997047767,APPROVED,
postgres,891,0,2026-08-28T15:46:41.735110+00:00,2026-08-28T15:46:41.738584+00:00,3.446229995461181,APPROVED,
voltdb,891,0,2026-08-28T15:46:41.738722+00:00,2026-08-28T15:46:41.756157+00:00,17.425240002921782,APPROVED,
postgres,892,0,2026-08-28T15:46:41.756274+00:00,2026-08-28T15:46:41.760360+00:00,4.071242001373321,APPROVED,
voltdb,892,0,2026-08-28T15:46:41.760537+00:00,2026-08-28T15:46:41.778345+00:00,17.793034989153966,APPROVED,
postgres,893,0,2026-08-28T15:46:41.778441+00:00,2026-08-28T15:46:41.783367+00:00,4.914179997285828,APPROVED,
voltdb,893,0,2026-08-28T15:46:41.783507+00:00,2026-08-28T15:46:41.803055+00:00,19.535703002475202,APPROVED,
postgres,894,0,2026-08-28T15:46:41.803184+00:00,2026-08-28T15:46:41.807997+00:00,4.799914007890038,APPROVED,
voltdb,894,0,2026-08-28T15:46:41.808217+00:00,2026-08-28T15:46:41.831382+00:00,23.149782995460555,APPROVED,
postgres,895,0,2026-08-28T15:46:41.831506+00:00,2026-08-28T15:46:41.836369+00:00,4.845404007937759,APPROVED,
voltdb,895,0,2026-08-28T15:46:41.836526+00:00,2026-08-28T15:46:41.855930+00:00,19.393922004383057,APPROVED,
postgres,896,0,2026-08-28T15:46:41.856082+00:00,2026-08-28T15:46:41.860137+00:00,4.0062780026346445,APPROVED,
voltdb,896,0,2026-08-28T15:46:41.860230+00:00,2026-08-28T15:46:41.881172+00:00,20.92669600096997,APPROVED,
postgres,897,0,2026-08-28T15:46:41.881299+00:00,2026-08-28T15:46:41.885633+00:00,4.317045008065179,APPROVED,
voltdb,897,0,2026-08-28T15:46:41.885779+00:00,2026-08-28T15:46:41.905570+00:00,19.77720099966973,APPROVED,
postgres,898,1,2026-08-28T15:46:41.905668+00:00,2026-08-28T15:46:41.911491+00:00,5.812413990497589,BLOCKED,
voltdb,898,1,2026-08-28T15:46:41.911574+00:00,2026-08-28T15:46:41.937746+00:00,26.16264999960549,BLOCKED,
postgres,899,0,2026-08-28T15:46:41.937864+00:00,2026-08-28T15:46:41.942978+00:00,5.099039000924677,APPROVED,
voltdb,899,0,2026-08-28T15:46:41.943078+00:00,2026-08-28T15:46:41.965797+00:00,22.706443996867165,APPROVED,
postgres,900,0,2026-08-28T15:46:41.965960+00:00,2026-08-28T15:46:41.971068+00:00,5.0891230057459325,APPROVED,
voltdb,900,0,2026-08-28T15:46:41.971209+00:00,2026-08-28T15:46:41.995029+00:00,23.798280002665706,APPROVED,
postgres,901,0,2026-08-28T15:46:41.995169+00:00,2026-08-28T15:46:42.000335+00:00,5.149586999323219,APPROVED,
voltdb,901,0,2026-08-28T15:46:42.000540+00:00,2026-08-28T15:46:42.020175+00:00,19.616642995970324,APPROVED,
postgres,902,0,2026-08-28T15:46:42.020324+00:00,2026-08-28T15:46:42.026368+00:00,6.024274000083096,APPROVED,
voltdb,902,0,2026-08-28T15:46:42.026477+00:00,2026-08-28T15:46:42.047237+00:00,20.745347006595694,APPROVED,
postgres,903,0,2026-08-28T15:46:42.047407+00:00,2026-08-28T15:46:42.052464+00:00,5.0089400028809905,APPROVED,
voltdb,903,0,2026-08-28T15:46:42.052589+00:00,2026-08-28T15:46:42.073647+00:00,21.039760002167895,APPROVED,
postgres,904,0,2026-08-28T15:46:42.073831+00:00,2026-08-28T15:46:42.079239+00:00,5.388670004322194,REVIEW,
voltdb,904,0,2026-08-28T15:46:42.079320+00:00,2026-08-28T15:46:42.104570+00:00,25.240003000362776,REVIEW,
postgres,905,0,2026-08-28T15:46:42.104677+00:00,2026-08-28T15:46:42.109426+00:00,4.737291994388215,APPROVED,
voltdb,905,0,2026-08-28T15:46:42.109574+00:00,2026-08-28T15:46:42.128198+00:00,18.61342899792362,APPROVED,
postgres,906,0,2026-08-28T15:46:42.128321+00:00,2026-08-28T15:46:42.132318+00:00,3.9836369978729635,APPROVED,
voltdb,906,0,2026-08-28T15:46:42.132508+00:00,2026-08-28T15:46:42.151136+00:00,18.607983001857065,APPROVED,
postgres,909,0,2026-08-28T15:46:42.151261+00:00,2026-08-28T15:46:42.156133+00:00,4.854984988924116,APPROVED,
voltdb,909,0,2026-08-28T15:46:42.156212+00:00,2026-08-28T15:46:42.178541+00:00,22.32019300572574,APPROVED,
postgres,910,0,2026-08-28T15:46:42.178641+00:00,2026-08-28T15:46:42.183530+00:00,4.8785700055304915,APPROVED,
voltdb,910,0,2026-08-28T15:46:42.183610+00:00,2026-08-28T15:46:42.201673+00:00,18.053377003525384,APPROVED,
postgres,911,0,2026-08-28T15:46:42.201793+00:00,2026-08-28T15:46:42.206047+00:00,4.237108994857408,APPROVED,
voltdb,911,0,2026-08-28T15:46:42.206167+00:00,2026-08-28T15:46:42.221361+00:00,15.182625997113064,APPROVED,
postgres,913,0,2026-08-28T15:46:42.221628+00:00,2026-08-28T15:46:42.225441+00:00,3.7934650026727468,APPROVED,
voltdb,913,0,2026-08-28T15:46:42.225520+00:00,2026-08-28T15:46:42.240230+00:00,14.700581989018247,APPROVED,
postgres,914,0,2026-08-28T15:46:42.240384+00:00,2026-08-28T15:46:42.243900+00:00,3.5008389968425035,APPROVED,
voltdb,914,0,2026-08-28T15:46:42.243970+00:00,2026-08-28T15:46:42.257554+00:00,13.575289995060302,APPROVED,
postgres,915,0,2026-08-28T15:46:42.257650+00:00,2026-08-28T15:46:42.260903+00:00,3.242410995881073,APPROVED,
voltdb,915,0,2026-08-28T15:46:42.260995+00:00,2026-08-28T15:46:42.275268+00:00,14.26395600719843,APPROVED,
postgres,916,0,2026-08-28T15:46:42.275381+00:00,2026-08-28T15:46:42.278154+00:00,2.677605996723287,APPROVED,
voltdb,916,0,2026-08-28T15:46:42.278221+00:00,2026-08-28T15:46:42.292818+00:00,14.585509998141788,APPROVED,
postgres,918,0,2026-08-28T15:46:42.292968+00:00,2026-08-28T15:46:42.296516+00:00,3.528809000272304,APPROVED,
voltdb,918,0,2026-08-28T15:46:42.296582+00:00,2026-08-28T15:46:42.310771+00:00,14.179916004650295,APPROVED,
postgres,921,0,2026-08-28T15:46:42.310886+00:00,2026-08-28T15:46:42.313868+00:00,2.965532010421157,APPROVED,
voltdb,921,0,2026-08-28T15:46:42.313958+00:00,2026-08-28T15:46:42.327743+00:00,13.774776991340332,APPROVED,
postgres,922,0,2026-08-28T15:46:42.327847+00:00,2026-08-28T15:46:42.330975+00:00,3.118038992397487,APPROVED,
voltdb,922,0,2026-08-28T15:46:42.331044+00:00,2026-08-28T15:46:42.344843+00:00,13.790494995191693,APPROVED,
postgres,924,0,2026-08-28T15:46:42.344939+00:00,2026-08-28T15:46:42.348724+00:00,3.774102995521389,APPROVED,
voltdb,924,0,2026-08-28T15:46:42.348795+00:00,2026-08-28T15:46:42.362222+00:00,13.417044014204293,APPROVED,
postgres,925,0,2026-08-28T15:46:42.362584+00:00,2026-08-28T15:46:42.365665+00:00,3.057636000448838,APPROVED,
voltdb,925,0,2026-08-28T15:46:42.365771+00:00,2026-08-28T15:46:42.379591+00:00,13.810054995701648,APPROVED,
postgres,926,0,2026-08-28T15:46:42.379726+00:00,2026-08-28T15:46:42.383717+00:00,3.9736290054861456,APPROVED,
voltdb,926,0,2026-08-28T15:46:42.383794+00:00,2026-08-28T15:46:42.398930+00:00,15.127762002521195,APPROVED,
postgres,928,0,2026-08-28T15:46:42.399038+00:00,2026-08-28T15:46:42.403264+00:00,4.214529995806515,APPROVED,
voltdb,928,0,2026-08-28T15:46:42.403344+00:00,2026-08-28T15:46:42.416779+00:00,13.42552799906116,APPROVED,
postgres,929,0,2026-08-28T15:46:42.416882+00:00,2026-08-28T15:46:42.419754+00:00,2.8621839883271605,APPROVED,
voltdb,929,0,2026-08-28T15:46:42.419826+00:00,2026-08-28T15:46:42.437605+00:00,17.76912299101241,APPROVED,
postgres,931,0,2026-08-28T15:46:42.437740+00:00,2026-08-28T15:46:42.446900+00:00,9.141960996203125,APPROVED,
voltdb,931,0,2026-08-28T15:46:42.447007+00:00,2026-08-28T15:46:42.471134+00:00,24.112245999276638,APPROVED,
postgres,932,0,2026-08-28T15:46:42.471263+00:00,2026-08-28T15:46:42.475802+00:00,4.523670999333262,APPROVED,
voltdb,932,0,2026-08-28T15:46:42.475904+00:00,2026-08-28T15:46:42.494521+00:00,18.576932008727454,APPROVED,
postgres,933,0,2026-08-28T15:46:42.494749+00:00,2026-08-28T15:46:42.499801+00:00,5.034674002672546,REVIEW,
voltdb,933,0,2026-08-28T15:46:42.499933+00:00,2026-08-28T15:46:42.528428+00:00,28.47932900476735,REVIEW,
postgres,938,0,2026-08-28T15:46:42.528502+00:00,2026-08-28T15:46:42.532681+00:00,4.169341002125293,APPROVED,
voltdb,938,0,2026-08-28T15:46:42.532765+00:00,2026-08-28T15:46:42.550617+00:00,17.842649001977406,APPROVED,
postgres,940,0,2026-08-28T15:46:42.550724+00:00,2026-08-28T15:46:42.554791+00:00,4.053420008858666,APPROVED,
voltdb,940,0,2026-08-28T15:46:42.554883+00:00,2026-08-28T15:46:42.574558+00:00,19.585017987992615,APPROVED,
postgres,941,0,2026-08-28T15:46:42.574711+00:00,2026-08-28T15:46:42.577749+00:00,3.0292449955595657,APPROVED,
voltdb,941,0,2026-08-28T15:46:42.577819+00:00,2026-08-28T15:46:42.592307+00:00,14.4799309928203,APPROVED,
postgres,942,0,2026-08-28T15:46:42.592523+00:00,2026-08-28T15:46:42.596761+00:00,4.221709998091683,APPROVED,
voltdb,942,0,2026-08-28T15:46:42.596857+00:00,2026-08-28T15:46:42.612561+00:00,15.688382991356775,APPROVED,
postgres,943,0,2026-08-28T15:46:42.612659+00:00,2026-08-28T15:46:42.616982+00:00,4.3126720120199025,APPROVED,
voltdb,943,0,2026-08-28T15:46:42.617050+00:00,2026-08-28T15:46:42.632841+00:00,15.781691996380687,APPROVED,
postgres,944,0,2026-08-28T15:46:42.632944+00:00,2026-08-28T15:46:42.669171+00:00,36.2113940063864,APPROVED,
voltdb,944,0,2026-08-28T15:46:42.669274+00:00,2026-08-28T15:46:42.685328+00:00,16.039095993619412,APPROVED,
postgres,945,0,2026-08-28T15:46:42.685423+00:00,2026-08-28T15:46:42.690832+00:00,5.398606997914612,APPROVED,
voltdb,945,0,2026-08-28T15:46:42.690913+00:00,2026-08-28T15:46:42.706761+00:00,15.838099003303796,APPROVED,
postgres,946,0,2026-08-28T15:46:42.706946+00:00,2026-08-28T15:46:42.711018+00:00,4.056808000314049,APPROVED,
voltdb,946,0,2026-08-28T15:46:42.711086+00:00,2026-08-28T15:46:42.726951+00:00,15.855257006478496,APPROVED,
postgres,947,0,2026-08-28T15:46:42.727138+00:00,2026-08-28T15:46:42.730673+00:00,3.5210580099374056,APPROVED,
voltdb,947,0,2026-08-28T15:46:42.730747+00:00,2026-08-28T15:46:42.745763+00:00,15.006411995273083,APPROVED,
postgres,949,0,2026-08-28T15:46:42.746001+00:00,2026-08-28T15:46:42.749933+00:00,3.9130710065364838,APPROVED,
voltdb,949,0,2026-08-28T15:46:42.750006+00:00,2026-08-28T15:46:42.763796+00:00,13.782021007500589,APPROVED,
postgres,950,0,2026-08-28T15:46:42.763929+00:00,2026-08-28T15:46:42.766867+00:00,2.9265600023791194,APPROVED,
voltdb,950,0,2026-08-28T15:46:42.766993+00:00,2026-08-28T15:46:42.781481+00:00,14.4490179955028,APPROVED,
postgres,951,0,2026-08-28T15:46:42.781582+00:00,2026-08-28T15:46:42.784603+00:00,3.0111200030660257,APPROVED,
voltdb,951,0,2026-08-28T15:46:42.784676+00:00,2026-08-28T15:46:42.799335+00:00,14.650429002358578,APPROVED,
postgres,952,0,2026-08-28T15:46:42.799653+00:00,2026-08-28T15:46:42.803834+00:00,4.163901001447812,APPROVED,
voltdb,952,0,2026-08-28T15:46:42.803906+00:00,2026-08-28T15:46:42.819732+00:00,15.817175997653976,APPROVED,
postgres,954,0,2026-08-28T15:46:42.819851+00:00,2026-08-28T15:46:42.824452+00:00,4.58631401124876,APPROVED,
voltdb,954,0,2026-08-28T15:46:42.824531+00:00,2026-08-28T15:46:42.844099+00:00,19.55664998968132,APPROVED,
postgres,955,0,2026-08-28T15:46:42.844215+00:00,2026-08-28T15:46:42.849040+00:00,4.811596998479217,APPROVED,
voltdb,955,0,2026-08-28T15:46:42.849118+00:00,2026-08-28T15:46:42.869277+00:00,20.150229000137188,APPROVED,
postgres,956,0,2026-08-28T15:46:42.869387+00:00,2026-08-28T15:46:42.873251+00:00,3.8509070000145584,APPROVED,
voltdb,956,0,2026-08-28T15:46:42.873333+00:00,2026-08-28T15:46:42.893363+00:00,20.01936400483828,APPROVED,
postgres,957,0,2026-08-28T15:46:42.893612+00:00,2026-08-28T15:46:42.899132+00:00,5.500234998180531,REVIEW,
voltdb,957,0,2026-08-28T15:46:42.899210+00:00,2026-08-28T15:46:42.922606+00:00,23.38608900026884,REVIEW,
postgres,958,0,2026-08-28T15:46:42.922719+00:00,2026-08-28T15:46:42.926146+00:00,3.414427992538549,APPROVED,
voltdb,958,0,2026-08-28T15:46:42.926218+00:00,2026-08-28T15:46:42.943398+00:00,17.1700679929927,APPROVED,
postgres,959,0,2026-08-28T15:46:42.943518+00:00,2026-08-28T15:46:42.947621+00:00,4.062988999066874,APPROVED,
voltdb,959,0,2026-08-28T15:46:42.947761+00:00,2026-08-28T15:46:42.965294+00:00,17.52258199849166,APPROVED,
postgres,960,0,2026-08-28T15:46:42.965405+00:00,2026-08-28T15:46:42.970793+00:00,5.374889995437115,APPROVED,
voltdb,960,0,2026-08-28T15:46:42.970871+00:00,2026-08-28T15:46:42.992266+00:00,21.35335399361793,APPROVED,
postgres,961,0,2026-08-28T15:46:42.992381+00:00,2026-08-28T15:46:42.997643+00:00,5.249005000223406,REVIEW,
voltdb,961,0,2026-08-28T15:46:42.997719+00:00,2026-08-28T15:46:43.020207+00:00,22.478730999864638,REVIEW,
postgres,964,0,2026-08-28T15:46:43.020331+00:00,2026-08-28T15:46:43.025455+00:00,5.108322002342902,APPROVED,
voltdb,964,0,2026-08-28T15:46:43.025538+00:00,2026-08-28T15:46:43.044036+00:00,18.4889420052059,APPROVED,
postgres,965,0,2026-08-28T15:46:43.044153+00:00,2026-08-28T15:46:43.048599+00:00,4.430936009157449,APPROVED,
voltdb,965,0,2026-08-28T15:46:43.048682+00:00,2026-08-28T15:46:43.067149+00:00,18.4547249955358,APPROVED,
postgres,966,0,2026-08-28T15:46:43.067462+00:00,2026-08-28T15:46:43.073315+00:00,5.831387999933213,APPROVED,
voltdb,966,0,2026-08-28T15:46:43.073398+00:00,2026-08-28T15:46:43.091242+00:00,17.835093996836804,APPROVED,
postgres,969,1,2026-08-28T15:46:43.091343+00:00,2026-08-28T15:46:43.097227+00:00,5.872731999261305,BLOCKED,
voltdb,969,1,2026-08-28T15:46:43.097302+00:00,2026-08-28T15:46:43.118436+00:00,21.12515601038467,BLOCKED,
postgres,970,0,2026-08-28T15:46:43.118538+00:00,2026-08-28T15:46:43.123281+00:00,4.7282320010708645,APPROVED,
voltdb,970,0,2026-08-28T15:46:43.123361+00:00,2026-08-28T15:46:43.138822+00:00,15.451340994331986,APPROVED,
postgres,971,0,2026-08-28T15:46:43.138926+00:00,2026-08-28T15:46:43.144146+00:00,5.209006994846277,APPROVED,
voltdb,971,0,2026-08-28T15:46:43.144225+00:00,2026-08-28T15:46:43.162267+00:00,18.03200699214358,APPROVED,
postgres,972,0,2026-08-28T15:46:43.162360+00:00,2026-08-28T15:46:43.165806+00:00,3.436281011090614,APPROVED,
voltdb,972,0,2026-08-28T15:46:43.165875+00:00,2026-08-28T15:46:43.179770+00:00,13.885353997466154,APPROVED,
postgres,973,0,2026-08-28T15:46:43.179879+00:00,2026-08-28T15:46:43.183841+00:00,3.9504930027760565,APPROVED,
voltdb,973,0,2026-08-28T15:46:43.183911+00:00,2026-08-28T15:46:43.202150+00:00,18.228802000521682,APPROVED,
postgres,975,0,2026-08-28T15:46:43.202263+00:00,2026-08-28T15:46:43.206325+00:00,4.046809001010843,APPROVED,
voltdb,975,0,2026-08-28T15:46:43.206402+00:00,2026-08-28T15:46:43.219769+00:00,13.358356998651288,APPROVED,
postgres,976,0,2026-08-28T15:46:43.219869+00:00,2026-08-28T15:46:43.223659+00:00,3.778955011512153,APPROVED,
voltdb,976,0,2026-08-28T15:46:43.223743+00:00,2026-08-28T15:46:43.240518+00:00,16.764813000918366,APPROVED,
postgres,977,0,2026-08-28T15:46:43.240853+00:00,2026-08-28T15:46:43.246722+00:00,5.808525005704723,APPROVED,
voltdb,977,0,2026-08-28T15:46:43.246812+00:00,2026-08-28T15:46:43.266401+00:00,19.573149998905137,APPROVED,
postgres,979,0,2026-08-28T15:46:43.266708+00:00,2026-08-28T15:46:43.272595+00:00,5.8400910056661814,APPROVED,
voltdb,979,0,2026-08-28T15:46:43.272671+00:00,2026-08-28T15:46:43.292141+00:00,19.461146992398426,APPROVED,
postgres,980,1,2026-08-28T15:46:43.292281+00:00,2026-08-28T15:46:43.296973+00:00,4.655341006582603,BLOCKED,
voltdb,980,1,2026-08-28T15:46:43.297042+00:00,2026-08-28T15:46:43.317806+00:00,20.755022997036576,BLOCKED,
postgres,981,0,2026-08-28T15:46:43.317928+00:00,2026-08-28T15:46:43.321724+00:00,3.781530002015643,APPROVED,
voltdb,981,0,2026-08-28T15:46:43.321821+00:00,2026-08-28T15:46:43.335768+00:00,13.937883006292395,APPROVED,
postgres,983,0,2026-08-28T15:46:43.335868+00:00,2026-08-28T15:46:43.338812+00:00,2.9347160016186535,APPROVED,
voltdb,983,0,2026-08-28T15:46:43.338886+00:00,2026-08-28T15:46:43.359988+00:00,21.092773997224867,APPROVED,
postgres,984,0,2026-08-28T15:46:43.360226+00:00,2026-08-28T15:46:43.364025+00:00,3.7782779982080683,APPROVED,
voltdb,984,0,2026-08-28T15:46:43.364100+00:00,2026-08-28T15:46:43.378436+00:00,14.327247001347132,APPROVED,
postgres,985,0,2026-08-28T15:46:43.378633+00:00,2026-08-28T15:46:43.382027+00:00,3.377554996404797,APPROVED,
voltdb,985,0,2026-08-28T15:46:43.382109+00:00,2026-08-28T15:46:43.396742+00:00,14.623390001361258,APPROVED,
postgres,986,0,2026-08-28T15:46:43.396842+00:00,2026-08-28T15:46:43.400391+00:00,3.5377160093048587,APPROVED,
voltdb,986,0,2026-08-28T15:46:43.400595+00:00,2026-08-28T15:46:43.416053+00:00,15.443049007444642,APPROVED,
postgres,987,0,2026-08-28T15:46:43.416148+00:00,2026-08-28T15:46:43.418756+00:00,2.599575003841892,APPROVED,
voltdb,987,0,2026-08-28T15:46:43.418820+00:00,2026-08-28T15:46:43.434041+00:00,15.211616992019117,APPROVED,
postgres,989,0,2026-08-28T15:46:43.434275+00:00,2026-08-28T15:46:43.437575+00:00,3.2831730059115216,APPROVED,
voltdb,989,0,2026-08-28T15:46:43.437639+00:00,2026-08-28T15:46:43.453263+00:00,15.614266012562439,APPROVED,
postgres,990,0,2026-08-28T15:46:43.453525+00:00,2026-08-28T15:46:43.457655+00:00,4.115072995773517,APPROVED,
voltdb,990,0,2026-08-28T15:46:43.457721+00:00,2026-08-28T15:46:43.471927+00:00,14.198213000781834,APPROVED,
postgres,991,0,2026-08-28T15:46:43.472046+00:00,2026-08-28T15:46:43.475954+00:00,3.8967820000834763,APPROVED,
voltdb,991,0,2026-08-28T15:46:43.476034+00:00,2026-08-28T15:46:43.491975+00:00,15.931290996377356,APPROVED,
postgres,992,1,2026-08-28T15:46:43.492074+00:00,2026-08-28T15:46:43.496885+00:00,4.799625006853603,BLOCKED,
voltdb,992,1,2026-08-28T15:46:43.496962+00:00,2026-08-28T15:46:43.515104+00:00,18.131310993339866,BLOCKED,
postgres,993,0,2026-08-28T15:46:43.515204+00:00,2026-08-28T15:46:43.518098+00:00,2.8860739985248074,APPROVED,
voltdb,993,0,2026-08-28T15:46:43.518161+00:00,2026-08-28T15:46:43.532431+00:00,14.261246004025452,APPROVED,
postgres,995,0,2026-08-28T15:46:43.532598+00:00,2026-08-28T15:46:43.536556+00:00,3.948565004975535,APPROVED,
voltdb,995,0,2026-08-28T15:46:43.536625+00:00,2026-08-28T15:46:43.551667+00:00,15.032566006993875,APPROVED,
postgres,996,0,2026-08-28T15:46:43.551771+00:00,2026-08-28T15:46:43.554859+00:00,3.0768449942115694,APPROVED,
voltdb,996,0,2026-08-28T15:46:43.554938+00:00,2026-08-28T15:46:43.568744+00:00,13.796477011055686,APPROVED,
postgres,997,0,2026-08-28T15:46:43.568842+00:00,2026-08-28T15:46:43.571757+00:00,2.9047090065432712,APPROVED,
voltdb,997,0,2026-08-28T15:46:43.571822+00:00,2026-08-28T15:46:43.585651+00:00,13.819529995089397,APPROVED,
postgres,999,0,2026-08-28T15:46:43.585762+00:00,2026-08-28T15:46:43.590634+00:00,4.857626001466997,APPROVED,
voltdb,999,0,2026-08-28T15:46:43.590710+00:00,2026-08-28T15:46:43.605797+00:00,15.07854500960093,APPROVED,
postgres,1001,0,2026-08-28T15:46:43.605899+00:00,2026-08-28T15:46:43.609239+00:00,3.3286860125372186,APPROVED,
voltdb,1001,0,2026-08-28T15:46:43.609326+00:00,2026-08-28T15:46:43.623724+00:00,14.388074007001705,APPROVED,
postgres,1003,0,2026-08-28T15:46:43.623828+00:00,2026-08-28T15:46:43.627019+00:00,3.172216995153576,APPROVED,
voltdb,1003,0,2026-08-28T15:46:43.627182+00:00,2026-08-28T15:46:43.649107+00:00,21.9109369936632,APPROVED,
postgres,1004,0,2026-08-28T15:46:43.649220+00:00,2026-08-28T15:46:43.653190+00:00,3.9581960008945316,APPROVED,
voltdb,1004,0,2026-08-28T15:46:43.653271+00:00,2026-08-28T15:46:43.672089+00:00,18.804848004947416,APPROVED,
postgres,1007,0,2026-08-28T15:46:43.672190+00:00,2026-08-28T15:46:43.675293+00:00,3.0920780118322,APPROVED,
voltdb,1007,0,2026-08-28T15:46:43.675369+00:00,2026-08-28T15:46:43.690096+00:00,14.717646001372486,APPROVED,
postgres,1008,0,2026-08-28T15:46:43.690214+00:00,2026-08-28T15:46:43.693379+00:00,3.151258992147632,APPROVED,
voltdb,1008,0,2026-08-28T15:46:43.693646+00:00,2026-08-28T15:46:43.709041+00:00,15.360065008280799,APPROVED,
postgres,1011,0,2026-08-28T15:46:43.709237+00:00,2026-08-28T15:46:43.713130+00:00,3.873970010317862,APPROVED,
voltdb,1011,0,2026-08-28T15:46:43.713198+00:00,2026-08-28T15:46:43.730357+00:00,17.1484159945976,APPROVED,
postgres,1012,0,2026-08-28T15:46:43.730604+00:00,2026-08-28T15:46:43.734640+00:00,4.015015991171822,APPROVED,
voltdb,1012,0,2026-08-28T15:46:43.734797+00:00,2026-08-28T15:46:43.754929+00:00,20.113202001084574,APPROVED,
postgres,1013,0,2026-08-28T15:46:43.755070+00:00,2026-08-28T15:46:43.761357+00:00,6.2342949968297035,APPROVED,
voltdb,1013,0,2026-08-28T15:46:43.761466+00:00,2026-08-28T15:46:43.781364+00:00,19.884781999280676,APPROVED,
postgres,1017,0,2026-08-28T15:46:43.781645+00:00,2026-08-28T15:46:43.786225+00:00,4.520300004514866,APPROVED,
voltdb,1017,0,2026-08-28T15:46:43.786376+00:00,2026-08-28T15:46:43.806178+00:00,19.753618995309807,APPROVED,
postgres,1019,0,2026-08-28T15:46:43.806365+00:00,2026-08-28T15:46:43.811233+00:00,4.825456999242306,APPROVED,
voltdb,1019,0,2026-08-28T15:46:43.811313+00:00,2026-08-28T15:46:43.830191+00:00,18.86827399721369,APPROVED,
postgres,1021,0,2026-08-28T15:46:43.830336+00:00,2026-08-28T15:46:43.835973+00:00,5.620669006020762,REVIEW,
voltdb,1021,0,2026-08-28T15:46:43.836065+00:00,2026-08-28T15:46:43.865190+00:00,29.11576499172952,REVIEW,
postgres,1022,0,2026-08-28T15:46:43.865286+00:00,2026-08-28T15:46:43.870302+00:00,5.006063001928851,APPROVED,
voltdb,1022,0,2026-08-28T15:46:43.870377+00:00,2026-08-28T15:46:43.884341+00:00,13.954286012449302,APPROVED,
postgres,1023,0,2026-08-28T15:46:43.884446+00:00,2026-08-28T15:46:43.887698+00:00,3.2401409989688545,APPROVED,
voltdb,1023,0,2026-08-28T15:46:43.887845+00:00,2026-08-28T15:46:43.902525+00:00,14.667442999780178,APPROVED,
postgres,1025,0,2026-08-28T15:46:43.902977+00:00,2026-08-28T15:46:43.905845+00:00,2.8506639937404543,APPROVED,
voltdb,1025,0,2026-08-28T15:46:43.905909+00:00,2026-08-28T15:46:43.920504+00:00,14.585957003873773,APPROVED,
postgres,1027,0,2026-08-28T15:46:43.920756+00:00,2026-08-28T15:46:43.925066+00:00,4.286506999051198,REVIEW,
voltdb,1027,0,2026-08-28T15:46:43.925132+00:00,2026-08-28T15:46:43.943141+00:00,18.00001400988549,REVIEW,
postgres,1028,0,2026-08-28T15:46:43.943247+00:00,2026-08-28T15:46:43.946791+00:00,3.5316749999765307,APPROVED,
voltdb,1028,0,2026-08-28T15:46:43.946884+00:00,2026-08-28T15:46:43.962307+00:00,15.408537990879267,APPROVED,
postgres,1031,0,2026-08-28T15:46:43.962503+00:00,2026-08-28T15:46:43.965831+00:00,3.3078740088967606,APPROVED,
voltdb,1031,0,2026-08-28T15:46:43.965900+00:00,2026-08-28T15:46:43.979871+00:00,13.941882003564388,APPROVED,
postgres,1032,0,2026-08-28T15:46:43.979979+00:00,2026-08-28T15:46:43.983431+00:00,3.4392480010865256,APPROVED,
voltdb,1032,0,2026-08-28T15:46:43.983578+00:00,2026-08-28T15:46:43.998664+00:00,15.077605989063159,APPROVED,
postgres,1033,0,2026-08-28T15:46:43.998771+00:00,2026-08-28T15:46:44.003586+00:00,4.80055199295748,APPROVED,
voltdb,1033,0,2026-08-28T15:46:44.003666+00:00,2026-08-28T15:46:44.017352+00:00,13.676429996849038,APPROVED,
postgres,1034,0,2026-08-28T15:46:44.017561+00:00,2026-08-28T15:46:44.020977+00:00,3.3975469996221364,APPROVED,
voltdb,1034,0,2026-08-28T15:46:44.021088+00:00,2026-08-28T15:46:44.036031+00:00,14.933397003915161,APPROVED,
postgres,1035,0,2026-08-28T15:46:44.036233+00:00,2026-08-28T15:46:44.039255+00:00,2.980436009238474,APPROVED,
voltdb,1035,0,2026-08-28T15:46:44.039320+00:00,2026-08-28T15:46:44.054559+00:00,15.226489995256998,APPROVED,
postgres,1036,0,2026-08-28T15:46:44.054773+00:00,2026-08-28T15:46:44.057933+00:00,3.1455370044568554,REVIEW,
voltdb,1036,0,2026-08-28T15:46:44.057997+00:00,2026-08-28T15:46:44.076350+00:00,18.343919990002178,REVIEW,
postgres,1038,0,2026-08-28T15:46:44.076438+00:00,2026-08-28T15:46:44.082014+00:00,5.562702004681341,APPROVED,
voltdb,1038,0,2026-08-28T15:46:44.082128+00:00,2026-08-28T15:46:44.099857+00:00,17.68954799626954,APPROVED,
postgres,1040,0,2026-08-28T15:46:44.100045+00:00,2026-08-28T15:46:44.105168+00:00,5.110967991640791,APPROVED,
voltdb,1040,0,2026-08-28T15:46:44.105237+00:00,2026-08-28T15:46:44.118849+00:00,13.601723010651767,APPROVED,
postgres,1043,0,2026-08-28T15:46:44.118946+00:00,2026-08-28T15:46:44.123580+00:00,4.623690008884296,REVIEW,
voltdb,1043,0,2026-08-28T15:46:44.123652+00:00,2026-08-28T15:46:44.141313+00:00,17.619072998058982,REVIEW,
postgres,1044,0,2026-08-28T15:46:44.141445+00:00,2026-08-28T15:46:44.145176+00:00,3.681022993987426,APPROVED,
voltdb,1044,0,2026-08-28T15:46:44.145245+00:00,2026-08-28T15:46:44.161236+00:00,15.979735006112605,APPROVED,
postgres,1047,0,2026-08-28T15:46:44.161381+00:00,2026-08-28T15:46:44.165207+00:00,3.8098589866422117,APPROVED,
voltdb,1047,0,2026-08-28T15:46:44.165275+00:00,2026-08-28T15:46:44.178808+00:00,13.524150010198355,APPROVED,
postgres,1048,0,2026-08-28T15:46:44.178904+00:00,2026-08-28T15:46:44.182491+00:00,3.575499009457417,APPROVED,
voltdb,1048,0,2026-08-28T15:46:44.182593+00:00,2026-08-28T15:46:44.198072+00:00,15.466953002032824,APPROVED,
postgres,1050,0,2026-08-28T15:46:44.198167+00:00,2026-08-28T15:46:44.202809+00:00,4.630247000022791,APPROVED,
voltdb,1050,0,2026-08-28T15:46:44.202918+00:00,2026-08-28T15:46:44.216877+00:00,13.950049004051834,APPROVED,
postgres,1051,0,2026-08-28T15:46:44.216978+00:00,2026-08-28T15:46:44.219771+00:00,2.7771239983849227,APPROVED,
voltdb,1051,0,2026-08-28T15:46:44.219874+00:00,2026-08-28T15:46:44.233972+00:00,14.089292002609,APPROVED,
postgres,1052,0,2026-08-28T15:46:44.234088+00:00,2026-08-28T15:46:44.237502+00:00,3.401224996196106,APPROVED,
voltdb,1052,0,2026-08-28T15:46:44.237581+00:00,2026-08-28T15:46:44.253566+00:00,15.974557987647131,APPROVED,
postgres,1053,0,2026-08-28T15:46:44.253736+00:00,2026-08-28T15:46:44.258233+00:00,4.481629002839327,REVIEW,
voltdb,1053,0,2026-08-28T15:46:44.258300+00:00,2026-08-28T15:46:44.275703+00:00,17.393121001077816,REVIEW,
postgres,1054,0,2026-08-28T15:46:44.275808+00:00,2026-08-28T15:46:44.278726+00:00,2.9085179994581267,APPROVED,
voltdb,1054,0,2026-08-28T15:46:44.278793+00:00,2026-08-28T15:46:44.293211+00:00,14.409316994715482,APPROVED,
postgres,1055,0,2026-08-28T15:46:44.293327+00:00,2026-08-28T15:46:44.297956+00:00,4.607320996001363,APPROVED,
voltdb,1055,0,2026-08-28T15:46:44.298031+00:00,2026-08-28T15:46:44.312395+00:00,14.354700004332699,APPROVED,
postgres,1056,0,2026-08-28T15:46:44.312685+00:00,2026-08-28T15:46:44.315950+00:00,3.249725006753579,APPROVED,
voltdb,1056,0,2026-08-28T15:46:44.316034+00:00,2026-08-28T15:46:44.330471+00:00,14.426579989958555,APPROVED,
postgres,1057,0,2026-08-28T15:46:44.330577+00:00,2026-08-28T15:46:44.333342+00:00,2.7564080082811415,APPROVED,
voltdb,1057,0,2026-08-28T15:46:44.333510+00:00,2026-08-28T15:46:44.351146+00:00,17.61725399410352,APPROVED,
postgres,1061,0,2026-08-28T15:46:44.351244+00:00,2026-08-28T15:46:44.355811+00:00,4.554342987830751,REVIEW,
voltdb,1061,0,2026-08-28T15:46:44.355921+00:00,2026-08-28T15:46:44.375113+00:00,19.15093799470924,REVIEW,
postgres,1062,0,2026-08-28T15:46:44.375278+00:00,2026-08-28T15:46:44.378646+00:00,3.3515000104671344,APPROVED,
voltdb,1062,0,2026-08-28T15:46:44.378720+00:00,2026-08-28T15:46:44.395283+00:00,16.553375011426397,APPROVED,
postgres,1065,0,2026-08-28T15:46:44.395503+00:00,2026-08-28T15:46:44.400029+00:00,4.506547993514687,REVIEW,
voltdb,1065,0,2026-08-28T15:46:44.400146+00:00,2026-08-28T15:46:44.420049+00:00,19.893517994205467,REVIEW,
postgres,1066,0,2026-08-28T15:46:44.420153+00:00,2026-08-28T15:46:44.424330+00:00,4.16644400684163,APPROVED,
voltdb,1066,0,2026-08-28T15:46:44.424516+00:00,2026-08-28T15:46:44.437775+00:00,13.238796993391588,APPROVED,
postgres,1068,0,2026-08-28T15:46:44.437883+00:00,2026-08-28T15:46:44.444923+00:00,7.022974998108111,APPROVED,
voltdb,1068,0,2026-08-28T15:46:44.445003+00:00,2026-08-28T15:46:44.471747+00:00,26.734222992672585,APPROVED,
postgres,1069,0,2026-08-28T15:46:44.471871+00:00,2026-08-28T15:46:44.477840+00:00,5.943134994595312,APPROVED,
voltdb,1069,0,2026-08-28T15:46:44.477931+00:00,2026-08-28T15:46:44.501768+00:00,23.826121003367007,APPROVED,
postgres,1070,0,2026-08-28T15:46:44.501947+00:00,2026-08-28T15:46:44.507058+00:00,4.998186996090226,APPROVED,
voltdb,1070,0,2026-08-28T15:46:44.507194+00:00,2026-08-28T15:46:44.527133+00:00,19.923604995710775,APPROVED,
postgres,1072,0,2026-08-28T15:46:44.527230+00:00,2026-08-28T15:46:44.530957+00:00,3.7140330096008256,APPROVED,
voltdb,1072,0,2026-08-28T15:46:44.531042+00:00,2026-08-28T15:46:44.556144+00:00,25.09154898871202,APPROVED,
postgres,1073,0,2026-08-28T15:46:44.556317+00:00,2026-08-28T15:46:44.561767+00:00,5.436630992335267,APPROVED,
voltdb,1073,0,2026-08-28T15:46:44.561949+00:00,2026-08-28T15:46:44.583642+00:00,21.610406998661347,APPROVED,
postgres,1074,0,2026-08-28T15:46:44.583828+00:00,2026-08-28T15:46:44.591911+00:00,8.032461002585478,APPROVED,
voltdb,1074,0,2026-08-28T15:46:44.592154+00:00,2026-08-28T15:46:44.616909+00:00,24.7314459993504,APPROVED,
postgres,1075,0,2026-08-28T15:46:44.617023+00:00,2026-08-28T15:46:44.620591+00:00,3.5543409903766587,APPROVED,
voltdb,1075,0,2026-08-28T15:46:44.620667+00:00,2026-08-28T15:46:44.638095+00:00,17.418470000848174,APPROVED,
postgres,1077,0,2026-08-28T15:46:44.638220+00:00,2026-08-28T15:46:44.644555+00:00,6.323539986624382,REVIEW,
voltdb,1077,0,2026-08-28T15:46:44.644636+00:00,2026-08-28T15:46:44.664879+00:00,20.230688009178266,REVIEW,
postgres,1078,0,2026-08-28T15:46:44.665011+00:00,2026-08-28T15:46:44.669490+00:00,4.466755010071211,APPROVED,
voltdb,1078,0,2026-08-28T15:46:44.669577+00:00,2026-08-28T15:46:44.687269+00:00,17.68093300051987,APPROVED,
postgres,1081,0,2026-08-28T15:46:44.687374+00:00,2026-08-28T15:46:44.691952+00:00,4.565491995890625,REVIEW,
voltdb,1081,0,2026-08-28T15:46:44.692041+00:00,2026-08-28T15:46:44.713115+00:00,21.06394800648559,REVIEW,
postgres,1083,0,2026-08-28T15:46:44.713369+00:00,2026-08-28T15:46:44.717182+00:00,3.6852859921054915,APPROVED,
voltdb,1083,0,2026-08-28T15:46:44.717261+00:00,2026-08-28T15:46:44.734670+00:00,17.398253999999724,APPROVED,
postgres,1084,0,2026-08-28T15:46:44.734847+00:00,2026-08-28T15:46:44.739689+00:00,4.820484013180248,APPROVED,
voltdb,1084,0,2026-08-28T15:46:44.739756+00:00,2026-08-28T15:46:44.756785+00:00,17.01908699760679,APPROVED,
postgres,1086,0,2026-08-28T15:46:44.756893+00:00,2026-08-28T15:46:44.760467+00:00,3.5603109863586724,APPROVED,
voltdb,1086,0,2026-08-28T15:46:44.760569+00:00,2026-08-28T15:46:44.777616+00:00,17.03394000651315,APPROVED,
postgres,1087,0,2026-08-28T15:46:44.777749+00:00,2026-08-28T15:46:44.782562+00:00,4.795989996637218,APPROVED,
voltdb,1087,0,2026-08-28T15:46:44.782682+00:00,2026-08-28T15:46:44.800274+00:00,17.57871700101532,APPROVED,
postgres,1089,0,2026-08-28T15:46:44.800587+00:00,2026-08-28T15:46:44.806483+00:00,5.606593986158259,APPROVED,
voltdb,1089,0,2026-08-28T15:46:44.806554+00:00,2026-08-28T15:46:44.824723+00:00,18.159569997806102,APPROVED,
postgres,1090,0,2026-08-28T15:46:44.824829+00:00,2026-08-28T15:46:44.829096+00:00,4.2550409998511896,APPROVED,
voltdb,1090,0,2026-08-28T15:46:44.829177+00:00,2026-08-28T15:46:44.845873+00:00,16.68667000194546,APPROVED,
postgres,1094,0,2026-08-28T15:46:44.845984+00:00,2026-08-28T15:46:44.850184+00:00,4.1875169990817085,APPROVED,
voltdb,1094,0,2026-08-28T15:46:44.850264+00:00,2026-08-28T15:46:44.868050+00:00,17.77122500061523,APPROVED,
postgres,1096,0,2026-08-28T15:46:44.868229+00:00,2026-08-28T15:46:44.872498+00:00,4.249789999448694,APPROVED,
voltdb,1096,0,2026-08-28T15:46:44.872565+00:00,2026-08-28T15:46:44.890056+00:00,17.480779002653435,APPROVED,
postgres,1097,0,2026-08-28T15:46:44.890182+00:00,2026-08-28T15:46:44.894103+00:00,3.903792006894946,APPROVED,
voltdb,1097,0,2026-08-28T15:46:44.894227+00:00,2026-08-28T15:46:44.910740+00:00,16.496585012646392,APPROVED,
postgres,1098,0,2026-08-28T15:46:44.910850+00:00,2026-08-28T15:46:44.914063+00:00,3.2004090026021004,APPROVED,
voltdb,1098,0,2026-08-28T15:46:44.914162+00:00,2026-08-28T15:46:44.929369+00:00,15.19595600257162,APPROVED,
postgres,1099,0,2026-08-28T15:46:44.929610+00:00,2026-08-28T15:46:44.934067+00:00,4.436161005287431,APPROVED,
voltdb,1099,0,2026-08-28T15:46:44.934212+00:00,2026-08-28T15:46:44.950778+00:00,16.55073899019044,APPROVED,
postgres,1100,0,2026-08-28T15:46:44.950885+00:00,2026-08-28T15:46:44.953729+00:00,2.8339440032141283,APPROVED,
voltdb,1100,0,2026-08-28T15:46:44.953798+00:00,2026-08-28T15:46:44.970184+00:00,16.314791995682754,APPROVED,
postgres,1101,0,2026-08-28T15:46:44.970381+00:00,2026-08-28T15:46:44.974915+00:00,4.515391992754303,APPROVED,
voltdb,1101,0,2026-08-28T15:46:44.974996+00:00,2026-08-28T15:46:44.993207+00:00,18.199989994172938,APPROVED,
postgres,1105,1,2026-08-28T15:46:44.993365+00:00,2026-08-28T15:46:44.997998+00:00,4.615792000549845,REVIEW,
voltdb,1105,1,2026-08-28T15:46:44.998090+00:00,2026-08-28T15:46:45.018827+00:00,20.724834001157433,REVIEW,
postgres,1106,0,2026-08-28T15:46:45.018931+00:00,2026-08-28T15:46:45.023179+00:00,4.23580598726403,APPROVED,
voltdb,1106,0,2026-08-28T15:46:45.023272+00:00,2026-08-28T15:46:45.037759+00:00,14.474940006039105,APPROVED,
postgres,1107,0,2026-08-28T15:46:45.037863+00:00,2026-08-28T15:46:45.041351+00:00,3.476070996839553,APPROVED,
voltdb,1107,0,2026-08-28T15:46:45.041628+00:00,2026-08-28T15:46:45.056178+00:00,14.532988003338687,APPROVED,
postgres,1109,0,2026-08-28T15:46:45.056292+00:00,2026-08-28T15:46:45.058927+00:00,2.625352004542947,APPROVED,
voltdb,1109,0,2026-08-28T15:46:45.058998+00:00,2026-08-28T15:46:45.074250+00:00,15.242024004692212,APPROVED,
postgres,1111,0,2026-08-28T15:46:45.074384+00:00,2026-08-28T15:46:45.077845+00:00,3.445813010330312,APPROVED,
voltdb,1111,0,2026-08-28T15:46:45.077920+00:00,2026-08-28T15:46:45.097218+00:00,19.251949997851625,APPROVED,
postgres,1113,0,2026-08-28T15:46:45.097329+00:00,2026-08-28T15:46:45.101439+00:00,4.09794099687133,APPROVED,
voltdb,1113,0,2026-08-28T15:46:45.101522+00:00,2026-08-28T15:46:45.117028+00:00,15.495989006012678,APPROVED,
postgres,1115,0,2026-08-28T15:46:45.117144+00:00,2026-08-28T15:46:45.120015+00:00,2.8587409906322137,APPROVED,
voltdb,1115,0,2026-08-28T15:46:45.120088+00:00,2026-08-28T15:46:45.135931+00:00,15.833907993510365,APPROVED,
postgres,1117,1,2026-08-28T15:46:45.136060+00:00,2026-08-28T15:46:45.139095+00:00,3.0255680030677468,BLOCKED,
voltdb,1117,1,2026-08-28T15:46:45.139160+00:00,2026-08-28T15:46:45.157619+00:00,18.45049399707932,BLOCKED,
postgres,1118,0,2026-08-28T15:46:45.157725+00:00,2026-08-28T15:46:45.160971+00:00,3.2338780001737177,APPROVED,
voltdb,1118,0,2026-08-28T15:46:45.161055+00:00,2026-08-28T15:46:45.176132+00:00,15.064122999319807,APPROVED,
postgres,1120,0,2026-08-28T15:46:45.176230+00:00,2026-08-28T15:46:45.179038+00:00,2.7981650055153295,APPROVED,
voltdb,1120,0,2026-08-28T15:46:45.179102+00:00,2026-08-28T15:46:45.194226+00:00,15.114007008378394,APPROVED,
postgres,1122,0,2026-08-28T15:46:45.194378+00:00,2026-08-28T15:46:45.197756+00:00,3.3670990087557584,APPROVED,
voltdb,1122,0,2026-08-28T15:46:45.197836+00:00,2026-08-28T15:46:45.212642+00:00,14.795836992561817,APPROVED,
postgres,1123,0,2026-08-28T15:46:45.212767+00:00,2026-08-28T15:46:45.217185+00:00,4.405119005241431,APPROVED,
voltdb,1123,0,2026-08-28T15:46:45.217259+00:00,2026-08-28T15:46:45.233255+00:00,15.986863989382982,APPROVED,
postgres,1124,0,2026-08-28T15:46:45.233367+00:00,2026-08-28T15:46:45.238322+00:00,4.935581004247069,APPROVED,
voltdb,1124,0,2026-08-28T15:46:45.238475+00:00,2026-08-28T15:46:45.256433+00:00,17.947354004718363,APPROVED,
postgres,1125,0,2026-08-28T15:46:45.256594+00:00,2026-08-28T15:46:45.259522+00:00,2.917548001278192,APPROVED,
voltdb,1125,0,2026-08-28T15:46:45.259594+00:00,2026-08-28T15:46:45.274143+00:00,14.539965006406419,APPROVED,
postgres,1126,0,2026-08-28T15:46:45.274254+00:00,2026-08-28T15:46:45.277745+00:00,3.4800610010279343,APPROVED,
voltdb,1126,0,2026-08-28T15:46:45.277820+00:00,2026-08-28T15:46:45.292965+00:00,15.135989990085363,APPROVED,
postgres,1127,0,2026-08-28T15:46:45.293074+00:00,2026-08-28T15:46:45.296733+00:00,3.649282007245347,APPROVED,
voltdb,1127,0,2026-08-28T15:46:45.296798+00:00,2026-08-28T15:46:45.311492+00:00,14.686142996652052,APPROVED,
postgres,1128,0,2026-08-28T15:46:45.311688+00:00,2026-08-28T15:46:45.314703+00:00,3.0006750021129847,APPROVED,
voltdb,1128,0,2026-08-28T15:46:45.314779+00:00,2026-08-28T15:46:45.329184+00:00,14.394028999959119,APPROVED,
postgres,1129,0,2026-08-28T15:46:45.329298+00:00,2026-08-28T15:46:45.332876+00:00,3.566853003576398,APPROVED,
voltdb,1129,0,2026-08-28T15:46:45.332948+00:00,2026-08-28T15:46:45.348727+00:00,15.768340992508456,APPROVED,
postgres,1131,0,2026-08-28T15:46:45.348911+00:00,2026-08-28T15:46:45.352501+00:00,3.5673570091603324,APPROVED,
voltdb,1131,0,2026-08-28T15:46:45.352571+00:00,2026-08-28T15:46:45.368208+00:00,15.627368004061282,APPROVED,
postgres,1134,0,2026-08-28T15:46:45.368336+00:00,2026-08-28T15:46:45.372222+00:00,3.875697002513334,APPROVED,
voltdb,1134,0,2026-08-28T15:46:45.372291+00:00,2026-08-28T15:46:45.388165+00:00,15.863553999224678,APPROVED,
postgres,1135,0,2026-08-28T15:46:45.388378+00:00,2026-08-28T15:46:45.391745+00:00,3.302028009784408,APPROVED,
voltdb,1135,0,2026-08-28T15:46:45.391817+00:00,2026-08-28T15:46:45.408131+00:00,16.3044820073992,APPROVED,
postgres,1136,0,2026-08-28T15:46:45.408276+00:00,2026-08-28T15:46:45.411932+00:00,3.6333720054244623,APPROVED,
voltdb,1136,0,2026-08-28T15:46:45.412008+00:00,2026-08-28T15:46:45.428929+00:00,16.910498001379892,APPROVED,
postgres,1137,0,2026-08-28T15:46:45.429094+00:00,2026-08-28T15:46:45.433074+00:00,3.958271990995854,APPROVED,
voltdb,1137,0,2026-08-28T15:46:45.433143+00:00,2026-08-28T15:46:45.447761+00:00,14.57967099850066,APPROVED,
postgres,1138,0,2026-08-28T15:46:45.447878+00:00,2026-08-28T15:46:45.451380+00:00,3.489880997221917,APPROVED,
voltdb,1138,0,2026-08-28T15:46:45.451462+00:00,2026-08-28T15:46:45.469481+00:00,18.008581988397054,APPROVED,
postgres,1142,0,2026-08-28T15:46:45.469621+00:00,2026-08-28T15:46:45.473289+00:00,3.657131004729308,APPROVED,
voltdb,1142,0,2026-08-28T15:46:45.473361+00:00,2026-08-28T15:46:45.492734+00:00,19.357298995601013,APPROVED,
postgres,1144,0,2026-08-28T15:46:45.492891+00:00,2026-08-28T15:46:45.499594+00:00,6.679415993858129,APPROVED,
voltdb,1144,0,2026-08-28T15:46:45.499730+00:00,2026-08-28T15:46:45.524898+00:00,25.14877099019941,APPROVED,
postgres,1146,0,2026-08-28T15:46:45.525030+00:00,2026-08-28T15:46:45.529601+00:00,4.552861995762214,APPROVED,
voltdb,1146,0,2026-08-28T15:46:45.529747+00:00,2026-08-28T15:46:45.552818+00:00,23.053055003401823,APPROVED,
postgres,1148,0,2026-08-28T15:46:45.552976+00:00,2026-08-28T15:46:45.558663+00:00,5.668646001140587,APPROVED,
voltdb,1148,0,2026-08-28T15:46:45.558777+00:00,2026-08-28T15:46:45.580892+00:00,22.10099900548812,APPROVED,
postgres,1151,0,2026-08-28T15:46:45.581017+00:00,2026-08-28T15:46:45.588463+00:00,7.427635995554738,APPROVED,
voltdb,1151,0,2026-08-28T15:46:45.588629+00:00,2026-08-28T15:46:45.627021+00:00,38.22261799359694,APPROVED,
postgres,1153,0,2026-08-28T15:46:45.627233+00:00,2026-08-28T15:46:45.636244+00:00,8.984219006379135,APPROVED,
voltdb,1153,0,2026-08-28T15:46:45.636346+00:00,2026-08-28T15:46:45.665726+00:00,29.367116003413685,APPROVED,
postgres,1154,0,2026-08-28T15:46:45.665866+00:00,2026-08-28T15:46:45.674084+00:00,8.201580989407375,APPROVED,
voltdb,1154,0,2026-08-28T15:46:45.674186+00:00,2026-08-28T15:46:45.745837+00:00,71.63447000493761,APPROVED,
postgres,1157,0,2026-08-28T15:46:45.746071+00:00,2026-08-28T15:46:45.754407+00:00,8.275143001810648,REVIEW,
voltdb,1157,0,2026-08-28T15:46:45.754674+00:00,2026-08-28T15:46:45.785851+00:00,31.158529003732838,REVIEW,
postgres,1158,0,2026-08-28T15:46:45.785976+00:00,2026-08-28T15:46:45.792250+00:00,6.256452004890889,APPROVED,
voltdb,1158,0,2026-08-28T15:46:45.792365+00:00,2026-08-28T15:46:45.824145+00:00,31.77069300727453,APPROVED,
postgres,1159,0,2026-08-28T15:46:45.824266+00:00,2026-08-28T15:46:45.828605+00:00,4.322289008996449,APPROVED,
voltdb,1159,0,2026-08-28T15:46:45.828739+00:00,2026-08-28T15:46:45.852219+00:00,23.462900004233234,APPROVED,
postgres,1160,0,2026-08-28T15:46:45.852918+00:00,2026-08-28T15:46:45.859686+00:00,6.725528000970371,APPROVED,
voltdb,1160,0,2026-08-28T15:46:45.859776+00:00,2026-08-28T15:46:45.884806+00:00,25.015545994392596,APPROVED,
postgres,1161,0,2026-08-28T15:46:45.884933+00:00,2026-08-28T15:46:45.889726+00:00,4.780627001309767,APPROVED,
voltdb,1161,0,2026-08-28T15:46:45.889950+00:00,2026-08-28T15:46:45.906806+00:00,16.82301500113681,APPROVED,
postgres,1162,0,2026-08-28T15:46:45.906905+00:00,2026-08-28T15:46:45.911458+00:00,4.541846006759442,APPROVED,
voltdb,1162,0,2026-08-28T15:46:45.911534+00:00,2026-08-28T15:46:45.926098+00:00,14.554640001733787,APPROVED,
postgres,1164,0,2026-08-28T15:46:45.926216+00:00,2026-08-28T15:46:45.929550+00:00,3.3205329964403063,APPROVED,
voltdb,1164,0,2026-08-28T15:46:45.929671+00:00,2026-08-28T15:46:45.947033+00:00,17.34484099142719,APPROVED,
postgres,1165,0,2026-08-28T15:46:45.947149+00:00,2026-08-28T15:46:45.952458+00:00,5.29576200642623,APPROVED,
voltdb,1165,0,2026-08-28T15:46:45.952550+00:00,2026-08-28T15:46:45.968765+00:00,16.19812598801218,APPROVED,
postgres,1166,0,2026-08-28T15:46:45.968869+00:00,2026-08-28T15:46:45.972796+00:00,3.9160469896160066,APPROVED,
voltdb,1166,0,2026-08-28T15:46:45.972878+00:00,2026-08-28T15:46:45.989954+00:00,17.064503001165576,APPROVED,
postgres,1168,0,2026-08-28T15:46:45.990072+00:00,2026-08-28T15:46:45.993119+00:00,3.0349880107678473,APPROVED,
voltdb,1168,0,2026-08-28T15:46:45.993195+00:00,2026-08-28T15:46:46.009893+00:00,16.68472500750795,APPROVED,
postgres,1171,0,2026-08-28T15:46:46.010079+00:00,2026-08-28T15:46:46.013643+00:00,3.543658007401973,APPROVED,
voltdb,1171,0,2026-08-28T15:46:46.013766+00:00,2026-08-28T15:46:46.036450+00:00,22.674145991913974,APPROVED,
postgres,1172,1,2026-08-28T15:46:46.036586+00:00,2026-08-28T15:46:46.044113+00:00,7.509632996516302,REVIEW,
voltdb,1172,1,2026-08-28T15:46:46.044225+00:00,2026-08-28T15:46:46.081947+00:00,37.70767300738953,REVIEW,
postgres,1173,0,2026-08-28T15:46:46.082533+00:00,2026-08-28T15:46:46.090702+00:00,8.115035991067998,APPROVED,
voltdb,1173,0,2026-08-28T15:46:46.090814+00:00,2026-08-28T15:46:46.195884+00:00,105.04664698964916,APPROVED,
postgres,1175,0,2026-08-28T15:46:46.196261+00:00,2026-08-28T15:46:46.208415+00:00,12.115368008380756,APPROVED,
voltdb,1175,0,2026-08-28T15:46:46.208640+00:00,2026-08-28T15:46:46.234123+00:00,25.4635339952074,APPROVED,
postgres,1177,0,2026-08-28T15:46:46.234244+00:00,2026-08-28T15:46:46.240992+00:00,6.720584002323449,APPROVED,
voltdb,1177,0,2026-08-28T15:46:46.241128+00:00,2026-08-28T15:46:46.263189+00:00,22.0460050040856,APPROVED,
postgres,1178,0,2026-08-28T15:46:46.263489+00:00,2026-08-28T15:46:46.268976+00:00,5.47071298933588,APPROVED,
voltdb,1178,0,2026-08-28T15:46:46.269059+00:00,2026-08-28T15:46:46.286447+00:00,17.376837000483647,APPROVED,
postgres,1179,0,2026-08-28T15:46:46.286684+00:00,2026-08-28T15:46:46.292721+00:00,6.01390001247637,APPROVED,
voltdb,1179,0,2026-08-28T15:46:46.292801+00:00,2026-08-28T15:46:46.314581+00:00,21.76944700477179,APPROVED,
postgres,1181,0,2026-08-28T15:46:46.314706+00:00,2026-08-28T15:46:46.319478+00:00,4.75928200467024,APPROVED,
voltdb,1181,0,2026-08-28T15:46:46.319560+00:00,2026-08-28T15:46:46.339507+00:00,19.93692701216787,APPROVED,
postgres,1182,0,2026-08-28T15:46:46.339761+00:00,2026-08-28T15:46:46.345896+00:00,6.111248003435321,APPROVED,
voltdb,1182,0,2026-08-28T15:46:46.346005+00:00,2026-08-28T15:46:46.367550+00:00,21.533393999561667,APPROVED,
postgres,1183,0,2026-08-28T15:46:46.367687+00:00,2026-08-28T15:46:46.373049+00:00,5.348581995349377,APPROVED,
voltdb,1183,0,2026-08-28T15:46:46.373153+00:00,2026-08-28T15:46:46.394399+00:00,21.235577994957566,APPROVED,
postgres,1185,0,2026-08-28T15:46:46.394639+00:00,2026-08-28T15:46:46.400973+00:00,6.314440004643984,APPROVED,
voltdb,1185,0,2026-08-28T15:46:46.401087+00:00,2026-08-28T15:46:46.423119+00:00,22.017662995494902,APPROVED,
postgres,1186,0,2026-08-28T15:46:46.423593+00:00,2026-08-28T15:46:46.428948+00:00,5.331110995030031,APPROVED,
voltdb,1186,0,2026-08-28T15:46:46.429264+00:00,2026-08-28T15:46:46.452036+00:00,22.75043299596291,APPROVED,
postgres,1187,0,2026-08-28T15:46:46.452185+00:00,2026-08-28T15:46:46.457878+00:00,5.678619010723196,APPROVED,
voltdb,1187,0,2026-08-28T15:46:46.457958+00:00,2026-08-28T15:46:46.477279+00:00,19.312262011226267,APPROVED,
postgres,1188,0,2026-08-28T15:46:46.477402+00:00,2026-08-28T15:46:46.481504+00:00,4.088393994607031,APPROVED,
voltdb,1188,0,2026-08-28T15:46:46.481782+00:00,2026-08-28T15:46:46.504838+00:00,22.91667999816127,APPROVED,
postgres,1191,0,2026-08-28T15:46:46.504960+00:00,2026-08-28T15:46:46.510149+00:00,5.174500998691656,APPROVED,
voltdb,1191,0,2026-08-28T15:46:46.510234+00:00,2026-08-28T15:46:46.530040+00:00,19.792024002526887,APPROVED,
postgres,1192,0,2026-08-28T15:46:46.530160+00:00,2026-08-28T15:46:46.535973+00:00,5.795247998321429,APPROVED,
voltdb,1192,0,2026-08-28T15:46:46.536147+00:00,2026-08-28T15:46:46.556326+00:00,20.15676199516747,APPROVED,
postgres,1193,0,2026-08-28T15:46:46.556609+00:00,2026-08-28T15:46:46.561872+00:00,5.2401829889277,APPROVED,
voltdb,1193,0,2026-08-28T15:46:46.562001+00:00,2026-08-28T15:46:46.582725+00:00,20.467762995394878,APPROVED,
postgres,1194,0,2026-08-28T15:46:46.582922+00:00,2026-08-28T15:46:46.587529+00:00,4.585078000673093,APPROVED,
voltdb,1194,0,2026-08-28T15:46:46.587621+00:00,2026-08-28T15:46:46.609438+00:00,21.80766500532627,APPROVED,
postgres,1195,0,2026-08-28T15:46:46.609753+00:00,2026-08-28T15:46:46.617536+00:00,7.629561994690448,APPROVED,
voltdb,1195,0,2026-08-28T15:46:46.617619+00:00,2026-08-28T15:46:46.666820+00:00,49.190944992005825,APPROVED,
postgres,1197,0,2026-08-28T15:46:46.667020+00:00,2026-08-28T15:46:46.674326+00:00,7.286385996849276,APPROVED,
voltdb,1197,0,2026-08-28T15:46:46.674423+00:00,2026-08-28T15:46:46.697872+00:00,23.440043994924054,APPROVED,
postgres,1198,0,2026-08-28T15:46:46.697969+00:00,2026-08-28T15:46:46.705229+00:00,7.240468999953009,REVIEW,
voltdb,1198,0,2026-08-28T15:46:46.705364+00:00,2026-08-28T15:46:46.739527+00:00,34.03051100031007,REVIEW,
postgres,1199,0,2026-08-28T15:46:46.739715+00:00,2026-08-28T15:46:46.746422+00:00,6.683554995106533,APPROVED,
voltdb,1199,0,2026-08-28T15:46:46.746553+00:00,2026-08-28T15:46:46.778873+00:00,32.30368500226177,APPROVED,
postgres,1200,0,2026-08-28T15:46:46.779000+00:00,2026-08-28T15:46:46.788558+00:00,9.462325004278682,APPROVED,
voltdb,1200,0,2026-08-28T15:46:46.788688+00:00,2026-08-28T15:46:46.810646+00:00,21.943159998045303,APPROVED,
postgres,1201,0,2026-08-28T15:46:46.810742+00:00,2026-08-28T15:46:46.813658+00:00,2.906994996010326,APPROVED,
voltdb,1201,0,2026-08-28T15:46:46.813722+00:00,2026-08-28T15:46:46.827669+00:00,13.937001989688724,APPROVED,
postgres,1202,0,2026-08-28T15:46:46.827846+00:00,2026-08-28T15:46:46.831587+00:00,3.696148007293232,APPROVED,
voltdb,1202,0,2026-08-28T15:46:46.831655+00:00,2026-08-28T15:46:46.845584+00:00,13.919618999352679,APPROVED,
postgres,1203,0,2026-08-28T15:46:46.845679+00:00,2026-08-28T15:46:46.848725+00:00,3.0361579993041232,APPROVED,
voltdb,1203,0,2026-08-28T15:46:46.848855+00:00,2026-08-28T15:46:46.862731+00:00,13.863200001651421,APPROVED,
postgres,1204,0,2026-08-28T15:46:46.862884+00:00,2026-08-28T15:46:46.865902+00:00,2.9881929949624464,APPROVED,
voltdb,1204,0,2026-08-28T15:46:46.865976+00:00,2026-08-28T15:46:46.879603+00:00,13.618184995721094,APPROVED,
postgres,1205,0,2026-08-28T15:46:46.879704+00:00,2026-08-28T15:46:46.883590+00:00,3.8751550018787384,APPROVED,
voltdb,1205,0,2026-08-28T15:46:46.883668+00:00,2026-08-28T15:46:46.900902+00:00,17.22328399773687,APPROVED,
postgres,1206,0,2026-08-28T15:46:46.901004+00:00,2026-08-28T15:46:46.906052+00:00,5.036224989453331,APPROVED,
voltdb,1206,0,2026-08-28T15:46:46.906131+00:00,2026-08-28T15:46:46.922932+00:00,16.792310008895583,APPROVED,
postgres,1207,0,2026-08-28T15:46:46.923040+00:00,2026-08-28T15:46:46.926189+00:00,3.1384299945784733,APPROVED,
voltdb,1207,0,2026-08-28T15:46:46.926258+00:00,2026-08-28T15:46:46.940974+00:00,14.707057998748496,APPROVED,
postgres,1208,0,2026-08-28T15:46:46.941084+00:00,2026-08-28T15:46:46.945453+00:00,4.351292998762801,APPROVED,
voltdb,1208,0,2026-08-28T15:46:46.945556+00:00,2026-08-28T15:46:46.962383+00:00,16.812574001960456,APPROVED,
postgres,1209,0,2026-08-28T15:46:46.963163+00:00,2026-08-28T15:46:46.966824+00:00,3.6310830037109554,REVIEW,
voltdb,1209,0,2026-08-28T15:46:46.966889+00:00,2026-08-28T15:46:46.989213+00:00,22.31317400583066,REVIEW,
postgres,1210,0,2026-08-28T15:46:46.989527+00:00,2026-08-28T15:46:46.994967+00:00,5.423085996881127,REVIEW,
voltdb,1210,0,2026-08-28T15:46:46.995054+00:00,2026-08-28T15:46:47.021248+00:00,26.18225100741256,REVIEW,
postgres,1211,0,2026-08-28T15:46:47.021411+00:00,2026-08-28T15:46:47.030728+00:00,9.297394004533999,APPROVED,
voltdb,1211,0,2026-08-28T15:46:47.030886+00:00,2026-08-28T15:46:47.052917+00:00,22.01444300590083,APPROVED,
postgres,1212,0,2026-08-28T15:46:47.053040+00:00,2026-08-28T15:46:47.058048+00:00,4.997184994863346,APPROVED,
voltdb,1212,0,2026-08-28T15:46:47.058150+00:00,2026-08-28T15:46:47.075346+00:00,17.186890996526927,APPROVED,
postgres,1213,0,2026-08-28T15:46:47.075475+00:00,2026-08-28T15:46:47.079132+00:00,3.646177996415645,APPROVED,
voltdb,1213,0,2026-08-28T15:46:47.079199+00:00,2026-08-28T15:46:47.095188+00:00,15.979015995981172,APPROVED,
postgres,1214,1,2026-08-28T15:46:47.096185+00:00,2026-08-28T15:46:47.101585+00:00,5.369833001168445,BLOCKED,
voltdb,1214,1,2026-08-28T15:46:47.101668+00:00,2026-08-28T15:46:47.120735+00:00,19.058053992921486,BLOCKED,
postgres,1216,0,2026-08-28T15:46:47.120844+00:00,2026-08-28T15:46:47.125976+00:00,5.122696005855687,APPROVED,
voltdb,1216,0,2026-08-28T15:46:47.126046+00:00,2026-08-28T15:46:47.141004+00:00,14.947021001717076,APPROVED,
postgres,1217,0,2026-08-28T15:46:47.141220+00:00,2026-08-28T15:46:47.145853+00:00,4.609473995515145,APPROVED,
voltdb,1217,0,2026-08-28T15:46:47.145926+00:00,2026-08-28T15:46:47.165430+00:00,19.494420004775748,APPROVED,
postgres,1218,0,2026-08-28T15:46:47.165660+00:00,2026-08-28T15:46:47.172165+00:00,6.490321000455879,APPROVED,
voltdb,1218,0,2026-08-28T15:46:47.172254+00:00,2026-08-28T15:46:47.193274+00:00,21.009167001466267,APPROVED,
postgres,1219,1,2026-08-28T15:46:47.193367+00:00,2026-08-28T15:46:47.198645+00:00,5.267033004201949,REVIEW,
voltdb,1219,1,2026-08-28T15:46:47.198726+00:00,2026-08-28T15:46:47.223663+00:00,24.926284997491166,REVIEW,
postgres,1220,0,2026-08-28T15:46:47.223844+00:00,2026-08-28T15:46:47.227970+00:00,4.112258000532165,APPROVED,
voltdb,1220,0,2026-08-28T15:46:47.228038+00:00,2026-08-28T15:46:47.246754+00:00,18.706584989558905,APPROVED,
postgres,1221,0,2026-08-28T15:46:47.246924+00:00,2026-08-28T15:46:47.250899+00:00,3.960511996410787,APPROVED,
voltdb,1221,0,2026-08-28T15:46:47.250975+00:00,2026-08-28T15:46:47.266596+00:00,15.611971000907943,APPROVED,
postgres,1222,0,2026-08-28T15:46:47.266703+00:00,2026-08-28T15:46:47.270279+00:00,3.563488004147075,APPROVED,
voltdb,1222,0,2026-08-28T15:46:47.270475+00:00,2026-08-28T15:46:47.286586+00:00,16.094396996777505,APPROVED,
postgres,1226,0,2026-08-28T15:46:47.286761+00:00,2026-08-28T15:46:47.291843+00:00,5.066532001364976,APPROVED,
voltdb,1226,0,2026-08-28T15:46:47.291925+00:00,2026-08-28T15:46:47.317167+00:00,25.229765989934094,APPROVED,
postgres,1227,0,2026-08-28T15:46:47.317334+00:00,2026-08-28T15:46:47.322804+00:00,5.452500001410954,APPROVED,
voltdb,1227,0,2026-08-28T15:46:47.323039+00:00,2026-08-28T15:46:47.343686+00:00,20.623862990760244,APPROVED,
postgres,1228,0,2026-08-28T15:46:47.344112+00:00,2026-08-28T15:46:47.351688+00:00,7.551172995590605,APPROVED,
voltdb,1228,0,2026-08-28T15:46:47.351881+00:00,2026-08-28T15:46:47.370032+00:00,18.13166099600494,APPROVED,
postgres,1229,0,2026-08-28T15:46:47.370228+00:00,2026-08-28T15:46:47.373516+00:00,3.2443429954582825,APPROVED,
voltdb,1229,0,2026-08-28T15:46:47.373593+00:00,2026-08-28T15:46:47.391870+00:00,18.26789800543338,APPROVED,
postgres,1230,0,2026-08-28T15:46:47.392067+00:00,2026-08-28T15:46:47.395861+00:00,3.779149003094062,APPROVED,
voltdb,1230,0,2026-08-28T15:46:47.395942+00:00,2026-08-28T15:46:47.412532+00:00,16.581314004724845,APPROVED,
postgres,1231,0,2026-08-28T15:46:47.412631+00:00,2026-08-28T15:46:47.416481+00:00,3.8376250013243407,APPROVED,
voltdb,1231,0,2026-08-28T15:46:47.416738+00:00,2026-08-28T15:46:47.433945+00:00,17.181200004415587,APPROVED,
postgres,1233,0,2026-08-28T15:46:47.434050+00:00,2026-08-28T15:46:47.437876+00:00,3.815732998191379,APPROVED,
voltdb,1233,0,2026-08-28T15:46:47.437956+00:00,2026-08-28T15:46:47.455170+00:00,17.203415991389193,APPROVED,
postgres,1234,0,2026-08-28T15:46:47.455389+00:00,2026-08-28T15:46:47.459275+00:00,3.8677569973515347,APPROVED,
voltdb,1234,0,2026-08-28T15:46:47.459355+00:00,2026-08-28T15:46:47.477194+00:00,17.829324991907924,APPROVED,
postgres,1235,0,2026-08-28T15:46:47.477369+00:00,2026-08-28T15:46:47.480895+00:00,3.4829740034183487,APPROVED,
voltdb,1235,0,2026-08-28T15:46:47.481045+00:00,2026-08-28T15:46:47.501581+00:00,20.518096993328072,APPROVED,
postgres,1236,0,2026-08-28T15:46:47.501726+00:00,2026-08-28T15:46:47.507368+00:00,5.53341100749094,APPROVED,
voltdb,1236,0,2026-08-28T15:46:47.507550+00:00,2026-08-28T15:46:47.528448+00:00,20.87988000130281,APPROVED,
postgres,1237,0,2026-08-28T15:46:47.528677+00:00,2026-08-28T15:46:47.534243+00:00,5.547649008804001,APPROVED,
voltdb,1237,0,2026-08-28T15:46:47.534324+00:00,2026-08-28T15:46:47.555146+00:00,20.81078900664579,APPROVED,
postgres,1239,0,2026-08-28T15:46:47.555398+00:00,2026-08-28T15:46:47.560585+00:00,5.09795401012525,APPROVED,
voltdb,1239,0,2026-08-28T15:46:47.560629+00:00,2026-08-28T15:46:47.582465+00:00,21.82829698722344,APPROVED,
postgres,1240,0,2026-08-28T15:46:47.582685+00:00,2026-08-28T15:46:47.586580+00:00,3.8736300048185512,APPROVED,
voltdb,1240,0,2026-08-28T15:46:47.586666+00:00,2026-08-28T15:46:47.605322+00:00,18.64568400196731,APPROVED,
postgres,1241,0,2026-08-28T15:46:47.605861+00:00,2026-08-28T15:46:47.609453+00:00,3.5694300022441894,APPROVED,
voltdb,1241,0,2026-08-28T15:46:47.609546+00:00,2026-08-28T15:46:47.625065+00:00,15.510170997004025,APPROVED,
postgres,1242,0,2026-08-28T15:46:47.625174+00:00,2026-08-28T15:46:47.628537+00:00,3.3516529947519302,APPROVED,
voltdb,1242,0,2026-08-28T15:46:47.628768+00:00,2026-08-28T15:46:47.646497+00:00,17.7054830128327,APPROVED,
postgres,1243,0,2026-08-28T15:46:47.646603+00:00,2026-08-28T15:46:47.650119+00:00,3.4877470025094226,APPROVED,
voltdb,1243,0,2026-08-28T15:46:47.650203+00:00,2026-08-28T15:46:47.666398+00:00,16.18507799867075,APPROVED,
postgres,1244,0,2026-08-28T15:46:47.666563+00:00,2026-08-28T15:46:47.671323+00:00,4.746637001517229,APPROVED,
voltdb,1244,0,2026-08-28T15:46:47.671487+00:00,2026-08-28T15:46:47.687337+00:00,15.83669900719542,APPROVED,
postgres,1245,0,2026-08-28T15:46:47.687439+00:00,2026-08-28T15:46:47.690832+00:00,3.380886002560146,APPROVED,
voltdb,1245,0,2026-08-28T15:46:47.690988+00:00,2026-08-28T15:46:47.707249+00:00,16.25179999973625,APPROVED,
postgres,1246,0,2026-08-28T15:46:47.707345+00:00,2026-08-28T15:46:47.713963+00:00,6.60800100013148,APPROVED,
voltdb,1246,0,2026-08-28T15:46:47.714039+00:00,2026-08-28T15:46:47.731675+00:00,17.626630011363886,APPROVED,
postgres,1248,0,2026-08-28T15:46:47.731925+00:00,2026-08-28T15:46:47.736006+00:00,4.062814012286253,APPROVED,
voltdb,1248,0,2026-08-28T15:46:47.736173+00:00,2026-08-28T15:46:47.756383+00:00,20.18984999449458,APPROVED,
postgres,1249,0,2026-08-28T15:46:47.756637+00:00,2026-08-28T15:46:47.761314+00:00,4.662025996367447,APPROVED,
voltdb,1249,0,2026-08-28T15:46:47.761398+00:00,2026-08-28T15:46:47.782266+00:00,20.85782599169761,APPROVED,
postgres,1250,0,2026-08-28T15:46:47.782420+00:00,2026-08-28T15:46:47.787804+00:00,5.274604001897387,APPROVED,
voltdb,1250,0,2026-08-28T15:46:47.787879+00:00,2026-08-28T15:46:47.806930+00:00,19.042170999455266,APPROVED,
postgres,1251,0,2026-08-28T15:46:47.807025+00:00,2026-08-28T15:46:47.812023+00:00,4.986442989320494,APPROVED,
voltdb,1251,0,2026-08-28T15:46:47.812101+00:00,2026-08-28T15:46:47.829147+00:00,17.035700991982594,APPROVED,
postgres,1252,0,2026-08-28T15:46:47.829368+00:00,2026-08-28T15:46:47.833165+00:00,3.7773420044686645,APPROVED,
voltdb,1252,0,2026-08-28T15:46:47.833241+00:00,2026-08-28T15:46:47.850144+00:00,16.885263001313433,APPROVED,
postgres,1255,0,2026-08-28T15:46:47.850279+00:00,2026-08-28T15:46:47.854250+00:00,3.9594980044057593,REVIEW,
voltdb,1255,0,2026-08-28T15:46:47.854315+00:00,2026-08-28T15:46:47.877194+00:00,22.8696959966328,REVIEW,
postgres,1256,0,2026-08-28T15:46:47.877295+00:00,2026-08-28T15:46:47.880591+00:00,3.2846829999471083,APPROVED,
voltdb,1256,0,2026-08-28T15:46:47.880668+00:00,2026-08-28T15:46:47.899787+00:00,19.108923996100202,APPROVED,
postgres,1257,0,2026-08-28T15:46:47.899900+00:00,2026-08-28T15:46:47.903835+00:00,3.9136870036600158,APPROVED,
voltdb,1257,0,2026-08-28T15:46:47.903918+00:00,2026-08-28T15:46:47.918803+00:00,14.875669992761686,APPROVED,
postgres,1258,0,2026-08-28T15:46:47.918910+00:00,2026-08-28T15:46:47.922120+00:00,3.196427001967095,APPROVED,
voltdb,1258,0,2026-08-28T15:46:47.922785+00:00,2026-08-28T15:46:47.944839+00:00,22.025705999112688,APPROVED,
postgres,1259,0,2026-08-28T15:46:47.944934+00:00,2026-08-28T15:46:47.953112+00:00,8.166522995452397,APPROVED,
voltdb,1259,0,2026-08-28T15:46:47.953202+00:00,2026-08-28T15:46:47.977750+00:00,24.53470199543517,APPROVED,
postgres,1260,0,2026-08-28T15:46:47.978160+00:00,2026-08-28T15:46:47.983855+00:00,5.67150600545574,APPROVED,
voltdb,1260,0,2026-08-28T15:46:47.983942+00:00,2026-08-28T15:46:48.008720+00:00,24.766141999862157,APPROVED,
postgres,1261,1,2026-08-28T15:46:48.008837+00:00,2026-08-28T15:46:48.014274+00:00,5.424375995062292,BLOCKED,
voltdb,1261,1,2026-08-28T15:46:48.014354+00:00,2026-08-28T15:46:48.044511+00:00,30.145406009978615,BLOCKED,
postgres,1262,0,2026-08-28T15:46:48.044874+00:00,2026-08-28T15:46:48.049743+00:00,4.841608999413438,APPROVED,
voltdb,1262,0,2026-08-28T15:46:48.049850+00:00,2026-08-28T15:46:48.072418+00:00,22.550468987901695,APPROVED,
postgres,1265,0,2026-08-28T15:46:48.072514+00:00,2026-08-28T15:46:48.077127+00:00,4.601025997544639,APPROVED,
voltdb,1265,0,2026-08-28T15:46:48.077209+00:00,2026-08-28T15:46:48.097203+00:00,19.984108992503025,APPROVED,
postgres,1266,0,2026-08-28T15:46:48.098073+00:00,2026-08-28T15:46:48.103250+00:00,5.148944997927174,APPROVED,
voltdb,1266,0,2026-08-28T15:46:48.103381+00:00,2026-08-28T15:46:48.122885+00:00,19.486201999825425,APPROVED,
postgres,1267,0,2026-08-28T15:46:48.123039+00:00,2026-08-28T15:46:48.128816+00:00,5.7574039965402335,APPROVED,
voltdb,1267,0,2026-08-28T15:46:48.128909+00:00,2026-08-28T15:46:48.147661+00:00,18.738676997600123,APPROVED,
postgres,1269,0,2026-08-28T15:46:48.147766+00:00,2026-08-28T15:46:48.153792+00:00,6.010646000504494,APPROVED,
voltdb,1269,0,2026-08-28T15:46:48.153869+00:00,2026-08-28T15:46:48.172237+00:00,18.35847999609541,APPROVED,
postgres,1270,0,2026-08-28T15:46:48.172332+00:00,2026-08-28T15:46:48.177079+00:00,4.734449001261964,APPROVED,
voltdb,1270,0,2026-08-28T15:46:48.177296+00:00,2026-08-28T15:46:48.195118+00:00,17.805013005272485,APPROVED,
postgres,1271,0,2026-08-28T15:46:48.195289+00:00,2026-08-28T15:46:48.199589+00:00,4.26376900577452,APPROVED,
voltdb,1271,0,2026-08-28T15:46:48.199685+00:00,2026-08-28T15:46:48.217449+00:00,17.751334991771728,APPROVED,
postgres,1272,0,2026-08-28T15:46:48.217789+00:00,2026-08-28T15:46:48.222540+00:00,4.730191998532973,APPROVED,
voltdb,1272,0,2026-08-28T15:46:48.222672+00:00,2026-08-28T15:46:48.241162+00:00,18.47388400346972,APPROVED,
postgres,1273,0,2026-08-28T15:46:48.241315+00:00,2026-08-28T15:46:48.248662+00:00,7.328537001740187,APPROVED,
voltdb,1273,0,2026-08-28T15:46:48.248801+00:00,2026-08-28T15:46:48.267202+00:00,18.38822900026571,APPROVED,
postgres,1274,0,2026-08-28T15:46:48.267313+00:00,2026-08-28T15:46:48.274010+00:00,6.684785999823362,APPROVED,
voltdb,1274,0,2026-08-28T15:46:48.274084+00:00,2026-08-28T15:46:48.292472+00:00,18.37889599846676,APPROVED,
postgres,1275,0,2026-08-28T15:46:48.292586+00:00,2026-08-28T15:46:48.298957+00:00,6.35555200278759,REVIEW,
voltdb,1275,0,2026-08-28T15:46:48.299036+00:00,2026-08-28T15:46:48.325297+00:00,26.248586989822797,REVIEW,
postgres,1278,0,2026-08-28T15:46:48.325625+00:00,2026-08-28T15:46:48.329653+00:00,3.99393800762482,APPROVED,
voltdb,1278,0,2026-08-28T15:46:48.329862+00:00,2026-08-28T15:46:48.350567+00:00,20.566175997373648,APPROVED,
postgres,1279,0,2026-08-28T15:46:48.350819+00:00,2026-08-28T15:46:48.355204+00:00,4.366163004306145,APPROVED,
voltdb,1279,0,2026-08-28T15:46:48.355284+00:00,2026-08-28T15:46:48.375479+00:00,20.18028500606306,APPROVED,
postgres,1280,0,2026-08-28T15:46:48.375971+00:00,2026-08-28T15:46:48.381937+00:00,5.939748996752314,APPROVED,
voltdb,1280,0,2026-08-28T15:46:48.382048+00:00,2026-08-28T15:46:48.402411+00:00,20.348406993434764,APPROVED,
postgres,1281,0,2026-08-28T15:46:48.403598+00:00,2026-08-28T15:46:48.407937+00:00,4.205703007755801,APPROVED,
voltdb,1281,0,2026-08-28T15:46:48.408132+00:00,2026-08-28T15:46:48.426316+00:00,18.14364199526608,APPROVED,
postgres,1282,0,2026-08-28T15:46:48.426430+00:00,2026-08-28T15:46:48.432955+00:00,6.512177991680801,REVIEW,
voltdb,1282,0,2026-08-28T15:46:48.433037+00:00,2026-08-28T15:46:48.455265+00:00,22.218536003492773,REVIEW,
postgres,1284,0,2026-08-28T15:46:48.455386+00:00,2026-08-28T15:46:48.460577+00:00,5.174814999918453,APPROVED,
voltdb,1284,0,2026-08-28T15:46:48.460667+00:00,2026-08-28T15:46:48.479846+00:00,19.16478200291749,APPROVED,
postgres,1286,0,2026-08-28T15:46:48.479985+00:00,2026-08-28T15:46:48.486330+00:00,6.329439987894148,APPROVED,
voltdb,1286,0,2026-08-28T15:46:48.486463+00:00,2026-08-28T15:46:48.506160+00:00,19.685156003106385,APPROVED,
postgres,1288,0,2026-08-28T15:46:48.506256+00:00,2026-08-28T15:46:48.511790+00:00,5.522552994079888,APPROVED,
voltdb,1288,0,2026-08-28T15:46:48.511928+00:00,2026-08-28T15:46:48.529994+00:00,18.05587600392755,APPROVED,
postgres,1289,0,2026-08-28T15:46:48.530179+00:00,2026-08-28T15:46:48.534801+00:00,4.604421992553398,APPROVED,
voltdb,1289,0,2026-08-28T15:46:48.534914+00:00,2026-08-28T15:46:48.554056+00:00,19.12423399335239,APPROVED,
postgres,1290,1,2026-08-28T15:46:48.554163+00:00,2026-08-28T15:46:48.559281+00:00,5.106708995299414,REVIEW,
voltdb,1290,1,2026-08-28T15:46:48.559362+00:00,2026-08-28T15:46:48.579794+00:00,20.42246499331668,REVIEW,
postgres,1292,0,2026-08-28T15:46:48.579894+00:00,2026-08-28T15:46:48.584173+00:00,4.267569995136,APPROVED,
voltdb,1292,0,2026-08-28T15:46:48.584256+00:00,2026-08-28T15:46:48.599419+00:00,15.154324006289244,APPROVED,
postgres,1293,0,2026-08-28T15:46:48.599602+00:00,2026-08-28T15:46:48.603825+00:00,4.190229010418989,APPROVED,
voltdb,1293,0,2026-08-28T15:46:48.603970+00:00,2026-08-28T15:46:48.619982+00:00,15.994197994587012,APPROVED,
postgres,1294,0,2026-08-28T15:46:48.620089+00:00,2026-08-28T15:46:48.625816+00:00,5.715842999052256,REVIEW,
voltdb,1294,0,2026-08-28T15:46:48.625896+00:00,2026-08-28T15:46:48.650147+00:00,24.240443992312066,REVIEW,
postgres,1295,0,2026-08-28T15:46:48.650315+00:00,2026-08-28T15:46:48.654778+00:00,4.44489301298745,APPROVED,
voltdb,1295,0,2026-08-28T15:46:48.654903+00:00,2026-08-28T15:46:48.676837+00:00,21.880396001506597,APPROVED,
postgres,1296,0,2026-08-28T15:46:48.677010+00:00,2026-08-28T15:46:48.682982+00:00,5.955043001449667,APPROVED,
voltdb,1296,0,2026-08-28T15:46:48.683091+00:00,2026-08-28T15:46:48.705219+00:00,22.115017010946758,APPROVED,
postgres,1298,0,2026-08-28T15:46:48.705345+00:00,2026-08-28T15:46:48.712245+00:00,6.877660009195097,APPROVED,
voltdb,1298,0,2026-08-28T15:46:48.712371+00:00,2026-08-28T15:46:48.730820+00:00,18.42984500399325,APPROVED,
postgres,1299,0,2026-08-28T15:46:48.730961+00:00,2026-08-28T15:46:48.734425+00:00,3.451487995334901,APPROVED,
voltdb,1299,0,2026-08-28T15:46:48.734501+00:00,2026-08-28T15:46:48.771876+00:00,37.364905001595616,APPROVED,
postgres,1300,1,2026-08-28T15:46:48.772024+00:00,2026-08-28T15:46:48.776802+00:00,4.764854995300993,BLOCKED,
voltdb,1300,1,2026-08-28T15:46:48.776965+00:00,2026-08-28T15:46:48.802931+00:00,25.949554998078384,BLOCKED,
postgres,1301,0,2026-08-28T15:46:48.803075+00:00,2026-08-28T15:46:48.806811+00:00,3.7234150076983497,APPROVED,
voltdb,1301,0,2026-08-28T15:46:48.806882+00:00,2026-08-28T15:46:48.826928+00:00,20.035214998642914,APPROVED,
postgres,1302,0,2026-08-28T15:46:48.827081+00:00,2026-08-28T15:46:48.831585+00:00,4.489861996262334,APPROVED,
voltdb,1302,0,2026-08-28T15:46:48.831679+00:00,2026-08-28T15:46:48.848222+00:00,16.530484004761092,APPROVED,
postgres,1303,0,2026-08-28T15:46:48.848312+00:00,2026-08-28T15:46:48.852732+00:00,4.4010819983668625,APPROVED,
voltdb,1303,0,2026-08-28T15:46:48.852819+00:00,2026-08-28T15:46:48.869583+00:00,16.74227899638936,APPROVED,
postgres,1307,0,2026-08-28T15:46:48.869763+00:00,2026-08-28T15:46:48.872801+00:00,3.027951010153629,APPROVED,
voltdb,1307,0,2026-08-28T15:46:48.872870+00:00,2026-08-28T15:46:48.888901+00:00,16.021657997043803,APPROVED,
postgres,1308,0,2026-08-28T15:46:48.889034+00:00,2026-08-28T15:46:48.892195+00:00,3.1485580111620948,APPROVED,
voltdb,1308,0,2026-08-28T15:46:48.892265+00:00,2026-08-28T15:46:48.909964+00:00,17.68947699747514,APPROVED,
postgres,1309,0,2026-08-28T15:46:48.910091+00:00,2026-08-28T15:46:48.914492+00:00,4.385862994240597,APPROVED,
voltdb,1309,0,2026-08-28T15:46:48.914576+00:00,2026-08-28T15:46:48.933123+00:00,18.532992995460518,APPROVED,
postgres,1311,0,2026-08-28T15:46:48.933400+00:00,2026-08-28T15:46:48.938115+00:00,4.698381992056966,APPROVED,
voltdb,1311,0,2026-08-28T15:46:48.938203+00:00,2026-08-28T15:46:48.956361+00:00,18.147901995689608,APPROVED,
postgres,1312,0,2026-08-28T15:46:48.956455+00:00,2026-08-28T15:46:48.960876+00:00,4.383822990348563,APPROVED,
voltdb,1312,0,2026-08-28T15:46:48.961003+00:00,2026-08-28T15:46:48.975179+00:00,14.166945009492338,APPROVED,
postgres,1313,0,2026-08-28T15:46:48.975376+00:00,2026-08-28T15:46:48.979028+00:00,3.6342079984024167,APPROVED,
voltdb,1313,0,2026-08-28T15:46:48.979097+00:00,2026-08-28T15:46:48.992495+00:00,13.38952299556695,APPROVED,
postgres,1314,0,2026-08-28T15:46:48.992588+00:00,2026-08-28T15:46:48.995538+00:00,2.939709011116065,APPROVED,
voltdb,1314,0,2026-08-28T15:46:48.995606+00:00,2026-08-28T15:46:49.012996+00:00,17.381351994117722,APPROVED,
postgres,1315,0,2026-08-28T15:46:49.013102+00:00,2026-08-28T15:46:49.020489+00:00,7.371580999461003,APPROVED,
voltdb,1315,0,2026-08-28T15:46:49.020712+00:00,2026-08-28T15:46:49.194077+00:00,173.34432899951935,APPROVED,
postgres,1317,0,2026-08-28T15:46:49.194224+00:00,2026-08-28T15:46:49.204639+00:00,10.398245009128004,APPROVED,
voltdb,1317,0,2026-08-28T15:46:49.204773+00:00,2026-08-28T15:46:49.251161+00:00,46.36718500114512,APPROVED,
postgres,1318,0,2026-08-28T15:46:49.251379+00:00,2026-08-28T15:46:49.258999+00:00,7.563284001662396,APPROVED,
voltdb,1318,0,2026-08-28T15:46:49.259115+00:00,2026-08-28T15:46:49.308101+00:00,48.969568000757135,APPROVED,
postgres,1320,0,2026-08-28T15:46:49.308311+00:00,2026-08-28T15:46:49.339478+00:00,31.144597989623435,APPROVED,
voltdb,1320,0,2026-08-28T15:46:49.339609+00:00,2026-08-28T15:46:49.384807+00:00,45.18039000686258,APPROVED,
postgres,1321,0,2026-08-28T15:46:49.385060+00:00,2026-08-28T15:46:49.393249+00:00,8.168176995241083,APPROVED,
voltdb,1321,0,2026-08-28T15:46:49.393615+00:00,2026-08-28T15:46:49.432258+00:00,38.529365992872044,APPROVED,
postgres,1322,0,2026-08-28T15:46:49.432427+00:00,2026-08-28T15:46:49.441527+00:00,9.082942007808015,APPROVED,
voltdb,1322,0,2026-08-28T15:46:49.441661+00:00,2026-08-28T15:46:49.477340+00:00,35.664356997585855,APPROVED,
postgres,1323,0,2026-08-28T15:46:49.477591+00:00,2026-08-28T15:46:49.485933+00:00,8.318894004332833,APPROVED,
voltdb,1323,0,2026-08-28T15:46:49.486272+00:00,2026-08-28T15:46:49.557246+00:00,70.95505700272042,APPROVED,
postgres,1324,0,2026-08-28T15:46:49.557402+00:00,2026-08-28T15:46:49.571004+00:00,13.530505006201565,APPROVED,
voltdb,1324,0,2026-08-28T15:46:49.571131+00:00,2026-08-28T15:46:49.625207+00:00,54.051343991886824,APPROVED,
postgres,1325,0,2026-08-28T15:46:49.625386+00:00,2026-08-28T15:46:49.634505+00:00,9.099867005716078,APPROVED,
voltdb,1325,0,2026-08-28T15:46:49.634756+00:00,2026-08-28T15:46:49.671061+00:00,36.280589003581554,APPROVED,
postgres,1328,0,2026-08-28T15:46:49.671159+00:00,2026-08-28T15:46:49.675064+00:00,3.89415500103496,APPROVED,
voltdb,1328,0,2026-08-28T15:46:49.675257+00:00,2026-08-28T15:46:49.698607+00:00,23.325396003201604,APPROVED,
postgres,1329,0,2026-08-28T15:46:49.698874+00:00,2026-08-28T15:46:49.709100+00:00,10.198230011155829,APPROVED,
voltdb,1329,0,2026-08-28T15:46:49.709367+00:00,2026-08-28T15:46:49.753727+00:00,44.335288999718614,APPROVED,
postgres,1330,0,2026-08-28T15:46:49.753932+00:00,2026-08-28T15:46:49.765501+00:00,11.528584000188857,APPROVED,
voltdb,1330,0,2026-08-28T15:46:49.765621+00:00,2026-08-28T15:46:49.789832+00:00,24.190673997509293,APPROVED,
postgres,1331,0,2026-08-28T15:46:49.790119+00:00,2026-08-28T15:46:49.795474+00:00,5.332104003173299,APPROVED,
voltdb,1331,0,2026-08-28T15:46:49.795619+00:00,2026-08-28T15:46:49.815935+00:00,20.134324993705377,APPROVED,
postgres,1332,0,2026-08-28T15:46:49.816228+00:00,2026-08-28T15:46:49.822165+00:00,5.865180006367154,APPROVED,
voltdb,1332,0,2026-08-28T15:46:49.822314+00:00,2026-08-28T15:46:49.840240+00:00,17.91007400606759,APPROVED,
postgres,1334,0,2026-08-28T15:46:49.840345+00:00,2026-08-28T15:46:49.845890+00:00,5.532682000193745,APPROVED,
voltdb,1334,0,2026-08-28T15:46:49.845992+00:00,2026-08-28T15:46:49.872330+00:00,26.328388004912995,APPROVED,
postgres,1336,0,2026-08-28T15:46:49.872509+00:00,2026-08-28T15:46:49.877470+00:00,4.946189001202583,REVIEW,
voltdb,1336,0,2026-08-28T15:46:49.877577+00:00,2026-08-28T15:46:49.904616+00:00,26.99984799255617,REVIEW,
postgres,1339,0,2026-08-28T15:46:49.904766+00:00,2026-08-28T15:46:49.907844+00:00,3.0600269965361804,APPROVED,
voltdb,1339,0,2026-08-28T15:46:49.907912+00:00,2026-08-28T15:46:49.924983+00:00,17.061425998690538,APPROVED,
postgres,1340,0,2026-08-28T15:46:49.925135+00:00,2026-08-28T15:46:49.928588+00:00,3.4360110003035516,APPROVED,
voltdb,1340,0,2026-08-28T15:46:49.928715+00:00,2026-08-28T15:46:49.949391+00:00,20.66250100324396,APPROVED,
postgres,1343,0,2026-08-28T15:46:49.949608+00:00,2026-08-28T15:46:49.953230+00:00,3.606333993957378,APPROVED,
voltdb,1343,0,2026-08-28T15:46:49.953296+00:00,2026-08-28T15:46:49.967718+00:00,14.413919998332858,APPROVED,
postgres,1345,0,2026-08-28T15:46:49.967813+00:00,2026-08-28T15:46:49.971965+00:00,4.142357007367536,APPROVED,
voltdb,1345,0,2026-08-28T15:46:49.972046+00:00,2026-08-28T15:46:49.986943+00:00,14.888834004523233,APPROVED,
postgres,1346,0,2026-08-28T15:46:49.987064+00:00,2026-08-28T15:46:49.991252+00:00,4.172112006926909,APPROVED,
voltdb,1346,0,2026-08-28T15:46:49.991343+00:00,2026-08-28T15:46:50.011939+00:00,20.58588199724909,APPROVED,
postgres,1347,0,2026-08-28T15:46:50.012067+00:00,2026-08-28T15:46:50.015885+00:00,3.800461010541767,APPROVED,
voltdb,1347,0,2026-08-28T15:46:50.016580+00:00,2026-08-28T15:46:50.047324+00:00,30.715967004653066,APPROVED,
postgres,1349,0,2026-08-28T15:46:50.047578+00:00,2026-08-28T15:46:50.128123+00:00,80.52147300622892,APPROVED,
voltdb,1349,0,2026-08-28T15:46:50.128565+00:00,2026-08-28T15:46:50.185438+00:00,56.74561900377739,APPROVED,
postgres,1351,0,2026-08-28T15:46:50.185613+00:00,2026-08-28T15:46:50.195937+00:00,10.3039079986047,REVIEW,
voltdb,1351,0,2026-08-28T15:46:50.196061+00:00,2026-08-28T15:46:50.226281+00:00,30.200729001080617,REVIEW,
postgres,1352,0,2026-08-28T15:46:50.226499+00:00,2026-08-28T15:46:50.232255+00:00,5.736874998547137,APPROVED,
voltdb,1352,0,2026-08-28T15:46:50.232337+00:00,2026-08-28T15:46:50.253320+00:00,20.97277299617417,APPROVED,
postgres,1353,0,2026-08-28T15:46:50.253530+00:00,2026-08-28T15:46:50.259147+00:00,5.599096009973437,APPROVED,
voltdb,1353,0,2026-08-28T15:46:50.259227+00:00,2026-08-28T15:46:50.279325+00:00,20.088869001483545,APPROVED,
postgres,1354,0,2026-08-28T15:46:50.279417+00:00,2026-08-28T15:46:50.283680+00:00,4.250754995155148,APPROVED,
voltdb,1354,0,2026-08-28T15:46:50.283844+00:00,2026-08-28T15:46:50.302061+00:00,18.198125006165355,APPROVED,
postgres,1356,0,2026-08-28T15:46:50.302283+00:00,2026-08-28T15:46:50.307708+00:00,5.409516001236625,APPROVED,
voltdb,1356,0,2026-08-28T15:46:50.307780+00:00,2026-08-28T15:46:50.323703+00:00,15.911734008113854,APPROVED,
postgres,1357,0,2026-08-28T15:46:50.324008+00:00,2026-08-28T15:46:50.327553+00:00,3.5262650053482503,APPROVED,
voltdb,1357,0,2026-08-28T15:46:50.327627+00:00,2026-08-28T15:46:50.349715+00:00,22.077358997194096,APPROVED,
postgres,1358,0,2026-08-28T15:46:50.350827+00:00,2026-08-28T15:46:50.356834+00:00,5.979477995424531,APPROVED,
voltdb,1358,0,2026-08-28T15:46:50.357026+00:00,2026-08-28T15:46:50.388905+00:00,31.854266999289393,APPROVED,
postgres,1359,0,2026-08-28T15:46:50.389042+00:00,2026-08-28T15:46:50.398140+00:00,9.079579001991078,APPROVED,
voltdb,1359,0,2026-08-28T15:46:50.398262+00:00,2026-08-28T15:46:50.420961+00:00,22.684701994876377,APPROVED,
postgres,1360,0,2026-08-28T15:46:50.421156+00:00,2026-08-28T15:46:50.427659+00:00,6.481864009401761,APPROVED,
voltdb,1360,0,2026-08-28T15:46:50.427767+00:00,2026-08-28T15:46:50.448022+00:00,20.243250008206815,APPROVED,
postgres,1361,0,2026-08-28T15:46:50.448147+00:00,2026-08-28T15:46:50.453115+00:00,4.953412993927486,APPROVED,
voltdb,1361,0,2026-08-28T15:46:50.453218+00:00,2026-08-28T15:46:50.476120+00:00,22.887446990353055,APPROVED,
postgres,1362,0,2026-08-28T15:46:50.476273+00:00,2026-08-28T15:46:50.487436+00:00,11.142781004309654,APPROVED,
voltdb,1362,0,2026-08-28T15:46:50.487750+00:00,2026-08-28T15:46:50.520208+00:00,32.44215200538747,APPROVED,
postgres,1363,0,2026-08-28T15:46:50.520399+00:00,2026-08-28T15:46:50.545388+00:00,24.97161299106665,APPROVED,
voltdb,1363,0,2026-08-28T15:46:50.545499+00:00,2026-08-28T15:46:50.569339+00:00,23.827043987694196,APPROVED,
postgres,1365,0,2026-08-28T15:46:50.569483+00:00,2026-08-28T15:46:50.577103+00:00,7.602090990985744,REVIEW,
voltdb,1365,0,2026-08-28T15:46:50.577766+00:00,2026-08-28T15:46:50.612005+00:00,34.20393700071145,REVIEW,
postgres,1366,0,2026-08-28T15:46:50.612112+00:00,2026-08-28T15:46:50.615992+00:00,3.8669739878969267,APPROVED,
voltdb,1366,0,2026-08-28T15:46:50.616092+00:00,2026-08-28T15:46:50.634683+00:00,18.57795999967493,APPROVED,
postgres,1367,0,2026-08-28T15:46:50.634815+00:00,2026-08-28T15:46:50.640177+00:00,5.345145997125655,APPROVED,
voltdb,1367,0,2026-08-28T15:46:50.640283+00:00,2026-08-28T15:46:50.660225+00:00,19.928332010749727,APPROVED,
postgres,1368,0,2026-08-28T15:46:50.660729+00:00,2026-08-28T15:46:50.665688+00:00,4.944129002979025,APPROVED,
voltdb,1368,0,2026-08-28T15:46:50.665795+00:00,2026-08-28T15:46:50.681690+00:00,15.855281992116943,APPROVED,
postgres,1371,0,2026-08-28T15:46:50.681787+00:00,2026-08-28T15:46:50.687036+00:00,5.238769997959025,APPROVED,
voltdb,1371,0,2026-08-28T15:46:50.687108+00:00,2026-08-28T15:46:50.700537+00:00,13.42039299197495,APPROVED,
postgres,1373,0,2026-08-28T15:46:50.700649+00:00,2026-08-28T15:46:50.704323+00:00,3.623481999966316,APPROVED,
voltdb,1373,0,2026-08-28T15:46:50.704541+00:00,2026-08-28T15:46:50.718862+00:00,14.30300400534179,APPROVED,
postgres,1374,0,2026-08-28T15:46:50.718965+00:00,2026-08-28T15:46:50.721997+00:00,3.0137290013954043,APPROVED,
voltdb,1374,0,2026-08-28T15:46:50.722071+00:00,2026-08-28T15:46:50.746585+00:00,24.50478301034309,APPROVED,
postgres,1375,0,2026-08-28T15:46:50.746739+00:00,2026-08-28T15:46:50.775195+00:00,28.439638001145795,BLOCKED,
voltdb,1375,0,2026-08-28T15:46:50.775306+00:00,2026-08-28T15:46:50.813435+00:00,38.11002099246252,BLOCKED,
postgres,1376,0,2026-08-28T15:46:50.813724+00:00,2026-08-28T15:46:50.823836+00:00,10.087906994158402,APPROVED,
voltdb,1376,0,2026-08-28T15:46:50.824016+00:00,2026-08-28T15:46:50.848145+00:00,24.11379299883265,APPROVED,
postgres,1377,0,2026-08-28T15:46:50.848284+00:00,2026-08-28T15:46:50.857225+00:00,8.924276000470854,REVIEW,
voltdb,1377,0,2026-08-28T15:46:50.857318+00:00,2026-08-28T15:46:50.885691+00:00,28.360311000142246,REVIEW,
postgres,1378,0,2026-08-28T15:46:50.885790+00:00,2026-08-28T15:46:50.890188+00:00,4.38631400174927,APPROVED,
voltdb,1378,0,2026-08-28T15:46:50.890323+00:00,2026-08-28T15:46:50.908991+00:00,18.65145300689619,APPROVED,
postgres,1379,0,2026-08-28T15:46:50.909093+00:00,2026-08-28T15:46:50.915758+00:00,6.653805990936235,APPROVED,
voltdb,1379,0,2026-08-28T15:46:50.915839+00:00,2026-08-28T15:46:50.933106+00:00,17.256838007597253,APPROVED,
postgres,1381,0,2026-08-28T15:46:50.933211+00:00,2026-08-28T15:46:50.937754+00:00,4.530191989033483,APPROVED,
voltdb,1381,0,2026-08-28T15:46:50.937843+00:00,2026-08-28T15:46:50.955976+00:00,18.119902000762522,APPROVED,
postgres,1383,0,2026-08-28T15:46:50.956155+00:00,2026-08-28T15:46:50.961119+00:00,4.946292989188805,APPROVED,
voltdb,1383,0,2026-08-28T15:46:50.961209+00:00,2026-08-28T15:46:51.005590+00:00,44.367363007040694,APPROVED,
postgres,1386,0,2026-08-28T15:46:51.005744+00:00,2026-08-28T15:46:51.012469+00:00,6.7109090014128014,APPROVED,
voltdb,1386,0,2026-08-28T15:46:51.012551+00:00,2026-08-28T15:46:51.038768+00:00,26.2070230091922,APPROVED,
postgres,1389,0,2026-08-28T15:46:51.039012+00:00,2026-08-28T15:46:51.046881+00:00,7.853097005863674,APPROVED,
voltdb,1389,0,2026-08-28T15:46:51.046960+00:00,2026-08-28T15:46:51.069132+00:00,22.161975008202717,APPROVED,
postgres,1390,0,2026-08-28T15:46:51.069234+00:00,2026-08-28T15:46:51.076056+00:00,6.810018996475264,APPROVED,
voltdb,1390,0,2026-08-28T15:46:51.076136+00:00,2026-08-28T15:46:51.096852+00:00,20.70516100502573,APPROVED,
postgres,1391,0,2026-08-28T15:46:51.097000+00:00,2026-08-28T15:46:51.102156+00:00,5.135653002071194,APPROVED,
voltdb,1391,0,2026-08-28T15:46:51.102324+00:00,2026-08-28T15:46:51.123475+00:00,21.13115999964066,APPROVED,
postgres,1392,0,2026-08-28T15:46:51.123849+00:00,2026-08-28T15:46:51.128144+00:00,4.232751001836732,APPROVED,
voltdb,1392,0,2026-08-28T15:46:51.128275+00:00,2026-08-28T15:46:51.146960+00:00,18.675739993341267,APPROVED,
postgres,1393,0,2026-08-28T15:46:51.147063+00:00,2026-08-28T15:46:51.151356+00:00,4.280121996998787,APPROVED,
voltdb,1393,0,2026-08-28T15:46:51.151639+00:00,2026-08-28T15:46:51.168665+00:00,17.00573200650979,APPROVED,
postgres,1397,0,2026-08-28T15:46:51.168806+00:00,2026-08-28T15:46:51.172776+00:00,3.9589460066054016,APPROVED,
voltdb,1397,0,2026-08-28T15:46:51.172847+00:00,2026-08-28T15:46:51.187541+00:00,14.683296991279349,APPROVED,
postgres,1398,0,2026-08-28T15:46:51.187800+00:00,2026-08-28T15:46:51.191190+00:00,3.357515000971034,APPROVED,
voltdb,1398,0,2026-08-28T15:46:51.191357+00:00,2026-08-28T15:46:51.209568+00:00,18.194638993008994,APPROVED,
postgres,1399,0,2026-08-28T15:46:51.209643+00:00,2026-08-28T15:46:51.212843+00:00,3.1894330022623762,APPROVED,
voltdb,1399,0,2026-08-28T15:46:51.212908+00:00,2026-08-28T15:46:51.228668+00:00,15.751376005937345,APPROVED,
